order_id,customer_id,order_date,market,region,country,segment,order_priority,total_sales,total_quantity,average_discount,max_discount,number_of_products,number_of_categories,returned,order_month,order_day_of_week,is_weekend,days_since_previous_order,historical_orders,historical_returns,customer_historical_return_rate,market_historical_orders,market_historical_returns,market_historical_return_rate
CA-2018-103800,DP-13000,2018-01-03,US,Central,United States,Consumer,Medium,16.448,2,0.2,0.2,1,1,0,1,2,0,9999.0,0,0.0,0.14285714285714285,0,0.0,0.14285714285714285
CA-2018-112326,PO-19195,2018-01-04,US,Central,United States,Home Office,Medium,288.06,8,0.4000000000000001,0.8,3,1,0,1,3,0,9999.0,0,0.0,0.14285714285714285,1,0.0,0.125
CA-2018-141817,MB-18085,2018-01-05,US,East,United States,Consumer,Medium,19.536,3,0.2,0.2,1,1,0,1,4,0,9999.0,0,0.0,0.14285714285714285,2,0.0,0.1111111111111111
CA-2018-106054,JO-15145,2018-01-06,US,South,United States,Corporate,Medium,12.78,3,0.0,0.0,1,1,0,1,5,1,9999.0,0,0.0,0.14285714285714285,3,0.0,0.1
CA-2018-130813,LS-17230,2018-01-06,US,West,United States,Consumer,Medium,19.44,3,0.0,0.0,1,1,0,1,5,1,9999.0,0,0.0,0.14285714285714285,4,0.0,0.09090909090909091
CA-2018-167199,ME-17320,2018-01-06,US,South,United States,Home Office,Medium,4374.88,24,0.0,0.0,7,3,0,1,5,1,9999.0,0,0.0,0.14285714285714285,5,0.0,0.08333333333333333
CA-2018-105417,VS-21820,2018-01-07,US,Central,United States,Consumer,Medium,87.158,10,0.7,0.8,2,2,0,1,6,1,9999.0,0,0.0,0.14285714285714285,6,0.0,0.07692307692307693
CA-2018-135405,MS-17830,2018-01-09,US,Central,United States,Consumer,Medium,40.544000000000004,5,0.2,0.2,2,2,0,1,1,0,9999.0,0,0.0,0.14285714285714285,7,0.0,0.07142857142857142
CA-2018-149020,AJ-10780,2018-01-10,US,South,United States,Corporate,Medium,54.83,2,0.0,0.0,2,2,0,1,2,0,9999.0,0,0.0,0.14285714285714285,8,0.0,0.06666666666666667
CA-2018-130092,SV-20365,2018-01-11,US,East,United States,Consumer,Medium,9.94,2,0.0,0.0,1,1,0,1,3,0,9999.0,0,0.0,0.14285714285714285,9,0.0,0.0625
CA-2018-109232,ND-18370,2018-01-13,US,South,United States,Consumer,Medium,545.9399999999999,6,0.0,0.0,1,1,0,1,5,1,9999.0,0,0.0,0.14285714285714285,10,0.0,0.058823529411764705
CA-2018-118192,MM-17920,2018-01-13,US,East,United States,Consumer,Medium,40.846000000000004,9,0.44999999999999996,0.7,2,1,0,1,5,1,9999.0,0,0.0,0.14285714285714285,11,0.0,0.05555555555555555
CA-2018-157147,BD-11605,2018-01-13,US,West,United States,Consumer,Medium,1679.749,13,0.049999999999999996,0.15,3,2,0,1,5,1,9999.0,0,0.0,0.14285714285714285,12,0.0,0.05263157894736842
CA-2018-162775,CS-12250,2018-01-13,US,South,United States,Corporate,Medium,1287.26,20,0.0,0.0,5,2,0,1,5,1,9999.0,0,0.0,0.14285714285714285,13,0.0,0.05
CA-2018-149524,BS-11590,2018-01-14,US,East,United States,Corporate,Medium,61.96,4,0.5,0.5,1,1,0,1,6,1,9999.0,0,0.0,0.14285714285714285,14,0.0,0.047619047619047616
CA-2018-103366,EH-13990,2018-01-15,US,South,United States,Consumer,Medium,149.95,5,0.0,0.0,1,1,0,1,0,0,9999.0,0,0.0,0.14285714285714285,15,0.0,0.045454545454545456
CA-2018-115791,DL-13315,2018-01-16,US,East,United States,Consumer,Medium,299.964,14,0.375,0.7,4,3,0,1,1,0,9999.0,0,0.0,0.14285714285714285,16,0.0,0.043478260869565216
CA-2018-123477,DW-13195,2018-01-18,US,West,United States,Corporate,Medium,64.864,4,0.2,0.2,1,1,0,1,3,0,9999.0,0,0.0,0.14285714285714285,17,0.0,0.041666666666666664
CA-2018-146591,TS-21340,2018-01-19,US,West,United States,Consumer,Medium,378.59400000000005,24,0.44999999999999996,0.7,4,2,0,1,4,0,9999.0,0,0.0,0.14285714285714285,18,0.0,0.04
CA-2018-148614,MV-17485,2018-01-20,US,West,United States,Consumer,Medium,38.66,4,0.0,0.0,2,2,1,1,5,1,9999.0,0,0.0,0.14285714285714285,19,0.0,0.038461538461538464
CA-2018-148614,MV-17485,2018-01-20,US,West,United States,Consumer,Medium,38.66,4,0.0,0.0,2,2,1,1,5,1,0.0,1,1.0,0.25,20,1.0,0.07407407407407407
CA-2018-167927,XP-21865,2018-01-20,US,Central,United States,Consumer,Medium,708.616,26,0.0125,0.1,8,2,0,1,5,1,9999.0,0,0.0,0.14285714285714285,21,2.0,0.10714285714285714
US-2018-147627,HL-15040,2018-01-20,US,South,United States,Consumer,Medium,1859.4,27,0.0,0.0,6,3,0,1,5,1,9999.0,0,0.0,0.14285714285714285,22,2.0,0.10344827586206896
US-2018-147774,MM-18280,2018-01-20,US,South,United States,Corporate,Medium,67.194,1,0.7,0.7,1,1,0,1,5,1,9999.0,0,0.0,0.14285714285714285,23,2.0,0.1
CA-2018-110422,TB-21400,2018-01-21,US,South,United States,Consumer,Medium,25.248,3,0.2,0.2,1,1,0,1,6,1,9999.0,0,0.0,0.14285714285714285,24,2.0,0.0967741935483871
CA-2018-102645,IM-15055,2018-01-23,US,West,United States,Consumer,Medium,40.08,6,0.0,0.0,1,1,0,1,1,0,9999.0,0,0.0,0.14285714285714285,25,2.0,0.09375
CA-2018-146997,SG-20605,2018-01-23,US,Central,United States,Consumer,Medium,5.9399999999999995,3,0.0,0.0,1,1,0,1,1,0,9999.0,0,0.0,0.14285714285714285,26,2.0,0.09090909090909091
CA-2018-167997,CA-11965,2018-01-26,US,Central,United States,Corporate,Medium,152.64000000000001,4,0.0,0.0,2,2,0,1,4,0,9999.0,0,0.0,0.14285714285714285,27,2.0,0.08823529411764706
US-2018-155502,SD-20485,2018-01-26,US,South,United States,Home Office,Medium,944.61,34,0.0,0.0,7,3,0,1,4,0,9999.0,0,0.0,0.14285714285714285,28,2.0,0.08571428571428572
US-2018-117163,EJ-13720,2018-01-27,US,West,United States,Consumer,Medium,426.67,8,0.06666666666666667,0.2,3,2,0,1,5,1,9999.0,0,0.0,0.14285714285714285,29,2.0,0.08333333333333333
CA-2018-100328,JC-15340,2018-01-28,US,East,United States,Consumer,Medium,3.9280000000000004,1,0.2,0.2,1,1,0,1,6,1,9999.0,0,0.0,0.14285714285714285,30,2.0,0.08108108108108109
CA-2018-134103,MV-18190,2018-01-30,US,Central,United States,Consumer,Medium,240.5,4,0.0,0.0,2,1,0,1,1,0,9999.0,0,0.0,0.14285714285714285,31,2.0,0.07894736842105263
CA-2018-115161,LC-17050,2018-01-31,US,West,United States,Consumer,Medium,290.666,2,0.15,0.15,1,1,0,1,2,0,9999.0,0,0.0,0.14285714285714285,32,2.0,0.07692307692307693
CA-2018-140795,BD-11500,2018-02-01,US,Central,United States,Consumer,Medium,468.90000000000003,6,0.0,0.0,1,1,0,2,3,0,9999.0,0,0.0,0.14285714285714285,33,2.0,0.075
CA-2018-123400,EB-13930,2018-02-02,US,South,United States,Consumer,Medium,199.29600000000002,7,0.44999999999999996,0.7,2,2,0,2,4,0,9999.0,0,0.0,0.14285714285714285,34,2.0,0.07317073170731707
CA-2018-139857,CD-12790,2018-02-02,US,West,United States,Home Office,Medium,12.350000000000001,5,0.0,0.0,1,1,0,2,4,0,9999.0,0,0.0,0.14285714285714285,35,2.0,0.07142857142857142
CA-2018-111059,TB-21400,2018-02-03,US,West,United States,Consumer,Medium,97.11200000000001,5,0.2,0.2,2,1,0,2,5,1,13.0,1,0.0,0.125,36,2.0,0.06976744186046512
CA-2018-104808,MH-17440,2018-02-04,US,West,United States,Corporate,Medium,17.248,2,0.2,0.2,1,1,0,2,6,1,9999.0,0,0.0,0.14285714285714285,37,2.0,0.06818181818181818
CA-2018-107181,DB-13270,2018-02-04,US,West,United States,Home Office,Medium,117.136,7,0.1,0.2,2,1,0,2,6,1,9999.0,0,0.0,0.14285714285714285,38,2.0,0.06666666666666667
CA-2018-108182,DL-13315,2018-02-06,US,Central,United States,Consumer,Medium,8.951999999999998,2,0.8,0.8,1,1,0,2,1,0,21.0,1,0.0,0.125,39,2.0,0.06521739130434782
CA-2018-131905,ND-18460,2018-02-06,US,South,United States,Corporate,Medium,321.56,10,0.0,0.0,3,2,0,2,1,0,9999.0,0,0.0,0.14285714285714285,40,2.0,0.06382978723404255
CA-2018-107755,CK-12760,2018-02-07,US,East,United States,Corporate,Medium,115.36,7,0.0,0.0,1,1,0,2,2,0,9999.0,0,0.0,0.14285714285714285,41,2.0,0.0625
US-2018-169390,CS-12250,2018-02-07,US,East,United States,Corporate,Medium,64.96,4,0.0,0.0,1,1,0,2,2,0,25.0,1,0.0,0.125,42,2.0,0.061224489795918366
CA-2018-125759,NM-18445,2018-02-08,US,West,United States,Home Office,Medium,14.56,2,0.0,0.0,1,1,0,2,3,0,9999.0,0,0.0,0.14285714285714285,43,2.0,0.06
CA-2018-127614,NF-18385,2018-02-11,US,South,United States,Consumer,Medium,1508.13,11,0.0,0.0,3,3,0,2,6,1,9999.0,0,0.0,0.14285714285714285,44,2.0,0.058823529411764705
CA-2018-168368,GA-14725,2018-02-11,US,Central,United States,Consumer,Medium,535.27,14,0.0,0.0,6,2,0,2,6,1,9999.0,0,0.0,0.14285714285714285,45,2.0,0.057692307692307696
US-2018-110674,SC-20095,2018-02-12,US,West,United States,Consumer,Medium,129.568,2,0.2,0.2,1,1,0,2,0,0,9999.0,0,0.0,0.14285714285714285,46,2.0,0.05660377358490566
CA-2018-107706,ST-20530,2018-02-14,US,Central,United States,Consumer,Medium,16.176000000000002,3,0.2,0.2,1,1,0,2,2,0,9999.0,0,0.0,0.14285714285714285,47,2.0,0.05555555555555555
CA-2018-121762,ML-17395,2018-02-14,US,West,United States,Corporate,Medium,560.55,7,0.0,0.0,3,2,0,2,2,0,9999.0,0,0.0,0.14285714285714285,48,2.0,0.05454545454545454
CA-2018-165568,BF-11020,2018-02-15,US,West,United States,Corporate,Medium,21.36,5,0.2,0.2,1,1,0,2,3,0,9999.0,0,0.0,0.14285714285714285,49,2.0,0.05357142857142857
CA-2018-122567,MN-17935,2018-02-16,US,Central,United States,Consumer,Medium,9.039999999999997,5,0.8,0.8,2,1,0,2,4,0,9999.0,0,0.0,0.14285714285714285,50,2.0,0.05263157894736842
CA-2018-154165,DL-13315,2018-02-17,US,Central,United States,Consumer,Medium,54.208,14,0.2,0.2,1,1,0,2,5,1,11.0,2,0.0,0.1111111111111111,51,2.0,0.05172413793103448
CA-2018-152905,AB-10015,2018-02-18,US,Central,United States,Consumer,Medium,12.624,2,0.2,0.2,1,1,0,2,6,1,9999.0,0,0.0,0.14285714285714285,52,2.0,0.05084745762711865
US-2018-165589,TB-21595,2018-02-18,US,Central,United States,Consumer,Medium,25.16,5,0.6,0.6,1,1,0,2,6,1,9999.0,0,0.0,0.14285714285714285,53,2.0,0.05
CA-2018-109491,LC-16930,2018-02-20,US,Central,United States,Corporate,Medium,82.63,7,0.0,0.0,2,2,0,2,1,0,9999.0,0,0.0,0.14285714285714285,54,2.0,0.04918032786885246
CA-2018-164903,SR-20740,2018-02-20,US,West,United States,Home Office,Medium,12.96,2,0.0,0.0,1,1,0,2,1,0,9999.0,0,0.0,0.14285714285714285,55,2.0,0.04838709677419355
CA-2018-165540,TM-21010,2018-02-21,US,Central,United States,Consumer,Medium,8.849999999999998,5,0.8,0.8,1,1,0,2,2,0,9999.0,0,0.0,0.14285714285714285,56,2.0,0.047619047619047616
CA-2018-133354,SA-20830,2018-02-22,US,West,United States,Consumer,Medium,19.44,3,0.0,0.0,1,1,0,2,3,0,9999.0,0,0.0,0.14285714285714285,57,2.0,0.046875
CA-2018-103744,MG-17875,2018-02-23,US,Central,United States,Home Office,Medium,11.364,6,0.5,0.8,2,1,1,2,4,0,9999.0,0,0.0,0.14285714285714285,58,2.0,0.046153846153846156
CA-2018-103744,MG-17875,2018-02-23,US,Central,United States,Home Office,Medium,11.364,6,0.5,0.8,2,1,1,2,4,0,0.0,1,1.0,0.25,59,3.0,0.06060606060606061
US-2018-137680,JH-15430,2018-02-24,US,West,United States,Consumer,Medium,55.672000000000004,7,0.2,0.2,2,1,0,2,5,1,9999.0,0,0.0,0.14285714285714285,60,4.0,0.07462686567164178
CA-2018-156545,JS-16030,2018-02-27,US,East,United States,Consumer,Medium,19.456000000000003,4,0.2,0.2,1,1,0,2,1,0,9999.0,0,0.0,0.14285714285714285,61,4.0,0.07352941176470588
CA-2018-104269,DB-13060,2018-03-01,US,West,United States,Consumer,Medium,457.56800000000004,2,0.2,0.2,1,1,0,3,3,0,9999.0,0,0.0,0.14285714285714285,62,4.0,0.07246376811594203
CA-2018-113880,VF-21715,2018-03-01,US,Central,United States,Home Office,Medium,651.588,9,0.25,0.3,2,2,0,3,3,0,9999.0,0,0.0,0.14285714285714285,63,4.0,0.07142857142857142
CA-2018-131009,SC-20380,2018-03-01,US,Central,United States,Consumer,Medium,574.194,20,0.325,0.6,4,2,0,3,3,0,9999.0,0,0.0,0.14285714285714285,64,4.0,0.07042253521126761
CA-2018-168312,GW-14605,2018-03-01,US,Central,United States,Consumer,Medium,513.861,6,0.25,0.3,2,2,0,3,3,0,9999.0,0,0.0,0.14285714285714285,65,4.0,0.06944444444444445
US-2018-143707,HR-14770,2018-03-01,US,East,United States,Home Office,Medium,5.9399999999999995,3,0.0,0.0,1,1,0,3,3,0,9999.0,0,0.0,0.14285714285714285,66,4.0,0.0684931506849315
CA-2018-107524,KN-16705,2018-03-02,US,East,United States,Home Office,Medium,47.76,7,0.0,0.0,2,1,0,3,4,0,9999.0,0,0.0,0.14285714285714285,67,4.0,0.06756756756756757
CA-2018-111157,NH-18610,2018-03-02,US,East,United States,Corporate,Medium,154.62400000000002,4,0.2,0.2,2,2,0,3,4,0,9999.0,0,0.0,0.14285714285714285,68,4.0,0.06666666666666667
CA-2018-105648,EJ-14155,2018-03-03,US,West,United States,Consumer,Medium,626.3520000000001,3,0.2,0.2,1,1,0,3,5,1,9999.0,0,0.0,0.14285714285714285,69,4.0,0.06578947368421052
CA-2018-127964,AP-10720,2018-03-03,US,East,United States,Home Office,Medium,161.07,9,0.13333333333333333,0.2,3,2,0,3,5,1,9999.0,0,0.0,0.14285714285714285,70,4.0,0.06493506493506493
CA-2018-130421,SC-20020,2018-03-03,US,Central,United States,Consumer,Medium,176.77199999999996,3,0.8,0.8,1,1,0,3,5,1,9999.0,0,0.0,0.14285714285714285,71,4.0,0.0641025641025641
CA-2018-155852,AJ-10945,2018-03-03,US,South,United States,Consumer,Medium,19.456000000000003,4,0.2,0.2,1,1,0,3,5,1,9999.0,0,0.0,0.14285714285714285,72,4.0,0.06329113924050633
US-2018-127978,JS-15595,2018-03-03,US,East,United States,Corporate,Medium,362.242,16,0.3,0.5,3,2,0,3,5,1,9999.0,0,0.0,0.14285714285714285,73,4.0,0.0625
CA-2018-116239,CL-12565,2018-03-04,US,South,United States,Consumer,Medium,354.90000000000003,5,0.0,0.0,1,1,0,3,6,1,9999.0,0,0.0,0.14285714285714285,74,4.0,0.06172839506172839
CA-2018-117016,SC-20095,2018-03-04,US,South,United States,Consumer,Medium,15.552000000000003,3,0.2,0.2,1,1,0,3,6,1,20.0,1,0.0,0.125,75,4.0,0.06097560975609756
CA-2018-169061,AB-10150,2018-03-05,US,East,United States,Consumer,Medium,705.562,16,0.04,0.2,5,2,0,3,0,0,9999.0,0,0.0,0.14285714285714285,76,4.0,0.060240963855421686
CA-2018-104563,CM-12715,2018-03-07,US,West,United States,Corporate,Medium,1143.8220000000001,18,0.1,0.2,4,2,0,3,2,0,9999.0,0,0.0,0.14285714285714285,77,4.0,0.05952380952380952
CA-2018-156587,AB-10015,2018-03-07,US,West,United States,Consumer,Medium,309.592,7,0.06666666666666667,0.2,3,2,0,3,2,0,17.0,1,0.0,0.125,78,4.0,0.058823529411764705
US-2018-131982,NP-18685,2018-03-07,US,West,United States,Home Office,Medium,107.64800000000001,2,0.2,0.2,1,1,0,3,2,0,9999.0,0,0.0,0.14285714285714285,79,4.0,0.05813953488372093
US-2018-100279,SW-20275,2018-03-10,US,Central,United States,Consumer,Medium,22.38,2,0.0,0.0,1,1,0,3,5,1,9999.0,0,0.0,0.14285714285714285,80,4.0,0.05747126436781609
US-2018-140116,KT-16480,2018-03-10,US,West,United States,Consumer,Medium,719.5760000000001,7,0.2,0.2,2,1,0,3,5,1,9999.0,0,0.0,0.14285714285714285,81,4.0,0.056818181818181816
CA-2018-114790,FM-14215,2018-03-11,US,South,United States,Corporate,Medium,782.63,11,0.0,0.0,4,2,0,3,6,1,9999.0,0,0.0,0.14285714285714285,82,4.0,0.056179775280898875
CA-2018-158337,KA-16525,2018-03-11,US,East,United States,Consumer,Medium,108.92,14,0.0,0.0,1,1,0,3,6,1,9999.0,0,0.0,0.14285714285714285,83,4.0,0.05555555555555555
CA-2018-166884,CK-12205,2018-03-11,US,East,United States,Consumer,Medium,18.784000000000002,11,0.2,0.2,2,2,0,3,6,1,9999.0,0,0.0,0.14285714285714285,84,4.0,0.054945054945054944
US-2018-103338,RB-19435,2018-03-11,US,West,United States,Consumer,Medium,7.98,3,0.0,0.0,1,1,0,3,6,1,9999.0,0,0.0,0.14285714285714285,85,4.0,0.05434782608695652
CA-2018-100293,NF-18475,2018-03-14,US,South,United States,Home Office,Medium,91.056,6,0.2,0.2,1,1,0,3,2,0,9999.0,0,0.0,0.14285714285714285,86,4.0,0.053763440860215055
CA-2018-114510,JF-15295,2018-03-14,US,West,United States,Consumer,Medium,280.276,21,0.08,0.2,5,2,0,3,2,0,9999.0,0,0.0,0.14285714285714285,87,4.0,0.05319148936170213
CA-2018-152618,RB-19465,2018-03-14,US,Central,United States,Home Office,Medium,583.358,4,0.25,0.3,2,2,0,3,2,0,9999.0,0,0.0,0.14285714285714285,88,4.0,0.05263157894736842
CA-2018-157623,DK-13225,2018-03-14,US,West,United States,Corporate,Medium,13.940000000000001,3,0.0,0.0,2,1,0,3,2,0,9999.0,0,0.0,0.14285714285714285,89,4.0,0.052083333333333336
US-2018-125521,CK-12325,2018-03-14,US,South,United States,Home Office,Medium,1139.92,4,0.0,0.0,1,1,0,3,2,0,9999.0,0,0.0,0.14285714285714285,90,4.0,0.05154639175257732
CA-2018-149958,AS-10240,2018-03-15,US,South,United States,Consumer,Medium,370.78200000000004,14,0.4,0.7,5,2,0,3,3,0,9999.0,0,0.0,0.14285714285714285,91,4.0,0.05102040816326531
CA-2018-157609,KN-16705,2018-03-16,US,South,United States,Home Office,Medium,471.92,2,0.2,0.2,1,1,0,3,4,0,14.0,1,0.0,0.125,92,4.0,0.050505050505050504
CA-2018-118339,BN-11515,2018-03-17,US,Central,United States,Consumer,Medium,249.92000000000002,31,0.0,0.0,5,1,0,3,5,1,9999.0,0,0.0,0.14285714285714285,93,4.0,0.05
CA-2018-127859,QJ-19255,2018-03-17,US,East,United States,Corporate,Medium,126.624,6,0.2,0.2,1,1,0,3,5,1,9999.0,0,0.0,0.14285714285714285,94,4.0,0.04950495049504951
CA-2018-158442,AZ-10750,2018-03-17,US,Central,United States,Consumer,Medium,25.184000000000005,6,0.20000000000000004,0.2,3,1,0,3,5,1,9999.0,0,0.0,0.14285714285714285,95,4.0,0.049019607843137254
US-2018-148838,CP-12340,2018-03-17,US,East,United States,Corporate,Medium,3455.13,25,0.24000000000000005,0.4,5,2,0,3,5,1,9999.0,0,0.0,0.14285714285714285,96,4.0,0.04854368932038835
US-2018-164763,MH-17440,2018-03-17,US,South,United States,Corporate,Medium,103.5,14,0.0,0.0,5,1,1,3,5,1,41.0,1,0.0,0.125,97,4.0,0.04807692307692308
US-2018-164763,MH-17440,2018-03-17,US,South,United States,Corporate,Medium,103.5,14,0.0,0.0,5,1,1,3,5,1,0.0,2,1.0,0.2222222222222222,98,5.0,0.05714285714285714
US-2018-164763,MH-17440,2018-03-17,US,South,United States,Corporate,Medium,103.5,14,0.0,0.0,5,1,1,3,5,1,0.0,3,2.0,0.3,99,6.0,0.0660377358490566
US-2018-164763,MH-17440,2018-03-17,US,South,United States,Corporate,Medium,103.5,14,0.0,0.0,5,1,1,3,5,1,0.0,4,3.0,0.36363636363636365,100,7.0,0.07476635514018691
US-2018-164763,MH-17440,2018-03-17,US,South,United States,Corporate,Medium,103.5,14,0.0,0.0,5,1,1,3,5,1,0.0,5,4.0,0.4166666666666667,101,8.0,0.08333333333333333
CA-2018-111871,EK-13795,2018-03-18,US,West,United States,Home Office,Medium,1198.33,10,0.15,0.15,1,1,1,3,6,1,9999.0,0,0.0,0.14285714285714285,102,9.0,0.09174311926605505
CA-2018-145317,SM-20320,2018-03-18,US,South,United States,Home Office,Medium,23661.228,25,0.2857142857142857,0.5,7,3,0,3,6,1,9999.0,0,0.0,0.14285714285714285,103,10.0,0.1
US-2018-131275,SC-20050,2018-03-18,US,West,United States,Home Office,Medium,3247.1580000000004,13,0.06666666666666667,0.2,3,3,0,3,6,1,9999.0,0,0.0,0.14285714285714285,104,10.0,0.0990990990990991
CA-2018-103989,MC-17605,2018-03-19,US,South,United States,Corporate,Medium,590.7620000000001,23,0.2714285714285714,0.7,7,3,0,3,0,0,9999.0,0,0.0,0.14285714285714285,105,10.0,0.09821428571428571
CA-2018-140004,CB-12025,2018-03-21,US,East,United States,Consumer,Medium,13.456,5,0.2,0.2,2,1,0,3,2,0,9999.0,0,0.0,0.14285714285714285,106,10.0,0.09734513274336283
CA-2018-163223,KH-16690,2018-03-21,US,South,United States,Corporate,Medium,3769.5600000000004,22,0.0,0.0,5,2,0,3,2,0,9999.0,0,0.0,0.14285714285714285,107,10.0,0.09649122807017543
US-2018-107405,TS-21205,2018-03-21,US,South,United States,Corporate,Medium,16.272000000000002,1,0.2,0.2,1,1,0,3,2,0,9999.0,0,0.0,0.14285714285714285,108,10.0,0.09565217391304348
US-2018-155544,GM-14440,2018-03-21,US,South,United States,Consumer,Medium,310.528,11,0.20000000000000004,0.2,3,2,0,3,2,0,9999.0,0,0.0,0.14285714285714285,109,10.0,0.09482758620689655
CA-2018-148040,BF-11275,2018-03-22,US,West,United States,Corporate,Medium,388.70399999999995,6,0.2,0.2,2,2,0,3,3,0,9999.0,0,0.0,0.14285714285714285,110,10.0,0.09401709401709402
US-2018-129609,VM-21835,2018-03-22,US,Central,United States,Consumer,Medium,16.28,2,0.0,0.0,1,1,0,3,3,0,9999.0,0,0.0,0.14285714285714285,111,10.0,0.09322033898305085
US-2018-158057,CC-12685,2018-03-22,US,South,United States,Consumer,Medium,59.109000000000016,9,0.7,0.7,2,1,0,3,3,0,9999.0,0,0.0,0.14285714285714285,112,10.0,0.09243697478991597
CA-2018-120838,PO-18865,2018-03-23,US,West,United States,Consumer,Medium,935.1519999999999,8,0.1,0.2,2,2,0,3,4,0,9999.0,0,0.0,0.14285714285714285,113,10.0,0.09166666666666666
CA-2018-164749,BG-11740,2018-03-23,US,South,United States,Consumer,Medium,9.912,3,0.2,0.2,1,1,0,3,4,0,9999.0,0,0.0,0.14285714285714285,114,10.0,0.09090909090909091
CA-2018-143637,MS-17710,2018-03-24,US,West,United States,Consumer,Medium,40.48,2,0.0,0.0,1,1,0,3,5,1,9999.0,0,0.0,0.14285714285714285,115,10.0,0.09016393442622951
CA-2018-147235,CD-11920,2018-03-24,US,East,United States,Consumer,Medium,24.900000000000002,5,0.0,0.0,1,1,0,3,5,1,9999.0,0,0.0,0.14285714285714285,116,10.0,0.08943089430894309
CA-2018-128237,CA-12265,2018-03-25,US,West,United States,Consumer,Medium,92.36,14,0.0,0.0,4,2,0,3,6,1,9999.0,0,0.0,0.14285714285714285,117,10.0,0.08870967741935484
CA-2018-148586,AZ-10750,2018-03-25,US,East,United States,Consumer,Medium,366.786,7,0.1,0.1,1,1,0,3,6,1,8.0,1,0.0,0.125,118,10.0,0.088
CA-2018-100860,CS-12505,2018-03-26,US,West,United States,Consumer,Medium,18.75,5,0.0,0.0,1,1,0,3,0,0,9999.0,0,0.0,0.14285714285714285,119,10.0,0.0873015873015873
CA-2018-138436,JD-15895,2018-03-26,US,West,United States,Corporate,Medium,66.30000000000001,3,0.0,0.0,1,1,0,3,0,0,9999.0,0,0.0,0.14285714285714285,120,10.0,0.08661417322834646
CA-2018-141838,DK-12835,2018-03-26,US,West,United States,Corporate,Medium,60.080000000000005,8,0.13333333333333333,0.2,3,2,0,3,0,0,9999.0,0,0.0,0.14285714285714285,121,10.0,0.0859375
CA-2018-100881,DR-12940,2018-03-28,US,West,United States,Home Office,Medium,302.376,3,0.2,0.2,1,1,0,3,2,0,9999.0,0,0.0,0.14285714285714285,122,10.0,0.08527131782945736
US-2018-117380,MP-18175,2018-03-28,US,East,United States,Home Office,Medium,330.588,1,0.4,0.4,1,1,0,3,2,0,9999.0,0,0.0,0.14285714285714285,123,10.0,0.08461538461538462
US-2018-137869,CV-12295,2018-03-28,US,Central,United States,Consumer,Medium,1190.84,7,0.0,0.0,2,2,0,3,2,0,9999.0,0,0.0,0.14285714285714285,124,10.0,0.08396946564885496
CA-2018-137274,MG-18145,2018-03-29,US,Central,United States,Consumer,Medium,890.8409999999999,3,0.3,0.3,1,1,0,3,3,0,9999.0,0,0.0,0.14285714285714285,125,10.0,0.08333333333333333
CA-2018-131247,GA-14725,2018-03-30,US,West,United States,Consumer,Medium,205.666,2,0.15,0.15,1,1,0,3,4,0,47.0,1,0.0,0.125,126,10.0,0.08270676691729323
CA-2018-133424,Dl-13600,2018-03-30,US,West,United States,Corporate,Medium,60.24000000000001,6,0.0,0.0,2,1,0,3,4,0,9999.0,0,0.0,0.14285714285714285,127,10.0,0.08208955223880597
CA-2018-162089,MP-17470,2018-03-30,US,Central,United States,Home Office,Medium,714.966,19,0.2333333333333333,0.3,3,3,0,3,4,0,9999.0,0,0.0,0.14285714285714285,128,10.0,0.08148148148148149
CA-2018-169033,KM-16720,2018-03-30,US,East,United States,Consumer,Medium,49.65,5,0.0,0.0,1,1,0,3,4,0,9999.0,0,0.0,0.14285714285714285,129,10.0,0.08088235294117647
US-2018-105151,SG-20890,2018-03-30,US,East,United States,Corporate,Medium,10.5,5,0.0,0.0,1,1,0,3,4,0,9999.0,0,0.0,0.14285714285714285,130,10.0,0.08029197080291971
US-2018-113124,NC-18340,2018-03-30,US,Central,United States,Consumer,Medium,129.3,2,0.0,0.0,1,1,0,3,4,0,9999.0,0,0.0,0.14285714285714285,131,10.0,0.07971014492753623
CA-2018-101770,KB-16240,2018-03-31,US,South,United States,Corporate,Medium,1.8690000000000004,1,0.7,0.7,1,1,0,3,5,1,9999.0,0,0.0,0.14285714285714285,132,10.0,0.07913669064748201
CA-2018-112403,JO-15280,2018-03-31,US,East,United States,Consumer,Medium,0.8520000000000001,1,0.7,0.7,1,1,0,3,5,1,9999.0,0,0.0,0.14285714285714285,133,10.0,0.07857142857142857
CA-2018-128055,AA-10315,2018-03-31,US,West,United States,Consumer,Medium,726.5480000000001,4,0.1,0.2,2,1,0,3,5,1,9999.0,0,0.0,0.14285714285714285,134,10.0,0.07801418439716312
CA-2018-130428,TG-21640,2018-03-31,US,South,United States,Consumer,Medium,1142.1649999999997,14,0.3666666666666667,0.7,3,2,0,3,5,1,9999.0,0,0.0,0.14285714285714285,135,10.0,0.07746478873239436
US-2018-104759,DD-13570,2018-03-31,US,Central,United States,Consumer,Medium,88.11800000000001,9,0.5,0.8,2,2,0,3,5,1,9999.0,0,0.0,0.14285714285714285,136,10.0,0.07692307692307693
CA-2018-138359,KH-16330,2018-04-01,US,East,United States,Corporate,Medium,73.19999999999999,6,0.0,0.0,2,1,0,4,6,1,9999.0,0,0.0,0.14285714285714285,137,10.0,0.0763888888888889
US-2018-157021,KM-16720,2018-04-01,US,West,United States,Consumer,Medium,46.688,6,0.1,0.2,2,1,0,4,6,1,2.0,1,0.0,0.125,138,10.0,0.07586206896551724
CA-2018-160276,AH-10690,2018-04-02,US,South,United States,Corporate,Medium,177.68,2,0.0,0.0,1,1,0,4,0,0,9999.0,0,0.0,0.14285714285714285,139,10.0,0.07534246575342465
CA-2018-164315,RD-19585,2018-04-02,US,South,United States,Consumer,Medium,1220.67,15,0.0,0.0,3,2,0,4,0,0,9999.0,0,0.0,0.14285714285714285,140,10.0,0.07482993197278912
US-2018-157847,SC-20020,2018-04-02,US,Central,United States,Consumer,Medium,60.20800000000001,12,0.2,0.2,2,1,0,4,0,0,30.0,1,0.0,0.125,141,10.0,0.07432432432432433
CA-2018-112291,KE-16420,2018-04-03,US,West,United States,Corporate,Medium,233.45,7,0.0,0.0,3,2,0,4,1,0,9999.0,0,0.0,0.14285714285714285,142,10.0,0.0738255033557047
CA-2018-105172,PK-18910,2018-04-04,US,West,United States,Home Office,Medium,18.9,6,0.0,0.0,1,1,0,4,2,0,9999.0,0,0.0,0.14285714285714285,143,10.0,0.07333333333333333
CA-2018-133228,MS-17710,2018-04-04,US,Central,United States,Consumer,Medium,84.83,5,0.0,0.0,2,2,0,4,2,0,11.0,1,0.0,0.125,144,10.0,0.0728476821192053
CA-2018-149538,KB-16585,2018-04-04,US,South,United States,Corporate,Medium,364.93,12,0.0,0.0,4,2,0,4,2,0,9999.0,0,0.0,0.14285714285714285,145,10.0,0.07236842105263158
US-2018-128685,MZ-17515,2018-04-04,US,West,United States,Corporate,Medium,7.184000000000001,2,0.2,0.2,1,1,0,4,2,0,9999.0,0,0.0,0.14285714285714285,146,10.0,0.0718954248366013
CA-2018-102988,GM-14695,2018-04-05,US,South,United States,Corporate,Medium,4251.919999999999,22,0.0,0.0,5,2,0,4,3,0,9999.0,0,0.0,0.14285714285714285,147,10.0,0.07142857142857142
CA-2018-113887,TH-21550,2018-04-05,US,East,United States,Home Office,Medium,55.48,1,0.0,0.0,1,1,0,4,3,0,9999.0,0,0.0,0.14285714285714285,148,10.0,0.07096774193548387
CA-2018-149104,RD-19900,2018-04-05,US,Central,United States,Consumer,Medium,770.6099999999999,16,0.0,0.0,4,1,0,4,3,0,9999.0,0,0.0,0.14285714285714285,149,10.0,0.07051282051282051
CA-2018-151001,JG-15805,2018-04-05,US,Central,United States,Corporate,Medium,101.72800000000001,8,0.2,0.2,2,1,0,4,3,0,9999.0,0,0.0,0.14285714285714285,150,10.0,0.07006369426751592
US-2018-157231,RP-19855,2018-04-05,US,South,United States,Corporate,Medium,115.36,7,0.0,0.0,1,1,0,4,3,0,9999.0,0,0.0,0.14285714285714285,151,10.0,0.06962025316455696
CA-2018-102652,AY-10555,2018-04-06,US,West,United States,Corporate,Medium,199.98999999999998,13,0.0,0.0,4,2,1,4,4,0,9999.0,0,0.0,0.14285714285714285,152,10.0,0.06918238993710692
CA-2018-102652,AY-10555,2018-04-06,US,West,United States,Corporate,Medium,199.98999999999998,13,0.0,0.0,4,2,1,4,4,0,0.0,1,1.0,0.25,153,11.0,0.075
CA-2018-102652,AY-10555,2018-04-06,US,West,United States,Corporate,Medium,199.98999999999998,13,0.0,0.0,4,2,1,4,4,0,0.0,2,2.0,0.3333333333333333,154,12.0,0.08074534161490683
CA-2018-102652,AY-10555,2018-04-06,US,West,United States,Corporate,Medium,199.98999999999998,13,0.0,0.0,4,2,1,4,4,0,0.0,3,3.0,0.4,155,13.0,0.08641975308641975
CA-2018-136742,GP-14740,2018-04-06,US,East,United States,Corporate,Medium,44.91000000000001,6,0.7,0.7,1,1,0,4,4,0,9999.0,0,0.0,0.14285714285714285,156,14.0,0.09202453987730061
CA-2018-153808,FH-14275,2018-04-06,US,West,United States,Corporate,Medium,436.48799999999994,8,0.06666666666666667,0.2,3,2,0,4,4,0,9999.0,0,0.0,0.14285714285714285,157,14.0,0.09146341463414634
CA-2018-169803,SC-20260,2018-04-06,US,West,United States,Corporate,Medium,687.4499999999999,5,0.0,0.0,2,2,0,4,4,0,9999.0,0,0.0,0.14285714285714285,158,14.0,0.09090909090909091
US-2018-118486,SD-20485,2018-04-06,US,East,United States,Home Office,Medium,281.852,6,0.26666666666666666,0.4,3,3,0,4,4,0,70.0,1,0.0,0.125,159,14.0,0.09036144578313253
CA-2018-124023,PJ-19015,2018-04-07,US,South,United States,Consumer,Medium,8.96,2,0.0,0.0,1,1,0,4,5,1,9999.0,0,0.0,0.14285714285714285,160,14.0,0.08982035928143713
CA-2018-128846,RS-19765,2018-04-07,US,South,United States,Corporate,Medium,752.92,8,0.0,0.0,2,2,0,4,5,1,9999.0,0,0.0,0.14285714285714285,161,14.0,0.08928571428571429
CA-2018-165806,VM-21685,2018-04-07,US,South,United States,Home Office,Medium,259.28999999999996,12,0.0,0.0,2,2,0,4,5,1,9999.0,0,0.0,0.14285714285714285,162,14.0,0.08875739644970414
CA-2018-100363,JM-15655,2018-04-08,US,West,United States,Corporate,Medium,21.376,5,0.2,0.2,2,1,0,4,6,1,9999.0,0,0.0,0.14285714285714285,163,14.0,0.08823529411764706
CA-2018-121769,JS-15880,2018-04-08,US,East,United States,Consumer,Medium,172.11,1,0.4,0.4,1,1,0,4,6,1,9999.0,0,0.0,0.14285714285714285,164,14.0,0.08771929824561403
CA-2018-150581,NM-18445,2018-04-08,US,West,United States,Home Office,Medium,499.55199999999996,5,0.1,0.2,2,2,0,4,6,1,59.0,1,0.0,0.125,165,14.0,0.0872093023255814
US-2018-118997,RA-19885,2018-04-08,US,South,United States,Corporate,Medium,1215.92,8,0.0,0.0,1,1,0,4,6,1,9999.0,0,0.0,0.14285714285714285,166,14.0,0.08670520231213873
US-2018-163797,PC-19000,2018-04-08,US,West,United States,Home Office,Medium,49.792,8,0.2,0.2,1,1,0,4,6,1,9999.0,0,0.0,0.14285714285714285,167,14.0,0.08620689655172414
CA-2018-110555,MM-18055,2018-04-11,US,West,United States,Consumer,Medium,410.104,15,0.06666666666666667,0.2,3,2,0,4,2,0,9999.0,0,0.0,0.14285714285714285,168,14.0,0.08571428571428572
CA-2018-138940,GM-14455,2018-04-11,US,Central,United States,Home Office,Medium,758.3520000000001,6,0.2,0.2,1,1,0,4,2,0,9999.0,0,0.0,0.14285714285714285,169,14.0,0.08522727272727272
US-2018-102715,JK-15370,2018-04-11,US,South,United States,Consumer,Medium,737.2,15,0.2,0.2,4,2,0,4,2,0,9999.0,0,0.0,0.14285714285714285,170,14.0,0.0847457627118644
US-2018-121734,SE-20110,2018-04-11,US,West,United States,Consumer,Medium,9.584000000000001,1,0.2,0.2,1,1,0,4,2,0,9999.0,0,0.0,0.14285714285714285,171,14.0,0.08426966292134831
CA-2018-142979,EH-13765,2018-04-12,US,West,United States,Corporate,Medium,39.68,2,0.0,0.0,1,1,0,4,3,0,9999.0,0,0.0,0.14285714285714285,172,14.0,0.08379888268156424
CA-2018-154599,KN-16450,2018-04-12,US,West,United States,Corporate,Medium,1840.0430000000001,28,0.1875,0.2,4,3,0,4,3,0,9999.0,0,0.0,0.14285714285714285,173,14.0,0.08333333333333333
US-2018-158365,SV-20785,2018-04-12,US,Central,United States,Consumer,Medium,32.400000000000006,5,0.0,0.0,1,1,0,4,3,0,9999.0,0,0.0,0.14285714285714285,174,14.0,0.08287292817679558
CA-2018-122336,JD-15895,2018-04-13,US,East,United States,Corporate,Medium,630.7460000000001,39,0.375,0.7,4,2,0,4,4,0,18.0,1,0.0,0.125,175,14.0,0.08241758241758242
CA-2018-167724,BF-11170,2018-04-13,US,East,United States,Home Office,Medium,7.83,3,0.0,0.0,1,1,0,4,4,0,9999.0,0,0.0,0.14285714285714285,176,14.0,0.08196721311475409
US-2018-120740,PS-18970,2018-04-15,US,West,United States,Home Office,Medium,294.71999999999997,6,0.0,0.0,2,2,0,4,6,1,9999.0,0,0.0,0.14285714285714285,177,14.0,0.08152173913043478
CA-2018-155208,SP-20650,2018-04-16,US,South,United States,Corporate,Medium,39.072,6,0.2,0.2,1,1,0,4,0,0,9999.0,0,0.0,0.14285714285714285,178,14.0,0.08108108108108109
CA-2018-100678,KM-16720,2018-04-18,US,Central,United States,Consumer,Medium,697.074,11,0.225,0.3,4,3,0,4,2,0,17.0,2,0.0,0.1111111111111111,179,14.0,0.08064516129032258
CA-2018-110849,JL-15835,2018-04-18,US,West,United States,Consumer,Medium,323.458,15,0.05,0.2,4,2,0,4,2,0,9999.0,0,0.0,0.14285714285714285,180,14.0,0.08021390374331551
CA-2018-158470,AG-10390,2018-04-19,US,South,United States,Consumer,Medium,129.33,14,0.0,0.0,2,1,0,4,3,0,9999.0,0,0.0,0.14285714285714285,181,14.0,0.0797872340425532
CA-2018-169460,NF-18595,2018-04-19,US,West,United States,Home Office,Medium,76.14,3,0.0,0.0,1,1,0,4,3,0,9999.0,0,0.0,0.14285714285714285,182,14.0,0.07936507936507936
CA-2018-101462,BP-11230,2018-04-20,US,West,United States,Consumer,Medium,59.92,4,0.0,0.0,1,1,0,4,4,0,9999.0,0,0.0,0.14285714285714285,183,14.0,0.07894736842105263
CA-2018-134572,SV-20365,2018-04-20,US,Central,United States,Consumer,Medium,1190.53,12,0.26666666666666666,0.3,3,2,0,4,4,0,99.0,1,0.0,0.125,184,14.0,0.07853403141361257
CA-2018-136336,DB-13555,2018-04-21,US,South,United States,Corporate,Medium,828.8399999999999,6,0.0,0.0,1,1,0,4,5,1,9999.0,0,0.0,0.14285714285714285,185,14.0,0.078125
CA-2018-158064,AA-10375,2018-04-21,US,West,United States,Consumer,Medium,16.520000000000003,5,0.2,0.2,1,1,0,4,5,1,9999.0,0,0.0,0.14285714285714285,186,14.0,0.07772020725388601
CA-2018-122070,AH-10030,2018-04-22,US,East,United States,Corporate,Medium,257.752,11,0.1,0.2,2,1,0,4,6,1,9999.0,0,0.0,0.14285714285714285,187,14.0,0.07731958762886598
CA-2018-111857,NM-18445,2018-04-23,US,West,United States,Home Office,Medium,48.91,1,0.0,0.0,1,1,0,4,0,0,15.0,2,0.0,0.1111111111111111,188,14.0,0.07692307692307693
US-2018-112564,TS-21160,2018-04-23,US,East,United States,Corporate,Medium,2.5020000000000002,3,0.7,0.7,1,1,0,4,0,0,9999.0,0,0.0,0.14285714285714285,189,14.0,0.07653061224489796
US-2018-150119,LB-16795,2018-04-23,US,East,United States,Home Office,Medium,592.5679999999999,16,0.375,0.7,4,2,0,4,0,0,9999.0,0,0.0,0.14285714285714285,190,14.0,0.07614213197969544
CA-2018-110100,LC-16885,2018-04-25,US,South,United States,Consumer,Medium,302.376,3,0.2,0.2,1,1,0,4,2,0,9999.0,0,0.0,0.14285714285714285,191,14.0,0.07575757575757576
CA-2018-166954,BT-11305,2018-04-25,US,West,United States,Home Office,Medium,2061.0099999999998,13,0.06666666666666667,0.2,3,2,0,4,2,0,9999.0,0,0.0,0.14285714285714285,192,14.0,0.07537688442211055
US-2018-157406,DA-13450,2018-04-25,US,Central,United States,Home Office,Medium,16.608000000000004,5,0.2,0.2,2,1,0,4,2,0,9999.0,0,0.0,0.14285714285714285,193,14.0,0.075
CA-2018-116785,MH-17290,2018-04-26,US,West,United States,Home Office,Medium,34.0,7,0.0,0.0,2,1,1,4,3,0,9999.0,0,0.0,0.14285714285714285,194,14.0,0.07462686567164178
CA-2018-116785,MH-17290,2018-04-26,US,West,United States,Home Office,Medium,34.0,7,0.0,0.0,2,1,1,4,3,0,0.0,1,1.0,0.25,195,15.0,0.07920792079207921
CA-2018-147298,AG-10300,2018-04-26,US,West,United States,Corporate,Medium,248.56800000000004,9,0.2,0.2,2,2,0,4,3,0,9999.0,0,0.0,0.14285714285714285,196,16.0,0.08374384236453201
CA-2018-118976,MY-18295,2018-04-28,US,East,United States,Corporate,Medium,526.96,14,0.0,0.0,4,1,0,4,5,1,9999.0,0,0.0,0.14285714285714285,197,16.0,0.08333333333333333
CA-2018-131387,AI-10855,2018-04-28,US,West,United States,Consumer,Medium,1679.96,5,0.2,0.2,1,1,0,4,5,1,9999.0,0,0.0,0.14285714285714285,198,16.0,0.08292682926829269
CA-2018-132983,DS-13180,2018-04-28,US,East,United States,Corporate,Medium,159.98,2,0.0,0.0,1,1,0,4,5,1,9999.0,0,0.0,0.14285714285714285,199,16.0,0.0825242718446602
CA-2018-140228,GB-14530,2018-04-28,US,East,United States,Corporate,Medium,211.57600000000002,8,0.20000000000000004,0.2,3,1,0,4,5,1,9999.0,0,0.0,0.14285714285714285,200,16.0,0.0821256038647343
CA-2018-107811,LA-16780,2018-04-29,US,South,United States,Corporate,Medium,661.5040000000001,7,0.2,0.2,2,2,0,4,6,1,9999.0,0,0.0,0.14285714285714285,201,16.0,0.08173076923076923
CA-2018-118304,KH-16360,2018-04-29,US,East,United States,Consumer,Medium,19.98,2,0.0,0.0,1,1,0,4,6,1,9999.0,0,0.0,0.14285714285714285,202,16.0,0.08133971291866028
CA-2018-134061,LL-16840,2018-04-29,US,East,United States,Consumer,Medium,17.46,2,0.0,0.0,1,1,0,4,6,1,9999.0,0,0.0,0.14285714285714285,203,16.0,0.08095238095238096
CA-2018-142727,HG-14845,2018-04-29,US,South,United States,Consumer,Medium,69.9,5,0.0,0.0,2,2,0,4,6,1,9999.0,0,0.0,0.14285714285714285,204,16.0,0.08056872037914692
CA-2018-156006,TM-21010,2018-04-30,US,South,United States,Consumer,Medium,47.79,3,0.0,0.0,1,1,0,4,0,0,68.0,1,0.0,0.125,205,16.0,0.08018867924528301
CA-2018-160094,JM-16195,2018-04-30,US,South,United States,Consumer,Medium,1000.95,10,0.0,0.0,2,1,0,4,0,0,9999.0,0,0.0,0.14285714285714285,206,16.0,0.07981220657276995
CA-2018-115056,AR-10510,2018-05-02,US,East,United States,Consumer,Medium,26.136000000000003,3,0.2,0.2,1,1,0,5,2,0,9999.0,0,0.0,0.14285714285714285,207,16.0,0.0794392523364486
CA-2018-124618,CS-11860,2018-05-02,US,South,United States,Consumer,Medium,479.98400000000004,2,0.2,0.2,1,1,0,5,2,0,9999.0,0,0.0,0.14285714285714285,208,16.0,0.07906976744186046
CA-2018-130274,JS-15940,2018-05-03,US,Central,United States,Home Office,Medium,21.560000000000002,7,0.0,0.0,1,1,0,5,3,0,9999.0,0,0.0,0.14285714285714285,209,16.0,0.0787037037037037
CA-2018-135755,NC-18415,2018-05-03,US,East,United States,Consumer,Medium,51.072,6,0.2,0.2,2,1,0,5,3,0,9999.0,0,0.0,0.14285714285714285,210,16.0,0.07834101382488479
CA-2018-111899,NC-18340,2018-05-04,US,Central,United States,Consumer,Medium,43.312,8,0.2,0.2,2,1,0,5,4,0,35.0,1,0.0,0.125,211,16.0,0.0779816513761468
CA-2018-117709,PM-18940,2018-05-04,US,Central,United States,Consumer,Medium,46.8,4,0.0,0.0,1,1,0,5,4,0,9999.0,0,0.0,0.14285714285714285,212,16.0,0.0776255707762557
CA-2018-155271,AA-10480,2018-05-04,US,East,United States,Consumer,Medium,27.46,2,0.0,0.0,1,1,0,5,4,0,9999.0,0,0.0,0.14285714285714285,213,16.0,0.07727272727272727
US-2018-148194,BS-11365,2018-05-04,US,West,United States,Corporate,Medium,69.86,11,0.0,0.0,2,2,0,5,4,0,9999.0,0,0.0,0.14285714285714285,214,16.0,0.07692307692307693
CA-2018-110219,EB-13870,2018-05-05,US,Central,United States,Consumer,Medium,127.869,3,0.3,0.3,1,1,0,5,5,1,9999.0,0,0.0,0.14285714285714285,215,16.0,0.07657657657657657
CA-2018-111934,GD-14590,2018-05-05,US,South,United States,Corporate,Medium,47.32,3,0.0,0.0,2,1,0,5,5,1,9999.0,0,0.0,0.14285714285714285,216,16.0,0.07623318385650224
CA-2018-160738,KH-16330,2018-05-05,US,Central,United States,Corporate,Medium,45.248000000000005,2,0.2,0.2,1,1,0,5,5,1,34.0,1,0.0,0.125,217,16.0,0.07589285714285714
CA-2018-166457,PF-19120,2018-05-05,US,South,United States,Consumer,Medium,40.54,7,0.0,0.0,3,1,0,5,5,1,9999.0,0,0.0,0.14285714285714285,218,16.0,0.07555555555555556
CA-2018-121664,HP-14815,2018-05-06,US,West,United States,Home Office,Medium,140.736,8,0.2,0.2,1,1,0,5,6,1,9999.0,0,0.0,0.14285714285714285,219,16.0,0.0752212389380531
US-2018-154879,SN-20710,2018-05-06,US,West,United States,Home Office,Medium,113.72,8,0.0,0.0,2,1,0,5,6,1,9999.0,0,0.0,0.14285714285714285,220,16.0,0.07488986784140969
CA-2018-166086,CT-11995,2018-05-07,US,East,United States,Consumer,Medium,1091.3500000000001,12,0.075,0.3,4,2,0,5,0,0,9999.0,0,0.0,0.14285714285714285,221,16.0,0.07456140350877193
CA-2018-116666,KT-16480,2018-05-08,US,East,United States,Consumer,Medium,1799.9699999999998,5,0.4,0.4,1,1,0,5,1,0,59.0,1,0.0,0.125,222,16.0,0.07423580786026202
CA-2018-158771,SB-20290,2018-05-09,US,South,United States,Corporate,Medium,158.71,18,0.0,0.0,4,1,0,5,2,0,9999.0,0,0.0,0.14285714285714285,223,16.0,0.07391304347826087
US-2018-102071,PG-18820,2018-05-09,US,West,United States,Consumer,Medium,235.76999999999998,7,0.0,0.0,2,1,0,5,2,0,9999.0,0,0.0,0.14285714285714285,224,16.0,0.0735930735930736
CA-2018-103310,GM-14680,2018-05-10,US,West,United States,Consumer,Medium,1769.7840000000003,14,0.1,0.2,4,3,0,5,3,0,9999.0,0,0.0,0.14285714285714285,225,16.0,0.07327586206896551
CA-2018-114181,AF-10885,2018-05-10,US,East,United States,Consumer,Medium,372.28499999999997,12,0.35,0.5,2,2,0,5,3,0,9999.0,0,0.0,0.14285714285714285,226,16.0,0.07296137339055794
CA-2018-159709,AI-10855,2018-05-10,US,West,United States,Consumer,Medium,201.73,8,0.1,0.2,2,2,0,5,3,0,12.0,1,0.0,0.125,227,16.0,0.07264957264957266
CA-2018-103849,PG-18895,2018-05-11,US,Central,United States,Consumer,Medium,225.01600000000002,7,0.3333333333333333,0.6,3,2,0,5,4,0,9999.0,0,0.0,0.14285714285714285,228,16.0,0.07234042553191489
CA-2018-119172,HD-14785,2018-05-11,US,Central,United States,Home Office,Medium,122.05199999999999,12,0.5,0.8,2,1,0,5,4,0,9999.0,0,0.0,0.14285714285714285,229,16.0,0.07203389830508475
CA-2018-127523,BG-11695,2018-05-11,US,East,United States,Corporate,Medium,35.910000000000004,3,0.0,0.0,1,1,0,5,4,0,9999.0,0,0.0,0.14285714285714285,230,16.0,0.07172995780590717
CA-2018-139017,RM-19375,2018-05-11,US,Central,United States,Consumer,Medium,46.864000000000004,2,0.2,0.2,1,1,0,5,4,0,9999.0,0,0.0,0.14285714285714285,231,16.0,0.07142857142857142
CA-2018-152100,VW-21775,2018-05-11,US,Central,United States,Corporate,Medium,1212.9599999999998,8,0.3,0.3,1,1,0,5,4,0,9999.0,0,0.0,0.14285714285714285,232,16.0,0.07112970711297072
CA-2018-127159,HL-15040,2018-05-12,US,Central,United States,Consumer,Medium,34.79,7,0.0,0.0,1,1,0,5,5,1,112.0,1,0.0,0.125,233,16.0,0.07083333333333333
CA-2018-155887,KT-16480,2018-05-12,US,East,United States,Consumer,Medium,700.056,3,0.3,0.3,1,1,0,5,5,1,4.0,2,0.0,0.1111111111111111,234,16.0,0.07053941908713693
CA-2018-113768,AH-10030,2018-05-13,US,West,United States,Corporate,Medium,287.456,8,0.1,0.2,2,2,0,5,6,1,21.0,1,0.0,0.125,235,16.0,0.07024793388429752
CA-2018-114433,NP-18325,2018-05-13,US,West,United States,Consumer,Medium,149.97,3,0.0,0.0,1,1,0,5,6,1,9999.0,0,0.0,0.14285714285714285,236,16.0,0.06995884773662552
CA-2018-140165,EH-14005,2018-05-13,US,South,United States,Home Office,Medium,405.456,10,0.44999999999999996,0.7,2,1,0,5,6,1,9999.0,0,0.0,0.14285714285714285,237,16.0,0.06967213114754098
CA-2018-167164,AG-10270,2018-05-13,US,West,United States,Consumer,Medium,55.5,2,0.0,0.0,1,1,0,5,6,1,9999.0,0,0.0,0.14285714285714285,238,16.0,0.06938775510204082
CA-2018-106810,AJ-10795,2018-05-14,US,South,United States,Corporate,Medium,310.88000000000005,2,0.2,0.2,1,1,0,5,0,0,9999.0,0,0.0,0.14285714285714285,239,16.0,0.06910569105691057
CA-2018-125150,PW-19030,2018-05-16,US,West,United States,Corporate,Medium,232.88,5,0.2,0.2,1,1,0,5,2,0,9999.0,0,0.0,0.14285714285714285,240,16.0,0.06882591093117409
US-2018-163146,CC-12475,2018-05-16,US,West,United States,Consumer,Medium,56.400000000000006,3,0.0,0.0,1,1,0,5,2,0,9999.0,0,0.0,0.14285714285714285,241,16.0,0.06854838709677419
CA-2018-148761,PA-19060,2018-05-17,US,Central,United States,Home Office,Medium,91.67999999999999,3,0.0,0.0,1,1,0,5,3,0,9999.0,0,0.0,0.14285714285714285,242,16.0,0.06827309236947791
CA-2018-103373,BS-11755,2018-05-18,US,East,United States,Consumer,Medium,779.796,2,0.4,0.4,1,1,1,5,4,0,9999.0,0,0.0,0.14285714285714285,243,16.0,0.068
CA-2018-133963,GA-14515,2018-05-18,US,Central,United States,Consumer,Medium,3.9840000000000004,1,0.2,0.2,1,1,0,5,4,0,9999.0,0,0.0,0.14285714285714285,244,17.0,0.07171314741035857
CA-2018-164224,TT-21070,2018-05-18,US,East,United States,Consumer,Medium,165.168,7,0.2,0.2,2,2,0,5,4,0,9999.0,0,0.0,0.14285714285714285,245,17.0,0.07142857142857142
CA-2018-130155,TD-20995,2018-05-19,US,South,United States,Consumer,Medium,34.2,5,0.0,0.0,1,1,0,5,5,1,9999.0,0,0.0,0.14285714285714285,246,17.0,0.07114624505928854
US-2018-107699,JH-15820,2018-05-19,US,Central,United States,Consumer,Medium,57.42,9,0.0,0.0,1,1,0,5,5,1,9999.0,0,0.0,0.14285714285714285,247,17.0,0.07086614173228346
CA-2018-130673,MC-17590,2018-05-20,US,Central,United States,Corporate,Medium,108.444,12,0.3,0.6,4,3,0,5,6,1,9999.0,0,0.0,0.14285714285714285,248,17.0,0.07058823529411765
US-2018-114188,RF-19345,2018-05-20,US,East,United States,Corporate,Medium,211.66000000000003,20,0.0,0.0,3,2,0,5,6,1,9999.0,0,0.0,0.14285714285714285,249,17.0,0.0703125
CA-2018-104780,BT-11530,2018-05-21,US,West,United States,Home Office,Medium,31.84,8,0.0,0.0,1,1,0,5,0,0,9999.0,0,0.0,0.14285714285714285,250,17.0,0.07003891050583658
CA-2018-117639,MW-18235,2018-05-21,US,South,United States,Corporate,Medium,3333.9000000000005,10,0.0,0.0,2,2,0,5,0,0,9999.0,0,0.0,0.14285714285714285,251,17.0,0.06976744186046512
CA-2018-127166,KH-16360,2018-05-21,US,Central,United States,Consumer,Medium,186.908,12,0.375,0.8,4,2,0,5,0,0,22.0,1,0.0,0.125,252,17.0,0.0694980694980695
CA-2018-152443,FG-14260,2018-05-21,US,East,United States,Home Office,Medium,711.68,16,0.0,0.0,3,1,0,5,0,0,9999.0,0,0.0,0.14285714285714285,253,17.0,0.06923076923076923
CA-2018-143840,EH-14185,2018-05-22,US,South,United States,Consumer,Medium,180.93,3,0.0,0.0,2,1,1,5,1,0,9999.0,0,0.0,0.14285714285714285,254,17.0,0.06896551724137931
CA-2018-143840,EH-14185,2018-05-22,US,South,United States,Consumer,Medium,180.93,3,0.0,0.0,2,1,1,5,1,0,0.0,1,1.0,0.25,255,18.0,0.07251908396946564
CA-2018-138513,EH-13990,2018-05-23,US,West,United States,Consumer,Medium,12.96,2,0.0,0.0,1,1,0,5,2,0,128.0,1,0.0,0.125,256,19.0,0.07604562737642585
US-2018-105767,AR-10510,2018-05-23,US,East,United States,Consumer,Medium,79.638,13,0.43333333333333335,0.7,3,2,0,5,2,0,21.0,1,0.0,0.125,257,19.0,0.07575757575757576
US-2018-135881,GT-14710,2018-05-23,US,East,United States,Consumer,Medium,231.16,8,0.06666666666666667,0.2,3,1,0,5,2,0,9999.0,0,0.0,0.14285714285714285,258,19.0,0.07547169811320754
CA-2018-143413,RP-19390,2018-05-24,US,East,United States,Consumer,Medium,116.28,3,0.0,0.0,1,1,0,5,3,0,9999.0,0,0.0,0.14285714285714285,259,19.0,0.07518796992481203
CA-2018-100391,BW-11065,2018-05-25,US,East,United States,Consumer,Medium,14.62,2,0.0,0.0,1,1,0,5,4,0,9999.0,0,0.0,0.14285714285714285,260,19.0,0.0749063670411985
US-2018-130379,JL-15235,2018-05-25,US,Central,United States,Consumer,Medium,104.91999999999999,4,0.7,0.8,2,2,0,5,4,0,9999.0,0,0.0,0.14285714285714285,261,19.0,0.07462686567164178
CA-2018-129574,Dp-13240,2018-05-26,US,West,United States,Home Office,Medium,48.4,5,0.0,0.0,1,1,0,5,5,1,9999.0,0,0.0,0.14285714285714285,262,19.0,0.07434944237918216
CA-2018-144029,MM-18055,2018-05-26,US,Central,United States,Consumer,Medium,475.788,8,0.2333333333333333,0.3,3,2,0,5,5,1,45.0,1,0.0,0.125,263,19.0,0.07407407407407407
CA-2018-156349,ML-17395,2018-05-26,US,West,United States,Corporate,Medium,576.234,6,0.18333333333333335,0.2,3,2,1,5,5,1,101.0,1,0.0,0.125,264,19.0,0.07380073800738007
CA-2018-156349,ML-17395,2018-05-26,US,West,United States,Corporate,Medium,576.234,6,0.18333333333333335,0.2,3,2,1,5,5,1,0.0,2,1.0,0.2222222222222222,265,20.0,0.07720588235294118
CA-2018-156349,ML-17395,2018-05-26,US,West,United States,Corporate,Medium,576.234,6,0.18333333333333335,0.2,3,2,1,5,5,1,0.0,3,2.0,0.3,266,21.0,0.08058608058608059
CA-2018-158029,HF-14995,2018-05-26,US,West,United States,Consumer,Medium,225.29600000000002,2,0.2,0.2,1,1,0,5,5,1,9999.0,0,0.0,0.14285714285714285,267,22.0,0.08394160583941605
CA-2018-124429,MH-17785,2018-05-27,US,West,United States,Corporate,Medium,926.44,14,0.1,0.2,2,2,0,5,6,1,9999.0,0,0.0,0.14285714285714285,268,22.0,0.08363636363636363
CA-2018-139192,LC-16885,2018-05-27,US,West,United States,Consumer,Medium,1213.494,13,0.1,0.2,2,1,0,5,6,1,32.0,1,0.0,0.125,269,22.0,0.08333333333333333
US-2018-117058,LE-16810,2018-05-27,US,Central,United States,Consumer,Medium,17.459999999999997,6,0.8,0.8,1,1,0,5,6,1,9999.0,0,0.0,0.14285714285714285,270,22.0,0.08303249097472924
CA-2018-108861,MM-17260,2018-05-28,US,West,United States,Consumer,Medium,136.96,4,0.2,0.2,1,1,1,5,0,0,9999.0,0,0.0,0.14285714285714285,271,22.0,0.08273381294964029
CA-2018-135993,PJ-18835,2018-05-28,US,West,United States,Corporate,Medium,85.00800000000001,10,0.1,0.2,2,1,0,5,0,0,9999.0,0,0.0,0.14285714285714285,272,23.0,0.08602150537634409
CA-2018-103429,LW-16825,2018-05-30,US,East,United States,Corporate,Medium,765.494,14,0.05,0.2,4,2,0,5,2,0,9999.0,0,0.0,0.14285714285714285,273,23.0,0.08571428571428572
CA-2018-105872,JG-15160,2018-05-30,US,East,United States,Consumer,Medium,70.368,4,0.2,0.2,1,1,0,5,2,0,9999.0,0,0.0,0.14285714285714285,274,23.0,0.08540925266903915
CA-2018-140473,MC-17425,2018-05-30,US,Central,United States,Corporate,Medium,719.9760000000001,3,0.2,0.2,1,1,0,5,2,0,9999.0,0,0.0,0.14285714285714285,275,23.0,0.0851063829787234
CA-2018-145800,SS-20410,2018-05-30,US,Central,United States,Consumer,Medium,355.455,3,0.5,0.5,1,1,0,5,2,0,9999.0,0,0.0,0.14285714285714285,276,23.0,0.08480565371024736
CA-2018-146885,EB-13840,2018-05-30,US,South,United States,Corporate,Medium,13.620000000000001,3,0.0,0.0,1,1,0,5,2,0,9999.0,0,0.0,0.14285714285714285,277,23.0,0.08450704225352113
CA-2018-166051,JK-15625,2018-05-31,US,South,United States,Consumer,Medium,773.7,6,0.0,0.0,2,1,0,5,3,0,9999.0,0,0.0,0.14285714285714285,278,23.0,0.08421052631578947
CA-2018-111003,CR-12625,2018-06-01,US,East,United States,Home Office,Medium,334.68000000000006,9,0.0,0.0,2,1,0,6,4,0,9999.0,0,0.0,0.14285714285714285,279,23.0,0.08391608391608392
CA-2018-131926,DW-13480,2018-06-01,US,Central,United States,Home Office,Medium,3745.63,24,0.0,0.0,5,2,0,6,4,0,9999.0,0,0.0,0.14285714285714285,280,23.0,0.08362369337979095
US-2018-157070,QJ-19255,2018-06-01,US,Central,United States,Corporate,Medium,204.08,9,0.05,0.1,2,1,0,6,4,0,76.0,1,0.0,0.125,281,23.0,0.08333333333333333
US-2018-165659,LT-17110,2018-06-01,US,South,United States,Consumer,Medium,904.13,13,0.0,0.0,2,2,0,6,4,0,9999.0,0,0.0,0.14285714285714285,282,23.0,0.08304498269896193
CA-2018-100895,SV-20785,2018-06-02,US,South,United States,Consumer,Medium,605.4699999999999,7,0.0,0.0,3,2,0,6,5,1,51.0,1,0.0,0.125,283,23.0,0.08275862068965517
CA-2018-104472,CK-12325,2018-06-02,US,West,United States,Home Office,Medium,133.12800000000001,9,0.1,0.2,2,2,0,6,5,1,80.0,1,0.0,0.125,284,23.0,0.08247422680412371
CA-2018-135657,SC-20725,2018-06-03,US,West,United States,Consumer,Medium,515.88,6,0.0,0.0,1,1,1,6,6,1,9999.0,0,0.0,0.14285714285714285,285,23.0,0.0821917808219178
CA-2018-141299,RB-19795,2018-06-03,US,Central,United States,Home Office,Medium,15.28,2,0.0,0.0,1,1,0,6,6,1,9999.0,0,0.0,0.14285714285714285,286,24.0,0.08532423208191127
CA-2018-163867,RE-19450,2018-06-03,US,Central,United States,Consumer,Medium,210.176,14,0.3333333333333333,0.6,3,2,0,6,6,1,9999.0,0,0.0,0.14285714285714285,287,24.0,0.08503401360544217
CA-2018-147914,MP-17470,2018-06-04,US,East,United States,Home Office,Medium,16.224,2,0.2,0.2,1,1,0,6,0,0,66.0,1,0.0,0.125,288,24.0,0.0847457627118644
CA-2018-151946,BT-11440,2018-06-04,US,East,United States,Consumer,Medium,440.048,10,0.05,0.2,4,2,0,6,0,0,9999.0,0,0.0,0.14285714285714285,289,24.0,0.08445945945945946
CA-2018-133270,BM-11785,2018-06-06,US,East,United States,Consumer,Medium,13.36,2,0.0,0.0,1,1,0,6,2,0,9999.0,0,0.0,0.14285714285714285,290,24.0,0.08417508417508418
CA-2018-151897,VT-21700,2018-06-06,US,Central,United States,Home Office,Medium,100.24000000000001,10,0.2,0.2,1,1,0,6,2,0,9999.0,0,0.0,0.14285714285714285,291,24.0,0.08389261744966443
CA-2018-159520,GT-14635,2018-06-06,US,East,United States,Corporate,Medium,1158.448,14,0.20000000000000004,0.4,3,2,0,6,2,0,9999.0,0,0.0,0.14285714285714285,292,24.0,0.08361204013377926
CA-2018-169257,SV-20785,2018-06-06,US,South,United States,Consumer,Medium,63.381,3,0.44999999999999996,0.7,2,1,0,6,2,0,4.0,2,0.0,0.1111111111111111,293,24.0,0.08333333333333333
US-2018-161305,SB-20170,2018-06-06,US,Central,United States,Consumer,Medium,38.571999999999996,5,0.5,0.8,2,1,0,6,2,0,9999.0,0,0.0,0.14285714285714285,294,24.0,0.08305647840531562
CA-2018-106229,NR-18550,2018-06-07,US,Central,United States,Consumer,Medium,268.935,3,0.5,0.5,1,1,0,6,3,0,9999.0,0,0.0,0.14285714285714285,295,24.0,0.08278145695364239
US-2018-134971,BP-11095,2018-06-07,US,Central,United States,Corporate,Medium,12.461999999999996,3,0.8,0.8,1,1,0,6,3,0,9999.0,0,0.0,0.14285714285714285,296,24.0,0.08250825082508251
CA-2018-108147,RD-19480,2018-06-08,US,East,United States,Consumer,Medium,1745.3600000000001,8,0.1,0.2,2,1,0,6,4,0,9999.0,0,0.0,0.14285714285714285,297,24.0,0.08223684210526316
US-2018-109162,KE-16420,2018-06-08,US,South,United States,Corporate,Medium,170.35200000000003,3,0.2,0.2,1,1,0,6,4,0,66.0,1,0.0,0.125,298,24.0,0.08196721311475409
US-2018-141257,CS-11950,2018-06-08,US,West,United States,Consumer,Medium,585.552,3,0.2,0.2,1,1,0,6,4,0,9999.0,0,0.0,0.14285714285714285,299,24.0,0.08169934640522876
CA-2018-115812,BH-11710,2018-06-09,US,West,United States,Consumer,Medium,3714.304,38,0.1142857142857143,0.2,7,3,0,6,5,1,9999.0,0,0.0,0.14285714285714285,300,24.0,0.08143322475570032
CA-2018-132612,FO-14305,2018-06-09,US,South,United States,Consumer,Medium,1441.3,7,0.0,0.0,1,1,0,6,5,1,9999.0,0,0.0,0.14285714285714285,301,24.0,0.08116883116883117
CA-2018-133753,CW-11905,2018-06-09,US,Central,United States,Home Office,Medium,142.344,5,0.20000000000000004,0.2,3,2,0,6,5,1,9999.0,0,0.0,0.14285714285714285,302,24.0,0.08090614886731391
CA-2018-133851,CM-12445,2018-06-09,US,West,United States,Consumer,Medium,30.46,4,0.0,0.0,2,1,0,6,5,1,9999.0,0,0.0,0.14285714285714285,303,24.0,0.08064516129032258
CA-2018-160262,TS-21205,2018-06-09,US,West,United States,Corporate,Medium,134.6,12,0.0,0.0,3,2,0,6,5,1,80.0,1,0.0,0.125,304,24.0,0.08038585209003216
CA-2018-144281,HK-14890,2018-06-10,US,Central,United States,Corporate,Medium,491.55,5,0.0,0.0,1,1,0,6,6,1,9999.0,0,0.0,0.14285714285714285,305,24.0,0.08012820512820513
CA-2018-114643,FM-14215,2018-06-13,US,West,United States,Corporate,Medium,14.52,3,0.0,0.0,1,1,0,6,2,0,94.0,1,0.0,0.125,306,24.0,0.07987220447284345
CA-2018-140487,SR-20425,2018-06-14,US,Central,United States,Home Office,Medium,212.94,3,0.0,0.0,1,1,0,6,3,0,9999.0,0,0.0,0.14285714285714285,307,24.0,0.07961783439490445
CA-2018-126963,PS-18760,2018-06-15,US,Central,United States,Consumer,Medium,36.544000000000004,2,0.2,0.2,1,1,0,6,4,0,9999.0,0,0.0,0.14285714285714285,308,24.0,0.07936507936507936
US-2018-141215,KL-16555,2018-06-15,US,Central,United States,Corporate,Medium,906.43,9,0.4666666666666666,0.8,3,2,0,6,4,0,9999.0,0,0.0,0.14285714285714285,309,24.0,0.07911392405063292
CA-2018-113929,CK-12205,2018-06-16,US,East,United States,Consumer,Medium,115.952,12,0.06666666666666667,0.2,3,1,0,6,5,1,97.0,1,0.0,0.125,310,24.0,0.07886435331230283
CA-2018-136644,SC-20575,2018-06-16,US,Central,United States,Consumer,Medium,647.84,8,0.0,0.0,1,1,0,6,5,1,9999.0,0,0.0,0.14285714285714285,311,24.0,0.07861635220125786
CA-2018-104402,DB-13660,2018-06-17,US,East,United States,Consumer,Medium,65.97,3,0.0,0.0,1,1,0,6,6,1,9999.0,0,0.0,0.14285714285714285,312,24.0,0.07836990595611286
CA-2018-144414,GH-14425,2018-06-17,US,West,United States,Consumer,Medium,3290.516,11,0.06666666666666667,0.2,3,2,0,6,6,1,9999.0,0,0.0,0.14285714285714285,313,24.0,0.078125
CA-2018-156342,JF-15415,2018-06-17,US,Central,United States,Consumer,Medium,62.016,2,0.2,0.2,1,1,0,6,6,1,9999.0,0,0.0,0.14285714285714285,314,24.0,0.0778816199376947
CA-2018-123855,MC-18100,2018-06-18,US,West,United States,Consumer,Medium,139.8,5,0.2,0.2,1,1,0,6,0,0,9999.0,0,0.0,0.14285714285714285,315,24.0,0.07763975155279502
CA-2018-166863,SC-20020,2018-06-20,US,Central,United States,Consumer,Medium,1353.5296,24,0.33142857142857146,0.8,7,3,0,6,2,0,79.0,2,0.0,0.1111111111111111,316,24.0,0.07739938080495357
US-2018-112949,Co-12640,2018-06-20,US,Central,United States,Consumer,Medium,475.42,8,0.0,0.0,2,1,0,6,2,0,9999.0,0,0.0,0.14285714285714285,317,24.0,0.07716049382716049
CA-2018-128146,DB-13060,2018-06-21,US,East,United States,Consumer,Medium,1326.69,9,0.0,0.0,2,2,0,6,3,0,112.0,1,0.0,0.125,318,24.0,0.07692307692307693
CA-2018-130624,TB-21280,2018-06-21,US,East,United States,Consumer,Medium,697.32,9,0.0,0.0,3,2,0,6,3,0,9999.0,0,0.0,0.14285714285714285,319,24.0,0.07668711656441718
CA-2018-138317,NW-18400,2018-06-21,US,East,United States,Consumer,Medium,385.2610000000001,16,0.3666666666666667,0.7,6,3,0,6,3,0,9999.0,0,0.0,0.14285714285714285,320,24.0,0.0764525993883792
CA-2018-141278,RM-19375,2018-06-21,US,East,United States,Consumer,Medium,21.400000000000002,5,0.0,0.0,1,1,0,6,3,0,41.0,1,0.0,0.125,321,24.0,0.07621951219512195
CA-2018-141796,JG-15160,2018-06-21,US,East,United States,Consumer,Medium,1214.85,3,0.0,0.0,1,1,0,6,3,0,22.0,1,0.0,0.125,322,24.0,0.07598784194528875
US-2018-117135,NP-18325,2018-06-21,US,South,United States,Consumer,Medium,425.67,5,0.0,0.0,3,3,0,6,3,0,39.0,1,0.0,0.125,323,24.0,0.07575757575757576
US-2018-160780,SV-20785,2018-06-21,US,West,United States,Consumer,Medium,36.252,9,0.7,0.7,2,1,0,6,3,0,15.0,3,0.0,0.1,324,24.0,0.0755287009063444
CA-2018-124646,DV-13465,2018-06-22,US,Central,United States,Consumer,Medium,663.75,6,0.0,0.0,2,1,0,6,4,0,9999.0,0,0.0,0.14285714285714285,325,24.0,0.07530120481927711
CA-2018-133389,TB-21280,2018-06-22,US,West,United States,Consumer,Medium,8.226,3,0.7,0.7,1,1,0,6,4,0,1.0,1,0.0,0.125,326,24.0,0.07507507507507508
CA-2018-142048,JE-15745,2018-06-22,US,West,United States,Consumer,Medium,196.752,6,0.2,0.2,1,1,0,6,4,0,9999.0,0,0.0,0.14285714285714285,327,24.0,0.0748502994011976
CA-2018-154963,AA-10645,2018-06-22,US,East,United States,Consumer,Medium,1106.7699999999998,11,0.3333333333333333,0.4,3,2,0,6,4,0,9999.0,0,0.0,0.14285714285714285,328,24.0,0.07462686567164178
CA-2018-126032,BS-11665,2018-06-23,US,East,United States,Consumer,Medium,86.376,3,0.2,0.2,1,1,0,6,5,1,9999.0,0,0.0,0.14285714285714285,329,24.0,0.0744047619047619
US-2018-130358,DL-13330,2018-06-23,US,South,United States,Consumer,Medium,23.119999999999997,10,0.2,0.2,2,1,0,6,5,1,9999.0,0,0.0,0.14285714285714285,330,24.0,0.07418397626112759
CA-2018-159814,LP-17080,2018-06-24,US,West,United States,Consumer,Medium,4.272,2,0.2,0.2,1,1,0,6,6,1,9999.0,0,0.0,0.14285714285714285,331,24.0,0.07396449704142012
CA-2018-159338,NS-18640,2018-06-25,US,West,United States,Corporate,Medium,447.84,5,0.2,0.2,1,1,1,6,0,0,9999.0,0,0.0,0.14285714285714285,332,24.0,0.07374631268436578
CA-2018-164469,GK-14620,2018-06-25,US,West,United States,Corporate,Medium,344.92,17,0.20000000000000004,0.2,3,2,0,6,0,0,9999.0,0,0.0,0.14285714285714285,333,25.0,0.07647058823529412
CA-2018-104283,LM-17065,2018-06-27,US,South,United States,Consumer,Medium,616.14,10,0.0,0.0,3,3,0,6,2,0,9999.0,0,0.0,0.14285714285714285,334,25.0,0.07624633431085044
CA-2018-140858,CA-12775,2018-06-28,US,East,United States,Consumer,Medium,1639.711,23,0.42000000000000004,0.7,5,2,0,6,3,0,9999.0,0,0.0,0.14285714285714285,335,25.0,0.07602339181286549
CA-2018-156993,RW-19630,2018-06-28,US,Central,United States,Corporate,Medium,6.08,1,0.0,0.0,1,1,0,6,3,0,9999.0,0,0.0,0.14285714285714285,336,25.0,0.07580174927113703
CA-2018-111773,JK-15625,2018-06-29,US,East,United States,Consumer,Medium,13.919999999999998,3,0.2,0.2,1,1,0,6,4,0,29.0,1,0.0,0.125,337,25.0,0.0755813953488372
CA-2018-165974,DL-12865,2018-06-29,US,East,United States,Consumer,Medium,32.76,7,0.2,0.2,1,1,0,6,4,0,9999.0,0,0.0,0.14285714285714285,338,25.0,0.07536231884057971
CA-2018-109218,AR-10825,2018-06-30,US,West,United States,Corporate,Medium,32.400000000000006,5,0.0,0.0,1,1,0,6,5,1,9999.0,0,0.0,0.14285714285714285,339,25.0,0.07514450867052024
CA-2018-116757,MS-17980,2018-06-30,US,Central,United States,Corporate,Medium,47.23200000000001,11,0.2,0.2,2,1,0,6,5,1,9999.0,0,0.0,0.14285714285714285,340,25.0,0.07492795389048991
CA-2018-123064,RA-19915,2018-06-30,US,Central,United States,Consumer,Medium,5.248,4,0.2,0.2,1,1,0,6,5,1,9999.0,0,0.0,0.14285714285714285,341,25.0,0.07471264367816093
CA-2018-146640,HA-14905,2018-06-30,US,East,United States,Consumer,Medium,334.76800000000003,7,0.2,0.2,1,1,0,6,5,1,9999.0,0,0.0,0.14285714285714285,342,25.0,0.07449856733524356
CA-2018-152254,BD-11620,2018-06-30,US,South,United States,Consumer,Medium,310.688,7,0.2,0.2,1,1,0,6,5,1,9999.0,0,0.0,0.14285714285714285,343,25.0,0.07428571428571429
US-2018-121566,CS-11860,2018-06-30,US,East,United States,Consumer,Medium,9.288,4,0.1,0.2,2,1,0,6,5,1,59.0,1,0.0,0.125,344,25.0,0.07407407407407407
CA-2018-153150,Dl-13600,2018-07-01,US,West,United States,Corporate,Medium,19.92,5,0.2,0.2,1,1,1,7,6,1,93.0,1,0.0,0.125,345,25.0,0.07386363636363637
CA-2018-160773,LW-16825,2018-07-01,US,South,United States,Corporate,Medium,581.1039999999999,8,0.44999999999999996,0.7,2,2,1,7,6,1,32.0,1,0.0,0.125,346,26.0,0.0764872521246459
CA-2018-160773,LW-16825,2018-07-01,US,South,United States,Corporate,Medium,581.1039999999999,8,0.44999999999999996,0.7,2,2,1,7,6,1,0.0,2,1.0,0.2222222222222222,347,27.0,0.07909604519774012
CA-2018-107594,EH-13945,2018-07-02,US,East,United States,Consumer,Medium,79.56,3,0.0,0.0,2,2,0,7,0,0,9999.0,0,0.0,0.14285714285714285,348,28.0,0.08169014084507042
CA-2018-120096,KE-16420,2018-07-04,US,West,United States,Corporate,Medium,209.96800000000002,6,0.2,0.2,2,1,0,7,2,0,26.0,2,0.0,0.1111111111111111,349,28.0,0.08146067415730338
CA-2018-138709,MS-17770,2018-07-04,US,South,United States,Consumer,Medium,37.44,8,0.0,0.0,2,1,0,7,2,0,9999.0,0,0.0,0.14285714285714285,350,28.0,0.08123249299719888
CA-2018-103317,DM-13525,2018-07-05,US,South,United States,Corporate,Medium,242.54600000000002,10,0.3666666666666667,0.7,3,2,0,7,3,0,9999.0,0,0.0,0.14285714285714285,351,28.0,0.08100558659217877
CA-2018-107139,DP-13390,2018-07-05,US,West,United States,Home Office,Medium,180.96000000000004,6,0.2,0.2,1,1,0,7,3,0,9999.0,0,0.0,0.14285714285714285,352,28.0,0.0807799442896936
CA-2018-152849,DW-13195,2018-07-05,US,South,United States,Corporate,Medium,4.368,3,0.2,0.2,1,1,0,7,3,0,168.0,1,0.0,0.125,353,28.0,0.08055555555555556
CA-2018-157784,MC-17845,2018-07-05,US,South,United States,Consumer,Medium,514.03,8,0.0,0.0,3,2,0,7,3,0,9999.0,0,0.0,0.14285714285714285,354,28.0,0.08033240997229917
US-2018-160444,DC-12850,2018-07-05,US,Central,United States,Consumer,Medium,502.20000000000005,14,0.2,0.2,2,1,0,7,3,0,9999.0,0,0.0,0.14285714285714285,355,28.0,0.08011049723756906
CA-2018-134278,EP-13915,2018-07-06,US,East,United States,Consumer,Medium,559.9920000000001,1,0.2,0.2,1,1,0,7,4,0,9999.0,0,0.0,0.14285714285714285,356,28.0,0.07988980716253444
CA-2018-147543,BC-11125,2018-07-06,US,West,United States,Home Office,Medium,478.48,2,0.2,0.2,1,1,0,7,4,0,9999.0,0,0.0,0.14285714285714285,357,28.0,0.07967032967032966
US-2018-138758,JL-15835,2018-07-07,US,East,United States,Consumer,Medium,241.194,4,0.25,0.3,2,1,1,7,5,1,80.0,1,0.0,0.125,358,28.0,0.07945205479452055
US-2018-138758,JL-15835,2018-07-07,US,East,United States,Consumer,Medium,241.194,4,0.25,0.3,2,1,1,7,5,1,0.0,2,1.0,0.2222222222222222,359,29.0,0.08196721311475409
CA-2018-100090,EB-13705,2018-07-08,US,West,United States,Corporate,Medium,699.192,9,0.2,0.2,2,2,0,7,6,1,9999.0,0,0.0,0.14285714285714285,360,30.0,0.08446866485013624
CA-2018-150301,MH-18025,2018-07-08,US,East,United States,Consumer,Medium,63.882000000000005,1,0.1,0.1,1,1,0,7,6,1,9999.0,0,0.0,0.14285714285714285,361,30.0,0.08423913043478261
CA-2018-113271,DS-13030,2018-07-09,US,West,United States,Home Office,Medium,172.09699999999998,14,0.0875,0.2,4,2,0,7,0,0,9999.0,0,0.0,0.14285714285714285,362,30.0,0.08401084010840108
CA-2018-114125,GH-14410,2018-07-09,US,West,United States,Home Office,Medium,68.70400000000001,11,0.06666666666666667,0.2,3,1,0,7,0,0,9999.0,0,0.0,0.14285714285714285,363,30.0,0.08378378378378379
CA-2018-165379,BM-11650,2018-07-09,US,Central,United States,Corporate,Medium,24.720000000000006,5,0.2,0.2,2,1,0,7,0,0,9999.0,0,0.0,0.14285714285714285,364,30.0,0.08355795148247978
CA-2018-123225,MN-17935,2018-07-11,US,Central,United States,Consumer,Medium,586.3360000000001,6,0.2,0.2,2,2,1,7,2,0,145.0,1,0.0,0.125,365,30.0,0.08333333333333333
CA-2018-123225,MN-17935,2018-07-11,US,Central,United States,Consumer,Medium,586.3360000000001,6,0.2,0.2,2,2,1,7,2,0,0.0,2,1.0,0.2222222222222222,366,31.0,0.08579088471849866
CA-2018-133305,MH-17455,2018-07-11,US,East,United States,Consumer,Medium,67.4,9,0.1,0.2,2,1,0,7,2,0,9999.0,0,0.0,0.14285714285714285,367,32.0,0.08823529411764706
CA-2018-163552,LA-16780,2018-07-11,US,East,United States,Corporate,Medium,1368.62,25,0.0,0.0,5,3,0,7,2,0,73.0,1,0.0,0.125,368,32.0,0.088
CA-2018-166555,JK-15205,2018-07-11,US,East,United States,Consumer,Medium,164.85000000000002,3,0.0,0.0,1,1,0,7,2,0,9999.0,0,0.0,0.14285714285714285,369,32.0,0.08776595744680851
CA-2018-110184,BF-11170,2018-07-12,US,West,United States,Home Office,Medium,505.68600000000004,17,0.1,0.2,2,2,0,7,3,0,90.0,1,0.0,0.125,370,32.0,0.08753315649867374
CA-2018-124807,ME-17725,2018-07-12,US,Central,United States,Consumer,Medium,59.696000000000005,13,0.2,0.2,2,2,0,7,3,0,9999.0,0,0.0,0.14285714285714285,371,32.0,0.0873015873015873
CA-2018-129924,AC-10420,2018-07-12,US,West,United States,Corporate,Medium,706.0640000000001,5,0.2,0.2,2,2,0,7,3,0,9999.0,0,0.0,0.14285714285714285,372,32.0,0.0870712401055409
CA-2018-131310,CL-12565,2018-07-12,US,West,United States,Consumer,Medium,134.4,8,0.2,0.2,2,2,0,7,3,0,130.0,1,0.0,0.125,373,32.0,0.0868421052631579
CA-2018-161508,PV-18985,2018-07-12,US,Central,United States,Home Office,Medium,554.1659999999999,15,0.225,0.3,4,2,0,7,3,0,9999.0,0,0.0,0.14285714285714285,374,32.0,0.08661417322834646
US-2018-165862,GK-14620,2018-07-13,US,West,United States,Corporate,Medium,351.216,3,0.2,0.2,1,1,0,7,4,0,18.0,1,0.0,0.125,375,32.0,0.08638743455497382
CA-2018-109904,BF-10975,2018-07-14,US,East,United States,Corporate,Medium,17.94,3,0.0,0.0,1,1,0,7,5,1,9999.0,0,0.0,0.14285714285714285,376,32.0,0.08616187989556136
CA-2018-124464,SS-20515,2018-07-14,US,East,United States,Home Office,Medium,39.48,1,0.0,0.0,1,1,0,7,5,1,9999.0,0,0.0,0.14285714285714285,377,32.0,0.0859375
CA-2018-164182,ST-20530,2018-07-14,US,East,United States,Consumer,Medium,111.05,7,0.30000000000000004,0.4,4,3,0,7,5,1,150.0,1,0.0,0.125,378,32.0,0.08571428571428572
US-2018-103905,AW-10930,2018-07-14,US,Central,United States,Home Office,Medium,68.204,11,0.5,0.8,2,2,0,7,5,1,9999.0,0,0.0,0.14285714285714285,379,32.0,0.08549222797927461
US-2018-150532,PB-19150,2018-07-14,US,West,United States,Consumer,Medium,55.92,5,0.2,0.2,1,1,0,7,5,1,9999.0,0,0.0,0.14285714285714285,380,32.0,0.08527131782945736
CA-2018-115980,VW-21775,2018-07-15,US,Central,United States,Corporate,Medium,9.510000000000002,6,0.0,0.0,2,2,0,7,6,1,65.0,1,0.0,0.125,381,32.0,0.08505154639175258
CA-2018-123295,AH-10120,2018-07-18,US,West,United States,Home Office,Medium,259.136,4,0.2,0.2,1,1,0,7,2,0,9999.0,0,0.0,0.14285714285714285,382,32.0,0.08483290488431877
CA-2018-138198,JL-15130,2018-07-18,US,East,United States,Consumer,Medium,13.904,2,0.2,0.2,1,1,0,7,2,0,9999.0,0,0.0,0.14285714285714285,383,32.0,0.08461538461538462
CA-2018-168158,EM-14140,2018-07-19,US,West,United States,Home Office,Medium,6.096,2,0.2,0.2,1,1,0,7,3,0,9999.0,0,0.0,0.14285714285714285,384,32.0,0.08439897698209718
US-2018-150434,CA-12310,2018-07-19,US,East,United States,Corporate,Medium,455.23,6,0.075,0.3,4,3,0,7,3,0,9999.0,0,0.0,0.14285714285714285,385,32.0,0.08418367346938775
CA-2018-127866,JD-15895,2018-07-20,US,West,United States,Corporate,Medium,602.43,11,0.0,0.0,4,2,0,7,4,0,98.0,2,0.0,0.1111111111111111,386,32.0,0.08396946564885496
CA-2018-141726,CC-12145,2018-07-20,US,West,United States,Consumer,Medium,176.494,10,0.05,0.2,4,2,1,7,4,0,9999.0,0,0.0,0.14285714285714285,387,32.0,0.08375634517766498
CA-2018-141726,CC-12145,2018-07-20,US,West,United States,Consumer,Medium,176.494,10,0.05,0.2,4,2,1,7,4,0,0.0,1,1.0,0.25,388,33.0,0.08607594936708861
CA-2018-141726,CC-12145,2018-07-20,US,West,United States,Consumer,Medium,176.494,10,0.05,0.2,4,2,1,7,4,0,0.0,2,2.0,0.3333333333333333,389,34.0,0.08838383838383838
CA-2018-141726,CC-12145,2018-07-20,US,West,United States,Consumer,Medium,176.494,10,0.05,0.2,4,2,1,7,4,0,0.0,3,3.0,0.4,390,35.0,0.0906801007556675
CA-2018-142965,SW-20245,2018-07-20,US,East,United States,Consumer,Medium,53.344,4,0.44999999999999996,0.7,2,1,0,7,4,0,9999.0,0,0.0,0.14285714285714285,391,36.0,0.09296482412060302
CA-2018-143903,KM-16375,2018-07-20,US,Central,United States,Home Office,Medium,1340.9759999999999,10,0.3666666666666667,0.6,3,2,0,7,4,0,9999.0,0,0.0,0.14285714285714285,392,36.0,0.09273182957393483
CA-2018-157546,RD-19720,2018-07-20,US,West,United States,Consumer,Medium,112.54200000000002,9,0.1,0.2,2,1,0,7,4,0,9999.0,0,0.0,0.14285714285714285,393,36.0,0.0925
CA-2018-109890,PG-18820,2018-07-21,US,Central,United States,Consumer,Medium,35.98,2,0.0,0.0,1,1,0,7,5,1,73.0,1,0.0,0.125,394,36.0,0.09226932668329177
CA-2018-116932,ME-18010,2018-07-21,US,West,United States,Corporate,Medium,1173.6160000000002,8,0.13333333333333333,0.2,3,2,0,7,5,1,9999.0,0,0.0,0.14285714285714285,395,36.0,0.09203980099502487
CA-2018-129189,HM-14860,2018-07-21,US,Central,United States,Corporate,Medium,751.886,14,0.525,0.8,4,2,0,7,5,1,9999.0,0,0.0,0.14285714285714285,396,36.0,0.09181141439205956
CA-2018-117464,NP-18325,2018-07-22,US,West,United States,Consumer,Medium,1136.092,20,0.1,0.2,4,2,0,7,6,1,31.0,2,0.0,0.1111111111111111,397,36.0,0.09158415841584158
CA-2018-122679,AB-10255,2018-07-22,US,West,United States,Home Office,Medium,19.68,6,0.0,0.0,1,1,0,7,6,1,9999.0,0,0.0,0.14285714285714285,398,36.0,0.09135802469135802
CA-2018-127691,EM-14065,2018-07-22,US,East,United States,Consumer,Medium,165.94,4,0.0,0.0,2,2,0,7,6,1,9999.0,0,0.0,0.14285714285714285,399,36.0,0.09113300492610837
US-2018-164644,JL-15850,2018-07-22,US,Central,United States,Consumer,Medium,26.632,1,0.2,0.2,1,1,0,7,6,1,9999.0,0,0.0,0.14285714285714285,400,36.0,0.09090909090909091
CA-2018-103058,AG-10270,2018-07-23,US,East,United States,Consumer,Medium,99.98,2,0.0,0.0,1,1,0,7,0,0,71.0,1,0.0,0.125,401,36.0,0.09068627450980392
CA-2018-145254,NC-18535,2018-07-23,US,West,United States,Corporate,Medium,992.828,17,0.1,0.2,4,2,0,7,0,0,9999.0,0,0.0,0.14285714285714285,402,36.0,0.09046454767726161
US-2018-119137,AG-10900,2018-07-23,US,West,United States,Consumer,Medium,1520.3760000000002,24,0.325,0.7,4,2,0,7,0,0,9999.0,0,0.0,0.14285714285714285,403,36.0,0.09024390243902439
CA-2018-143917,KL-16645,2018-07-25,US,West,United States,Consumer,Medium,8319.289999999999,17,0.0,0.0,3,2,0,7,2,0,9999.0,0,0.0,0.14285714285714285,404,36.0,0.09002433090024331
CA-2018-146528,VF-21715,2018-07-25,US,West,United States,Home Office,Medium,22.0,5,0.0,0.0,2,1,0,7,2,0,146.0,1,0.0,0.125,405,36.0,0.08980582524271845
CA-2018-116190,SG-20470,2018-07-26,US,South,United States,Consumer,Medium,256.47999999999996,18,0.0,0.0,3,2,0,7,3,0,9999.0,0,0.0,0.14285714285714285,406,36.0,0.08958837772397095
CA-2018-126760,KM-16720,2018-07-26,US,West,United States,Consumer,Medium,1891.316,17,0.1,0.2,4,2,0,7,3,0,99.0,3,0.0,0.1,407,36.0,0.0893719806763285
CA-2018-159121,JO-15145,2018-07-26,US,West,United States,Corporate,Medium,111.93,7,0.0,0.0,1,1,0,7,3,0,201.0,1,0.0,0.125,408,36.0,0.0891566265060241
CA-2018-169019,LF-17185,2018-07-26,US,Central,United States,Consumer,Medium,2656.7159999999994,31,0.6666666666666666,0.8,6,3,1,7,3,0,9999.0,0,0.0,0.14285714285714285,409,36.0,0.0889423076923077
CA-2018-169019,LF-17185,2018-07-26,US,Central,United States,Consumer,Medium,2656.7159999999994,31,0.6666666666666666,0.8,6,3,1,7,3,0,0.0,1,1.0,0.25,410,37.0,0.09112709832134293
CA-2018-169019,LF-17185,2018-07-26,US,Central,United States,Consumer,Medium,2656.7159999999994,31,0.6666666666666666,0.8,6,3,1,7,3,0,0.0,2,2.0,0.3333333333333333,411,38.0,0.09330143540669857
CA-2018-169019,LF-17185,2018-07-26,US,Central,United States,Consumer,Medium,2656.7159999999994,31,0.6666666666666666,0.8,6,3,1,7,3,0,0.0,3,3.0,0.4,412,39.0,0.0954653937947494
CA-2018-169019,LF-17185,2018-07-26,US,Central,United States,Consumer,Medium,2656.7159999999994,31,0.6666666666666666,0.8,6,3,1,7,3,0,0.0,4,4.0,0.45454545454545453,413,40.0,0.09761904761904762
CA-2018-169019,LF-17185,2018-07-26,US,Central,United States,Consumer,Medium,2656.7159999999994,31,0.6666666666666666,0.8,6,3,1,7,3,0,0.0,5,5.0,0.5,414,41.0,0.0997624703087886
US-2018-155894,CL-11890,2018-07-26,US,Central,United States,Consumer,Medium,123.55199999999999,3,0.2,0.2,1,1,0,7,3,0,9999.0,0,0.0,0.14285714285714285,415,42.0,0.1018957345971564
CA-2018-124709,GW-14605,2018-07-27,US,West,United States,Consumer,Medium,238.0,2,0.0,0.0,1,1,0,7,4,0,148.0,1,0.0,0.125,416,42.0,0.1016548463356974
CA-2018-169642,BB-10990,2018-07-27,US,West,United States,Corporate,Medium,276.28,2,0.0,0.0,1,1,0,7,4,0,9999.0,0,0.0,0.14285714285714285,417,42.0,0.10141509433962265
US-2018-150126,AS-10045,2018-07-27,US,East,United States,Corporate,Medium,65.78,11,0.0,0.0,1,1,0,7,4,0,9999.0,0,0.0,0.14285714285714285,418,42.0,0.1011764705882353
CA-2018-131541,CK-12205,2018-07-28,US,South,United States,Consumer,Medium,193.15200000000002,18,0.20000000000000004,0.2,3,2,0,7,5,1,42.0,2,0.0,0.1111111111111111,419,42.0,0.10093896713615023
CA-2018-111192,TS-21430,2018-07-30,US,West,United States,Corporate,Medium,1367.84,8,0.0,0.0,1,1,0,7,0,0,9999.0,0,0.0,0.14285714285714285,420,42.0,0.10070257611241218
CA-2018-117345,BF-10975,2018-08-01,US,South,United States,Corporate,Medium,202.89600000000002,10,0.2,0.2,4,2,0,8,2,0,18.0,1,0.0,0.125,421,42.0,0.10046728971962617
CA-2018-152296,IL-15100,2018-08-01,US,West,United States,Consumer,Medium,19.752000000000002,3,0.2,0.2,1,1,0,8,2,0,9999.0,0,0.0,0.14285714285714285,422,42.0,0.10023310023310024
CA-2018-162684,AS-10630,2018-08-01,US,East,United States,Home Office,Medium,5.68,2,0.2,0.2,1,1,0,8,2,0,9999.0,0,0.0,0.14285714285714285,423,42.0,0.1
US-2018-106299,NZ-18565,2018-08-02,US,Central,United States,Home Office,Medium,886.28,9,0.0,0.0,3,2,0,8,3,0,9999.0,0,0.0,0.14285714285714285,424,42.0,0.09976798143851508
CA-2018-125612,BK-11260,2018-08-03,US,East,United States,Consumer,Medium,163.62,14,0.0,0.0,3,1,0,8,4,0,9999.0,0,0.0,0.14285714285714285,425,42.0,0.09953703703703703
CA-2018-128986,GH-14410,2018-08-03,US,West,United States,Home Office,Medium,93.024,3,0.2,0.2,1,1,0,8,4,0,25.0,1,0.0,0.125,426,42.0,0.09930715935334873
CA-2018-133690,BS-11755,2018-08-03,US,West,United States,Consumer,Medium,221.35,3,0.35,0.5,2,2,1,8,4,0,77.0,1,1.0,0.25,427,42.0,0.09907834101382489
CA-2018-133690,BS-11755,2018-08-03,US,West,United States,Consumer,Medium,221.35,3,0.35,0.5,2,2,1,8,4,0,0.0,2,2.0,0.3333333333333333,428,43.0,0.10114942528735632
CA-2018-126361,VD-21670,2018-08-04,US,West,United States,Consumer,Medium,2126.034,27,0.06666666666666667,0.2,6,2,1,8,5,1,9999.0,0,0.0,0.14285714285714285,429,44.0,0.10321100917431193
CA-2018-126361,VD-21670,2018-08-04,US,West,United States,Consumer,Medium,2126.034,27,0.06666666666666667,0.2,6,2,1,8,5,1,0.0,1,1.0,0.25,430,45.0,0.10526315789473684
CA-2018-126361,VD-21670,2018-08-04,US,West,United States,Consumer,Medium,2126.034,27,0.06666666666666667,0.2,6,2,1,8,5,1,0.0,2,2.0,0.3333333333333333,431,46.0,0.10730593607305935
CA-2018-126361,VD-21670,2018-08-04,US,West,United States,Consumer,Medium,2126.034,27,0.06666666666666667,0.2,6,2,1,8,5,1,0.0,3,3.0,0.4,432,47.0,0.10933940774487472
CA-2018-126361,VD-21670,2018-08-04,US,West,United States,Consumer,Medium,2126.034,27,0.06666666666666667,0.2,6,2,1,8,5,1,0.0,4,4.0,0.45454545454545453,433,48.0,0.11136363636363636
CA-2018-126361,VD-21670,2018-08-04,US,West,United States,Consumer,Medium,2126.034,27,0.06666666666666667,0.2,6,2,1,8,5,1,0.0,5,5.0,0.5,434,49.0,0.11337868480725624
CA-2018-134215,ML-17395,2018-08-04,US,East,United States,Corporate,Medium,617.12,24,0.0,0.0,3,2,0,8,5,1,70.0,4,3.0,0.36363636363636365,435,50.0,0.11538461538461539
CA-2018-110065,SP-20650,2018-08-05,US,East,United States,Corporate,Medium,151.95000000000002,8,0.0,0.0,2,2,0,8,6,1,111.0,1,0.0,0.125,436,50.0,0.11512415349887133
CA-2018-118962,CS-12130,2018-08-05,US,West,United States,Consumer,Medium,472.04400000000004,12,0.06666666666666667,0.2,3,2,0,8,6,1,9999.0,0,0.0,0.14285714285714285,437,50.0,0.11486486486486487
CA-2018-124723,GZ-14470,2018-08-05,US,Central,United States,Consumer,Medium,489.22999999999996,2,0.3,0.3,1,1,0,8,6,1,9999.0,0,0.0,0.14285714285714285,438,50.0,0.1146067415730337
CA-2018-150490,SS-20590,2018-08-05,US,West,United States,Consumer,Medium,78.11999999999999,5,0.0,0.0,3,2,0,8,6,1,9999.0,0,0.0,0.14285714285714285,439,50.0,0.11434977578475336
US-2018-117968,RS-19420,2018-08-05,US,East,United States,Corporate,Medium,1217.3799999999999,10,0.0,0.0,3,2,0,8,6,1,9999.0,0,0.0,0.14285714285714285,440,50.0,0.11409395973154363
CA-2018-115357,RF-19735,2018-08-06,US,South,United States,Consumer,Medium,62.91,3,0.0,0.0,1,1,0,8,0,0,9999.0,0,0.0,0.14285714285714285,441,50.0,0.11383928571428571
CA-2018-137575,TB-21625,2018-08-06,US,East,United States,Consumer,Medium,199.98,2,0.0,0.0,1,1,0,8,0,0,9999.0,0,0.0,0.14285714285714285,442,50.0,0.11358574610244988
CA-2018-124478,MA-17560,2018-08-08,US,Central,United States,Home Office,Medium,1109.725,15,0.02,0.1,5,3,0,8,2,0,9999.0,0,0.0,0.14285714285714285,443,50.0,0.11333333333333333
CA-2018-131450,LR-16915,2018-08-08,US,West,United States,Consumer,Medium,2049.8160000000003,18,0.1,0.2,4,3,0,8,2,0,9999.0,0,0.0,0.14285714285714285,444,50.0,0.1130820399113082
CA-2018-151708,MB-17305,2018-08-08,US,West,United States,Consumer,Medium,217.35200000000003,7,0.2,0.2,2,2,0,8,2,0,9999.0,0,0.0,0.14285714285714285,445,50.0,0.11283185840707964
CA-2018-154669,TM-21010,2018-08-08,US,West,United States,Consumer,Medium,423.28,11,0.0,0.0,1,1,0,8,2,0,100.0,2,0.0,0.1111111111111111,446,50.0,0.11258278145695365
CA-2018-156790,VG-21790,2018-08-08,US,South,United States,Consumer,Medium,155.45600000000002,4,0.2,0.2,1,1,0,8,2,0,9999.0,0,0.0,0.14285714285714285,447,50.0,0.11233480176211454
CA-2018-110527,ED-13885,2018-08-09,US,West,United States,Home Office,Medium,20.88,8,0.0,0.0,1,1,0,8,3,0,9999.0,0,0.0,0.14285714285714285,448,50.0,0.11208791208791209
CA-2018-141901,GM-14500,2018-08-09,US,West,United States,Consumer,Medium,5.98,1,0.0,0.0,1,1,0,8,3,0,9999.0,0,0.0,0.14285714285714285,449,50.0,0.1118421052631579
CA-2018-161249,RD-19720,2018-08-09,US,West,United States,Consumer,Medium,13.809000000000003,8,0.44999999999999996,0.7,2,1,0,8,3,0,20.0,1,0.0,0.125,450,50.0,0.11159737417943107
CA-2018-166471,MG-17650,2018-08-09,US,West,United States,Home Office,Medium,1310.3360000000002,6,0.2,0.2,2,1,0,8,3,0,9999.0,0,0.0,0.14285714285714285,451,50.0,0.11135371179039301
CA-2018-167850,AG-10525,2018-08-09,US,South,United States,Corporate,Medium,193.936,5,0.2,0.2,2,2,0,8,3,0,9999.0,0,0.0,0.14285714285714285,452,50.0,0.1111111111111111
CA-2018-169726,JH-15985,2018-08-09,US,West,United States,Consumer,Medium,2060.744,7,0.2,0.2,1,1,0,8,3,0,9999.0,0,0.0,0.14285714285714285,453,50.0,0.1108695652173913
CA-2018-127012,GM-14680,2018-08-11,US,West,United States,Consumer,Medium,76.28,4,0.0,0.0,3,2,1,8,5,1,93.0,1,0.0,0.125,454,50.0,0.11062906724511931
CA-2018-127012,GM-14680,2018-08-11,US,West,United States,Consumer,Medium,76.28,4,0.0,0.0,3,2,1,8,5,1,0.0,2,1.0,0.2222222222222222,455,51.0,0.11255411255411256
CA-2018-127012,GM-14680,2018-08-11,US,West,United States,Consumer,Medium,76.28,4,0.0,0.0,3,2,1,8,5,1,0.0,3,2.0,0.3,456,52.0,0.11447084233261338
CA-2018-154641,KL-16645,2018-08-11,US,East,United States,Consumer,Medium,375.34,1,0.0,0.0,1,1,0,8,5,1,17.0,1,0.0,0.125,457,53.0,0.11637931034482758
CA-2018-109302,CS-12175,2018-08-12,US,East,United States,Corporate,Medium,196.21,7,0.0,0.0,1,1,0,8,6,1,9999.0,0,0.0,0.14285714285714285,458,53.0,0.11612903225806452
CA-2018-109897,BW-11200,2018-08-12,US,West,United States,Consumer,Medium,891.7760000000001,11,0.1,0.2,2,2,0,8,6,1,9999.0,0,0.0,0.14285714285714285,459,53.0,0.11587982832618025
CA-2018-153927,LL-16840,2018-08-12,US,South,United States,Consumer,Medium,286.65000000000003,16,0.0,0.0,2,2,0,8,6,1,105.0,1,0.0,0.125,460,53.0,0.11563169164882227
CA-2018-156244,DH-13675,2018-08-12,US,South,United States,Home Office,Medium,457.74399999999997,27,0.20000000000000004,0.2,6,2,0,8,6,1,9999.0,0,0.0,0.14285714285714285,461,53.0,0.11538461538461539
CA-2018-109043,CS-12355,2018-08-15,US,South,United States,Consumer,Medium,243.60000000000002,10,0.2,0.2,2,1,0,8,2,0,9999.0,0,0.0,0.14285714285714285,462,53.0,0.11513859275053305
CA-2018-138023,KH-16510,2018-08-15,US,Central,United States,Consumer,Medium,30.959999999999994,8,0.8,0.8,1,1,0,8,2,0,9999.0,0,0.0,0.14285714285714285,463,53.0,0.1148936170212766
CA-2018-141005,CS-12355,2018-08-15,US,East,United States,Consumer,Medium,62.94,3,0.0,0.0,1,1,0,8,2,0,0.0,1,0.0,0.125,464,53.0,0.11464968152866242
US-2018-164406,BD-11605,2018-08-15,US,West,United States,Consumer,Medium,505.282,17,0.12000000000000002,0.2,5,2,1,8,2,0,214.0,1,0.0,0.125,465,53.0,0.11440677966101695
US-2018-164406,BD-11605,2018-08-15,US,West,United States,Consumer,Medium,505.282,17,0.12000000000000002,0.2,5,2,1,8,2,0,0.0,2,1.0,0.2222222222222222,466,54.0,0.11627906976744186
US-2018-164406,BD-11605,2018-08-15,US,West,United States,Consumer,Medium,505.282,17,0.12000000000000002,0.2,5,2,1,8,2,0,0.0,3,2.0,0.3,467,55.0,0.11814345991561181
US-2018-164406,BD-11605,2018-08-15,US,West,United States,Consumer,Medium,505.282,17,0.12000000000000002,0.2,5,2,1,8,2,0,0.0,4,3.0,0.36363636363636365,468,56.0,0.12
US-2018-164406,BD-11605,2018-08-15,US,West,United States,Consumer,Medium,505.282,17,0.12000000000000002,0.2,5,2,1,8,2,0,0.0,5,4.0,0.4166666666666667,469,57.0,0.12184873949579832
CA-2018-142839,TS-21610,2018-08-16,US,East,United States,Consumer,Medium,853.0919999999999,6,0.4,0.4,1,1,0,8,3,0,9999.0,0,0.0,0.14285714285714285,470,58.0,0.12368972746331237
CA-2018-111500,DJ-13510,2018-08-17,US,South,United States,Corporate,Medium,484.78999999999996,20,0.0,0.0,4,2,0,8,4,0,9999.0,0,0.0,0.14285714285714285,471,58.0,0.12343096234309624
CA-2018-129168,KB-16585,2018-08-17,US,Central,United States,Corporate,Medium,15.552000000000003,3,0.2,0.2,1,1,0,8,4,0,135.0,1,0.0,0.125,472,58.0,0.12317327766179541
CA-2018-121727,JK-15625,2018-08-19,US,East,United States,Consumer,Medium,10.72,2,0.2,0.2,1,1,0,8,6,1,51.0,2,0.0,0.1111111111111111,473,58.0,0.12291666666666666
CA-2018-133158,DW-13195,2018-08-19,US,West,United States,Corporate,Medium,358.696,9,0.1,0.2,2,2,0,8,6,1,45.0,2,0.0,0.1111111111111111,474,58.0,0.12266112266112267
US-2018-143581,BS-11365,2018-08-19,US,South,United States,Corporate,Medium,344.90999999999997,3,0.0,0.0,1,1,0,8,6,1,107.0,1,0.0,0.125,475,58.0,0.12240663900414937
US-2018-156559,LH-16900,2018-08-19,US,South,United States,Consumer,Medium,638.82,9,0.0,0.0,1,1,0,8,6,1,9999.0,0,0.0,0.14285714285714285,476,58.0,0.12215320910973085
US-2018-164616,MS-17770,2018-08-19,US,East,United States,Consumer,Medium,85.96000000000001,6,0.44999999999999996,0.7,2,1,0,8,6,1,46.0,1,0.0,0.125,477,58.0,0.12190082644628099
CA-2018-114321,NC-18535,2018-08-20,US,South,United States,Corporate,Medium,1417.35,16,0.0,0.0,3,2,0,8,0,0,28.0,1,0.0,0.125,478,58.0,0.12164948453608247
CA-2018-166716,CR-12730,2018-08-20,US,Central,United States,Consumer,Medium,421.372,2,0.3,0.3,1,1,0,8,0,0,9999.0,0,0.0,0.14285714285714285,479,58.0,0.12139917695473251
CA-2018-123253,DE-13255,2018-08-22,US,East,United States,Home Office,Medium,3.912,1,0.2,0.2,1,1,1,8,2,0,9999.0,0,0.0,0.14285714285714285,480,58.0,0.12114989733059549
CA-2018-130918,JP-15520,2018-08-22,US,South,United States,Consumer,Medium,7.6320000000000014,3,0.2,0.2,1,1,0,8,2,0,9999.0,0,0.0,0.14285714285714285,481,59.0,0.12295081967213115
US-2018-166828,JF-15415,2018-08-22,US,Central,United States,Consumer,Medium,11.56,2,0.0,0.0,1,1,0,8,2,0,66.0,1,0.0,0.125,482,59.0,0.12269938650306748
CA-2018-110639,RH-19495,2018-08-23,US,East,United States,Consumer,Medium,71.84,8,0.0,0.0,2,1,0,8,3,0,9999.0,0,0.0,0.14285714285714285,483,59.0,0.12244897959183673
CA-2018-124737,AP-10915,2018-08-23,US,West,United States,Consumer,Medium,424.37600000000003,31,0.20000000000000004,0.2,6,3,0,8,3,0,9999.0,0,0.0,0.14285714285714285,484,59.0,0.12219959266802444
CA-2018-154837,RB-19645,2018-08-23,US,West,United States,Corporate,Medium,49.568000000000005,2,0.2,0.2,1,1,0,8,3,0,9999.0,0,0.0,0.14285714285714285,485,59.0,0.12195121951219512
US-2018-112795,CR-12625,2018-08-23,US,Central,United States,Home Office,Medium,19.44,3,0.0,0.0,1,1,0,8,3,0,83.0,1,0.0,0.125,486,59.0,0.12170385395537525
CA-2018-106719,RB-19645,2018-08-24,US,West,United States,Corporate,Medium,8.288,2,0.2,0.2,1,1,0,8,4,0,1.0,1,0.0,0.125,487,59.0,0.1214574898785425
CA-2018-107916,JP-15460,2018-08-24,US,East,United States,Corporate,Medium,25.951999999999998,5,0.1,0.2,2,2,0,8,4,0,9999.0,0,0.0,0.14285714285714285,488,59.0,0.12121212121212122
CA-2018-120432,DW-13585,2018-08-24,US,South,United States,Corporate,Medium,25.5,3,0.0,0.0,1,1,0,8,4,0,9999.0,0,0.0,0.14285714285714285,489,59.0,0.12096774193548387
CA-2018-103660,MW-18220,2018-08-25,US,West,United States,Consumer,Medium,1007.9440000000002,7,0.2,0.2,1,1,0,8,5,1,9999.0,0,0.0,0.14285714285714285,490,59.0,0.12072434607645875
CA-2018-104178,JM-15265,2018-08-25,US,West,United States,Corporate,Medium,176.14,14,0.0,0.0,4,3,0,8,5,1,9999.0,0,0.0,0.14285714285714285,491,59.0,0.12048192771084337
CA-2018-107398,BS-11590,2018-08-25,US,East,United States,Corporate,Medium,30.246000000000002,15,0.6999999999999998,0.7,3,1,0,8,5,1,223.0,1,0.0,0.125,492,59.0,0.12024048096192384
CA-2018-115259,RC-19960,2018-08-25,US,East,United States,Consumer,Medium,199.256,25,0.2,0.2,4,1,0,8,5,1,9999.0,0,0.0,0.14285714285714285,493,59.0,0.12
CA-2018-126200,JE-15715,2018-08-25,US,Central,United States,Consumer,Medium,38.06399999999999,6,0.8,0.8,2,1,0,8,5,1,9999.0,0,0.0,0.14285714285714285,494,59.0,0.11976047904191617
CA-2018-103331,KB-16315,2018-08-26,US,East,United States,Consumer,Medium,31.4,8,0.0,0.0,3,2,0,8,6,1,9999.0,0,0.0,0.14285714285714285,495,59.0,0.11952191235059761
CA-2018-123260,FM-14290,2018-08-26,US,West,United States,Home Office,Medium,176.8,8,0.0,0.0,1,1,0,8,6,1,9999.0,0,0.0,0.14285714285714285,496,59.0,0.11928429423459244
US-2018-115413,PP-18955,2018-08-26,US,East,United States,Home Office,Medium,158.61,6,0.0,0.0,2,2,0,8,6,1,9999.0,0,0.0,0.14285714285714285,497,59.0,0.11904761904761904
CA-2018-101266,MM-17920,2018-08-27,US,South,United States,Consumer,Medium,13.36,2,0.0,0.0,1,1,0,8,0,0,226.0,1,0.0,0.125,498,59.0,0.1188118811881188
CA-2018-124688,CC-12610,2018-08-27,US,South,United States,Corporate,Medium,1812.01,12,0.0,0.0,3,2,1,8,0,0,9999.0,0,0.0,0.14285714285714285,499,59.0,0.11857707509881422
CA-2018-124688,CC-12610,2018-08-27,US,South,United States,Corporate,Medium,1812.01,12,0.0,0.0,3,2,1,8,0,0,0.0,1,1.0,0.25,500,60.0,0.1203155818540434
CA-2018-124688,CC-12610,2018-08-27,US,South,United States,Corporate,Medium,1812.01,12,0.0,0.0,3,2,1,8,0,0,0.0,2,2.0,0.3333333333333333,501,61.0,0.1220472440944882
CA-2018-143336,ZD-21925,2018-08-27,US,West,United States,Consumer,Medium,244.76000000000002,9,0.13333333333333333,0.2,3,2,1,8,0,0,9999.0,0,0.0,0.14285714285714285,502,62.0,0.1237721021611002
CA-2018-143336,ZD-21925,2018-08-27,US,West,United States,Consumer,Medium,244.76000000000002,9,0.13333333333333333,0.2,3,2,1,8,0,0,0.0,1,1.0,0.25,503,63.0,0.12549019607843137
CA-2018-143336,ZD-21925,2018-08-27,US,West,United States,Consumer,Medium,244.76000000000002,9,0.13333333333333333,0.2,3,2,1,8,0,0,0.0,2,2.0,0.3333333333333333,504,64.0,0.12720156555772993
CA-2018-135699,HH-15010,2018-08-29,US,West,United States,Corporate,Medium,123.28,4,0.0,0.0,2,1,1,8,2,0,9999.0,0,0.0,0.14285714285714285,505,65.0,0.12890625
CA-2018-135699,HH-15010,2018-08-29,US,West,United States,Corporate,Medium,123.28,4,0.0,0.0,2,1,1,8,2,0,0.0,1,1.0,0.25,506,66.0,0.13060428849902533
CA-2018-169775,RA-19945,2018-08-29,US,South,United States,Consumer,Medium,709.0425000000001,9,0.45,0.7,3,2,0,8,2,0,9999.0,0,0.0,0.14285714285714285,507,67.0,0.13229571984435798
CA-2018-146500,AT-10735,2018-08-30,US,East,United States,Consumer,Medium,121.24,8,0.0,0.0,2,1,0,8,3,0,9999.0,0,0.0,0.14285714285714285,508,67.0,0.13203883495145632
CA-2018-143385,SJ-20500,2018-08-31,US,West,United States,Consumer,Medium,92.52,9,0.0,0.0,1,1,0,8,4,0,9999.0,0,0.0,0.14285714285714285,509,67.0,0.13178294573643412
CA-2018-109855,LH-16900,2018-09-01,US,East,United States,Consumer,Medium,380.744,5,0.1,0.2,2,2,0,9,5,1,13.0,1,0.0,0.125,510,67.0,0.13152804642166344
CA-2018-126522,LT-16765,2018-09-01,US,West,United States,Consumer,Medium,53.94,3,0.0,0.0,1,1,1,9,5,1,9999.0,0,0.0,0.14285714285714285,511,67.0,0.13127413127413126
CA-2018-165428,JL-15130,2018-09-01,US,Central,United States,Consumer,Medium,34.752,9,0.5,0.8,2,1,0,9,5,1,45.0,1,0.0,0.125,512,68.0,0.1329479768786127
CA-2018-106971,BM-11785,2018-09-02,US,Central,United States,Consumer,Medium,475.944,7,0.2,0.2,1,1,0,9,6,1,88.0,1,0.0,0.125,513,68.0,0.1326923076923077
CA-2018-127936,CL-12565,2018-09-02,US,East,United States,Consumer,Medium,21.240000000000002,3,0.0,0.0,1,1,0,9,6,1,52.0,2,0.0,0.1111111111111111,514,68.0,0.1324376199616123
CA-2018-151792,CV-12295,2018-09-02,US,Central,United States,Consumer,Medium,239.976,3,0.2,0.2,1,1,0,9,6,1,158.0,1,0.0,0.125,515,68.0,0.13218390804597702
CA-2018-152268,SC-20095,2018-09-02,US,South,United States,Consumer,Medium,1793.98,2,0.0,0.0,1,1,0,9,6,1,182.0,2,0.0,0.1111111111111111,516,68.0,0.13193116634799235
CA-2018-157721,JM-16195,2018-09-02,US,East,United States,Consumer,Medium,90.60999999999999,2,0.0,0.0,2,2,0,9,6,1,125.0,1,0.0,0.125,517,68.0,0.1316793893129771
CA-2018-158281,AG-10525,2018-09-02,US,Central,United States,Corporate,Medium,559.71,3,0.4,0.4,1,1,0,9,6,1,24.0,1,0.0,0.125,518,68.0,0.13142857142857142
US-2018-138828,KD-16345,2018-09-02,US,East,United States,Consumer,Medium,72.69,8,0.0,0.0,2,1,0,9,6,1,9999.0,0,0.0,0.14285714285714285,519,68.0,0.1311787072243346
CA-2018-125171,AG-10390,2018-09-03,US,East,United States,Consumer,Medium,14.399999999999999,5,0.0,0.0,1,1,0,9,0,0,137.0,1,0.0,0.125,520,68.0,0.13092979127134724
US-2018-120236,MR-17545,2018-09-03,US,Central,United States,Home Office,Medium,7.679999999999998,5,0.8,0.8,1,1,0,9,0,0,9999.0,0,0.0,0.14285714285714285,521,68.0,0.13068181818181818
CA-2018-106572,NP-18700,2018-09-05,US,East,United States,Consumer,Medium,264.32,2,0.2,0.2,1,1,0,9,2,0,9999.0,0,0.0,0.14285714285714285,522,68.0,0.13043478260869565
CA-2018-136861,PR-18880,2018-09-05,US,South,United States,Consumer,Medium,31.983999999999998,2,0.2,0.2,1,1,0,9,2,0,9999.0,0,0.0,0.14285714285714285,523,68.0,0.13018867924528302
CA-2018-130449,VP-21760,2018-09-06,US,West,United States,Corporate,Medium,100.36,14,0.0,0.0,2,2,0,9,3,0,9999.0,0,0.0,0.14285714285714285,524,68.0,0.12994350282485875
CA-2018-100006,DK-13375,2018-09-07,US,East,United States,Consumer,Medium,377.96999999999997,3,0.0,0.0,1,1,0,9,4,0,9999.0,0,0.0,0.14285714285714285,525,68.0,0.12969924812030076
CA-2018-105165,SZ-20035,2018-09-07,US,Central,United States,Home Office,Medium,469.043,13,0.34,0.8,5,3,0,9,4,0,9999.0,0,0.0,0.14285714285714285,526,68.0,0.1294559099437148
CA-2018-109918,LR-17035,2018-09-07,US,West,United States,Corporate,Medium,131.84,11,0.06666666666666667,0.2,3,1,1,9,4,0,9999.0,0,0.0,0.14285714285714285,527,68.0,0.12921348314606743
CA-2018-109918,LR-17035,2018-09-07,US,West,United States,Corporate,Medium,131.84,11,0.06666666666666667,0.2,3,1,1,9,4,0,0.0,1,1.0,0.25,528,69.0,0.1308411214953271
CA-2018-109918,LR-17035,2018-09-07,US,West,United States,Corporate,Medium,131.84,11,0.06666666666666667,0.2,3,1,1,9,4,0,0.0,2,2.0,0.3333333333333333,529,70.0,0.13246268656716417
CA-2018-117765,RB-19465,2018-09-07,US,Central,United States,Home Office,Medium,643.7800000000001,11,0.0,0.0,4,2,0,9,4,0,177.0,1,0.0,0.125,530,71.0,0.1340782122905028
CA-2018-122882,SB-20290,2018-09-07,US,East,United States,Corporate,Medium,539.0740000000001,10,0.375,0.7,4,3,0,9,4,0,121.0,1,0.0,0.125,531,71.0,0.13382899628252787
CA-2018-126193,SS-20410,2018-09-07,US,Central,United States,Consumer,Medium,321.97799999999995,13,0.6,0.8,3,1,0,9,4,0,100.0,1,0.0,0.125,532,71.0,0.13358070500927643
CA-2018-131002,TB-21400,2018-09-07,US,Central,United States,Consumer,Medium,1040.1899999999998,17,0.0,0.0,5,3,0,9,4,0,216.0,2,0.0,0.1111111111111111,533,71.0,0.13333333333333333
CA-2018-107818,MC-17275,2018-09-08,US,West,United States,Consumer,Medium,1771.52,21,0.05,0.2,4,2,0,9,5,1,9999.0,0,0.0,0.14285714285714285,534,71.0,0.133086876155268
CA-2018-123127,SP-20620,2018-09-08,US,East,United States,Corporate,Medium,16.78,2,0.0,0.0,1,1,0,9,5,1,9999.0,0,0.0,0.14285714285714285,535,71.0,0.13284132841328414
CA-2018-128839,TT-21070,2018-09-08,US,South,United States,Consumer,Medium,254.96999999999997,12,0.0,0.0,2,2,0,9,5,1,113.0,1,0.0,0.125,536,71.0,0.13259668508287292
CA-2018-132500,GZ-14470,2018-09-08,US,West,United States,Consumer,Medium,49.98,2,0.0,0.0,1,1,0,9,5,1,34.0,1,0.0,0.125,537,71.0,0.1323529411764706
CA-2018-139892,BM-11140,2018-09-08,US,Central,United States,Consumer,Medium,10539.895999999999,37,0.3285714285714286,0.8,7,3,0,9,5,1,9999.0,0,0.0,0.14285714285714285,538,71.0,0.13211009174311927
CA-2018-140032,TS-21340,2018-09-08,US,West,United States,Consumer,Medium,8.608,2,0.2,0.2,1,1,0,9,5,1,232.0,1,0.0,0.125,539,71.0,0.13186813186813187
CA-2018-146283,KT-16465,2018-09-08,US,Central,United States,Consumer,Medium,1166.716,13,0.2333333333333333,0.3,3,2,0,9,5,1,9999.0,0,0.0,0.14285714285714285,540,71.0,0.1316270566727605
CA-2018-146815,PP-18955,2018-09-08,US,East,United States,Home Office,Medium,176.28400000000002,4,0.05,0.1,2,2,0,9,5,1,13.0,1,0.0,0.125,541,71.0,0.13138686131386862
CA-2018-163293,KC-16255,2018-09-08,US,South,United States,Corporate,Medium,116.85,7,0.0,0.0,2,1,0,9,5,1,9999.0,0,0.0,0.14285714285714285,542,71.0,0.13114754098360656
CA-2018-168592,DP-13390,2018-09-08,US,West,United States,Home Office,Medium,75.64,8,0.0,0.0,3,1,0,9,5,1,65.0,1,0.0,0.125,543,71.0,0.13090909090909092
US-2018-115987,LH-17020,2018-09-08,US,Central,United States,Consumer,Medium,51.18399999999998,4,0.8,0.8,1,1,0,9,5,1,9999.0,0,0.0,0.14285714285714285,544,71.0,0.1306715063520871
CA-2018-102869,LC-17140,2018-09-09,US,East,United States,Consumer,Medium,233.244,13,0.25,0.4,4,3,0,9,6,1,9999.0,0,0.0,0.14285714285714285,545,71.0,0.13043478260869565
CA-2018-103527,CC-12220,2018-09-09,US,Central,United States,Consumer,Medium,10.896,3,0.2,0.2,1,1,0,9,6,1,9999.0,0,0.0,0.14285714285714285,546,71.0,0.1301989150090416
CA-2018-126403,RR-19525,2018-09-09,US,East,United States,Corporate,Medium,2304.37,16,0.0,0.0,4,2,1,9,6,1,9999.0,0,0.0,0.14285714285714285,547,71.0,0.1299638989169675
CA-2018-126403,RR-19525,2018-09-09,US,East,United States,Corporate,Medium,2304.37,16,0.0,0.0,4,2,1,9,6,1,0.0,1,1.0,0.25,548,72.0,0.13153153153153152
CA-2018-126403,RR-19525,2018-09-09,US,East,United States,Corporate,Medium,2304.37,16,0.0,0.0,4,2,1,9,6,1,0.0,2,2.0,0.3333333333333333,549,73.0,0.13309352517985612
CA-2018-126403,RR-19525,2018-09-09,US,East,United States,Corporate,Medium,2304.37,16,0.0,0.0,4,2,1,9,6,1,0.0,3,3.0,0.4,550,74.0,0.13464991023339318
CA-2018-144407,MS-17365,2018-09-09,US,Central,United States,Consumer,Medium,103.60000000000001,7,0.0,0.0,1,1,0,9,6,1,9999.0,0,0.0,0.14285714285714285,551,75.0,0.13620071684587814
US-2018-115196,DL-12925,2018-09-09,US,South,United States,Consumer,Medium,1299.99,2,0.5,0.5,1,1,0,9,6,1,9999.0,0,0.0,0.14285714285714285,552,75.0,0.13595706618962433
US-2018-131870,NF-18595,2018-09-09,US,East,United States,Home Office,Medium,91.48800000000001,15,0.2,0.2,2,2,0,9,6,1,143.0,1,0.0,0.125,553,75.0,0.1357142857142857
CA-2018-113383,SF-20065,2018-09-10,US,East,United States,Consumer,Medium,336.82,9,0.0,0.0,2,2,0,9,0,0,9999.0,0,0.0,0.14285714285714285,554,75.0,0.1354723707664884
CA-2018-125731,CL-12565,2018-09-10,US,West,United States,Consumer,Medium,1508.768,12,0.2,0.2,2,2,0,9,0,0,8.0,3,0.0,0.1,555,75.0,0.13523131672597866
US-2018-138835,DA-13450,2018-09-10,US,South,United States,Home Office,Medium,9.64,2,0.0,0.0,1,1,0,9,0,0,138.0,1,0.0,0.125,556,75.0,0.1349911190053286
CA-2018-112837,LW-17125,2018-09-11,US,West,United States,Consumer,Medium,127.94999999999999,3,0.0,0.0,1,1,0,9,1,0,9999.0,0,0.0,0.14285714285714285,557,75.0,0.1347517730496454
CA-2018-101476,SD-20485,2018-09-12,US,East,United States,Home Office,Medium,69.99,1,0.0,0.0,1,1,0,9,2,0,159.0,2,0.0,0.1111111111111111,558,75.0,0.13451327433628318
CA-2018-103702,AF-10885,2018-09-12,US,East,United States,Consumer,Medium,63.92400000000001,7,0.7,0.7,1,1,0,9,2,0,125.0,1,0.0,0.125,559,75.0,0.13427561837455831
CA-2018-116246,LW-17215,2018-09-12,US,East,United States,Consumer,Medium,3785.2920000000004,6,0.1,0.1,1,1,0,9,2,0,9999.0,0,0.0,0.14285714285714285,560,75.0,0.13403880070546736
CA-2018-138527,BN-11470,2018-09-12,US,South,United States,Corporate,Medium,192.424,8,0.20000000000000004,0.2,3,2,0,9,2,0,9999.0,0,0.0,0.14285714285714285,561,75.0,0.13380281690140844
US-2018-119081,TA-21385,2018-09-12,US,Central,United States,Home Office,Medium,787.85,12,0.0,0.0,4,3,0,9,2,0,9999.0,0,0.0,0.14285714285714285,562,75.0,0.1335676625659051
US-2018-150924,PT-19090,2018-09-12,US,Central,United States,Consumer,Medium,5.179999999999999,5,0.8,0.8,1,1,0,9,2,0,9999.0,0,0.0,0.14285714285714285,563,75.0,0.13333333333333333
CA-2018-113859,BC-11125,2018-09-13,US,Central,United States,Home Office,Medium,340.116,6,0.3,0.3,1,1,0,9,3,0,69.0,1,0.0,0.125,564,75.0,0.1330998248686515
CA-2018-126277,LH-16900,2018-09-13,US,East,United States,Consumer,Medium,2.5020000000000002,3,0.7,0.7,1,1,0,9,3,0,12.0,2,0.0,0.1111111111111111,565,75.0,0.13286713286713286
CA-2018-132962,JM-15535,2018-09-13,US,East,United States,Consumer,Medium,267.552,8,0.2,0.2,2,2,0,9,3,0,9999.0,0,0.0,0.14285714285714285,566,75.0,0.13263525305410123
CA-2018-140039,ON-18715,2018-09-13,US,West,United States,Corporate,Medium,79.4,5,0.2,0.2,1,1,0,9,3,0,9999.0,0,0.0,0.14285714285714285,567,75.0,0.13240418118466898
CA-2018-142769,RP-19390,2018-09-13,US,West,United States,Consumer,Medium,561.73,21,0.0,0.0,8,3,1,9,3,0,112.0,1,0.0,0.125,568,75.0,0.13217391304347825
CA-2018-142769,RP-19390,2018-09-13,US,West,United States,Consumer,Medium,561.73,21,0.0,0.0,8,3,1,9,3,0,0.0,2,1.0,0.2222222222222222,569,76.0,0.13368055555555555
CA-2018-142769,RP-19390,2018-09-13,US,West,United States,Consumer,Medium,561.73,21,0.0,0.0,8,3,1,9,3,0,0.0,3,2.0,0.3,570,77.0,0.13518197573656845
CA-2018-142769,RP-19390,2018-09-13,US,West,United States,Consumer,Medium,561.73,21,0.0,0.0,8,3,1,9,3,0,0.0,4,3.0,0.36363636363636365,571,78.0,0.13667820069204153
CA-2018-142769,RP-19390,2018-09-13,US,West,United States,Consumer,Medium,561.73,21,0.0,0.0,8,3,1,9,3,0,0.0,5,4.0,0.4166666666666667,572,79.0,0.1381692573402418
CA-2018-142769,RP-19390,2018-09-13,US,West,United States,Consumer,Medium,561.73,21,0.0,0.0,8,3,1,9,3,0,0.0,6,5.0,0.46153846153846156,573,80.0,0.1396551724137931
CA-2018-142769,RP-19390,2018-09-13,US,West,United States,Consumer,Medium,561.73,21,0.0,0.0,8,3,1,9,3,0,0.0,7,6.0,0.5,574,81.0,0.14113597246127366
CA-2018-142769,RP-19390,2018-09-13,US,West,United States,Consumer,Medium,561.73,21,0.0,0.0,8,3,1,9,3,0,0.0,8,7.0,0.5333333333333333,575,82.0,0.14261168384879724
CA-2018-145212,DC-12850,2018-09-13,US,East,United States,Consumer,Medium,5.46,3,0.0,0.0,1,1,0,9,3,0,70.0,1,0.0,0.125,576,83.0,0.14408233276157806
US-2018-156216,EA-14035,2018-09-13,US,South,United States,Corporate,Medium,18.648000000000003,7,0.7,0.7,1,1,0,9,3,0,9999.0,0,0.0,0.14285714285714285,577,83.0,0.14383561643835616
CA-2018-113362,AJ-10960,2018-09-14,US,East,United States,Consumer,Medium,460.21999999999997,8,0.0,0.0,2,1,0,9,4,0,9999.0,0,0.0,0.14285714285714285,578,83.0,0.14358974358974358
CA-2018-145576,CA-12775,2018-09-14,US,South,United States,Consumer,Medium,26.128,8,0.2,0.2,2,2,0,9,4,0,78.0,1,0.0,0.125,579,83.0,0.14334470989761092
CA-2018-159184,JC-15775,2018-09-14,US,South,United States,Consumer,Medium,149.56,7,0.0,0.0,2,2,0,9,4,0,9999.0,0,0.0,0.14285714285714285,580,83.0,0.14310051107325383
CA-2018-160766,DM-13015,2018-09-14,US,East,United States,Consumer,Medium,4283.792,35,0.05714285714285715,0.4,7,3,1,9,4,0,9999.0,0,0.0,0.14285714285714285,581,83.0,0.14285714285714285
CA-2018-160766,DM-13015,2018-09-14,US,East,United States,Consumer,Medium,4283.792,35,0.05714285714285715,0.4,7,3,1,9,4,0,0.0,1,1.0,0.25,582,84.0,0.14431239388794567
CA-2018-160766,DM-13015,2018-09-14,US,East,United States,Consumer,Medium,4283.792,35,0.05714285714285715,0.4,7,3,1,9,4,0,0.0,2,2.0,0.3333333333333333,583,85.0,0.14576271186440679
CA-2018-160766,DM-13015,2018-09-14,US,East,United States,Consumer,Medium,4283.792,35,0.05714285714285715,0.4,7,3,1,9,4,0,0.0,3,3.0,0.4,584,86.0,0.14720812182741116
CA-2018-160766,DM-13015,2018-09-14,US,East,United States,Consumer,Medium,4283.792,35,0.05714285714285715,0.4,7,3,1,9,4,0,0.0,4,4.0,0.45454545454545453,585,87.0,0.14864864864864866
CA-2018-160766,DM-13015,2018-09-14,US,East,United States,Consumer,Medium,4283.792,35,0.05714285714285715,0.4,7,3,1,9,4,0,0.0,5,5.0,0.5,586,88.0,0.15008431703204048
CA-2018-160766,DM-13015,2018-09-14,US,East,United States,Consumer,Medium,4283.792,35,0.05714285714285715,0.4,7,3,1,9,4,0,0.0,6,6.0,0.5384615384615384,587,89.0,0.15151515151515152
US-2018-100853,JB-15400,2018-09-14,US,Central,United States,Corporate,Medium,72.60799999999999,6,0.5,0.8,2,1,0,9,4,0,9999.0,0,0.0,0.14285714285714285,588,90.0,0.15294117647058825
US-2018-127635,SC-20260,2018-09-14,US,Central,United States,Corporate,Medium,31.408,13,0.45,0.8,4,2,0,9,4,0,161.0,1,0.0,0.125,589,90.0,0.15268456375838926
CA-2018-138100,AA-10315,2018-09-15,US,East,United States,Consumer,Medium,29.5,5,0.0,0.0,2,2,0,9,5,1,168.0,1,0.0,0.125,590,90.0,0.152428810720268
CA-2018-149594,MF-18250,2018-09-15,US,East,United States,Corporate,Medium,103.93599999999999,4,0.2,0.2,1,1,0,9,5,1,9999.0,0,0.0,0.14285714285714285,591,90.0,0.15217391304347827
CA-2018-141152,RF-19345,2018-09-16,US,East,United States,Corporate,Medium,33.552,1,0.2,0.2,1,1,0,9,6,1,119.0,1,0.0,0.125,592,90.0,0.15191986644407346
CA-2018-103940,BN-11515,2018-09-17,US,West,United States,Consumer,Medium,260.79,12,0.05,0.2,4,2,1,9,0,0,184.0,1,0.0,0.125,593,90.0,0.15166666666666667
CA-2018-103940,BN-11515,2018-09-17,US,West,United States,Consumer,Medium,260.79,12,0.05,0.2,4,2,1,9,0,0,0.0,2,1.0,0.2222222222222222,594,91.0,0.15307820299500832
CA-2018-103940,BN-11515,2018-09-17,US,West,United States,Consumer,Medium,260.79,12,0.05,0.2,4,2,1,9,0,0,0.0,3,2.0,0.3,595,92.0,0.15448504983388706
CA-2018-103940,BN-11515,2018-09-17,US,West,United States,Consumer,Medium,260.79,12,0.05,0.2,4,2,1,9,0,0,0.0,4,3.0,0.36363636363636365,596,93.0,0.1558872305140962
CA-2018-112851,NR-18550,2018-09-17,US,West,United States,Consumer,Medium,182.94,3,0.0,0.0,1,1,0,9,0,0,102.0,1,0.0,0.125,597,94.0,0.15728476821192053
CA-2018-131947,JA-15970,2018-09-17,US,West,United States,Consumer,Medium,318.293,31,0.2833333333333333,0.7,6,2,0,9,0,0,9999.0,0,0.0,0.14285714285714285,598,94.0,0.15702479338842976
US-2018-117170,KT-16465,2018-09-17,US,South,United States,Consumer,Medium,52.608000000000004,3,0.2,0.2,2,2,0,9,0,0,9.0,1,0.0,0.125,599,94.0,0.15676567656765678
US-2018-158638,AG-10765,2018-09-17,US,East,United States,Home Office,Medium,5.892000000000001,4,0.7,0.7,1,1,0,9,0,0,9999.0,0,0.0,0.14285714285714285,600,94.0,0.15650741350906094
CA-2018-127299,JL-15835,2018-09-19,US,South,United States,Consumer,Medium,2692.329,9,0.35,0.5,2,2,0,9,2,0,74.0,3,2.0,0.3,601,94.0,0.15625
CA-2018-132787,MC-18130,2018-09-19,US,West,United States,Corporate,Medium,92.52,6,0.0,0.0,1,1,0,9,2,0,9999.0,0,0.0,0.14285714285714285,602,94.0,0.15599343185550082
CA-2018-138177,ND-18460,2018-09-19,US,West,United States,Corporate,Medium,73.915,1,0.5,0.5,1,1,0,9,2,0,225.0,1,0.0,0.125,603,94.0,0.1557377049180328
CA-2018-156601,FA-14230,2018-09-19,US,West,United States,Corporate,Medium,7.16,2,0.0,0.0,1,1,0,9,2,0,9999.0,0,0.0,0.14285714285714285,604,94.0,0.15548281505728315
CA-2018-159849,JK-15640,2018-09-19,US,West,United States,Home Office,Medium,5.67,3,0.0,0.0,1,1,0,9,2,0,9999.0,0,0.0,0.14285714285714285,605,94.0,0.15522875816993464
CA-2018-168130,BS-11365,2018-09-19,US,East,United States,Corporate,Medium,887.103,7,0.1,0.1,1,1,0,9,2,0,31.0,2,0.0,0.1111111111111111,606,94.0,0.15497553017944535
US-2018-106992,SB-20290,2018-09-19,US,Central,United States,Corporate,Medium,5579.94,10,0.4,0.4,2,1,0,9,2,0,12.0,2,0.0,0.1111111111111111,607,94.0,0.15472312703583063
CA-2018-120411,SB-20185,2018-09-20,US,Central,United States,Consumer,Medium,504.54999999999995,7,0.25,0.3,2,2,0,9,3,0,9999.0,0,0.0,0.14285714285714285,608,94.0,0.15447154471544716
CA-2018-125997,MW-18220,2018-09-20,US,East,United States,Consumer,Medium,3519.3700000000003,25,0.05000000000000001,0.2,6,3,0,9,3,0,26.0,1,0.0,0.125,609,94.0,0.15422077922077923
CA-2018-126480,HG-14965,2018-09-20,US,West,United States,Corporate,Medium,8.56,2,0.0,0.0,1,1,0,9,3,0,9999.0,0,0.0,0.14285714285714285,610,94.0,0.1539708265802269
CA-2018-133704,MA-17995,2018-09-20,US,West,United States,Home Office,Medium,64.152,7,0.1,0.2,2,1,0,9,3,0,9999.0,0,0.0,0.14285714285714285,611,94.0,0.15372168284789645
CA-2018-151953,DB-13555,2018-09-20,US,South,United States,Corporate,Medium,2.8160000000000003,2,0.2,0.2,1,1,0,9,3,0,152.0,1,0.0,0.125,612,94.0,0.15347334410339256
CA-2018-156433,ES-14020,2018-09-20,US,West,United States,Consumer,Medium,31.68,6,0.0,0.0,2,1,0,9,3,0,9999.0,0,0.0,0.14285714285714285,613,94.0,0.1532258064516129
CA-2018-166744,DN-13690,2018-09-20,US,East,United States,Consumer,Medium,587.14,8,0.0,0.0,3,2,1,9,3,0,9999.0,0,0.0,0.14285714285714285,614,94.0,0.1529790660225443
CA-2018-166744,DN-13690,2018-09-20,US,East,United States,Consumer,Medium,587.14,8,0.0,0.0,3,2,1,9,3,0,0.0,1,1.0,0.25,615,95.0,0.15434083601286175
CA-2018-166744,DN-13690,2018-09-20,US,East,United States,Consumer,Medium,587.14,8,0.0,0.0,3,2,1,9,3,0,0.0,2,2.0,0.3333333333333333,616,96.0,0.15569823434991975
US-2018-134614,PF-19165,2018-09-20,US,Central,United States,Consumer,Medium,617.7,6,0.5,0.5,1,1,0,9,3,0,9999.0,0,0.0,0.14285714285714285,617,97.0,0.15705128205128205
CA-2018-117478,LH-16750,2018-09-21,US,East,United States,Consumer,Medium,6.570000000000001,3,0.7,0.7,1,1,0,9,4,0,9999.0,0,0.0,0.14285714285714285,618,97.0,0.1568
CA-2018-124513,SL-20155,2018-09-21,US,East,United States,Home Office,Medium,66.03,3,0.0,0.0,1,1,0,9,4,0,9999.0,0,0.0,0.14285714285714285,619,97.0,0.15654952076677317
CA-2018-125514,BM-11650,2018-09-21,US,Central,United States,Corporate,Medium,68.71,6,0.0,0.0,3,1,0,9,4,0,74.0,1,0.0,0.125,620,97.0,0.15629984051036683
CA-2018-153969,HF-14995,2018-09-21,US,West,United States,Consumer,Medium,451.28400000000005,24,0.03333333333333333,0.2,6,2,0,9,4,0,118.0,1,0.0,0.125,621,97.0,0.15605095541401273
CA-2018-168823,MA-17560,2018-09-21,US,East,United States,Home Office,Medium,32.160000000000004,12,0.2,0.2,2,1,0,9,4,0,44.0,1,0.0,0.125,622,97.0,0.15580286168521462
US-2018-135972,JG-15115,2018-09-21,US,West,United States,Consumer,Medium,2046.354,5,0.1,0.2,2,1,0,9,4,0,9999.0,0,0.0,0.14285714285714285,623,97.0,0.15555555555555556
US-2018-166310,JS-15940,2018-09-21,US,Central,United States,Home Office,Medium,8.544,2,0.6,0.6,1,1,0,9,4,0,141.0,1,0.0,0.125,624,97.0,0.15530903328050713
CA-2018-103191,VG-21805,2018-09-22,US,Central,United States,Corporate,Medium,331.536,3,0.2,0.2,1,1,0,9,5,1,9999.0,0,0.0,0.14285714285714285,625,97.0,0.1550632911392405
CA-2018-127488,MS-17365,2018-09-22,US,South,United States,Consumer,Medium,4.608,2,0.2,0.2,1,1,0,9,5,1,13.0,1,0.0,0.125,626,97.0,0.15481832543443919
CA-2018-156160,AS-10090,2018-09-22,US,East,United States,Consumer,Medium,693.992,12,0.07500000000000001,0.2,4,2,0,9,5,1,9999.0,0,0.0,0.14285714285714285,627,97.0,0.15457413249211358
CA-2018-158225,SE-20110,2018-09-22,US,West,United States,Consumer,Medium,210.13,7,0.0,0.0,2,1,0,9,5,1,164.0,1,0.0,0.125,628,97.0,0.15433070866141732
CA-2018-113964,JP-16135,2018-09-23,US,East,United States,Home Office,Medium,18.464,4,0.2,0.2,1,1,0,9,6,1,9999.0,0,0.0,0.14285714285714285,629,97.0,0.1540880503144654
CA-2018-116904,SC-20095,2018-09-23,US,Central,United States,Consumer,Medium,9900.19,17,0.0,0.0,4,1,0,9,6,1,21.0,3,0.0,0.1,630,97.0,0.15384615384615385
CA-2018-147900,JK-15640,2018-09-23,US,East,United States,Home Office,Medium,28.8,9,0.2,0.2,1,1,0,9,6,1,4.0,1,0.0,0.125,631,97.0,0.1536050156739812
CA-2018-148369,TH-21115,2018-09-23,US,East,United States,Corporate,Medium,11.12,4,0.0,0.0,1,1,0,9,6,1,9999.0,0,0.0,0.14285714285714285,632,97.0,0.15336463223787167
CA-2018-163559,ST-20530,2018-09-23,US,East,United States,Consumer,Medium,139.44,3,0.2,0.2,1,1,0,9,6,1,71.0,2,0.0,0.1111111111111111,633,97.0,0.153125
CA-2018-163650,TT-21220,2018-09-23,US,East,United States,Consumer,Medium,44.34,6,0.0,0.0,2,1,0,9,6,1,9999.0,0,0.0,0.14285714285714285,634,97.0,0.15288611544461778
US-2018-134733,BM-11650,2018-09-23,US,West,United States,Corporate,Medium,519.9830000000001,5,0.175,0.2,2,2,0,9,6,1,2.0,2,0.0,0.1111111111111111,635,97.0,0.1526479750778816
CA-2018-123344,JD-16060,2018-09-24,US,West,United States,Consumer,Medium,211.96,4,0.0,0.0,1,1,0,9,0,0,9999.0,0,0.0,0.14285714285714285,636,97.0,0.15241057542768274
CA-2018-141355,BF-11005,2018-09-25,US,West,United States,Home Office,Medium,14.576,2,0.2,0.2,1,1,0,9,1,0,9999.0,0,0.0,0.14285714285714285,637,97.0,0.15217391304347827
US-2018-112914,MT-18070,2018-09-25,US,Central,United States,Home Office,Medium,340.3127999999999,14,0.38,0.8,4,2,0,9,1,0,9999.0,0,0.0,0.14285714285714285,638,97.0,0.15193798449612403
CA-2018-115049,MM-17920,2018-09-26,US,Central,United States,Consumer,Medium,153.824,11,0.2,0.2,1,1,0,9,2,0,30.0,2,0.0,0.1111111111111111,639,97.0,0.15170278637770898
CA-2018-115133,DA-13450,2018-09-26,US,East,United States,Home Office,Medium,52.752,12,0.20000000000000004,0.2,3,2,0,9,2,0,16.0,2,0.0,0.1111111111111111,640,97.0,0.15146831530139104
CA-2018-127586,CS-12400,2018-09-26,US,West,United States,Home Office,Medium,310.12,2,0.0,0.0,1,1,0,9,2,0,9999.0,0,0.0,0.14285714285714285,641,97.0,0.15123456790123457
CA-2018-132451,KF-16285,2018-09-26,US,West,United States,Home Office,Medium,604.9920000000001,6,0.1,0.2,2,2,0,9,2,0,9999.0,0,0.0,0.14285714285714285,642,97.0,0.1510015408320493
CA-2018-144974,CM-12715,2018-09-26,US,East,United States,Corporate,Medium,68.53,12,0.3666666666666667,0.7,3,2,0,9,2,0,203.0,1,0.0,0.125,643,97.0,0.15076923076923077
CA-2018-164385,NB-18580,2018-09-26,US,East,United States,Corporate,Medium,143.952,3,0.2,0.2,1,1,0,9,2,0,9999.0,0,0.0,0.14285714285714285,644,97.0,0.15053763440860216
US-2018-151925,KT-16465,2018-09-26,US,West,United States,Consumer,Medium,145.568,2,0.2,0.2,1,1,0,9,2,0,9.0,2,0.0,0.1111111111111111,645,97.0,0.15030674846625766
US-2018-152723,HG-14965,2018-09-26,US,Central,United States,Corporate,Medium,0.8759999999999998,1,0.8,0.8,1,1,0,9,2,0,6.0,1,0.0,0.125,646,97.0,0.15007656967840735
CA-2018-120887,TS-21205,2018-09-27,US,East,United States,Corporate,Medium,87.53999999999999,3,0.0,0.0,1,1,0,9,3,0,110.0,2,0.0,0.1111111111111111,647,97.0,0.14984709480122324
US-2018-133130,TH-21100,2018-09-27,US,West,United States,Consumer,Medium,685.9,7,0.1,0.2,2,2,0,9,3,0,9999.0,0,0.0,0.14285714285714285,648,97.0,0.14961832061068703
CA-2018-107153,GZ-14545,2018-09-28,US,East,United States,Corporate,Medium,46.26,3,0.0,0.0,1,1,0,9,4,0,9999.0,0,0.0,0.14285714285714285,649,97.0,0.14939024390243902
CA-2018-114335,XP-21865,2018-09-28,US,South,United States,Consumer,Medium,337.088,4,0.2,0.2,1,1,0,9,4,0,251.0,1,0.0,0.125,650,97.0,0.1491628614916286
CA-2018-125136,KD-16495,2018-09-28,US,South,United States,Corporate,Medium,106.944,10,0.2,0.2,2,1,0,9,4,0,9999.0,0,0.0,0.14285714285714285,651,97.0,0.14893617021276595
CA-2018-111962,EB-14170,2018-09-29,US,West,United States,Consumer,Medium,817.798,7,0.1,0.2,2,1,0,9,5,1,9999.0,0,0.0,0.14285714285714285,652,97.0,0.14871016691957512
CA-2018-122931,SM-20950,2018-09-29,US,East,United States,Corporate,Medium,2358.672,27,0.26666666666666666,0.4,6,2,0,9,5,1,9999.0,0,0.0,0.14285714285714285,653,97.0,0.1484848484848485
CA-2018-124856,LD-17005,2018-09-29,US,East,United States,Consumer,Medium,1609.32,18,0.0,0.0,4,2,0,9,5,1,9999.0,0,0.0,0.14285714285714285,654,97.0,0.14826021180030258
CA-2018-126683,PP-18955,2018-09-29,US,West,United States,Home Office,Medium,2354.98,11,0.0,0.0,2,1,0,9,5,1,21.0,2,0.0,0.1111111111111111,655,97.0,0.14803625377643503
CA-2018-146969,AP-10915,2018-09-29,US,West,United States,Consumer,Medium,968.3000000000001,10,0.04,0.2,5,3,0,9,5,1,37.0,1,0.0,0.125,656,97.0,0.1478129713423831
CA-2018-102008,RA-19915,2018-09-30,US,East,United States,Consumer,Medium,48.94,1,0.0,0.0,1,1,0,9,6,1,92.0,1,0.0,0.125,657,97.0,0.14759036144578314
CA-2018-137351,DB-13615,2018-09-30,US,West,United States,Consumer,Medium,43.176,7,0.2,0.2,1,1,0,9,6,1,9999.0,0,0.0,0.14285714285714285,658,97.0,0.14736842105263157
CA-2018-140886,KW-16570,2018-09-30,US,South,United States,Consumer,Medium,69.21600000000001,6,0.2,0.2,1,1,0,9,6,1,9999.0,0,0.0,0.14285714285714285,659,97.0,0.14714714714714713
CA-2018-141649,DM-12955,2018-09-30,US,East,United States,Corporate,Medium,795.4080000000001,6,0.2,0.2,1,1,0,9,6,1,9999.0,0,0.0,0.14285714285714285,660,97.0,0.1469265367316342
CA-2018-159478,MH-17785,2018-09-30,US,East,United States,Corporate,Medium,15.24,3,0.0,0.0,1,1,0,9,6,1,126.0,1,0.0,0.125,661,97.0,0.1467065868263473
US-2018-167633,BW-11200,2018-09-30,US,South,United States,Consumer,Medium,15.552000000000003,3,0.2,0.2,1,1,0,9,6,1,49.0,1,0.0,0.125,662,97.0,0.14648729446935724
US-2018-132745,NF-18475,2018-10-01,US,West,United States,Home Office,Medium,4.71,1,0.0,0.0,1,1,0,10,0,0,201.0,1,0.0,0.125,663,97.0,0.14626865671641792
CA-2018-108189,ES-14080,2018-10-02,US,West,United States,Corporate,Medium,598.144,18,0.2,0.2,7,2,0,10,1,0,9999.0,0,0.0,0.14285714285714285,664,97.0,0.14605067064083457
CA-2018-108903,DO-13435,2018-10-03,US,East,United States,Consumer,Medium,212.952,10,0.20000000000000004,0.2,3,2,0,10,2,0,9999.0,0,0.0,0.14285714285714285,665,97.0,0.14583333333333334
CA-2018-120775,RD-19930,2018-10-03,US,Central,United States,Consumer,Medium,57.90800000000001,15,0.4,0.8,5,2,0,10,2,0,9999.0,0,0.0,0.14285714285714285,666,97.0,0.14561664190193166
CA-2018-153976,BP-11290,2018-10-03,US,Central,United States,Consumer,Medium,258.279,3,0.3,0.3,1,1,0,10,2,0,9999.0,0,0.0,0.14285714285714285,667,97.0,0.14540059347181009
CA-2018-157882,AR-10405,2018-10-03,US,West,United States,Corporate,Medium,265.784,4,0.2,0.2,2,1,0,10,2,0,9999.0,0,0.0,0.14285714285714285,668,97.0,0.1451851851851852
US-2018-155817,SL-20155,2018-10-03,US,South,United States,Home Office,Medium,67.75999999999999,5,0.2,0.2,2,1,0,10,2,0,12.0,1,0.0,0.125,669,97.0,0.14497041420118342
CA-2018-102085,JD-16015,2018-10-04,US,West,United States,Consumer,Medium,29.24,4,0.0,0.0,1,1,0,10,3,0,9999.0,0,0.0,0.14285714285714285,670,97.0,0.1447562776957164
CA-2018-153479,DF-13135,2018-10-04,US,West,United States,Consumer,Medium,110.09800000000001,7,0.1,0.2,2,1,0,10,3,0,9999.0,0,0.0,0.14285714285714285,671,97.0,0.14454277286135694
CA-2018-166891,CC-12220,2018-10-04,US,East,United States,Consumer,Medium,589.41,5,0.1,0.1,1,1,0,10,3,0,25.0,1,0.0,0.125,672,97.0,0.14432989690721648
CA-2018-152233,KH-16510,2018-10-05,US,West,United States,Consumer,Medium,99.98,2,0.0,0.0,1,1,0,10,4,0,51.0,1,0.0,0.125,673,97.0,0.14411764705882352
CA-2018-152422,BD-11635,2018-10-05,US,East,United States,Consumer,Medium,91.92,5,0.2,0.2,1,1,0,10,4,0,9999.0,0,0.0,0.14285714285714285,674,97.0,0.14390602055800295
CA-2018-109680,VP-21760,2018-10-06,US,Central,United States,Corporate,Medium,386.34,2,0.0,0.0,1,1,0,10,5,1,30.0,1,0.0,0.125,675,97.0,0.1436950146627566
CA-2018-110611,JD-16015,2018-10-06,US,East,United States,Consumer,Medium,83.92000000000002,5,0.2,0.2,1,1,0,10,5,1,2.0,1,0.0,0.125,676,97.0,0.14348462664714495
CA-2018-132542,AM-10360,2018-10-06,US,Central,United States,Corporate,Medium,15.36,2,0.0,0.0,1,1,0,10,5,1,9999.0,0,0.0,0.14285714285714285,677,97.0,0.14327485380116958
CA-2018-134677,XP-21865,2018-10-06,US,West,United States,Consumer,Medium,9.09,3,0.0,0.0,1,1,0,10,5,1,8.0,2,0.0,0.1111111111111111,678,97.0,0.14306569343065692
CA-2018-117429,MR-17545,2018-10-07,US,East,United States,Home Office,Medium,129.92,5,0.2,0.2,1,1,0,10,6,1,34.0,1,0.0,0.125,679,97.0,0.14285714285714285
CA-2018-132801,JG-15805,2018-10-07,US,Central,United States,Corporate,Medium,107.44,10,0.2,0.2,1,1,0,10,6,1,185.0,1,0.0,0.125,680,97.0,0.14264919941775836
CA-2018-119977,DN-13690,2018-10-08,US,East,United States,Consumer,Medium,123.92,4,0.0,0.0,1,1,0,10,0,0,18.0,3,3.0,0.4,681,97.0,0.14244186046511628
CA-2018-142951,JG-15115,2018-10-08,US,South,United States,Consumer,Medium,23.472,3,0.2,0.2,1,1,0,10,0,0,17.0,1,0.0,0.125,682,97.0,0.14223512336719885
CA-2018-137911,BP-11095,2018-10-09,US,South,United States,Corporate,Medium,88.768,2,0.2,0.2,1,1,0,10,1,0,124.0,1,0.0,0.125,683,97.0,0.14202898550724638
CA-2018-138240,SJ-20500,2018-10-09,US,West,United States,Consumer,Medium,160.592,4,0.1,0.2,2,2,0,10,1,0,39.0,1,0.0,0.125,684,97.0,0.14182344428364688
CA-2018-103492,CM-12715,2018-10-10,US,Central,United States,Corporate,Medium,1488.7740000000003,19,0.5,0.8,4,2,0,10,2,0,14.0,2,0.0,0.1111111111111111,685,97.0,0.1416184971098266
CA-2018-140403,TN-21040,2018-10-10,US,West,United States,Home Office,Medium,137.632,5,0.1,0.2,2,2,0,10,2,0,9999.0,0,0.0,0.14285714285714285,686,97.0,0.1414141414141414
CA-2018-150329,SD-20485,2018-10-10,US,West,United States,Home Office,Medium,46.872,7,0.2,0.2,1,1,0,10,2,0,28.0,3,0.0,0.1,687,97.0,0.14121037463976946
US-2018-105137,RB-19435,2018-10-10,US,East,United States,Consumer,Medium,120.25800000000001,4,0.7,0.7,2,2,1,10,2,0,213.0,1,0.0,0.125,688,97.0,0.1410071942446043
US-2018-105137,RB-19435,2018-10-10,US,East,United States,Consumer,Medium,120.25800000000001,4,0.7,0.7,2,2,1,10,2,0,0.0,2,1.0,0.2222222222222222,689,98.0,0.14224137931034483
US-2018-134054,FC-14335,2018-10-10,US,West,United States,Corporate,Medium,255.84999999999997,7,0.0,0.0,1,1,0,10,2,0,9999.0,0,0.0,0.14285714285714285,690,99.0,0.14347202295552366
CA-2018-114314,DB-13555,2018-10-11,US,South,United States,Corporate,Medium,16.23,5,0.0,0.0,2,2,0,10,3,0,21.0,2,0.0,0.1111111111111111,691,99.0,0.14326647564469913
CA-2018-116834,Dp-13240,2018-10-11,US,West,United States,Home Office,Medium,408.47,16,0.0,0.0,2,2,0,10,3,0,138.0,1,0.0,0.125,692,99.0,0.1430615164520744
CA-2018-128538,AS-10240,2018-10-11,US,West,United States,Consumer,Medium,7.64,1,0.0,0.0,1,1,0,10,3,0,210.0,1,0.0,0.125,693,99.0,0.14285714285714285
CA-2018-157924,HA-14920,2018-10-11,US,West,United States,Consumer,Medium,465.48800000000006,6,0.1,0.2,2,2,1,10,3,0,9999.0,0,0.0,0.14285714285714285,694,99.0,0.14265335235378032
CA-2018-157924,HA-14920,2018-10-11,US,West,United States,Consumer,Medium,465.48800000000006,6,0.1,0.2,2,2,1,10,3,0,0.0,1,1.0,0.25,695,100.0,0.14387464387464388
US-2018-126571,JF-15565,2018-10-11,US,East,United States,Consumer,Medium,483.336,5,0.2,0.2,2,1,0,10,3,0,9999.0,0,0.0,0.14285714285714285,696,101.0,0.14509246088193456
CA-2018-139451,DN-13690,2018-10-12,US,West,United States,Consumer,Medium,36.29,6,0.0,0.0,2,1,0,10,4,0,4.0,4,3.0,0.36363636363636365,697,101.0,0.14488636363636365
US-2018-154655,BP-11050,2018-10-12,US,Central,United States,Corporate,Medium,22.240000000000002,2,0.2,0.2,1,1,0,10,4,0,9999.0,0,0.0,0.14285714285714285,698,101.0,0.14468085106382977
CA-2018-123316,SP-20545,2018-10-13,US,East,United States,Corporate,Medium,7.752000000000001,3,0.2,0.2,1,1,0,10,5,1,9999.0,0,0.0,0.14285714285714285,699,101.0,0.14447592067988668
CA-2018-132010,MA-17995,2018-10-13,US,South,United States,Home Office,Medium,389.74,14,0.0,0.0,4,2,0,10,5,1,23.0,1,0.0,0.125,700,101.0,0.14427157001414428
CA-2018-151995,ZC-21910,2018-10-13,US,West,United States,Consumer,Medium,1549.77,15,0.0,0.0,4,3,0,10,5,1,9999.0,0,0.0,0.14285714285714285,701,101.0,0.1440677966101695
CA-2018-164742,ML-17395,2018-10-13,US,East,United States,Corporate,Medium,264.92,3,0.0,0.0,2,2,0,10,5,1,70.0,5,3.0,0.3333333333333333,702,101.0,0.14386459802538787
CA-2018-151330,TC-21295,2018-10-14,US,East,United States,Consumer,Medium,1885.27,19,0.0,0.0,3,3,0,10,6,1,9999.0,0,0.0,0.14285714285714285,703,101.0,0.14366197183098592
CA-2018-163748,HG-15025,2018-10-14,US,Central,United States,Consumer,Medium,2003.1200000000001,9,0.5,0.8,2,2,0,10,6,1,9999.0,0,0.0,0.14285714285714285,704,101.0,0.14345991561181434
US-2018-146353,JE-15610,2018-10-14,US,East,United States,Corporate,Medium,292.82,9,0.0,0.0,2,1,0,10,6,1,9999.0,0,0.0,0.14285714285714285,705,101.0,0.14325842696629212
US-2018-151015,BD-11500,2018-10-14,US,Central,United States,Consumer,Medium,344.274,20,0.4000000000000001,0.8,3,1,0,10,6,1,255.0,1,0.0,0.125,706,101.0,0.14305750350631136
CA-2018-143182,DL-12865,2018-10-15,US,South,United States,Consumer,Medium,15.384,1,0.2,0.2,1,1,0,10,0,0,108.0,1,0.0,0.125,707,101.0,0.14285714285714285
US-2018-122021,AC-10660,2018-10-15,US,East,United States,Consumer,Medium,191.33999999999997,4,0.25,0.3,2,2,0,10,0,0,9999.0,0,0.0,0.14285714285714285,708,101.0,0.14265734265734265
US-2018-109456,LS-17245,2018-10-16,US,West,United States,Consumer,Medium,194.322,6,0.1,0.2,2,2,0,10,1,0,9999.0,0,0.0,0.14285714285714285,709,101.0,0.1424581005586592
CA-2018-103086,EB-14170,2018-10-17,US,Central,United States,Consumer,Medium,5.312,2,0.6,0.6,1,1,0,10,2,0,18.0,1,0.0,0.125,710,101.0,0.14225941422594143
CA-2018-124394,TB-21520,2018-10-17,US,Central,United States,Consumer,Medium,130.756,8,0.5,0.8,2,2,0,10,2,0,9999.0,0,0.0,0.14285714285714285,711,101.0,0.14206128133704735
CA-2018-110408,AS-10225,2018-10-18,US,South,United States,Corporate,Medium,2216.8,14,0.0,0.0,3,3,0,10,3,0,9999.0,0,0.0,0.14285714285714285,712,101.0,0.14186369958275383
CA-2018-115084,LS-17200,2018-10-18,US,South,United States,Corporate,Medium,605.34,6,0.0,0.0,1,1,0,10,3,0,9999.0,0,0.0,0.14285714285714285,713,101.0,0.14166666666666666
CA-2018-138450,EH-13765,2018-10-18,US,East,United States,Corporate,Medium,249.472,16,0.20000000000000004,0.2,3,1,0,10,3,0,189.0,1,0.0,0.125,714,101.0,0.14147018030513175
CA-2018-143168,IG-15085,2018-10-18,US,West,United States,Consumer,Medium,63.304,3,0.1,0.2,2,1,0,10,3,0,9999.0,0,0.0,0.14285714285714285,715,101.0,0.14127423822714683
CA-2018-100867,EH-14125,2018-10-19,US,West,United States,Home Office,Medium,321.552,6,0.2,0.2,1,1,1,10,4,0,9999.0,0,0.0,0.14285714285714285,716,101.0,0.14107883817427386
CA-2018-117317,JF-15490,2018-10-19,US,West,United States,Consumer,Medium,13.440000000000001,3,0.0,0.0,1,1,0,10,4,0,9999.0,0,0.0,0.14285714285714285,717,102.0,0.14226519337016574
CA-2018-155264,RP-19270,2018-10-19,US,West,United States,Corporate,Medium,306.112,18,0.12000000000000002,0.2,5,2,0,10,4,0,9999.0,0,0.0,0.14285714285714285,718,102.0,0.14206896551724138
CA-2018-137092,LS-16975,2018-10-20,US,Central,United States,Home Office,Medium,862.2020000000001,10,0.32,0.8,5,2,0,10,5,1,9999.0,0,0.0,0.14285714285714285,719,102.0,0.1418732782369146
CA-2018-146703,PO-18865,2018-10-20,US,Central,United States,Consumer,Medium,211.96,4,0.0,0.0,1,1,0,10,5,1,211.0,1,0.0,0.125,720,102.0,0.14167812929848694
CA-2018-169684,FH-14365,2018-10-20,US,South,United States,Corporate,Medium,426.942,6,0.30000000000000004,0.4,2,2,0,10,5,1,9999.0,0,0.0,0.14285714285714285,721,102.0,0.14148351648351648
CA-2018-100916,FH-14275,2018-10-21,US,South,United States,Corporate,Medium,788.86,10,0.0,0.0,3,2,0,10,6,1,198.0,1,0.0,0.125,722,102.0,0.1412894375857339
CA-2018-142587,TB-21520,2018-10-21,US,East,United States,Consumer,Medium,531.3820000000001,7,0.30000000000000004,0.4,2,2,0,10,6,1,4.0,1,0.0,0.125,723,102.0,0.1410958904109589
CA-2018-169852,SF-20965,2018-10-21,US,West,United States,Corporate,Medium,36.36,3,0.2,0.2,1,1,0,10,6,1,9999.0,0,0.0,0.14285714285714285,724,102.0,0.1409028727770178
CA-2018-110072,MG-17680,2018-10-22,US,East,United States,Home Office,Medium,93.888,4,0.2,0.2,1,1,0,10,0,0,9999.0,0,0.0,0.14285714285714285,725,102.0,0.1407103825136612
CA-2018-151967,NB-18580,2018-10-22,US,South,United States,Corporate,Medium,129.92,4,0.0,0.0,1,1,0,10,0,0,26.0,1,0.0,0.125,726,102.0,0.14051841746248295
CA-2018-108707,DB-12910,2018-10-24,US,South,United States,Home Office,Medium,10.368000000000002,2,0.2,0.2,1,1,0,10,2,0,9999.0,0,0.0,0.14285714285714285,727,102.0,0.14032697547683923
CA-2018-113047,AP-10915,2018-10-24,US,South,United States,Consumer,Medium,11.850000000000001,3,0.0,0.0,1,1,0,10,2,0,25.0,2,0.0,0.1111111111111111,728,102.0,0.1401360544217687
CA-2018-130729,AA-10375,2018-10-24,US,West,United States,Consumer,Medium,34.272,3,0.2,0.2,1,1,0,10,2,0,186.0,1,0.0,0.125,729,102.0,0.13994565217391305
CA-2018-139542,EH-14185,2018-10-25,US,East,United States,Consumer,Medium,54.474,6,0.44999999999999996,0.7,2,2,0,10,3,0,156.0,2,2.0,0.3333333333333333,730,102.0,0.13975576662143827
US-2018-158400,AH-10030,2018-10-25,US,West,United States,Corporate,Medium,49.408,4,0.2,0.2,1,1,0,10,3,0,165.0,2,0.0,0.1111111111111111,731,102.0,0.13956639566395665
CA-2018-162278,AH-10585,2018-10-26,US,West,United States,Consumer,Medium,447.88000000000005,9,0.1,0.2,2,2,0,10,4,0,9999.0,0,0.0,0.14285714285714285,732,102.0,0.13937753721244925
CA-2018-148285,RD-19810,2018-10-27,US,South,United States,Home Office,Medium,22.320000000000004,5,0.2,0.2,2,1,0,10,5,1,9999.0,0,0.0,0.14285714285714285,733,102.0,0.13918918918918918
CA-2018-101931,TS-21370,2018-10-28,US,West,United States,Corporate,Medium,1252.602,17,0.06999999999999999,0.2,5,2,0,10,6,1,9999.0,0,0.0,0.14285714285714285,734,102.0,0.13900134952766532
CA-2018-107769,BT-11395,2018-10-28,US,Central,United States,Corporate,Medium,257.98,2,0.0,0.0,1,1,0,10,6,1,9999.0,0,0.0,0.14285714285714285,735,102.0,0.13881401617250674
CA-2018-154627,SA-20830,2018-10-29,US,Central,United States,Consumer,Medium,2735.952,6,0.2,0.2,1,1,0,10,0,0,249.0,1,0.0,0.125,736,102.0,0.1386271870794078
CA-2018-166590,NC-18625,2018-10-29,US,Central,United States,Corporate,Medium,77.86,4,0.0,0.0,2,2,0,10,0,0,9999.0,0,0.0,0.14285714285714285,737,102.0,0.13844086021505375
CA-2018-106439,GG-14650,2018-10-31,US,West,United States,Corporate,Medium,1007.936,45,0.06666666666666668,0.2,9,3,0,10,2,0,9999.0,0,0.0,0.14285714285714285,738,102.0,0.138255033557047
CA-2018-108609,AJ-10780,2018-10-31,US,East,United States,Corporate,Medium,1421.664,8,0.4,0.4,1,1,1,10,2,0,294.0,1,0.0,0.125,739,102.0,0.1380697050938338
CA-2018-145387,AM-10705,2018-10-31,US,East,United States,Consumer,Medium,2116.506,20,0.04285714285714286,0.3,7,2,0,10,2,0,9999.0,0,0.0,0.14285714285714285,740,103.0,0.1392235609103079
US-2018-120313,NL-18310,2018-10-31,US,West,United States,Home Office,Medium,73.584,2,0.2,0.2,1,1,0,10,2,0,9999.0,0,0.0,0.14285714285714285,741,103.0,0.13903743315508021
US-2018-167262,AC-10450,2018-10-31,US,West,United States,Consumer,Medium,742.336,8,0.2,0.2,1,1,0,10,2,0,9999.0,0,0.0,0.14285714285714285,742,103.0,0.13885180240320427
CA-2018-102673,KH-16630,2018-11-01,US,South,United States,Corporate,Medium,1044.4399999999998,29,0.2,0.2,4,2,0,11,3,0,9999.0,0,0.0,0.14285714285714285,743,103.0,0.13866666666666666
CA-2018-114195,EA-14035,2018-11-01,US,East,United States,Corporate,Medium,94.264,7,0.5333333333333333,0.7,3,2,0,11,3,0,49.0,1,0.0,0.125,744,103.0,0.1384820239680426
CA-2018-126907,SM-20950,2018-11-01,US,Central,United States,Corporate,Medium,15.696000000000002,3,0.2,0.2,1,1,0,11,3,0,33.0,1,0.0,0.125,745,103.0,0.13829787234042554
CA-2018-134313,RA-19915,2018-11-01,US,West,United States,Consumer,Medium,2027.144,7,0.2,0.2,2,2,0,11,3,0,32.0,2,0.0,0.1111111111111111,746,103.0,0.13811420982735723
CA-2018-139423,DG-13300,2018-11-01,US,East,United States,Corporate,Medium,76.12,2,0.0,0.0,1,1,0,11,3,0,9999.0,0,0.0,0.14285714285714285,747,103.0,0.13793103448275862
CA-2018-148915,ND-18370,2018-11-01,US,West,United States,Consumer,Medium,599.896,8,0.2,0.2,2,2,0,11,3,0,292.0,1,0.0,0.125,748,103.0,0.13774834437086092
CA-2018-152562,JO-15145,2018-11-01,US,South,United States,Corporate,Medium,75.16,5,0.0,0.0,2,1,0,11,3,0,98.0,2,0.0,0.1111111111111111,749,103.0,0.13756613756613756
CA-2018-168305,PL-18925,2018-11-01,US,West,United States,Home Office,Medium,65.80000000000001,8,0.0,0.0,2,1,0,11,3,0,9999.0,0,0.0,0.14285714285714285,750,103.0,0.13738441215323646
US-2018-137155,DL-12925,2018-11-01,US,East,United States,Consumer,Medium,733.56,12,0.0,0.0,3,2,0,11,3,0,53.0,1,0.0,0.125,751,103.0,0.13720316622691292
CA-2018-107454,RD-19720,2018-11-02,US,East,United States,Consumer,Medium,124.2,13,0.0,0.0,2,2,0,11,4,0,85.0,2,0.0,0.1111111111111111,752,103.0,0.1370223978919631
CA-2018-115889,SH-20395,2018-11-02,US,West,United States,Consumer,Medium,409.30400000000003,4,0.1,0.2,2,2,0,11,4,0,9999.0,0,0.0,0.14285714285714285,753,103.0,0.1368421052631579
CA-2018-120670,JK-16120,2018-11-02,US,South,United States,Home Office,Medium,799.9200000000001,10,0.2,0.2,1,1,0,11,4,0,9999.0,0,0.0,0.14285714285714285,754,103.0,0.1366622864651774
CA-2018-129147,LC-17050,2018-11-02,US,East,United States,Consumer,Medium,609.438,16,0.5,0.7,3,2,0,11,4,0,275.0,1,0.0,0.125,755,103.0,0.13648293963254593
CA-2018-134726,SW-20755,2018-11-02,US,West,United States,Corporate,Medium,94.732,3,0.1,0.2,2,1,1,11,4,0,9999.0,0,0.0,0.14285714285714285,756,103.0,0.1363040629095675
CA-2018-134726,SW-20755,2018-11-02,US,West,United States,Corporate,Medium,94.732,3,0.1,0.2,2,1,1,11,4,0,0.0,1,1.0,0.25,757,104.0,0.13743455497382198
CA-2018-148782,PO-18850,2018-11-02,US,Central,United States,Consumer,Medium,88.77600000000001,3,0.2,0.2,1,1,0,11,4,0,9999.0,0,0.0,0.14285714285714285,758,105.0,0.13856209150326798
CA-2018-119529,DM-13345,2018-11-03,US,East,United States,Corporate,Medium,5.76,2,0.0,0.0,1,1,0,11,5,1,9999.0,0,0.0,0.14285714285714285,759,105.0,0.13838120104438642
CA-2018-121573,SG-20605,2018-11-03,US,East,United States,Consumer,Medium,840.712,8,0.13333333333333333,0.2,3,2,0,11,5,1,284.0,1,0.0,0.125,760,105.0,0.13820078226857888
CA-2018-137589,MS-17770,2018-11-03,US,East,United States,Consumer,Medium,286.34400000000005,3,0.2,0.2,1,1,0,11,5,1,76.0,2,0.0,0.1111111111111111,761,105.0,0.13802083333333334
CA-2018-146731,AT-10735,2018-11-03,US,South,United States,Consumer,Medium,147.34400000000002,11,0.2,0.2,2,1,0,11,5,1,65.0,1,0.0,0.125,762,105.0,0.1378413524057217
CA-2018-153619,TC-21535,2018-11-03,US,West,United States,Home Office,Medium,6.72,4,0.0,0.0,1,1,0,11,5,1,9999.0,0,0.0,0.14285714285714285,763,105.0,0.13766233766233765
CA-2018-155593,RP-19390,2018-11-03,US,East,United States,Consumer,Medium,11.64,3,0.0,0.0,1,1,0,11,5,1,51.0,9,8.0,0.5625,764,105.0,0.13748378728923477
CA-2018-165764,SH-20395,2018-11-03,US,South,United States,Consumer,Medium,1395.673,18,0.375,0.7,4,2,0,11,5,1,1.0,1,0.0,0.125,765,105.0,0.13730569948186527
US-2018-124625,SP-20650,2018-11-03,US,Central,United States,Corporate,Medium,89.97,3,0.0,0.0,1,1,0,11,5,1,90.0,2,0.0,0.1111111111111111,766,105.0,0.1371280724450194
CA-2018-121286,ON-18715,2018-11-04,US,South,United States,Corporate,Medium,66.61600000000001,8,0.2,0.2,2,1,0,11,6,1,52.0,1,0.0,0.125,767,105.0,0.13695090439276486
CA-2018-125829,WB-21850,2018-11-04,US,West,United States,Consumer,Medium,1729.4160000000002,21,0.16,0.2,5,3,0,11,6,1,9999.0,0,0.0,0.14285714285714285,768,105.0,0.1367741935483871
CA-2018-132227,SZ-20035,2018-11-04,US,East,United States,Home Office,Medium,52.064,4,0.2,0.2,1,1,0,11,6,1,58.0,1,0.0,0.125,769,105.0,0.13659793814432988
CA-2018-149244,MS-17530,2018-11-04,US,West,United States,Consumer,Medium,35.34,2,0.0,0.0,1,1,0,11,6,1,9999.0,0,0.0,0.14285714285714285,770,105.0,0.1364221364221364
CA-2018-164973,NM-18445,2018-11-04,US,East,United States,Home Office,Medium,4807.372,14,0.02,0.1,5,3,0,11,6,1,195.0,3,0.0,0.1,771,105.0,0.13624678663239073
US-2018-134187,TH-21235,2018-11-04,US,West,United States,Corporate,Medium,2.94,1,0.0,0.0,1,1,0,11,6,1,9999.0,0,0.0,0.14285714285714285,772,105.0,0.13607188703465983
CA-2018-109134,DE-13255,2018-11-05,US,West,United States,Home Office,Medium,20.04,6,0.0,0.0,1,1,0,11,0,0,75.0,1,1.0,0.25,773,105.0,0.1358974358974359
CA-2018-114251,MD-17350,2018-11-05,US,East,United States,Consumer,Medium,1476.834,17,0.3,0.7,5,3,0,11,0,0,9999.0,0,0.0,0.14285714285714285,774,105.0,0.1357234314980794
CA-2018-133634,SR-20740,2018-11-05,US,South,United States,Home Office,Medium,47.79,3,0.0,0.0,1,1,0,11,0,0,258.0,1,0.0,0.125,775,105.0,0.13554987212276215
US-2018-114377,BG-11035,2018-11-05,US,South,United States,Consumer,Medium,149.9,5,0.0,0.0,1,1,0,11,0,0,9999.0,0,0.0,0.14285714285714285,776,105.0,0.13537675606641125
CA-2018-120950,GA-14515,2018-11-06,US,South,United States,Consumer,Medium,43.68,6,0.0,0.0,1,1,0,11,1,0,172.0,1,0.0,0.125,777,105.0,0.13520408163265307
CA-2018-120278,MS-17365,2018-11-07,US,Central,United States,Consumer,Medium,317.48,14,0.0,0.0,4,1,0,11,2,0,46.0,2,0.0,0.1111111111111111,778,105.0,0.13503184713375796
CA-2018-123323,LH-16900,2018-11-07,US,West,United States,Consumer,Medium,123.14399999999999,7,0.2,0.2,1,1,0,11,2,0,55.0,3,0.0,0.1,779,105.0,0.13486005089058525
CA-2018-123498,TC-20980,2018-11-07,US,Central,United States,Corporate,Medium,100.398,6,0.5,0.8,2,1,1,11,2,0,9999.0,0,0.0,0.14285714285714285,780,105.0,0.13468869123252858
CA-2018-123498,TC-20980,2018-11-07,US,Central,United States,Corporate,Medium,100.398,6,0.5,0.8,2,1,1,11,2,0,0.0,1,1.0,0.25,781,106.0,0.13578680203045684
CA-2018-146990,BP-11095,2018-11-07,US,East,United States,Corporate,Medium,36.1,7,0.0,0.0,2,1,0,11,2,0,29.0,2,0.0,0.1111111111111111,782,107.0,0.13688212927756654
CA-2018-159310,SC-20725,2018-11-07,US,Central,United States,Consumer,Medium,725.3319999999999,14,0.43333333333333335,0.8,3,2,0,11,2,0,157.0,1,1.0,0.25,783,107.0,0.13670886075949368
US-2018-139640,TB-21595,2018-11-07,US,West,United States,Consumer,Medium,146.68800000000002,9,0.2,0.2,2,1,0,11,2,0,262.0,1,0.0,0.125,784,107.0,0.13653603034134007
US-2018-126340,EB-13870,2018-11-08,US,West,United States,Consumer,Medium,333.576,3,0.2,0.2,1,1,0,11,3,0,187.0,1,0.0,0.125,785,107.0,0.13636363636363635
CA-2018-103219,BF-11215,2018-11-09,US,East,United States,Home Office,Medium,56.52,9,0.0,0.0,1,1,0,11,4,0,9999.0,0,0.0,0.14285714285714285,786,107.0,0.13619167717528374
CA-2018-144666,JP-15520,2018-11-09,US,West,United States,Consumer,Medium,1517.574,27,0.05833333333333333,0.2,6,3,0,11,4,0,79.0,1,0.0,0.125,787,107.0,0.13602015113350127
CA-2018-121006,SC-20020,2018-11-10,US,Central,United States,Consumer,Medium,1194.87,17,0.0,0.0,6,2,0,11,5,1,143.0,3,0.0,0.1,788,107.0,0.13584905660377358
CA-2018-158372,RD-19900,2018-11-10,US,West,United States,Consumer,Medium,807.6859999999999,32,0.03333333333333333,0.2,6,3,0,11,5,1,219.0,1,0.0,0.125,789,107.0,0.135678391959799
CA-2018-105270,AP-10915,2018-11-11,US,West,United States,Consumer,Medium,143.12800000000001,4,0.1,0.2,2,2,1,11,6,1,18.0,3,0.0,0.1,790,107.0,0.1355081555834379
CA-2018-105270,AP-10915,2018-11-11,US,West,United States,Consumer,Medium,143.12800000000001,4,0.1,0.2,2,2,1,11,6,1,0.0,4,1.0,0.18181818181818182,791,108.0,0.13659147869674185
CA-2018-105893,PK-19075,2018-11-11,US,Central,United States,Consumer,Medium,665.88,6,0.0,0.0,1,1,0,11,6,1,9999.0,0,0.0,0.14285714285714285,792,109.0,0.1376720901126408
CA-2018-128524,MZ-17515,2018-11-11,US,West,United States,Corporate,Medium,2158.694,10,0.06666666666666667,0.2,3,2,0,11,6,1,221.0,1,0.0,0.125,793,109.0,0.1375
CA-2018-140732,MA-17560,2018-11-11,US,West,United States,Home Office,Medium,707.628,15,0.06666666666666667,0.2,3,2,0,11,6,1,51.0,2,0.0,0.1111111111111111,794,109.0,0.1373283395755306
CA-2018-155796,TS-21430,2018-11-11,US,East,United States,Corporate,Medium,545.928,6,0.35,0.5,2,1,0,11,6,1,104.0,1,0.0,0.125,795,109.0,0.1371571072319202
CA-2018-163419,TZ-21580,2018-11-11,US,West,United States,Consumer,Medium,1167.296,8,0.20000000000000004,0.2,3,3,0,11,6,1,9999.0,0,0.0,0.14285714285714285,796,109.0,0.136986301369863
CA-2018-165309,KD-16270,2018-11-11,US,Central,United States,Consumer,Medium,1639.4959999999999,27,0.37142857142857144,0.8,7,2,0,11,6,1,9999.0,0,0.0,0.14285714285714285,797,109.0,0.13681592039800994
US-2018-140914,BH-11710,2018-11-11,US,Central,United States,Consumer,Medium,808.928,6,0.44999999999999996,0.6,2,1,0,11,6,1,155.0,1,0.0,0.125,798,109.0,0.13664596273291926
US-2018-143287,KN-16705,2018-11-11,US,East,United States,Home Office,Medium,277.57,11,0.0,0.0,3,1,1,11,6,1,240.0,2,0.0,0.1111111111111111,799,109.0,0.13647642679900746
US-2018-143287,KN-16705,2018-11-11,US,East,United States,Home Office,Medium,277.57,11,0.0,0.0,3,1,1,11,6,1,0.0,3,1.0,0.2,800,110.0,0.137546468401487
US-2018-143287,KN-16705,2018-11-11,US,East,United States,Home Office,Medium,277.57,11,0.0,0.0,3,1,1,11,6,1,0.0,4,2.0,0.2727272727272727,801,111.0,0.13861386138613863
CA-2018-122609,DP-13000,2018-11-12,US,Central,United States,Consumer,Medium,153.112,5,0.4,0.6,2,2,0,11,0,0,313.0,1,0.0,0.125,802,112.0,0.13967861557478367
CA-2018-151078,RF-19840,2018-11-12,US,Central,United States,Consumer,Medium,49.632000000000005,4,0.2,0.2,1,1,0,11,0,0,9999.0,0,0.0,0.14285714285714285,803,112.0,0.13950617283950617
CA-2018-151295,JA-15970,2018-11-12,US,West,United States,Consumer,Medium,641.0240000000001,5,0.1,0.2,2,2,0,11,0,0,56.0,1,0.0,0.125,804,112.0,0.13933415536374846
CA-2018-164910,DM-13345,2018-11-12,US,South,United States,Corporate,Medium,7.872,3,0.2,0.2,1,1,0,11,0,0,9.0,1,0.0,0.125,805,112.0,0.13916256157635468
US-2018-159618,DB-12970,2018-11-12,US,Central,United States,Corporate,Medium,203.12120000000002,18,0.22400000000000003,0.32,5,3,0,11,0,0,9999.0,0,0.0,0.14285714285714285,806,112.0,0.13899138991389914
CA-2018-125556,ML-17410,2018-11-14,US,East,United States,Consumer,Medium,876.7299999999999,17,0.0,0.0,2,2,0,11,2,0,9999.0,0,0.0,0.14285714285714285,807,112.0,0.13882063882063883
CA-2018-151554,CM-11815,2018-11-14,US,Central,United States,Corporate,Medium,20.736000000000004,4,0.2,0.2,1,1,0,11,2,0,9999.0,0,0.0,0.14285714285714285,808,112.0,0.13865030674846626
CA-2018-161634,CC-12220,2018-11-14,US,South,United States,Consumer,Medium,32.400000000000006,5,0.0,0.0,1,1,0,11,2,0,41.0,2,0.0,0.1111111111111111,809,112.0,0.13848039215686275
CA-2018-162362,JL-15505,2018-11-14,US,Central,United States,Consumer,Medium,24.240000000000002,7,0.0,0.0,2,1,0,11,2,0,9999.0,0,0.0,0.14285714285714285,810,112.0,0.1383108935128519
CA-2018-166989,RM-19675,2018-11-14,US,East,United States,Home Office,Medium,80.624,4,0.05,0.1,2,2,0,11,2,0,9999.0,0,0.0,0.14285714285714285,811,112.0,0.13814180929095354
CA-2018-116407,JF-15190,2018-11-15,US,South,United States,Consumer,Medium,362.17600000000004,9,0.20000000000000004,0.2,3,1,0,11,3,0,9999.0,0,0.0,0.14285714285714285,812,112.0,0.13797313797313798
CA-2018-127558,SS-20410,2018-11-15,US,West,United States,Consumer,Medium,803.0400000000001,8,0.0,0.0,3,3,0,11,3,0,69.0,2,0.0,0.1111111111111111,813,112.0,0.1378048780487805
CA-2018-128622,SC-20260,2018-11-15,US,West,United States,Corporate,Medium,10.95,3,0.0,0.0,1,1,0,11,3,0,62.0,2,0.0,0.1111111111111111,814,112.0,0.13763702801461633
CA-2018-128888,PB-19105,2018-11-15,US,Central,United States,Consumer,Medium,604.6560000000001,9,0.2,0.2,1,1,0,11,3,0,9999.0,0,0.0,0.14285714285714285,815,112.0,0.13746958637469586
CA-2018-119144,JD-16150,2018-11-16,US,West,United States,Corporate,Medium,730.8525,10,0.11666666666666665,0.2,3,3,0,11,4,0,9999.0,0,0.0,0.14285714285714285,816,112.0,0.13730255164034022
CA-2018-149643,RH-19510,2018-11-16,US,Central,United States,Home Office,Medium,273.96,2,0.0,0.0,1,1,0,11,4,0,9999.0,0,0.0,0.14285714285714285,817,112.0,0.13713592233009708
CA-2018-160066,AH-10075,2018-11-16,US,West,United States,Corporate,Medium,5.22,2,0.0,0.0,1,1,0,11,4,0,9999.0,0,0.0,0.14285714285714285,818,112.0,0.13696969696969696
US-2018-139500,AB-10165,2018-11-16,US,Central,United States,Consumer,Medium,37.296,2,0.3,0.3,1,1,0,11,4,0,9999.0,0,0.0,0.14285714285714285,819,112.0,0.1368038740920097
US-2018-147704,SR-20740,2018-11-16,US,Central,United States,Home Office,Medium,308.59999999999997,20,0.0,0.0,4,1,0,11,4,0,11.0,2,0.0,0.1111111111111111,820,112.0,0.13663845223700122
CA-2018-101833,FG-14260,2018-11-17,US,East,United States,Home Office,Medium,34.44,3,0.0,0.0,1,1,0,11,5,1,180.0,1,0.0,0.125,821,112.0,0.13647342995169082
CA-2018-119375,YC-21895,2018-11-17,US,East,United States,Corporate,Medium,3116.49,15,0.0,0.0,3,2,0,11,5,1,9999.0,0,0.0,0.14285714285714285,822,112.0,0.13630880579010857
CA-2018-128209,GT-14710,2018-11-17,US,East,United States,Consumer,Medium,6160.616000000001,13,0.2,0.2,2,2,0,11,5,1,178.0,1,0.0,0.125,823,112.0,0.13614457831325302
CA-2018-130869,CB-12025,2018-11-17,US,Central,United States,Consumer,Medium,7.080000000000001,3,0.2,0.2,1,1,0,11,5,1,241.0,1,0.0,0.125,824,112.0,0.13598074608904934
CA-2018-140662,TS-21205,2018-11-17,US,West,United States,Corporate,Medium,1075.37,12,0.0,0.0,3,2,0,11,5,1,51.0,3,0.0,0.1,825,112.0,0.13581730769230768
CA-2018-145926,MP-17470,2018-11-17,US,Central,United States,Home Office,Medium,479.90000000000003,5,0.0,0.0,1,1,0,11,5,1,166.0,2,0.0,0.1111111111111111,826,112.0,0.13565426170468187
CA-2018-159835,RB-19330,2018-11-17,US,East,United States,Consumer,Medium,670.3779999999999,7,0.25,0.3,2,2,0,11,5,1,9999.0,0,0.0,0.14285714285714285,827,112.0,0.1354916067146283
CA-2018-104829,JG-15805,2018-11-18,US,West,United States,Corporate,Medium,21.98,7,0.0,0.0,1,1,1,11,6,1,42.0,2,0.0,0.1111111111111111,828,112.0,0.13532934131736526
CA-2018-115336,AB-10600,2018-11-18,US,Central,United States,Corporate,Medium,14.479999999999997,5,0.8,0.8,1,1,0,11,6,1,9999.0,0,0.0,0.14285714285714285,829,113.0,0.13636363636363635
CA-2018-124702,MH-17785,2018-11-18,US,West,United States,Corporate,Medium,867.74,6,0.0,0.0,2,1,0,11,6,1,49.0,2,0.0,0.1111111111111111,830,113.0,0.13620071684587814
CA-2018-133809,MS-17530,2018-11-18,US,East,United States,Consumer,Medium,21.396,10,0.55,0.7,2,2,0,11,6,1,14.0,1,0.0,0.125,831,113.0,0.1360381861575179
CA-2018-141173,JC-16105,2018-11-18,US,Central,United States,Corporate,Medium,67.15,5,0.0,0.0,1,1,0,11,6,1,9999.0,0,0.0,0.14285714285714285,832,113.0,0.13587604290822408
CA-2018-161032,MK-17905,2018-11-18,US,Central,United States,Corporate,Medium,392.93999999999994,3,0.0,0.0,1,1,0,11,6,1,9999.0,0,0.0,0.14285714285714285,833,113.0,0.1357142857142857
CA-2018-163468,JK-15730,2018-11-18,US,Central,United States,Consumer,Medium,1109.372,20,0.48,0.8,5,2,0,11,6,1,9999.0,0,0.0,0.14285714285714285,834,113.0,0.13555291319857313
CA-2018-164210,PW-19240,2018-11-18,US,West,United States,Consumer,Medium,181.78799999999998,6,0.35,0.5,2,2,0,11,6,1,9999.0,0,0.0,0.14285714285714285,835,113.0,0.13539192399049882
US-2018-159926,CS-11950,2018-11-18,US,East,United States,Consumer,Medium,730.0089999999999,14,0.44000000000000006,0.7,5,3,0,11,6,1,163.0,1,0.0,0.125,836,113.0,0.13523131672597866
CA-2018-100972,DB-13360,2018-11-19,US,West,United States,Home Office,Medium,166.44,3,0.0,0.0,1,1,0,11,0,0,9999.0,0,0.0,0.14285714285714285,837,113.0,0.13507109004739337
CA-2018-128062,AD-10180,2018-11-19,US,East,United States,Home Office,Medium,5.88,1,0.2,0.2,1,1,0,11,0,0,9999.0,0,0.0,0.14285714285714285,838,113.0,0.1349112426035503
CA-2018-144624,JM-15865,2018-11-19,US,East,United States,Consumer,Medium,4548.81,7,0.0,0.0,1,1,0,11,0,0,9999.0,0,0.0,0.14285714285714285,839,113.0,0.1347517730496454
CA-2018-150518,MW-18220,2018-11-19,US,Central,United States,Consumer,Medium,503.13,7,0.0,0.0,2,2,0,11,0,0,60.0,2,0.0,0.1111111111111111,840,113.0,0.1345926800472255
CA-2018-158274,RM-19675,2018-11-19,US,South,United States,Home Office,Medium,682.91,11,0.0,0.0,3,1,0,11,0,0,5.0,1,0.0,0.125,841,113.0,0.13443396226415094
US-2018-123183,GR-14560,2018-11-19,US,East,United States,Corporate,Medium,1271.4199999999998,21,0.0,0.0,4,2,0,11,0,0,9999.0,0,0.0,0.14285714285714285,842,113.0,0.13427561837455831
US-2018-149034,RD-19900,2018-11-19,US,East,United States,Consumer,Medium,47.496,1,0.2,0.2,1,1,0,11,0,0,9.0,2,0.0,0.1111111111111111,843,113.0,0.13411764705882354
CA-2018-140396,KH-16330,2018-11-20,US,East,United States,Corporate,Medium,907.5600000000001,16,0.05,0.2,4,2,0,11,1,0,199.0,2,0.0,0.1111111111111111,844,113.0,0.13396004700352526
CA-2018-102274,DH-13075,2018-11-21,US,South,United States,Corporate,Medium,865.4999999999999,13,0.0,0.0,4,2,0,11,2,0,9999.0,0,0.0,0.14285714285714285,845,113.0,0.13380281690140844
CA-2018-103401,GR-14560,2018-11-21,US,West,United States,Corporate,Medium,12.96,2,0.0,0.0,1,1,0,11,2,0,2.0,1,0.0,0.125,846,113.0,0.1336459554513482
CA-2018-154781,SC-20680,2018-11-21,US,West,United States,Home Office,Medium,101.57,3,0.0,0.0,2,2,0,11,2,0,9999.0,0,0.0,0.14285714285714285,847,113.0,0.13348946135831383
US-2018-168501,JK-15325,2018-11-21,US,Central,United States,Corporate,Medium,269.592,6,0.2,0.2,2,2,0,11,2,0,9999.0,0,0.0,0.14285714285714285,848,113.0,0.13333333333333333
CA-2018-105340,EH-14185,2018-11-22,US,Central,United States,Consumer,Medium,6.927999999999998,1,0.8,0.8,1,1,0,11,3,0,28.0,3,2.0,0.3,849,113.0,0.13317757009345793
CA-2018-125682,RB-19645,2018-11-22,US,South,United States,Corporate,Medium,9.96,2,0.0,0.0,1,1,0,11,3,0,90.0,2,0.0,0.1111111111111111,850,113.0,0.13302217036172695
CA-2018-129091,RA-19885,2018-11-22,US,South,United States,Corporate,Medium,1022.61,13,0.0,0.0,4,1,0,11,3,0,228.0,1,0.0,0.125,851,113.0,0.13286713286713286
CA-2018-135090,SP-20920,2018-11-22,US,West,United States,Consumer,Medium,53.82000000000001,9,0.0,0.0,1,1,0,11,3,0,9999.0,0,0.0,0.14285714285714285,852,113.0,0.13271245634458673
US-2018-112200,TC-21475,2018-11-22,US,Central,United States,Home Office,Medium,9.979999999999997,5,0.8,0.8,1,1,0,11,3,0,9999.0,0,0.0,0.14285714285714285,853,113.0,0.1325581395348837
CA-2018-110352,ED-13885,2018-11-23,US,Central,United States,Home Office,Medium,23.680000000000003,2,0.2,0.2,1,1,0,11,4,0,106.0,1,0.0,0.125,854,113.0,0.13240418118466898
CA-2018-120544,SS-20140,2018-11-23,US,Central,United States,Corporate,Medium,46.087999999999994,12,0.5333333333333333,0.8,3,3,0,11,4,0,9999.0,0,0.0,0.14285714285714285,855,113.0,0.13225058004640372
CA-2018-139283,BT-11440,2018-11-23,US,Central,United States,Consumer,Medium,14.669999999999998,3,0.0,0.0,1,1,0,11,4,0,172.0,1,0.0,0.125,856,113.0,0.1320973348783314
CA-2018-149055,PB-19210,2018-11-23,US,East,United States,Corporate,Medium,62.80800000000001,3,0.2,0.2,1,1,0,11,4,0,9999.0,0,0.0,0.14285714285714285,857,113.0,0.13194444444444445
CA-2018-159625,SM-20005,2018-11-23,US,West,United States,Consumer,Medium,23.472,3,0.2,0.2,1,1,0,11,4,0,9999.0,0,0.0,0.14285714285714285,858,113.0,0.13179190751445086
US-2018-143721,DK-12835,2018-11-23,US,Central,United States,Corporate,Medium,155.37199999999999,2,0.3,0.3,1,1,0,11,4,0,242.0,1,0.0,0.125,859,113.0,0.13163972286374134
US-2018-157385,SC-20095,2018-11-23,US,West,United States,Consumer,Medium,1037.19,11,0.1,0.2,4,3,0,11,4,0,61.0,4,0.0,0.09090909090909091,860,113.0,0.1314878892733564
CA-2018-100762,NG-18355,2018-11-24,US,Central,United States,Corporate,Medium,508.62,11,0.0,0.0,4,1,1,11,5,1,9999.0,0,0.0,0.14285714285714285,861,113.0,0.1313364055299539
CA-2018-100762,NG-18355,2018-11-24,US,Central,United States,Corporate,Medium,508.62,11,0.0,0.0,4,1,1,11,5,1,0.0,1,1.0,0.25,862,114.0,0.1323360184119678
CA-2018-100762,NG-18355,2018-11-24,US,Central,United States,Corporate,Medium,508.62,11,0.0,0.0,4,1,1,11,5,1,0.0,2,2.0,0.3333333333333333,863,115.0,0.13333333333333333
CA-2018-100762,NG-18355,2018-11-24,US,Central,United States,Corporate,Medium,508.62,11,0.0,0.0,4,1,1,11,5,1,0.0,3,3.0,0.4,864,116.0,0.13432835820895522
CA-2018-102295,EH-13990,2018-11-24,US,West,United States,Consumer,Medium,120.71199999999999,1,0.2,0.2,1,1,0,11,5,1,185.0,2,0.0,0.1111111111111111,865,117.0,0.1353211009174312
CA-2018-105984,MY-18295,2018-11-24,US,East,United States,Corporate,Medium,1661.028,8,0.35,0.4,2,2,0,11,5,1,210.0,1,0.0,0.125,866,117.0,0.13516609392898052
CA-2018-111360,AT-10435,2018-11-24,US,East,United States,Home Office,Medium,5.742000000000001,3,0.7,0.7,1,1,0,11,5,1,9999.0,0,0.0,0.14285714285714285,867,117.0,0.13501144164759726
CA-2018-115973,NG-18430,2018-11-24,US,East,United States,Consumer,Medium,2.624,1,0.2,0.2,1,1,0,11,5,1,9999.0,0,0.0,0.14285714285714285,868,117.0,0.13485714285714287
CA-2018-122217,HP-14815,2018-11-24,US,South,United States,Home Office,Medium,111.15,5,0.0,0.0,1,1,0,11,5,1,202.0,1,0.0,0.125,869,117.0,0.13470319634703196
CA-2018-127131,HR-14830,2018-11-24,US,West,United States,Corporate,Medium,721.476,19,0.05,0.2,4,1,1,11,5,1,9999.0,0,0.0,0.14285714285714285,870,117.0,0.1345496009122007
CA-2018-127131,HR-14830,2018-11-24,US,West,United States,Corporate,Medium,721.476,19,0.05,0.2,4,1,1,11,5,1,0.0,1,1.0,0.25,871,118.0,0.13553530751708429
CA-2018-127131,HR-14830,2018-11-24,US,West,United States,Corporate,Medium,721.476,19,0.05,0.2,4,1,1,11,5,1,0.0,2,2.0,0.3333333333333333,872,119.0,0.13651877133105803
CA-2018-127131,HR-14830,2018-11-24,US,West,United States,Corporate,Medium,721.476,19,0.05,0.2,4,1,1,11,5,1,0.0,3,3.0,0.4,873,120.0,0.1375
CA-2018-153850,TH-21100,2018-11-24,US,East,United States,Consumer,Medium,1537.5439999999999,11,0.30000000000000004,0.4,2,2,0,11,5,1,58.0,1,0.0,0.125,874,121.0,0.13847900113507378
CA-2018-158540,VG-21790,2018-11-24,US,West,United States,Consumer,Medium,151.72,4,0.0,0.0,1,1,0,11,5,1,108.0,1,0.0,0.125,875,121.0,0.1383219954648526
CA-2018-163034,DK-12985,2018-11-24,US,Central,United States,Consumer,Medium,646.2,5,0.2,0.2,1,1,0,11,5,1,9999.0,0,0.0,0.14285714285714285,876,121.0,0.13816534541336353
CA-2018-167360,RB-19435,2018-11-24,US,Central,United States,Consumer,Medium,111.79,7,0.0,0.0,1,1,0,11,5,1,45.0,3,2.0,0.3,877,121.0,0.13800904977375567
CA-2018-119151,MP-18175,2018-11-25,US,East,United States,Home Office,Medium,1393.872,7,0.1,0.2,2,2,0,11,6,1,242.0,1,0.0,0.125,878,121.0,0.13785310734463277
CA-2018-122588,AR-10540,2018-11-25,US,East,United States,Consumer,Medium,52.96,2,0.0,0.0,1,1,0,11,6,1,9999.0,0,0.0,0.14285714285714285,879,121.0,0.13769751693002258
CA-2018-127446,MC-17590,2018-11-25,US,Central,United States,Corporate,Medium,1273.6229999999996,17,0.2833333333333333,0.6,6,3,0,11,6,1,189.0,1,0.0,0.125,880,121.0,0.1375422773393461
CA-2018-164721,LW-16825,2018-11-25,US,West,United States,Corporate,Medium,371.52,13,0.0,0.0,3,2,1,11,6,1,147.0,3,2.0,0.3,881,121.0,0.1373873873873874
CA-2018-164721,LW-16825,2018-11-25,US,West,United States,Corporate,Medium,371.52,13,0.0,0.0,3,2,1,11,6,1,0.0,4,3.0,0.36363636363636365,882,122.0,0.13835770528683913
CA-2018-164721,LW-16825,2018-11-25,US,West,United States,Corporate,Medium,371.52,13,0.0,0.0,3,2,1,11,6,1,0.0,5,4.0,0.4166666666666667,883,123.0,0.1393258426966292
US-2018-107993,SE-20110,2018-11-25,US,West,United States,Consumer,Medium,51.016000000000005,7,0.2,0.2,1,1,0,11,6,1,64.0,2,0.0,0.1111111111111111,884,124.0,0.14029180695847362
US-2018-144078,RB-19435,2018-11-25,US,West,United States,Consumer,Medium,1272.704,12,0.13333333333333333,0.2,3,3,0,11,6,1,1.0,4,2.0,0.2727272727272727,885,124.0,0.14013452914798205
CA-2018-124730,LS-17245,2018-11-26,US,East,United States,Consumer,Medium,414.63,24,0.08,0.2,5,2,0,11,0,0,41.0,1,0.0,0.125,886,124.0,0.13997760358342665
CA-2018-141110,LS-17200,2018-11-26,US,West,United States,Corporate,Medium,67.112,9,0.1,0.2,4,1,0,11,0,0,39.0,1,0.0,0.125,887,124.0,0.13982102908277405
CA-2018-168984,NW-18400,2018-11-26,US,West,United States,Consumer,Medium,1122.968,12,0.20000000000000004,0.2,3,2,0,11,0,0,158.0,1,0.0,0.125,888,124.0,0.13966480446927373
US-2018-147606,JE-15745,2018-11-26,US,Central,United States,Consumer,Medium,19.3,5,0.6,0.6,1,1,0,11,0,0,157.0,1,0.0,0.125,889,124.0,0.13950892857142858
US-2018-147648,LS-16975,2018-11-26,US,West,United States,Home Office,Medium,81.98,2,0.0,0.0,1,1,0,11,0,0,37.0,1,0.0,0.125,890,124.0,0.13935340022296544
CA-2018-119032,MS-17770,2018-11-27,US,East,United States,Consumer,Medium,3.76,2,0.0,0.0,1,1,0,11,1,0,24.0,3,0.0,0.1,891,124.0,0.13919821826280623
CA-2018-167486,JO-15145,2018-11-27,US,East,United States,Corporate,Medium,199.89999999999998,5,0.0,0.0,1,1,0,11,1,0,26.0,3,0.0,0.1,892,124.0,0.13904338153503892
CA-2018-101560,CS-12250,2018-11-28,US,South,United States,Corporate,Medium,542.3399999999999,19,0.0,0.0,4,2,0,11,2,0,294.0,2,0.0,0.1111111111111111,893,124.0,0.1388888888888889
CA-2018-105249,DH-13675,2018-11-28,US,West,United States,Home Office,Medium,460.092,10,0.049999999999999996,0.15,3,2,0,11,2,0,108.0,1,0.0,0.125,894,124.0,0.13873473917869034
CA-2018-121167,MO-17500,2018-11-28,US,East,United States,Consumer,Medium,17.248,2,0.2,0.2,1,1,0,11,2,0,9999.0,0,0.0,0.14285714285714285,895,124.0,0.1385809312638581
CA-2018-121629,BT-11680,2018-11-28,US,Central,United States,Consumer,Medium,998.8499999999999,5,0.4,0.4,1,1,0,11,2,0,9999.0,0,0.0,0.14285714285714285,896,124.0,0.13842746400885936
CA-2018-159800,SG-20470,2018-11-28,US,West,United States,Consumer,Medium,183.60999999999999,10,0.0,0.0,2,2,0,11,2,0,125.0,1,0.0,0.125,897,124.0,0.13827433628318583
CA-2018-163013,BF-11080,2018-11-28,US,South,United States,Consumer,Medium,14.669999999999998,3,0.0,0.0,1,1,0,11,2,0,9999.0,0,0.0,0.14285714285714285,898,124.0,0.13812154696132597
US-2018-120175,MC-17635,2018-11-28,US,Central,United States,Corporate,Medium,64.02,6,0.0,0.0,1,1,0,11,2,0,9999.0,0,0.0,0.14285714285714285,899,124.0,0.13796909492273732
CA-2018-136280,Co-12640,2018-11-29,US,East,United States,Consumer,Medium,5.04,2,0.2,0.2,1,1,0,11,3,0,162.0,1,0.0,0.125,900,124.0,0.1378169790518192
CA-2018-153983,AH-10210,2018-11-29,US,West,United States,Consumer,Medium,606.3199999999999,7,0.1,0.2,2,2,0,11,3,0,9999.0,0,0.0,0.14285714285714285,901,124.0,0.13766519823788545
US-2018-111353,PB-19150,2018-11-29,US,East,United States,Consumer,Medium,25.06,2,0.0,0.0,1,1,0,11,3,0,138.0,1,0.0,0.125,902,124.0,0.13751375137513752
US-2018-134712,BS-11380,2018-11-29,US,Central,United States,Corporate,Medium,12.624,2,0.2,0.2,1,1,0,11,3,0,9999.0,0,0.0,0.14285714285714285,903,124.0,0.13736263736263737
CA-2018-103590,JL-15505,2018-11-30,US,East,United States,Consumer,Medium,62.28,4,0.0,0.0,1,1,0,11,4,0,16.0,1,0.0,0.125,904,124.0,0.13721185510428102
CA-2018-146843,PB-19150,2018-11-30,US,West,United States,Consumer,Medium,150.23200000000003,11,0.2,0.2,2,2,0,11,4,0,1.0,2,0.0,0.1111111111111111,905,124.0,0.13706140350877194
CA-2018-148425,RF-19345,2018-11-30,US,South,United States,Corporate,Medium,6.642000000000001,9,0.7,0.7,1,1,0,11,4,0,75.0,2,0.0,0.1111111111111111,906,124.0,0.13691128148959475
CA-2018-120474,RP-19390,2018-12-01,US,Central,United States,Consumer,Medium,2854.48,12,0.0,0.0,2,2,0,12,5,1,28.0,10,8.0,0.5294117647058824,907,124.0,0.13676148796498905
CA-2018-131051,TR-21325,2018-12-01,US,West,United States,Consumer,Medium,58.199999999999996,3,0.0,0.0,1,1,0,12,5,1,9999.0,0,0.0,0.14285714285714285,908,124.0,0.1366120218579235
CA-2018-131527,TB-21280,2018-12-01,US,South,United States,Consumer,Medium,95.968,4,0.2,0.2,1,1,0,12,5,1,162.0,2,0.0,0.1111111111111111,909,124.0,0.13646288209606988
CA-2018-143210,AA-10645,2018-12-01,US,East,United States,Consumer,Medium,327.55999999999995,7,0.0,0.0,3,2,0,12,5,1,162.0,1,0.0,0.125,910,124.0,0.13631406761177753
CA-2018-150798,JK-15730,2018-12-01,US,East,United States,Consumer,Medium,1614.1239999999998,17,0.275,0.4,4,3,0,12,5,1,13.0,1,0.0,0.125,911,124.0,0.13616557734204793
US-2018-161613,MC-17605,2018-12-01,US,Central,United States,Corporate,Medium,674.058,3,0.3,0.3,1,1,0,12,5,1,257.0,1,0.0,0.125,912,124.0,0.13601741022850924
CA-2018-101147,MC-17575,2018-12-02,US,Central,United States,Consumer,Medium,2.3939999999999997,1,0.8,0.8,1,1,0,12,6,1,9999.0,0,0.0,0.14285714285714285,913,124.0,0.1358695652173913
CA-2018-103807,EM-13825,2018-12-02,US,South,United States,Corporate,Medium,21.19,4,0.0,0.0,2,2,0,12,6,1,9999.0,0,0.0,0.14285714285714285,914,124.0,0.13572204125950055
CA-2018-112158,DP-13165,2018-12-02,US,East,United States,Consumer,Medium,1050.6,17,0.13333333333333333,0.2,3,3,0,12,6,1,9999.0,0,0.0,0.14285714285714285,915,124.0,0.13557483731019523
CA-2018-132864,KN-16390,2018-12-02,US,East,United States,Corporate,Medium,119.80000000000001,5,0.2,0.2,1,1,0,12,6,1,9999.0,0,0.0,0.14285714285714285,916,124.0,0.13542795232936078
CA-2018-154095,ON-18715,2018-12-02,US,East,United States,Corporate,Medium,463.04,20,0.0,0.0,4,2,0,12,6,1,28.0,2,0.0,0.1111111111111111,917,124.0,0.13528138528138528
US-2018-117744,MD-17860,2018-12-02,US,Central,United States,Corporate,Medium,114.784,17,0.4666666666666666,0.6,3,2,0,12,6,1,9999.0,0,0.0,0.14285714285714285,918,124.0,0.13513513513513514
CA-2018-122749,NG-18430,2018-12-03,US,Central,United States,Consumer,Medium,479.96,4,0.0,0.0,1,1,0,12,0,0,9.0,1,0.0,0.125,919,124.0,0.13498920086393087
CA-2018-164861,MC-17635,2018-12-03,US,Central,United States,Corporate,Medium,25.92,4,0.0,0.0,1,1,1,12,0,0,5.0,1,0.0,0.125,920,124.0,0.1348435814455232
CA-2018-127187,CP-12085,2018-12-04,US,East,United States,Corporate,Medium,129.98,2,0.0,0.0,1,1,0,12,1,0,9999.0,0,0.0,0.14285714285714285,921,125.0,0.13577586206896552
CA-2018-106376,BS-11590,2018-12-05,US,West,United States,Corporate,Medium,1280.9920000000002,12,0.2,0.2,2,2,0,12,2,0,102.0,2,0.0,0.1111111111111111,922,125.0,0.1356297093649085
CA-2018-125542,NB-18655,2018-12-05,US,East,United States,Corporate,Medium,521.2239999999999,11,0.2,0.2,2,1,0,12,2,0,9999.0,0,0.0,0.14285714285714285,923,125.0,0.13548387096774195
CA-2018-133830,RL-19615,2018-12-05,US,West,United States,Consumer,Medium,90.58,16,0.0,0.0,3,1,0,12,2,0,9999.0,0,0.0,0.14285714285714285,924,125.0,0.13533834586466165
CA-2018-138296,RC-19825,2018-12-05,US,South,United States,Consumer,Medium,24.56,2,0.0,0.0,1,1,0,12,2,0,9999.0,0,0.0,0.14285714285714285,925,125.0,0.1351931330472103
CA-2018-150203,JB-15925,2018-12-05,US,West,United States,Consumer,Medium,250.26,6,0.0,0.0,1,1,0,12,2,0,9999.0,0,0.0,0.14285714285714285,926,125.0,0.13504823151125403
CA-2018-151162,EA-14035,2018-12-05,US,East,United States,Corporate,Medium,362.466,13,0.38,0.7,5,2,1,12,2,0,34.0,2,0.0,0.1111111111111111,927,125.0,0.1349036402569593
CA-2018-151162,EA-14035,2018-12-05,US,East,United States,Corporate,Medium,362.466,13,0.38,0.7,5,2,1,12,2,0,0.0,3,1.0,0.2,928,126.0,0.1358288770053476
CA-2018-151162,EA-14035,2018-12-05,US,East,United States,Corporate,Medium,362.466,13,0.38,0.7,5,2,1,12,2,0,0.0,4,2.0,0.2727272727272727,929,127.0,0.13675213675213677
CA-2018-151162,EA-14035,2018-12-05,US,East,United States,Corporate,Medium,362.466,13,0.38,0.7,5,2,1,12,2,0,0.0,5,3.0,0.3333333333333333,930,128.0,0.1376734258271078
CA-2018-151162,EA-14035,2018-12-05,US,East,United States,Corporate,Medium,362.466,13,0.38,0.7,5,2,1,12,2,0,0.0,6,4.0,0.38461538461538464,931,129.0,0.13859275053304904
CA-2018-166191,DK-13150,2018-12-05,US,Central,United States,Corporate,Medium,433.55999999999995,9,0.2,0.2,2,2,0,12,2,0,9999.0,0,0.0,0.14285714285714285,932,130.0,0.1395101171458999
CA-2018-106726,RS-19765,2018-12-06,US,West,United States,Corporate,Medium,1261.33,7,0.0,0.0,1,1,0,12,3,0,243.0,1,0.0,0.125,933,130.0,0.13936170212765958
CA-2018-110030,LF-17185,2018-12-06,US,Central,United States,Consumer,Medium,23.976000000000003,3,0.6,0.6,1,1,0,12,3,0,133.0,6,6.0,0.5384615384615384,934,130.0,0.1392136025504782
CA-2018-155390,BG-11035,2018-12-06,US,South,United States,Consumer,Medium,42.208,2,0.2,0.2,1,1,0,12,3,0,31.0,1,0.0,0.125,935,130.0,0.13906581740976645
US-2018-112872,RC-19960,2018-12-06,US,West,United States,Consumer,Medium,328.914,4,0.35,0.5,2,2,0,12,3,0,103.0,1,0.0,0.125,936,130.0,0.13891834570519618
US-2018-140452,BK-11260,2018-12-06,US,Central,United States,Consumer,Medium,314.55,20,0.5166666666666667,0.8,6,3,1,12,3,0,125.0,1,0.0,0.125,937,130.0,0.13877118644067796
US-2018-140452,BK-11260,2018-12-06,US,Central,United States,Consumer,Medium,314.55,20,0.5166666666666667,0.8,6,3,1,12,3,0,0.0,2,1.0,0.2222222222222222,938,131.0,0.13968253968253969
US-2018-140452,BK-11260,2018-12-06,US,Central,United States,Consumer,Medium,314.55,20,0.5166666666666667,0.8,6,3,1,12,3,0,0.0,3,2.0,0.3,939,132.0,0.14059196617336153
US-2018-140452,BK-11260,2018-12-06,US,Central,United States,Consumer,Medium,314.55,20,0.5166666666666667,0.8,6,3,1,12,3,0,0.0,4,3.0,0.36363636363636365,940,133.0,0.14149947201689547
US-2018-140452,BK-11260,2018-12-06,US,Central,United States,Consumer,Medium,314.55,20,0.5166666666666667,0.8,6,3,1,12,3,0,0.0,5,4.0,0.4166666666666667,941,134.0,0.14240506329113925
US-2018-140452,BK-11260,2018-12-06,US,Central,United States,Consumer,Medium,314.55,20,0.5166666666666667,0.8,6,3,1,12,3,0,0.0,6,5.0,0.46153846153846156,942,135.0,0.14330874604847207
CA-2018-101392,AS-10630,2018-12-07,US,West,United States,Home Office,Medium,269.35999999999996,7,0.0,0.0,1,1,0,12,4,0,128.0,1,0.0,0.125,943,136.0,0.14421052631578948
CA-2018-138737,FP-14320,2018-12-07,US,West,United States,Consumer,Medium,8.64,3,0.0,0.0,1,1,0,12,4,0,9999.0,0,0.0,0.14285714285714285,944,136.0,0.1440588853838065
CA-2018-154592,EH-14005,2018-12-07,US,West,United States,Home Office,Medium,164.88,3,0.0,0.0,1,1,0,12,4,0,208.0,1,0.0,0.125,945,136.0,0.14390756302521007
CA-2018-159681,PO-18850,2018-12-07,US,South,United States,Consumer,Medium,105.52,4,0.0,0.0,1,1,0,12,4,0,35.0,1,0.0,0.125,946,136.0,0.14375655823714587
CA-2018-104773,TB-21175,2018-12-08,US,Central,United States,Corporate,Medium,60.416,2,0.2,0.2,1,1,0,12,5,1,9999.0,0,0.0,0.14285714285714285,947,136.0,0.14360587002096437
CA-2018-129364,TB-21250,2018-12-08,US,West,United States,Consumer,Medium,265.784,39,0.2625,0.7,8,2,0,12,5,1,9999.0,0,0.0,0.14285714285714285,948,136.0,0.14345549738219895
CA-2018-135608,JK-15625,2018-12-08,US,West,United States,Consumer,Medium,649.5999999999999,7,0.1,0.2,2,2,0,12,5,1,111.0,3,0.0,0.1,949,136.0,0.14330543933054393
CA-2018-144071,DJ-13420,2018-12-08,US,West,United States,Corporate,Medium,119.32,5,0.0,0.0,2,1,0,12,5,1,9999.0,0,0.0,0.14285714285714285,950,136.0,0.14315569487983282
CA-2018-101175,DM-12955,2018-12-09,US,West,United States,Corporate,Medium,100.70400000000001,6,0.2,0.2,1,1,0,12,6,1,70.0,1,0.0,0.125,951,136.0,0.1430062630480167
CA-2018-104976,CK-12760,2018-12-09,US,West,United States,Corporate,Medium,34.68,6,0.0,0.0,1,1,0,12,6,1,305.0,1,0.0,0.125,952,136.0,0.14285714285714285
CA-2018-109932,VP-21760,2018-12-09,US,Central,United States,Corporate,Medium,247.78400000000002,5,0.2,0.2,2,1,0,12,6,1,64.0,2,0.0,0.1111111111111111,953,136.0,0.14270833333333333
CA-2018-138128,FP-14320,2018-12-09,US,East,United States,Consumer,Medium,1110.648,7,0.30000000000000004,0.4,2,2,0,12,6,1,2.0,1,0.0,0.125,954,136.0,0.1425598335067638
CA-2018-169649,TS-21205,2018-12-09,US,Central,United States,Corporate,Medium,28.835999999999995,4,0.5,0.8,2,1,0,12,6,1,22.0,4,0.0,0.09090909090909091,955,136.0,0.14241164241164242
CA-2018-148488,SM-20005,2018-12-10,US,East,United States,Consumer,Medium,117.704,9,0.1,0.2,2,1,0,12,0,0,17.0,1,0.0,0.125,956,136.0,0.142263759086189
US-2018-112991,SH-19975,2018-12-10,US,West,United States,Corporate,Medium,455.63199999999995,11,0.06666666666666667,0.2,3,2,0,12,0,0,9999.0,0,0.0,0.14285714285714285,957,136.0,0.1421161825726141
CA-2018-107573,PB-19150,2018-12-12,US,South,United States,Consumer,Medium,23.472,3,0.2,0.2,1,1,0,12,2,0,12.0,3,0.0,0.1,958,136.0,0.14196891191709846
CA-2018-113320,LH-17155,2018-12-12,US,West,United States,Consumer,Medium,30.72,9,0.0,0.0,3,2,0,12,2,0,9999.0,0,0.0,0.14285714285714285,959,136.0,0.14182194616977226
CA-2018-141607,WB-21850,2018-12-12,US,West,United States,Consumer,Medium,43.31,1,0.0,0.0,1,1,0,12,2,0,38.0,1,0.0,0.125,960,136.0,0.14167528438469493
CA-2018-168494,NP-18700,2018-12-12,US,West,United States,Consumer,Medium,4630.5105,21,0.18333333333333335,0.2,3,1,0,12,2,0,98.0,1,0.0,0.125,961,136.0,0.1415289256198347
US-2018-122959,CY-12745,2018-12-12,US,Central,United States,Corporate,Medium,210.39199999999997,2,0.8,0.8,1,1,0,12,2,0,9999.0,0,0.0,0.14285714285714285,962,136.0,0.14138286893704852
CA-2018-113579,KD-16345,2018-12-13,US,West,United States,Consumer,Medium,90.24,6,0.0,0.0,1,1,0,12,3,0,102.0,1,0.0,0.125,963,136.0,0.14123711340206185
CA-2018-124079,RF-19345,2018-12-13,US,West,United States,Corporate,Medium,93.174,5,0.44999999999999996,0.7,2,2,0,12,3,0,13.0,3,0.0,0.1,964,136.0,0.141091658084449
CA-2018-129819,KC-16675,2018-12-13,US,South,United States,Corporate,Medium,12.39,3,0.0,0.0,1,1,0,12,3,0,9999.0,0,0.0,0.14285714285714285,965,136.0,0.14094650205761317
CA-2018-154186,RA-19285,2018-12-13,US,Central,United States,Consumer,Medium,2.92,1,0.2,0.2,1,1,0,12,3,0,9999.0,0,0.0,0.14285714285714285,966,136.0,0.1408016443987667
US-2018-102631,EB-13840,2018-12-13,US,Central,United States,Corporate,Medium,94.428,3,0.6,0.6,1,1,0,12,3,0,197.0,1,0.0,0.125,967,136.0,0.1406570841889117
CA-2018-116568,BM-11785,2018-12-14,US,South,United States,Consumer,Medium,186.304,4,0.2,0.2,1,1,0,12,4,0,103.0,2,0.0,0.1111111111111111,968,136.0,0.14051282051282052
CA-2018-130575,CS-11845,2018-12-14,US,Central,United States,Corporate,Medium,9.263999999999998,3,0.8,0.8,1,1,0,12,4,0,9999.0,0,0.0,0.14285714285714285,969,136.0,0.1403688524590164
CA-2018-145541,TB-21400,2018-12-14,US,East,United States,Consumer,Medium,6999.96,4,0.0,0.0,1,1,0,12,4,0,98.0,3,0.0,0.1,970,136.0,0.14022517911975435
CA-2018-148950,JD-16015,2018-12-14,US,Central,United States,Consumer,Medium,43.016000000000005,9,0.4000000000000001,0.8,3,2,1,12,4,0,69.0,2,0.0,0.1111111111111111,971,136.0,0.14008179959100203
CA-2018-148950,JD-16015,2018-12-14,US,Central,United States,Consumer,Medium,43.016000000000005,9,0.4000000000000001,0.8,3,2,1,12,4,0,0.0,3,1.0,0.2,972,137.0,0.14096016343207354
CA-2018-148950,JD-16015,2018-12-14,US,Central,United States,Consumer,Medium,43.016000000000005,9,0.4000000000000001,0.8,3,2,1,12,4,0,0.0,4,2.0,0.2727272727272727,973,138.0,0.14183673469387756
US-2018-123519,SS-20875,2018-12-14,US,East,United States,Consumer,Medium,403.114,3,0.26666666666666666,0.4,3,3,0,12,4,0,9999.0,0,0.0,0.14285714285714285,974,139.0,0.14271151885830785
CA-2018-101602,MC-18100,2018-12-15,US,Central,United States,Consumer,Medium,803.9599999999999,8,0.25,0.3,2,2,0,12,5,1,180.0,1,0.0,0.125,975,139.0,0.1425661914460285
CA-2018-116673,JO-15280,2018-12-15,US,West,United States,Consumer,Medium,6.16,2,0.0,0.0,1,1,0,12,5,1,259.0,1,0.0,0.125,976,139.0,0.14242115971515767
CA-2018-119466,SP-20860,2018-12-15,US,Central,United States,Corporate,Medium,8.544,2,0.6,0.6,1,1,0,12,5,1,9999.0,0,0.0,0.14285714285714285,977,139.0,0.14227642276422764
CA-2018-129938,EB-13705,2018-12-15,US,East,United States,Corporate,Medium,445.802,7,0.3,0.3,1,1,0,12,5,1,160.0,1,0.0,0.125,978,139.0,0.14213197969543148
CA-2018-100706,LE-16810,2018-12-16,US,South,United States,Consumer,Medium,129.44,8,0.0,0.0,2,2,0,12,6,1,203.0,1,0.0,0.125,979,139.0,0.14198782961460446
CA-2018-108273,EJ-13720,2018-12-16,US,Central,United States,Consumer,Medium,92.85600000000001,9,0.4,0.6,2,2,0,12,6,1,323.0,1,0.0,0.125,980,139.0,0.14184397163120568
CA-2018-112718,KN-16450,2018-12-16,US,South,United States,Corporate,Medium,1.1670000000000003,1,0.7,0.7,1,1,0,12,6,1,248.0,1,0.0,0.125,981,139.0,0.1417004048582996
CA-2018-113257,SC-20305,2018-12-16,US,Central,United States,Consumer,Medium,328.59200000000004,11,0.4,0.6,2,2,0,12,6,1,9999.0,0,0.0,0.14285714285714285,982,139.0,0.14155712841253792
CA-2018-124247,SH-20635,2018-12-16,US,West,United States,Corporate,Medium,1403.9200000000003,5,0.2,0.2,1,1,0,12,6,1,9999.0,0,0.0,0.14285714285714285,983,139.0,0.1414141414141414
CA-2018-136399,CC-12100,2018-12-16,US,West,United States,Home Office,Medium,1308.1960000000001,13,0.1,0.2,4,2,0,12,6,1,9999.0,0,0.0,0.14285714285714285,984,139.0,0.14127144298688193
CA-2018-151379,SC-20695,2018-12-16,US,Central,United States,Corporate,Medium,114.2,5,0.0,0.0,1,1,0,12,6,1,9999.0,0,0.0,0.14285714285714285,985,139.0,0.14112903225806453
CA-2018-153913,KB-16585,2018-12-16,US,South,United States,Corporate,Medium,1015.8160000000001,11,0.2,0.2,2,2,0,12,6,1,121.0,2,0.0,0.1111111111111111,986,139.0,0.14098690835850958
CA-2018-123925,RF-19840,2018-12-17,US,South,United States,Consumer,Medium,40.05,3,0.0,0.0,1,1,0,12,0,0,35.0,1,0.0,0.125,987,139.0,0.14084507042253522
CA-2018-139633,EC-14050,2018-12-17,US,East,United States,Consumer,Medium,5.484000000000001,4,0.7,0.7,1,1,0,12,0,0,9999.0,0,0.0,0.14285714285714285,988,139.0,0.1407035175879397
CA-2018-120768,IM-15070,2018-12-19,US,South,United States,Consumer,Medium,1979.89,21,0.0,0.0,3,2,0,12,2,0,9999.0,0,0.0,0.14285714285714285,989,139.0,0.14056224899598393
CA-2018-162992,BP-11095,2018-12-19,US,West,United States,Corporate,Medium,832.1379999999999,16,0.1,0.2,4,2,0,12,2,0,42.0,3,0.0,0.1,990,139.0,0.14042126379137412
CA-2018-169446,SG-20605,2018-12-19,US,Central,United States,Consumer,Medium,372.12000000000006,9,0.20000000000000004,0.2,3,2,0,12,2,0,46.0,2,0.0,0.1111111111111111,991,139.0,0.1402805611222445
US-2018-150574,MK-18160,2018-12-19,US,South,United States,Consumer,Medium,252.61200000000002,7,0.44999999999999996,0.7,2,2,1,12,2,0,9999.0,0,0.0,0.14285714285714285,992,139.0,0.14014014014014015
US-2018-150574,MK-18160,2018-12-19,US,South,United States,Consumer,Medium,252.61200000000002,7,0.44999999999999996,0.7,2,2,1,12,2,0,0.0,1,1.0,0.25,993,140.0,0.141
CA-2018-103100,AB-10105,2018-12-20,US,Central,United States,Consumer,Medium,1107.66,4,0.0,0.0,2,1,0,12,3,0,9999.0,0,0.0,0.14285714285714285,994,141.0,0.14185814185814186
CA-2018-120852,WB-21850,2018-12-20,US,Central,United States,Consumer,Medium,84.87199999999999,7,0.5,0.8,2,2,0,12,3,0,8.0,2,0.0,0.1111111111111111,995,141.0,0.14171656686626746
CA-2018-134551,TS-21505,2018-12-20,US,South,United States,Consumer,Medium,732.312,15,0.20000000000000004,0.2,3,2,0,12,3,0,9999.0,0,0.0,0.14285714285714285,996,141.0,0.1415752741774676
CA-2018-136567,PS-19045,2018-12-20,US,South,United States,Home Office,Medium,2884.37,14,0.0,0.0,4,2,0,12,3,0,9999.0,0,0.0,0.14285714285714285,997,141.0,0.14143426294820718
CA-2018-138681,CT-11995,2018-12-20,US,West,United States,Consumer,Medium,596.664,15,0.2,0.2,5,3,0,12,3,0,227.0,1,0.0,0.125,998,141.0,0.14129353233830846
CA-2018-140816,TC-21295,2018-12-20,US,West,United States,Consumer,Medium,447.94399999999996,7,0.2,0.2,1,1,1,12,3,0,67.0,1,0.0,0.125,999,141.0,0.1411530815109344
CA-2018-156594,MC-17845,2018-12-20,US,West,United States,Consumer,Medium,694.534,10,0.1,0.2,4,1,0,12,3,0,168.0,1,0.0,0.125,1000,142.0,0.1420059582919563
CA-2018-160157,MH-17455,2018-12-20,US,East,United States,Consumer,Medium,190.848,3,0.2,0.2,1,1,0,12,3,0,162.0,1,0.0,0.125,1001,142.0,0.14186507936507936
CA-2018-163412,SM-20950,2018-12-20,US,East,United States,Corporate,Medium,192.18600000000004,3,0.1,0.1,1,1,0,12,3,0,49.0,2,0.0,0.1111111111111111,1002,142.0,0.14172447968285432
US-2018-109036,KH-16510,2018-12-20,US,West,United States,Consumer,Medium,31.049999999999997,3,0.0,0.0,1,1,0,12,3,0,76.0,2,0.0,0.1111111111111111,1003,142.0,0.14158415841584157
CA-2018-109127,JC-15775,2018-12-21,US,East,United States,Consumer,Medium,17.28,6,0.0,0.0,1,1,0,12,4,0,98.0,1,0.0,0.125,1004,142.0,0.1414441147378833
CA-2018-134621,DP-13390,2018-12-21,US,South,United States,Home Office,Medium,18.240000000000002,2,0.7,0.7,1,1,0,12,4,0,104.0,2,0.0,0.1111111111111111,1005,142.0,0.14130434782608695
CA-2018-154893,GM-14440,2018-12-21,US,West,United States,Consumer,Medium,1897.92,9,0.2,0.2,2,1,0,12,4,0,275.0,1,0.0,0.125,1006,142.0,0.14116485686080948
CA-2018-101364,TW-21025,2018-12-22,US,East,United States,Home Office,Medium,296.71200000000005,13,0.2,0.2,1,1,0,12,5,1,9999.0,0,0.0,0.14285714285714285,1007,142.0,0.14102564102564102
CA-2018-133543,KM-16660,2018-12-22,US,West,United States,Consumer,Medium,11.76,4,0.0,0.0,1,1,0,12,5,1,9999.0,0,0.0,0.14285714285714285,1008,142.0,0.14088669950738916
CA-2018-142510,NP-18700,2018-12-22,US,Central,United States,Consumer,Medium,274.096,11,0.4000000000000001,0.8,3,1,0,12,5,1,10.0,2,0.0,0.1111111111111111,1009,142.0,0.140748031496063
CA-2018-146864,BT-11530,2018-12-22,US,East,United States,Home Office,Medium,216.4,4,0.0,0.0,1,1,0,12,5,1,215.0,1,0.0,0.125,1010,142.0,0.14060963618485742
CA-2018-114517,TH-21235,2018-12-23,US,East,United States,Corporate,Medium,109.83599999999998,5,0.2,0.4,2,2,0,12,6,1,49.0,1,0.0,0.125,1011,142.0,0.14047151277013753
CA-2018-126333,ME-18010,2018-12-23,US,Central,United States,Corporate,Medium,5.184000000000001,1,0.2,0.2,1,1,0,12,6,1,155.0,1,0.0,0.125,1012,142.0,0.14033366045142295
CA-2018-142314,SF-20200,2018-12-23,US,Central,United States,Consumer,Medium,207.24,11,0.0,0.0,1,1,0,12,6,1,9999.0,0,0.0,0.14285714285714285,1013,142.0,0.14019607843137255
CA-2018-154158,CC-12670,2018-12-23,US,South,United States,Consumer,Medium,619.8480000000001,12,0.2,0.2,5,2,0,12,6,1,9999.0,0,0.0,0.14285714285714285,1014,142.0,0.14005876591576885
CA-2018-113166,LF-17185,2018-12-24,US,South,United States,Consumer,Medium,9.568000000000001,2,0.2,0.2,1,1,0,12,0,0,18.0,7,6.0,0.5,1015,142.0,0.13992172211350293
CA-2018-132913,AS-10090,2018-12-24,US,West,United States,Consumer,Medium,13.97,1,0.0,0.0,1,1,0,12,0,0,93.0,1,0.0,0.125,1016,142.0,0.13978494623655913
CA-2018-156314,RP-19390,2018-12-24,US,East,United States,Consumer,Medium,30.36,5,0.2,0.2,1,1,0,12,0,0,23.0,11,8.0,0.5,1017,142.0,0.1396484375
US-2018-138247,BF-11170,2018-12-24,US,West,United States,Home Office,Medium,1461.172,17,0.06666666666666667,0.2,6,3,0,12,0,0,165.0,2,0.0,0.1111111111111111,1018,142.0,0.13951219512195123
US-2018-167738,JC-16105,2018-12-24,US,West,United States,Corporate,Medium,435.13200000000006,7,0.1,0.2,2,2,0,12,0,0,36.0,1,0.0,0.125,1019,142.0,0.13937621832358674
CA-2018-101427,AY-10555,2018-12-26,US,East,United States,Corporate,Medium,8.016,3,0.2,0.2,1,1,0,12,2,0,264.0,4,4.0,0.45454545454545453,1020,142.0,0.13924050632911392
CA-2018-106264,CK-12595,2018-12-26,US,West,United States,Consumer,Medium,15.39,5,0.0,0.0,2,2,0,12,2,0,9999.0,0,0.0,0.14285714285714285,1021,142.0,0.13910505836575876
CA-2018-111451,KL-16555,2018-12-26,US,West,United States,Corporate,Medium,855.272,22,0.3,0.7,5,2,0,12,2,0,194.0,1,0.0,0.125,1022,142.0,0.13896987366375121
CA-2018-139598,MG-17695,2018-12-26,US,East,United States,Consumer,Medium,361.60800000000006,11,0.2,0.2,4,1,0,12,2,0,9999.0,0,0.0,0.14285714285714285,1023,142.0,0.13883495145631067
CA-2018-168473,TB-21520,2018-12-26,US,East,United States,Consumer,Medium,191.88,6,0.0,0.0,1,1,0,12,2,0,66.0,2,0.0,0.1111111111111111,1024,142.0,0.13870029097963144
US-2018-111171,CA-12265,2018-12-26,US,Central,United States,Consumer,Medium,8.689999999999998,5,0.8,0.8,1,1,0,12,2,0,276.0,1,0.0,0.125,1025,142.0,0.1385658914728682
US-2018-152030,AD-10180,2018-12-26,US,Central,United States,Home Office,Medium,600.558,3,0.3,0.3,1,1,0,12,2,0,37.0,1,0.0,0.125,1026,142.0,0.13843175217812198
CA-2018-120243,AT-10435,2018-12-27,US,West,United States,Home Office,Medium,11.56,4,0.0,0.0,1,1,0,12,3,0,33.0,1,0.0,0.125,1027,142.0,0.13829787234042554
CA-2018-148383,RP-19390,2018-12-27,US,West,United States,Consumer,Medium,946.7640000000002,6,0.7,0.7,1,1,0,12,3,0,3.0,12,8.0,0.47368421052631576,1028,142.0,0.13816425120772946
CA-2018-153087,TC-20980,2018-12-27,US,South,United States,Corporate,Medium,521.92,9,0.0,0.0,2,2,0,12,3,0,50.0,2,2.0,0.3333333333333333,1029,142.0,0.13803088803088803
CA-2018-162866,Co-12640,2018-12-27,US,Central,United States,Consumer,Medium,62.96800000000001,10,0.4,0.6,2,2,0,12,3,0,28.0,2,0.0,0.1111111111111111,1030,142.0,0.13789778206364514
CA-2018-163447,TB-21190,2018-12-27,US,East,United States,Home Office,Medium,767.214,14,0.1,0.1,1,1,0,12,3,0,9999.0,0,0.0,0.14285714285714285,1031,142.0,0.13776493256262043
CA-2018-165393,NC-18415,2018-12-27,US,Central,United States,Consumer,Medium,4.983999999999999,1,0.8,0.8,1,1,0,12,3,0,238.0,1,0.0,0.125,1032,142.0,0.13763233878729547
CA-2018-166961,CD-12790,2018-12-27,US,West,United States,Home Office,Medium,107.34599999999999,10,0.05,0.2,4,1,0,12,3,0,328.0,1,0.0,0.125,1033,142.0,0.1375
US-2018-106334,JF-15490,2018-12-27,US,West,United States,Consumer,Medium,243.12000000000003,6,0.1,0.2,2,2,0,12,3,0,69.0,1,0.0,0.125,1034,142.0,0.1373679154658982
US-2018-159611,KB-16315,2018-12-27,US,East,United States,Consumer,Medium,300.51200000000006,5,0.2,0.2,2,2,0,12,3,0,123.0,1,0.0,0.125,1035,142.0,0.13723608445297505
CA-2018-141313,AJ-10780,2018-12-28,US,East,United States,Corporate,Medium,2583.1899999999996,15,0.0,0.0,3,1,0,12,4,0,58.0,2,1.0,0.2222222222222222,1036,142.0,0.137104506232023
CA-2018-143371,MD-17350,2018-12-28,US,West,United States,Consumer,Medium,1049.97,14,0.0,0.0,2,1,0,12,4,0,53.0,1,0.0,0.125,1037,142.0,0.13697318007662834
CA-2018-164259,SP-20860,2018-12-28,US,East,United States,Corporate,Medium,99.13600000000001,4,0.2,0.2,1,1,0,12,4,0,13.0,1,0.0,0.125,1038,142.0,0.1368421052631579
CA-2018-102330,AI-10855,2018-12-29,US,West,United States,Consumer,Medium,408.76800000000003,10,0.1,0.2,2,2,0,12,5,1,233.0,2,0.0,0.1111111111111111,1039,142.0,0.1367112810707457
CA-2018-106803,DC-13285,2018-12-29,US,Central,United States,Consumer,Medium,144.35999999999999,6,0.0,0.0,2,2,0,12,5,1,9999.0,0,0.0,0.14285714285714285,1040,142.0,0.13658070678127984
CA-2018-110786,AJ-10795,2018-12-29,US,West,United States,Corporate,Medium,1365.63,36,0.08571428571428573,0.2,7,3,1,12,5,1,229.0,1,0.0,0.125,1041,142.0,0.1364503816793893
CA-2018-110786,AJ-10795,2018-12-29,US,West,United States,Corporate,Medium,1365.63,36,0.08571428571428573,0.2,7,3,1,12,5,1,0.0,2,1.0,0.2222222222222222,1042,143.0,0.13727359389895138
CA-2018-110786,AJ-10795,2018-12-29,US,West,United States,Corporate,Medium,1365.63,36,0.08571428571428573,0.2,7,3,1,12,5,1,0.0,3,2.0,0.3,1043,144.0,0.1380952380952381
CA-2018-110786,AJ-10795,2018-12-29,US,West,United States,Corporate,Medium,1365.63,36,0.08571428571428573,0.2,7,3,1,12,5,1,0.0,4,3.0,0.36363636363636365,1044,145.0,0.13891531874405327
CA-2018-110786,AJ-10795,2018-12-29,US,West,United States,Corporate,Medium,1365.63,36,0.08571428571428573,0.2,7,3,1,12,5,1,0.0,5,4.0,0.4166666666666667,1045,146.0,0.1397338403041825
CA-2018-110786,AJ-10795,2018-12-29,US,West,United States,Corporate,Medium,1365.63,36,0.08571428571428573,0.2,7,3,1,12,5,1,0.0,6,5.0,0.46153846153846156,1046,147.0,0.14055080721747387
CA-2018-110786,AJ-10795,2018-12-29,US,West,United States,Corporate,Medium,1365.63,36,0.08571428571428573,0.2,7,3,1,12,5,1,0.0,7,6.0,0.5,1047,148.0,0.1413662239089184
CA-2018-118276,MG-17890,2018-12-29,US,Central,United States,Home Office,Medium,8.736,3,0.6,0.6,1,1,0,12,5,1,9999.0,0,0.0,0.14285714285714285,1048,149.0,0.14218009478672985
CA-2018-126802,ZC-21910,2018-12-29,US,Central,United States,Consumer,Medium,38.976,3,0.6,0.6,1,1,0,12,5,1,77.0,1,0.0,0.125,1049,149.0,0.14204545454545456
CA-2018-152345,ST-20530,2018-12-29,US,West,United States,Consumer,Medium,57.266000000000005,4,0.1,0.2,2,2,1,12,5,1,97.0,3,0.0,0.1,1050,149.0,0.14191106906338694
CA-2018-152345,ST-20530,2018-12-29,US,West,United States,Consumer,Medium,57.266000000000005,4,0.1,0.2,2,2,1,12,5,1,0.0,4,1.0,0.18181818181818182,1051,150.0,0.14272211720226843
CA-2018-165477,RE-19405,2018-12-29,US,East,United States,Consumer,Medium,48.36,5,0.2,0.2,1,1,0,12,5,1,9999.0,0,0.0,0.14285714285714285,1052,151.0,0.14353163361661944
CA-2018-104738,SP-20620,2018-12-30,US,Central,United States,Corporate,Medium,609.6140000000001,13,0.32,0.8,5,2,0,12,6,1,113.0,1,0.0,0.125,1053,151.0,0.14339622641509434
CA-2018-130960,KB-16600,2018-12-30,US,Central,United States,Corporate,Medium,9.84,3,0.0,0.0,1,1,0,12,6,1,9999.0,0,0.0,0.14285714285714285,1054,151.0,0.14326107445805844
CA-2018-131800,AJ-10960,2018-12-30,US,East,United States,Consumer,Medium,158.388,10,0.1,0.2,2,1,0,12,6,1,107.0,1,0.0,0.125,1055,151.0,0.1431261770244821
CA-2018-138072,GA-14725,2018-12-30,US,East,United States,Consumer,Medium,27.968000000000004,2,0.2,0.2,1,1,0,12,6,1,275.0,2,0.0,0.1111111111111111,1056,151.0,0.14299153339604892
CA-2018-166730,DD-13570,2018-12-30,US,South,United States,Consumer,Medium,39.128,1,0.2,0.2,1,1,0,12,6,1,274.0,1,0.0,0.125,1057,151.0,0.14285714285714285
US-2018-115189,AR-10345,2018-12-30,US,East,United States,Corporate,Medium,775.728,9,0.4,0.4,2,2,0,12,6,1,9999.0,0,0.0,0.14285714285714285,1058,151.0,0.14272300469483568
US-2018-169789,MF-17665,2018-12-30,US,West,United States,Corporate,Medium,551.9850000000001,5,0.7,0.7,1,1,0,12,6,1,9999.0,0,0.0,0.14285714285714285,1059,151.0,0.1425891181988743
CA-2018-111150,RW-19630,2018-12-31,US,Central,United States,Corporate,Medium,77.21000000000001,14,0.0,0.0,2,2,0,12,0,0,186.0,1,0.0,0.125,1060,151.0,0.14245548266166824
CA-2018-127383,CM-11815,2018-12-31,US,Central,United States,Corporate,Medium,49.568000000000005,2,0.2,0.2,1,1,0,12,0,0,47.0,1,0.0,0.125,1061,151.0,0.14232209737827714
CA-2018-133592,KM-16375,2018-12-31,US,East,United States,Home Office,Medium,2846.22,19,0.0,0.0,5,3,0,12,0,0,164.0,1,0.0,0.125,1062,151.0,0.1421889616463985
CA-2018-150245,PC-18745,2018-12-31,US,East,United States,Corporate,Medium,1573.488,7,0.2,0.2,1,1,0,12,0,0,9999.0,0,0.0,0.14285714285714285,1063,151.0,0.14205607476635515
CA-2018-157644,AH-10030,2018-12-31,US,East,United States,Corporate,Medium,53.669999999999995,6,0.0,0.0,2,2,0,12,0,0,67.0,3,0.0,0.1,1064,151.0,0.1419234360410831
US-2018-133949,JL-15175,2018-12-31,US,West,United States,Home Office,Medium,475.944,7,0.2,0.2,1,1,0,12,0,0,9999.0,0,0.0,0.14285714285714285,1065,151.0,0.1417910447761194
US-2018-143231,GM-14455,2018-12-31,US,East,United States,Home Office,Medium,177.17000000000002,8,0.0,0.0,2,2,0,12,0,0,264.0,1,0.0,0.125,1066,151.0,0.14165890027958994
CA-2019-104514,CB-12535,2019-01-02,US,East,United States,Corporate,Medium,115.39999999999999,8,0.0,0.0,3,1,0,1,2,0,9999.0,0,0.0,0.14285714285714285,1067,151.0,0.14152700186219738
CA-2019-146262,VW-21775,2019-01-02,US,East,United States,Corporate,Medium,1816.6960000000001,21,0.4,0.7,5,3,1,1,2,0,171.0,2,0.0,0.1111111111111111,1068,151.0,0.1413953488372093
CA-2019-146262,VW-21775,2019-01-02,US,East,United States,Corporate,Medium,1816.6960000000001,21,0.4,0.7,5,3,1,1,2,0,0.0,3,1.0,0.2,1069,152.0,0.1421933085501859
CA-2019-146262,VW-21775,2019-01-02,US,East,United States,Corporate,Medium,1816.6960000000001,21,0.4,0.7,5,3,1,1,2,0,0.0,4,2.0,0.2727272727272727,1070,153.0,0.14298978644382543
CA-2019-146262,VW-21775,2019-01-02,US,East,United States,Corporate,Medium,1816.6960000000001,21,0.4,0.7,5,3,1,1,2,0,0.0,5,3.0,0.3333333333333333,1071,154.0,0.1437847866419295
CA-2019-146262,VW-21775,2019-01-02,US,East,United States,Corporate,Medium,1816.6960000000001,21,0.4,0.7,5,3,1,1,2,0,0.0,6,4.0,0.38461538461538464,1072,155.0,0.14457831325301204
CA-2019-121097,SF-20965,2019-01-03,US,Central,United States,Corporate,Medium,10.368000000000002,2,0.2,0.2,1,1,0,1,3,0,74.0,1,0.0,0.125,1073,156.0,0.14537037037037037
CA-2019-141243,AH-10465,2019-01-03,US,Central,United States,Consumer,Medium,1757.8536,17,0.24,0.32,3,3,0,1,3,0,9999.0,0,0.0,0.14285714285714285,1074,156.0,0.1452358926919519
CA-2019-104241,AG-10495,2019-01-04,US,South,United States,Corporate,Medium,192.22,14,0.0,0.0,1,1,0,1,4,0,9999.0,0,0.0,0.14285714285714285,1075,156.0,0.14510166358595195
CA-2019-149811,CS-12250,2019-01-04,US,Central,United States,Corporate,Medium,72.24000000000001,8,0.0,0.0,2,1,0,1,4,0,37.0,3,0.0,0.1,1076,156.0,0.14496768236380425
CA-2019-108588,BG-11695,2019-01-05,US,East,United States,Corporate,Medium,90.16799999999999,7,0.06666666666666667,0.2,3,1,0,1,5,1,239.0,1,0.0,0.125,1077,156.0,0.1448339483394834
CA-2019-154970,SR-20740,2019-01-05,US,West,United States,Home Office,Medium,61.584,1,0.2,0.2,1,1,1,1,5,1,50.0,3,0.0,0.1,1078,156.0,0.1447004608294931
CA-2019-158701,JL-15175,2019-01-05,US,West,United States,Home Office,Medium,143.51999999999998,12,0.1,0.2,2,1,0,1,5,1,5.0,1,0.0,0.125,1079,157.0,0.14548802946593
CA-2019-149636,SP-20620,2019-01-06,US,West,United States,Corporate,Medium,31.538000000000004,7,0.44999999999999996,0.7,2,1,1,1,6,1,7.0,2,0.0,0.1111111111111111,1080,157.0,0.1453541858325667
CA-2019-149636,SP-20620,2019-01-06,US,West,United States,Corporate,Medium,31.538000000000004,7,0.44999999999999996,0.7,2,1,1,1,6,1,0.0,3,1.0,0.2,1081,158.0,0.14613970588235295
CA-2019-119480,CC-12685,2019-01-09,US,South,United States,Consumer,Medium,364.07,13,0.0,0.0,4,1,0,1,2,0,293.0,1,0.0,0.125,1082,159.0,0.14692378328741965
US-2019-157154,MM-17920,2019-01-10,US,East,United States,Consumer,Medium,1018.1039999999999,4,0.4,0.4,1,1,0,1,3,0,106.0,3,0.0,0.1,1083,159.0,0.14678899082568808
CA-2019-128608,CS-12490,2019-01-12,US,East,United States,Corporate,Medium,389.43399999999997,13,0.32,0.4,5,2,0,1,5,1,9999.0,0,0.0,0.14285714285714285,1084,159.0,0.1466544454628781
CA-2019-156755,YS-21880,2019-01-12,US,East,United States,Corporate,Medium,465.18,3,0.0,0.0,1,1,0,1,5,1,9999.0,0,0.0,0.14285714285714285,1085,159.0,0.14652014652014653
CA-2019-137526,PB-19150,2019-01-13,US,West,United States,Consumer,Medium,612.458,16,0.06666666666666667,0.2,3,2,0,1,6,1,32.0,4,0.0,0.09090909090909091,1086,159.0,0.1463860933211345
CA-2019-169677,KS-16300,2019-01-13,US,South,United States,Corporate,Medium,9.82,2,0.0,0.0,1,1,0,1,6,1,9999.0,0,0.0,0.14285714285714285,1087,159.0,0.14625228519195613
CA-2019-151547,AH-10465,2019-01-17,US,South,United States,Consumer,Medium,88.96000000000001,8,0.2,0.2,1,1,1,1,3,0,14.0,1,0.0,0.125,1088,159.0,0.1461187214611872
CA-2019-152681,SC-20260,2019-01-17,US,East,United States,Corporate,Medium,6.68,2,0.0,0.0,1,1,0,1,3,0,63.0,3,0.0,0.1,1089,160.0,0.1468978102189781
US-2019-101399,JS-15940,2019-01-17,US,Central,United States,Home Office,Medium,254.74400000000003,7,0.6,0.6,1,1,0,1,3,0,118.0,2,0.0,0.1111111111111111,1090,160.0,0.14676390154968094
CA-2019-141250,PM-18940,2019-01-19,US,Central,United States,Consumer,Medium,301.742,5,0.3,0.3,2,1,0,1,5,1,260.0,1,0.0,0.125,1091,160.0,0.14663023679417123
CA-2019-119214,CW-11905,2019-01-23,US,West,United States,Home Office,Medium,43.66,5,0.0,0.0,2,1,1,1,2,0,228.0,1,0.0,0.125,1092,160.0,0.1464968152866242
CA-2019-119214,CW-11905,2019-01-23,US,West,United States,Home Office,Medium,43.66,5,0.0,0.0,2,1,1,1,2,0,0.0,2,1.0,0.2222222222222222,1093,161.0,0.14727272727272728
CA-2019-128958,CR-12820,2019-01-24,US,South,United States,Home Office,Medium,13.120000000000001,5,0.2,0.2,1,1,0,1,3,0,9999.0,0,0.0,0.14285714285714285,1094,162.0,0.148047229791099
CA-2019-109603,EM-13825,2019-01-26,US,West,United States,Corporate,Medium,182.72,8,0.0,0.0,1,1,0,1,5,1,55.0,1,0.0,0.125,1095,162.0,0.14791288566243194
CA-2019-164777,SC-20305,2019-01-27,US,West,United States,Consumer,Medium,2803.92,5,0.2,0.2,1,1,0,1,6,1,42.0,1,0.0,0.125,1096,162.0,0.14777878513145964
CA-2019-168746,SV-20365,2019-01-27,US,East,United States,Consumer,Medium,769.332,7,0.3666666666666667,0.4,3,2,0,1,6,1,282.0,2,0.0,0.1111111111111111,1097,162.0,0.14764492753623187
CA-2019-116638,JH-15985,2019-01-28,US,South,United States,Consumer,Medium,4297.644,13,0.4,0.4,1,1,0,1,0,0,172.0,1,0.0,0.125,1098,162.0,0.14751131221719457
CA-2019-121797,CC-12145,2019-01-30,US,West,United States,Consumer,Medium,2147.3360000000002,10,0.1,0.2,2,2,0,1,2,0,194.0,4,4.0,0.45454545454545453,1099,162.0,0.14737793851717904
CA-2019-145401,JP-15520,2019-01-30,US,Central,United States,Consumer,Medium,14.303999999999998,6,0.2,0.2,1,1,0,1,2,0,82.0,2,0.0,0.1111111111111111,1100,162.0,0.14724480578139115
CA-2019-149587,KB-16315,2019-01-31,US,Central,United States,Consumer,Medium,99.26,7,0.0,0.0,3,2,0,1,3,0,35.0,2,0.0,0.1111111111111111,1101,162.0,0.14711191335740073
CA-2019-103093,FO-14305,2019-02-03,US,South,United States,Consumer,Medium,74.52,9,0.0,0.0,1,1,0,2,6,1,239.0,1,0.0,0.125,1102,162.0,0.14697926059513075
CA-2019-127327,PW-19030,2019-02-03,US,East,United States,Corporate,Medium,90.882,1,0.1,0.1,1,1,0,2,6,1,263.0,1,0.0,0.125,1103,162.0,0.14684684684684685
CA-2019-132633,KH-16630,2019-02-03,US,West,United States,Corporate,Medium,12.144,3,0.2,0.2,1,1,0,2,6,1,94.0,1,0.0,0.125,1104,162.0,0.1467146714671467
CA-2019-140921,AA-10375,2019-02-03,US,Central,United States,Consumer,Medium,178.37,5,0.0,0.0,2,2,0,2,6,1,102.0,2,0.0,0.1111111111111111,1105,162.0,0.14658273381294964
CA-2019-157959,RW-19540,2019-02-03,US,West,United States,Corporate,Medium,136.92,4,0.0,0.0,1,1,0,2,6,1,9999.0,0,0.0,0.14285714285714285,1106,162.0,0.14645103324348607
CA-2019-104038,LO-17170,2019-02-06,US,South,United States,Corporate,Medium,176.63,8,0.0,0.0,2,1,0,2,2,0,9999.0,0,0.0,0.14285714285714285,1107,162.0,0.14631956912028726
CA-2019-111507,VW-21775,2019-02-06,US,West,United States,Corporate,Medium,5.28,3,0.0,0.0,1,1,0,2,2,0,35.0,7,5.0,0.42857142857142855,1108,162.0,0.14618834080717488
CA-2019-137064,TS-21655,2019-02-06,US,Central,United States,Consumer,Medium,692.214,8,0.4000000000000001,0.8,3,2,0,2,2,0,9999.0,0,0.0,0.14285714285714285,1109,162.0,0.1460573476702509
CA-2019-156482,IL-15100,2019-02-06,US,East,United States,Consumer,Medium,1558.4199999999998,15,0.0,0.0,3,2,0,2,2,0,189.0,1,0.0,0.125,1110,162.0,0.1459265890778872
CA-2019-147529,DK-12835,2019-02-07,US,South,United States,Corporate,Medium,324.10999999999996,7,0.0,0.0,2,1,0,2,3,0,76.0,2,0.0,0.1111111111111111,1111,162.0,0.14579606440071557
CA-2019-114923,LH-17020,2019-02-08,US,East,United States,Consumer,Medium,107.982,3,0.4,0.4,1,1,0,2,4,0,153.0,1,0.0,0.125,1112,162.0,0.1456657730116175
US-2019-130491,BH-11710,2019-02-08,US,Central,United States,Consumer,Medium,21.11,5,0.0,0.0,3,1,0,2,4,0,89.0,2,0.0,0.1111111111111111,1113,162.0,0.1455357142857143
CA-2019-101007,MS-17980,2019-02-09,US,Central,United States,Corporate,Medium,20.8,2,0.2,0.2,1,1,0,2,5,1,224.0,1,0.0,0.125,1114,162.0,0.14540588760035683
CA-2019-135391,FA-14230,2019-02-09,US,Central,United States,Corporate,Medium,80.88,6,0.4,0.6,2,2,0,2,5,1,143.0,1,0.0,0.125,1115,162.0,0.14527629233511585
CA-2019-146038,SJ-20215,2019-02-09,US,West,United States,Consumer,Medium,203.92,5,0.2,0.2,1,1,0,2,5,1,9999.0,0,0.0,0.14285714285714285,1116,162.0,0.14514692787177205
US-2019-153374,JF-15565,2019-02-09,US,Central,United States,Consumer,Medium,479.952,6,0.2,0.2,1,1,0,2,5,1,121.0,1,0.0,0.125,1117,162.0,0.14501779359430605
CA-2019-101126,NB-18655,2019-02-10,US,East,United States,Corporate,Medium,77.24000000000001,5,0.2,0.2,1,1,0,2,6,1,67.0,1,0.0,0.125,1118,162.0,0.1448888888888889
CA-2019-116876,TT-21070,2019-02-14,US,East,United States,Consumer,Medium,652.414,10,0.1,0.2,2,2,0,2,3,0,159.0,2,0.0,0.1111111111111111,1119,162.0,0.1447602131438721
US-2019-147662,KB-16315,2019-02-14,US,East,United States,Consumer,Medium,427.548,13,0.44000000000000006,0.7,5,2,0,2,3,0,14.0,3,0.0,0.1,1120,162.0,0.14463176574977818
CA-2019-116092,JM-16195,2019-02-15,US,West,United States,Consumer,Medium,627.4799999999999,21,0.08,0.2,5,1,1,2,4,0,166.0,2,0.0,0.1111111111111111,1121,162.0,0.14450354609929078
CA-2019-116092,JM-16195,2019-02-15,US,West,United States,Consumer,Medium,627.4799999999999,21,0.08,0.2,5,1,1,2,4,0,0.0,3,1.0,0.2,1122,163.0,0.14526129317980513
CA-2019-116092,JM-16195,2019-02-15,US,West,United States,Consumer,Medium,627.4799999999999,21,0.08,0.2,5,1,1,2,4,0,0.0,4,2.0,0.2727272727272727,1123,164.0,0.14601769911504425
CA-2019-116092,JM-16195,2019-02-15,US,West,United States,Consumer,Medium,627.4799999999999,21,0.08,0.2,5,1,1,2,4,0,0.0,5,3.0,0.3333333333333333,1124,165.0,0.14677276746242263
CA-2019-116092,JM-16195,2019-02-15,US,West,United States,Consumer,Medium,627.4799999999999,21,0.08,0.2,5,1,1,2,4,0,0.0,6,4.0,0.38461538461538464,1125,166.0,0.14752650176678445
CA-2019-154326,RP-19855,2019-02-15,US,Central,United States,Corporate,Medium,974.9,10,0.0,0.0,3,1,0,2,4,0,316.0,1,0.0,0.125,1126,167.0,0.14827890556045895
CA-2019-121776,RD-19585,2019-02-16,US,West,United States,Consumer,Medium,124.54999999999998,10,0.0,0.0,2,1,0,2,5,1,320.0,1,0.0,0.125,1127,167.0,0.14814814814814814
CA-2019-156923,SP-20860,2019-02-16,US,East,United States,Corporate,Medium,35.88,6,0.0,0.0,1,1,0,2,5,1,50.0,2,0.0,0.1111111111111111,1128,167.0,0.14801762114537445
CA-2019-105725,GT-14755,2019-02-18,US,West,United States,Consumer,Medium,96.60400000000001,3,0.1,0.2,2,2,0,2,0,0,9999.0,0,0.0,0.14285714285714285,1129,167.0,0.14788732394366197
CA-2019-111234,AB-10600,2019-02-18,US,West,United States,Corporate,Medium,9.24,3,0.0,0.0,1,1,0,2,0,0,92.0,1,0.0,0.125,1130,167.0,0.14775725593667546
CA-2019-152611,KA-16525,2019-02-20,US,East,United States,Consumer,Medium,286.78999999999996,7,0.0,0.0,1,1,0,2,2,0,346.0,1,0.0,0.125,1131,167.0,0.14762741652021089
CA-2019-169740,LM-17065,2019-02-20,US,South,United States,Consumer,Medium,29.99,1,0.0,0.0,1,1,0,2,2,0,238.0,1,0.0,0.125,1132,167.0,0.14749780509218613
CA-2019-129770,JE-15715,2019-02-21,US,West,United States,Consumer,Medium,49.12,4,0.0,0.0,1,1,0,2,3,0,180.0,1,0.0,0.125,1133,167.0,0.14736842105263157
CA-2019-162782,PW-19240,2019-02-21,US,East,United States,Consumer,Medium,2541.98,2,0.0,0.0,1,1,0,2,3,0,95.0,1,0.0,0.125,1134,167.0,0.147239263803681
CA-2019-132374,PS-19045,2019-02-22,US,Central,United States,Home Office,Medium,79.36,4,0.0,0.0,1,1,1,2,4,0,64.0,1,0.0,0.125,1135,167.0,0.14711033274956217
CA-2019-132276,LC-16960,2019-02-23,US,East,United States,Home Office,Medium,37.776,8,0.1,0.2,2,1,0,2,5,1,9999.0,0,0.0,0.14285714285714285,1136,168.0,0.14785651793525809
CA-2019-154900,SS-20875,2019-02-25,US,East,United States,Consumer,Medium,25.869999999999997,5,0.0,0.0,2,1,0,2,0,0,73.0,1,0.0,0.125,1137,168.0,0.14772727272727273
CA-2019-104129,ES-14080,2019-02-27,US,East,United States,Corporate,Medium,599.8999999999999,9,0.15,0.3,2,2,1,2,2,0,148.0,1,0.0,0.125,1138,168.0,0.14759825327510917
CA-2019-104129,ES-14080,2019-02-27,US,East,United States,Corporate,Medium,599.8999999999999,9,0.15,0.3,2,2,1,2,2,0,0.0,2,1.0,0.2222222222222222,1139,169.0,0.14834205933682373
CA-2019-111325,BT-11395,2019-02-27,US,East,United States,Corporate,Medium,20.451,9,0.44999999999999996,0.7,2,1,0,2,2,0,122.0,1,0.0,0.125,1140,170.0,0.14908456843940715
CA-2019-138485,NP-18670,2019-02-27,US,West,United States,Consumer,Medium,538.9200000000001,9,0.0,0.0,1,1,0,2,2,0,9999.0,0,0.0,0.14285714285714285,1141,170.0,0.1489547038327526
US-2019-145436,VD-21670,2019-02-28,US,South,United States,Consumer,Medium,551.264,10,0.2,0.2,2,1,0,2,3,0,208.0,6,6.0,0.5384615384615384,1142,170.0,0.14882506527415143
CA-2019-102316,DH-13075,2019-03-01,US,West,United States,Corporate,Medium,200.73600000000002,5,0.2,0.2,2,2,0,3,4,0,100.0,1,0.0,0.125,1143,170.0,0.14869565217391303
CA-2019-104052,TP-21565,2019-03-01,US,Central,United States,Corporate,Medium,95.84,4,0.2,0.2,1,1,0,3,4,0,9999.0,0,0.0,0.14285714285714285,1144,170.0,0.14856646394439618
CA-2019-133494,RP-19390,2019-03-01,US,East,United States,Consumer,Medium,3.5520000000000005,2,0.2,0.2,1,1,0,3,4,0,64.0,13,8.0,0.45,1145,170.0,0.1484375
CA-2019-133585,CM-12715,2019-03-01,US,Central,United States,Corporate,Medium,1283.3264,8,0.26,0.32,2,2,0,3,4,0,142.0,3,0.0,0.1,1146,170.0,0.14830875975715524
CA-2019-153325,ST-20530,2019-03-01,US,South,United States,Consumer,Medium,58.72,4,0.0,0.0,1,1,0,3,4,0,62.0,5,2.0,0.25,1147,170.0,0.14818024263431542
CA-2019-105970,PA-19060,2019-03-02,US,Central,United States,Home Office,Medium,112.03999999999999,7,0.0,0.0,2,1,0,3,5,1,289.0,1,0.0,0.125,1148,170.0,0.14805194805194805
CA-2019-110457,DK-13090,2019-03-02,US,West,United States,Consumer,Medium,787.53,3,0.0,0.0,1,1,0,3,5,1,9999.0,0,0.0,0.14285714285714285,1149,170.0,0.14792387543252594
CA-2019-109001,KN-16390,2019-03-05,US,East,United States,Corporate,Medium,479.02599999999995,11,0.43333333333333335,0.7,3,2,0,3,1,0,93.0,1,0.0,0.125,1150,170.0,0.14779602420051857
CA-2019-109512,LF-17185,2019-03-05,US,East,United States,Consumer,Medium,976.347,14,0.03333333333333333,0.1,3,2,0,3,1,0,71.0,8,6.0,0.4666666666666667,1151,170.0,0.14766839378238342
CA-2019-120320,MV-18190,2019-03-05,US,Central,United States,Consumer,Medium,31.92,2,0.2,0.2,1,1,0,3,1,0,399.0,1,0.0,0.125,1152,170.0,0.14754098360655737
CA-2019-125185,AH-10195,2019-03-05,US,East,United States,Corporate,Medium,132.94,4,0.25,0.3,2,1,0,3,1,0,9999.0,0,0.0,0.14285714285714285,1153,170.0,0.14741379310344827
CA-2019-140221,MS-17365,2019-03-05,US,Central,United States,Consumer,Medium,257.31999999999994,11,0.6,0.8,4,2,0,3,1,0,118.0,3,0.0,0.1,1154,170.0,0.14728682170542637
CA-2019-151785,JJ-15445,2019-03-05,US,Central,United States,Consumer,Medium,7.103999999999999,6,0.2,0.2,1,1,0,3,1,0,9999.0,0,0.0,0.14285714285714285,1155,170.0,0.14716006884681584
CA-2019-153108,SF-20200,2019-03-05,US,Central,United States,Consumer,Medium,84.61,9,0.0,0.0,2,2,0,3,1,0,72.0,1,0.0,0.125,1156,170.0,0.1470335339638865
CA-2019-142944,JL-15850,2019-03-06,US,West,United States,Consumer,Medium,1555.2440000000001,9,0.1,0.2,2,2,0,3,2,0,227.0,1,0.0,0.125,1157,170.0,0.14690721649484537
CA-2019-146255,EM-14140,2019-03-07,US,East,United States,Home Office,Medium,807.5400000000001,10,0.0,0.0,4,2,1,3,3,0,231.0,1,0.0,0.125,1158,170.0,0.14678111587982834
CA-2019-146255,EM-14140,2019-03-07,US,East,United States,Home Office,Medium,807.5400000000001,10,0.0,0.0,4,2,1,3,3,0,0.0,2,1.0,0.2222222222222222,1159,171.0,0.14751286449399656
CA-2019-146255,EM-14140,2019-03-07,US,East,United States,Home Office,Medium,807.5400000000001,10,0.0,0.0,4,2,1,3,3,0,0.0,3,2.0,0.3,1160,172.0,0.14824335904027422
CA-2019-146255,EM-14140,2019-03-07,US,East,United States,Home Office,Medium,807.5400000000001,10,0.0,0.0,4,2,1,3,3,0,0.0,4,3.0,0.36363636363636365,1161,173.0,0.14897260273972604
CA-2019-105627,DK-12895,2019-03-08,US,Central,United States,Consumer,Medium,2531.88,22,0.0,0.0,5,3,0,3,4,0,9999.0,0,0.0,0.14285714285714285,1162,174.0,0.1497005988023952
CA-2019-107741,FC-14335,2019-03-08,US,West,United States,Corporate,Medium,3.408,1,0.2,0.2,1,1,0,3,4,0,149.0,1,0.0,0.125,1163,174.0,0.14957264957264957
CA-2019-132136,FO-14305,2019-03-08,US,Central,United States,Consumer,Medium,8.567999999999998,3,0.8,0.8,1,1,0,3,4,0,33.0,2,0.0,0.1111111111111111,1164,174.0,0.14944491887275832
CA-2019-160213,AR-10825,2019-03-08,US,East,United States,Corporate,Medium,19.44,3,0.0,0.0,1,1,0,3,4,0,251.0,1,0.0,0.125,1165,174.0,0.1493174061433447
CA-2019-110345,TG-21310,2019-03-09,US,South,United States,Consumer,Medium,4.608,2,0.2,0.2,1,1,0,3,5,1,9999.0,0,0.0,0.14285714285714285,1166,174.0,0.14919011082693948
CA-2019-123155,NS-18640,2019-03-09,US,Central,United States,Corporate,Medium,473.4,8,0.2,0.2,2,1,0,3,5,1,257.0,1,1.0,0.25,1167,174.0,0.14906303236797275
CA-2019-146829,TS-21340,2019-03-10,US,Central,United States,Consumer,Medium,1.1119999999999997,2,0.8,0.8,1,1,0,3,6,1,183.0,2,0.0,0.1111111111111111,1168,174.0,0.14893617021276595
US-2019-118906,KB-16585,2019-03-10,US,East,United States,Corporate,Medium,89.82000000000001,6,0.0,0.0,1,1,0,3,6,1,84.0,3,0.0,0.1,1169,174.0,0.1488095238095238
CA-2019-128083,EB-13750,2019-03-12,US,South,United States,Corporate,Medium,45.976000000000006,10,0.20000000000000004,0.2,3,2,0,3,1,0,9999.0,0,0.0,0.14285714285714285,1170,174.0,0.14868309260832624
CA-2019-148705,EB-14170,2019-03-12,US,South,United States,Consumer,Medium,5.04,2,0.2,0.2,1,1,0,3,1,0,146.0,2,0.0,0.1111111111111111,1171,174.0,0.14855687606112053
CA-2019-114237,MC-17275,2019-03-13,US,West,United States,Consumer,Medium,141.96,2,0.0,0.0,1,1,0,3,2,0,186.0,1,0.0,0.125,1172,174.0,0.1484308736217133
US-2019-139675,NF-18595,2019-03-13,US,West,United States,Home Office,Medium,1242.8960000000002,12,0.1,0.2,2,1,0,3,2,0,185.0,2,0.0,0.1111111111111111,1173,174.0,0.1483050847457627
CA-2019-163587,EP-13915,2019-03-14,US,East,United States,Consumer,Medium,688.4599999999999,7,0.0,0.0,2,1,0,3,3,0,251.0,1,0.0,0.125,1174,174.0,0.14817950889077053
CA-2019-167479,AI-10855,2019-03-14,US,West,United States,Consumer,Medium,19.44,3,0.0,0.0,1,1,0,3,3,0,75.0,3,0.0,0.1,1175,174.0,0.14805414551607446
CA-2019-155124,KS-16300,2019-03-15,US,West,United States,Corporate,Medium,16.776000000000003,3,0.2,0.2,1,1,0,3,4,0,61.0,1,0.0,0.125,1176,174.0,0.14792899408284024
CA-2019-112116,JE-15475,2019-03-16,US,West,United States,Consumer,Medium,171.96,2,0.0,0.0,1,1,0,3,5,1,9999.0,0,0.0,0.14285714285714285,1177,174.0,0.14780405405405406
CA-2019-134257,MS-17710,2019-03-16,US,South,United States,Consumer,Medium,498.93,7,0.0,0.0,2,1,0,3,5,1,346.0,2,0.0,0.1111111111111111,1178,174.0,0.14767932489451477
CA-2019-144722,MF-18250,2019-03-16,US,West,United States,Corporate,Medium,43.13,1,0.0,0.0,1,1,0,3,5,1,182.0,1,0.0,0.125,1179,174.0,0.1475548060708263
CA-2019-145352,CM-12385,2019-03-16,US,South,United States,Consumer,Medium,6412.7699999999995,12,0.0,0.0,4,1,0,3,5,1,9999.0,0,0.0,0.14285714285714285,1180,174.0,0.14743049705139005
CA-2019-153906,MS-17980,2019-03-16,US,East,United States,Corporate,Medium,85.9,2,0.0,0.0,1,1,0,3,5,1,35.0,2,0.0,0.1111111111111111,1181,174.0,0.1473063973063973
US-2019-150231,JK-15640,2019-03-16,US,East,United States,Home Office,Medium,17.52,3,0.0,0.0,1,1,0,3,5,1,174.0,2,0.0,0.1111111111111111,1182,174.0,0.1471825063078217
CA-2019-110632,HR-14830,2019-03-17,US,East,United States,Corporate,Medium,48.84,3,0.0,0.0,2,2,0,3,6,1,113.0,4,4.0,0.45454545454545453,1183,174.0,0.14705882352941177
CA-2019-111829,FH-14365,2019-03-19,US,West,United States,Corporate,Medium,4607.27,12,0.0,0.0,3,2,0,3,1,0,150.0,1,0.0,0.125,1184,174.0,0.14693534844668346
CA-2019-113110,BK-11260,2019-03-19,US,West,United States,Consumer,Medium,105.688,14,0.05,0.2,4,1,0,3,1,0,103.0,7,6.0,0.5,1185,174.0,0.14681208053691275
CA-2019-132101,JO-15550,2019-03-19,US,West,United States,Home Office,Medium,453.576,3,0.2,0.2,1,1,0,3,1,0,9999.0,0,0.0,0.14285714285714285,1186,174.0,0.14668901927912825
CA-2019-143532,DC-12850,2019-03-19,US,South,United States,Consumer,Medium,14.496000000000002,3,0.2,0.2,1,1,0,3,1,0,187.0,2,0.0,0.1111111111111111,1187,174.0,0.14656616415410384
CA-2019-149993,GA-14725,2019-03-19,US,West,United States,Consumer,Medium,10.9,5,0.0,0.0,1,1,0,3,1,0,79.0,3,0.0,0.1,1188,174.0,0.14644351464435146
CA-2019-163104,MC-18130,2019-03-19,US,West,United States,Corporate,Medium,11.96,2,0.0,0.0,1,1,0,3,1,0,181.0,1,0.0,0.125,1189,174.0,0.14632107023411373
CA-2019-168088,CM-12655,2019-03-19,US,Central,United States,Home Office,Medium,449.04959999999994,6,0.26,0.32,2,2,0,3,1,0,9999.0,0,0.0,0.14285714285714285,1190,174.0,0.14619883040935672
CA-2019-106565,BW-11110,2019-03-20,US,Central,United States,Corporate,Medium,51.84,8,0.0,0.0,1,1,0,3,2,0,9999.0,0,0.0,0.14285714285714285,1191,174.0,0.14607679465776294
CA-2019-127607,JK-15730,2019-03-20,US,Central,United States,Consumer,Medium,21.376,11,0.5,0.8,2,1,0,3,2,0,109.0,2,0.0,0.1111111111111111,1192,174.0,0.14595496246872394
CA-2019-159534,DH-13075,2019-03-20,US,East,United States,Corporate,Medium,1445.6740000000002,18,0.08,0.2,5,2,0,3,2,0,19.0,2,0.0,0.1111111111111111,1193,174.0,0.14583333333333334
CA-2019-165813,BM-11785,2019-03-20,US,West,United States,Consumer,Medium,29.304000000000002,3,0.2,0.2,1,1,0,3,2,0,96.0,3,0.0,0.1,1194,174.0,0.14571190674437967
CA-2019-120621,JW-16075,2019-03-21,US,South,United States,Consumer,Medium,1270.379,21,0.3666666666666667,0.7,3,1,0,3,3,0,9999.0,0,0.0,0.14285714285714285,1195,174.0,0.14559068219633944
CA-2019-117884,DC-13285,2019-03-22,US,South,United States,Consumer,Medium,598.352,16,0.2,0.2,2,2,0,3,4,0,83.0,1,0.0,0.125,1196,174.0,0.14546965918536992
CA-2019-121552,FW-14395,2019-03-22,US,South,United States,Corporate,Medium,19.56,4,0.0,0.0,1,1,0,3,4,0,9999.0,0,0.0,0.14285714285714285,1197,174.0,0.14534883720930233
CA-2019-157812,DB-13210,2019-03-22,US,Central,United States,Consumer,Medium,162.072,12,0.4000000000000001,0.8,3,2,1,3,4,0,9999.0,0,0.0,0.14285714285714285,1198,174.0,0.14522821576763487
CA-2019-157812,DB-13210,2019-03-22,US,Central,United States,Consumer,Medium,162.072,12,0.4000000000000001,0.8,3,2,1,3,4,0,0.0,1,1.0,0.25,1199,175.0,0.14593698175787728
CA-2019-157812,DB-13210,2019-03-22,US,Central,United States,Consumer,Medium,162.072,12,0.4000000000000001,0.8,3,2,1,3,4,0,0.0,2,2.0,0.3333333333333333,1200,176.0,0.14664457332228667
CA-2019-163440,RD-19900,2019-03-22,US,West,United States,Consumer,Medium,15.984000000000002,2,0.2,0.2,1,1,0,3,4,0,123.0,3,0.0,0.1,1201,177.0,0.14735099337748345
US-2019-163279,JD-16150,2019-03-22,US,West,United States,Corporate,Medium,1685.4560000000001,9,0.06666666666666667,0.2,3,3,0,3,4,0,126.0,1,0.0,0.125,1202,177.0,0.14722911497105046
CA-2019-130218,SG-20470,2019-03-23,US,South,United States,Consumer,Medium,59.480000000000004,8,0.0,0.0,2,1,0,3,5,1,115.0,2,0.0,0.1111111111111111,1203,177.0,0.14710743801652892
CA-2019-138219,BP-11095,2019-03-23,US,West,United States,Corporate,Medium,33.36,4,0.0,0.0,1,1,0,3,5,1,94.0,4,0.0,0.09090909090909091,1204,177.0,0.14698596201486375
US-2019-107944,AM-10360,2019-03-23,US,West,United States,Corporate,Medium,432.68999999999994,14,0.0,0.0,2,2,0,3,5,1,168.0,1,0.0,0.125,1205,177.0,0.14686468646864687
US-2019-125374,JD-16060,2019-03-23,US,Central,United States,Consumer,Medium,107.772,2,0.3,0.3,1,1,0,3,5,1,180.0,1,0.0,0.125,1206,177.0,0.14674361088211046
CA-2019-118423,DP-13390,2019-03-24,US,Central,United States,Home Office,Medium,359.05799999999994,3,0.3,0.3,1,1,0,3,6,1,93.0,3,0.0,0.1,1207,177.0,0.14662273476112025
CA-2019-145457,CP-12085,2019-03-24,US,West,United States,Corporate,Medium,46.900000000000006,5,0.0,0.0,1,1,0,3,6,1,110.0,1,0.0,0.125,1208,177.0,0.14650205761316873
US-2019-112508,BP-11185,2019-03-24,US,South,United States,Corporate,Medium,6.992000000000001,2,0.2,0.2,1,1,0,3,6,1,9999.0,0,0.0,0.14285714285714285,1209,177.0,0.14638157894736842
CA-2019-103793,BV-11245,2019-03-26,US,South,United States,Corporate,Medium,74.352,3,0.2,0.2,1,1,0,3,1,0,9999.0,0,0.0,0.14285714285714285,1210,177.0,0.14626129827444537
CA-2019-164301,EB-13840,2019-03-26,US,West,United States,Corporate,Medium,3393.68,8,0.0,0.0,1,1,0,3,1,0,103.0,2,0.0,0.1111111111111111,1211,177.0,0.14614121510673234
CA-2019-167374,GM-14500,2019-03-26,US,East,United States,Consumer,Medium,56.80800000000001,9,0.2,0.2,2,2,0,3,1,0,229.0,1,0.0,0.125,1212,177.0,0.14602132895816242
US-2019-116981,SM-20950,2019-03-26,US,East,United States,Corporate,Medium,1098.53,10,0.0,0.0,2,1,0,3,1,0,96.0,3,0.0,0.1,1213,177.0,0.14590163934426228
CA-2019-132948,MV-17485,2019-03-27,US,West,United States,Consumer,Medium,83.69999999999999,5,0.0,0.0,1,1,0,3,2,0,431.0,2,2.0,0.3333333333333333,1214,177.0,0.1457821457821458
CA-2019-131534,AB-10165,2019-03-28,US,West,United States,Consumer,Medium,199.64000000000001,6,0.0,0.0,2,2,0,3,3,0,132.0,1,0.0,0.125,1215,177.0,0.14566284779050737
CA-2019-133536,JH-15820,2019-03-28,US,East,United States,Consumer,Medium,22.919999999999998,3,0.0,0.0,1,1,0,3,3,0,313.0,1,0.0,0.125,1216,177.0,0.1455437448896157
CA-2019-135363,CK-12205,2019-03-28,US,East,United States,Consumer,Medium,20.784000000000002,4,0.2,0.2,2,1,0,3,3,0,243.0,3,0.0,0.1,1217,177.0,0.1454248366013072
CA-2019-105361,CM-12115,2019-03-29,US,East,United States,Consumer,Medium,17.64,4,0.0,0.0,1,1,0,3,4,0,9999.0,0,0.0,0.14285714285714285,1218,177.0,0.14530612244897959
CA-2019-121272,DO-13435,2019-03-29,US,West,United States,Consumer,Medium,73.28,4,0.0,0.0,1,1,0,3,4,0,177.0,1,0.0,0.125,1219,177.0,0.14518760195758565
CA-2019-150749,AS-10240,2019-03-29,US,South,United States,Consumer,Medium,5.56,2,0.0,0.0,1,1,0,3,4,0,169.0,2,0.0,0.1111111111111111,1220,177.0,0.14506927465362673
CA-2019-153549,SL-20155,2019-03-29,US,South,United States,Home Office,Medium,1166.92,5,0.2,0.2,1,1,0,3,4,0,177.0,2,0.0,0.1111111111111111,1221,177.0,0.1449511400651466
US-2019-103996,RB-19435,2019-03-29,US,West,United States,Consumer,Medium,295.68,15,0.0,0.0,4,3,0,3,4,0,124.0,5,2.0,0.25,1222,177.0,0.14483319772172498
CA-2019-104871,DR-12940,2019-03-30,US,Central,United States,Home Office,Medium,366.74399999999997,4,0.3,0.3,1,1,0,3,5,1,367.0,1,0.0,0.125,1223,177.0,0.14471544715447154
CA-2019-121405,FC-14335,2019-03-30,US,Central,United States,Corporate,Medium,204.48000000000002,10,0.2,0.2,2,2,0,3,5,1,22.0,2,0.0,0.1111111111111111,1224,177.0,0.1445978878960195
CA-2019-128125,EB-13705,2019-03-31,US,Central,United States,Corporate,Medium,120.756,6,0.4,0.6,2,2,0,3,6,1,106.0,2,0.0,0.1111111111111111,1225,177.0,0.1444805194805195
CA-2019-137106,SC-20260,2019-03-31,US,South,United States,Corporate,Medium,79.96,5,0.2,0.2,1,1,0,3,6,1,73.0,4,0.0,0.09090909090909091,1226,177.0,0.14436334144363341
CA-2019-136378,CS-11845,2019-04-02,US,Central,United States,Corporate,Medium,9.155999999999997,3,0.8,0.8,1,1,0,4,1,0,109.0,1,0.0,0.125,1227,177.0,0.14424635332252836
US-2019-122140,MO-17950,2019-04-02,US,Central,United States,Consumer,Medium,130.288,12,0.4000000000000001,0.8,3,2,0,4,1,0,9999.0,0,0.0,0.14285714285714285,1228,177.0,0.14412955465587043
US-2019-142811,JL-15850,2019-04-02,US,West,United States,Consumer,Medium,87.8,5,0.2,0.2,1,1,0,4,1,0,27.0,2,0.0,0.1111111111111111,1229,177.0,0.14401294498381878
US-2019-159513,JD-15790,2019-04-02,US,West,United States,Consumer,Medium,71.976,3,0.2,0.2,1,1,0,4,1,0,9999.0,0,0.0,0.14285714285714285,1230,177.0,0.1438965238480194
CA-2019-110667,NF-18595,2019-04-04,US,East,United States,Home Office,Medium,210.99200000000002,11,0.1,0.2,4,2,0,4,3,0,22.0,3,0.0,0.1,1231,177.0,0.14378029079159935
CA-2019-112452,NC-18340,2019-04-04,US,Central,United States,Consumer,Medium,1273.606,9,0.02,0.1,5,2,0,4,3,0,335.0,2,0.0,0.1111111111111111,1232,177.0,0.14366424535916061
CA-2019-102855,JF-15415,2019-04-05,US,West,United States,Consumer,Medium,263.78,14,0.0,0.0,2,2,0,4,4,0,226.0,2,0.0,0.1111111111111111,1233,177.0,0.1435483870967742
CA-2019-119942,TT-21070,2019-04-05,US,East,United States,Consumer,Medium,23.904000000000003,6,0.2,0.2,1,1,0,4,4,0,50.0,3,0.0,0.1,1234,177.0,0.1434327155519742
CA-2019-161452,CA-11965,2019-04-05,US,West,United States,Corporate,Medium,892.224,3,0.2,0.2,1,1,0,4,4,0,434.0,1,0.0,0.125,1235,177.0,0.143317230273752
CA-2019-167010,VT-21700,2019-04-05,US,East,United States,Home Office,Medium,1636.356,32,0.35,0.7,8,3,0,4,4,0,303.0,1,0.0,0.125,1236,177.0,0.14320193081255028
US-2019-136476,GG-14650,2019-04-05,US,South,United States,Corporate,Medium,157.79400000000004,1,0.7,0.7,1,1,0,4,4,0,156.0,1,0.0,0.125,1237,177.0,0.14308681672025725
CA-2019-100888,MH-17455,2019-04-06,US,South,United States,Consumer,Medium,47.952000000000005,3,0.2,0.2,1,1,0,4,5,1,107.0,2,0.0,0.1111111111111111,1238,177.0,0.1429718875502008
CA-2019-124541,TT-21220,2019-04-06,US,Central,United States,Consumer,Medium,92.05199999999999,22,0.44000000000000006,0.8,5,2,0,4,5,1,195.0,1,0.0,0.125,1239,177.0,0.14285714285714285
CA-2019-130554,FM-14290,2019-04-07,US,East,United States,Home Office,Medium,11.736,3,0.2,0.2,1,1,0,4,6,1,224.0,1,0.0,0.125,1240,177.0,0.14274258219727345
CA-2019-140025,PF-19120,2019-04-07,US,Central,United States,Consumer,Medium,847.1999999999998,14,0.5,0.8,2,2,0,4,6,1,337.0,1,0.0,0.125,1241,177.0,0.14262820512820512
CA-2019-166492,RP-19390,2019-04-07,US,East,United States,Consumer,Medium,48.5,6,0.0,0.0,2,1,0,4,6,1,37.0,14,8.0,0.42857142857142855,1242,177.0,0.14251401120896717
CA-2019-101000,IG-15085,2019-04-09,US,East,United States,Consumer,Medium,370.14,3,0.0,0.0,1,1,0,4,1,0,173.0,1,0.0,0.125,1243,177.0,0.1424
CA-2019-116512,MC-18100,2019-04-09,US,East,United States,Consumer,Medium,17.94,3,0.0,0.0,1,1,0,4,1,0,115.0,2,0.0,0.1111111111111111,1244,177.0,0.14228617106314947
CA-2019-142027,JK-15370,2019-04-09,US,West,United States,Consumer,Medium,369.91200000000003,3,0.2,0.2,1,1,0,4,1,0,363.0,1,0.0,0.125,1245,177.0,0.14217252396166133
CA-2019-134201,EH-14125,2019-04-10,US,East,United States,Home Office,Medium,156.70999999999998,7,0.0,0.0,2,1,1,4,2,0,173.0,1,1.0,0.25,1246,177.0,0.1420590582601756
CA-2019-134201,EH-14125,2019-04-10,US,East,United States,Home Office,Medium,156.70999999999998,7,0.0,0.0,2,1,1,4,2,0,0.0,2,2.0,0.3333333333333333,1247,178.0,0.14274322169059012
CA-2019-168767,DM-12955,2019-04-10,US,West,United States,Corporate,Medium,12.832,2,0.2,0.2,1,1,0,4,2,0,122.0,2,0.0,0.1111111111111111,1248,179.0,0.14342629482071714
CA-2019-111164,SE-20110,2019-04-11,US,East,United States,Consumer,Medium,513.73,9,0.0,0.0,3,2,0,4,3,0,137.0,3,0.0,0.1,1249,179.0,0.14331210191082802
CA-2019-125563,PR-18880,2019-04-11,US,South,United States,Consumer,Medium,121.88799999999999,5,0.2,0.2,2,1,0,4,3,0,218.0,1,0.0,0.125,1250,179.0,0.1431980906921241
US-2019-136987,AR-10540,2019-04-11,US,West,United States,Consumer,Medium,692.7280000000001,6,0.1,0.2,2,2,1,4,3,0,137.0,1,0.0,0.125,1251,179.0,0.14308426073131955
US-2019-136987,AR-10540,2019-04-11,US,West,United States,Consumer,Medium,692.7280000000001,6,0.1,0.2,2,2,1,4,3,0,0.0,2,1.0,0.2222222222222222,1252,180.0,0.1437648927720413
CA-2019-145415,RD-19660,2019-04-12,US,West,United States,Home Office,Medium,40.74,3,0.0,0.0,1,1,0,4,4,0,9999.0,0,0.0,0.14285714285714285,1253,181.0,0.14444444444444443
CA-2019-100216,HJ-14875,2019-04-13,US,West,United States,Home Office,Medium,85.92000000000002,9,0.2,0.2,2,1,0,4,5,1,9999.0,0,0.0,0.14285714285714285,1254,181.0,0.14432989690721648
CA-2019-106257,EB-14110,2019-04-13,US,West,United States,Consumer,Medium,721.488,4,0.2,0.2,2,2,0,4,5,1,9999.0,0,0.0,0.14285714285714285,1255,181.0,0.14421553090332806
CA-2019-120551,SS-20590,2019-04-13,US,Central,United States,Consumer,Medium,17.43,3,0.0,0.0,1,1,0,4,5,1,251.0,1,0.0,0.125,1256,181.0,0.14410134600158353
CA-2019-133452,ZC-21910,2019-04-13,US,West,United States,Consumer,Medium,910.7920000000001,7,0.1,0.2,2,2,0,4,5,1,105.0,2,0.0,0.1111111111111111,1257,181.0,0.1439873417721519
CA-2019-133837,TH-21100,2019-04-13,US,West,United States,Consumer,Medium,10.744,1,0.2,0.2,1,1,0,4,5,1,140.0,2,0.0,0.1111111111111111,1258,181.0,0.14387351778656127
CA-2019-149678,AW-10840,2019-04-13,US,West,United States,Consumer,Medium,12.88,1,0.0,0.0,1,1,0,4,5,1,9999.0,0,0.0,0.14285714285714285,1259,181.0,0.14375987361769352
US-2019-120502,BT-11395,2019-04-13,US,West,United States,Corporate,Medium,372.096,6,0.06666666666666667,0.2,3,3,0,4,5,1,45.0,2,0.0,0.1111111111111111,1260,181.0,0.143646408839779
US-2019-168704,FP-14320,2019-04-13,US,Central,United States,Consumer,Medium,1061.328,9,0.26666666666666666,0.3,3,2,0,4,5,1,125.0,2,0.0,0.1111111111111111,1261,181.0,0.14353312302839116
CA-2019-116841,TP-21130,2019-04-14,US,West,United States,Consumer,Medium,35.208,1,0.2,0.2,1,1,0,4,6,1,9999.0,0,0.0,0.14285714285714285,1262,181.0,0.1434200157604413
CA-2019-106215,BN-11470,2019-04-16,US,East,United States,Corporate,Medium,12.576,4,0.2,0.2,1,1,0,4,1,0,216.0,1,0.0,0.125,1263,181.0,0.14330708661417324
CA-2019-137974,LL-16840,2019-04-16,US,South,United States,Consumer,Medium,2298.9,19,0.0,0.0,4,3,0,4,1,0,247.0,2,0.0,0.1111111111111111,1264,181.0,0.14319433516915814
CA-2019-142734,DM-13345,2019-04-16,US,East,United States,Corporate,Medium,127.76400000000001,2,0.1,0.1,1,1,0,4,1,0,155.0,2,0.0,0.1111111111111111,1265,181.0,0.1430817610062893
CA-2019-146675,SB-20185,2019-04-16,US,Central,United States,Consumer,Medium,1483.528,7,0.2,0.2,2,1,0,4,1,0,208.0,1,0.0,0.125,1266,181.0,0.1429693637077769
CA-2019-161263,TS-21160,2019-04-16,US,East,United States,Corporate,Medium,239.20399999999998,22,0.31666666666666665,0.7,6,2,0,4,1,0,358.0,1,0.0,0.125,1267,181.0,0.14285714285714285
CA-2019-148712,JM-15535,2019-04-17,US,East,United States,Consumer,Medium,172.606,17,0.06666666666666667,0.2,3,2,0,4,2,0,216.0,1,0.0,0.125,1268,181.0,0.14274509803921567
CA-2019-155306,GA-14515,2019-04-17,US,West,United States,Consumer,Medium,2572.5,17,0.04,0.2,5,2,0,4,2,0,162.0,2,0.0,0.1111111111111111,1269,181.0,0.1426332288401254
CA-2019-102722,KW-16570,2019-04-18,US,South,United States,Consumer,Medium,106.5,6,0.0,0.0,1,1,0,4,3,0,200.0,1,0.0,0.125,1270,181.0,0.14252153484729835
CA-2019-115742,DP-13000,2019-04-18,US,Central,United States,Consumer,Medium,209.54999999999998,15,0.0,0.0,4,2,0,4,3,0,157.0,2,0.0,0.1111111111111111,1271,181.0,0.14241001564945227
CA-2019-142601,DE-13255,2019-04-18,US,West,United States,Home Office,Medium,1009.1300000000001,9,0.0,0.0,2,1,1,4,3,0,164.0,2,1.0,0.2222222222222222,1272,181.0,0.1422986708365911
CA-2019-142601,DE-13255,2019-04-18,US,West,United States,Home Office,Medium,1009.1300000000001,9,0.0,0.0,2,1,1,4,3,0,0.0,3,2.0,0.3,1273,182.0,0.14296875
US-2019-113593,NC-18415,2019-04-18,US,West,United States,Consumer,Medium,115.44,3,0.0,0.0,1,1,0,4,3,0,112.0,2,0.0,0.1111111111111111,1274,183.0,0.14363778298204527
US-2019-134271,RF-19735,2019-04-18,US,East,United States,Consumer,Medium,21.93,3,0.0,0.0,1,1,0,4,3,0,255.0,1,0.0,0.125,1275,183.0,0.1435257410296412
US-2019-163433,MP-17965,2019-04-18,US,Central,United States,Corporate,Medium,544.41,21,0.34444444444444444,0.8,9,3,0,4,3,0,9999.0,0,0.0,0.14285714285714285,1276,183.0,0.14341387373343725
US-2019-155369,PG-18820,2019-04-19,US,Central,United States,Consumer,Medium,329.9599999999999,6,0.8,0.8,2,1,0,4,4,0,272.0,2,0.0,0.1111111111111111,1277,183.0,0.14330218068535824
CA-2019-109169,OT-18730,2019-04-20,US,Central,United States,Consumer,Medium,180.96,2,0.0,0.0,1,1,0,4,5,1,9999.0,0,0.0,0.14285714285714285,1278,183.0,0.1431906614785992
CA-2019-142433,ES-14020,2019-04-20,US,Central,United States,Consumer,Medium,117.456,3,0.2,0.2,1,1,0,4,5,1,212.0,1,0.0,0.125,1279,183.0,0.14307931570762053
CA-2019-149342,TS-21160,2019-04-20,US,South,United States,Corporate,Medium,896.31,11,0.0,0.0,3,3,1,4,5,1,4.0,2,0.0,0.1111111111111111,1280,183.0,0.14296814296814297
CA-2019-149342,TS-21160,2019-04-20,US,South,United States,Corporate,Medium,896.31,11,0.0,0.0,3,3,1,4,5,1,0.0,3,1.0,0.2,1281,184.0,0.14363354037267081
CA-2019-149342,TS-21160,2019-04-20,US,South,United States,Corporate,Medium,896.31,11,0.0,0.0,3,3,1,4,5,1,0.0,4,2.0,0.2727272727272727,1282,185.0,0.1442979053529868
CA-2019-107678,JK-16090,2019-04-21,US,South,United States,Consumer,Medium,893.09,13,0.0,0.0,4,3,1,4,6,1,9999.0,0,0.0,0.14285714285714285,1283,186.0,0.1449612403100775
CA-2019-107678,JK-16090,2019-04-21,US,South,United States,Consumer,Medium,893.09,13,0.0,0.0,4,3,1,4,6,1,0.0,1,1.0,0.25,1284,187.0,0.14562354763749033
CA-2019-107678,JK-16090,2019-04-21,US,South,United States,Consumer,Medium,893.09,13,0.0,0.0,4,3,1,4,6,1,0.0,2,2.0,0.3333333333333333,1285,188.0,0.14628482972136223
CA-2019-107678,JK-16090,2019-04-21,US,South,United States,Consumer,Medium,893.09,13,0.0,0.0,4,3,1,4,6,1,0.0,3,3.0,0.4,1286,189.0,0.14694508894044858
CA-2019-151253,AZ-10750,2019-04-22,US,West,United States,Consumer,Medium,152.916,6,0.1,0.2,2,2,0,4,0,0,393.0,2,0.0,0.1111111111111111,1287,190.0,0.14760432766615147
CA-2019-118227,DB-13270,2019-04-24,US,East,United States,Home Office,Medium,25.99,1,0.0,0.0,1,1,0,4,2,0,444.0,1,0.0,0.125,1288,190.0,0.14749034749034748
CA-2019-112557,JL-15850,2019-04-25,US,East,United States,Consumer,Medium,206.43,3,0.0,0.0,1,1,0,4,3,0,23.0,3,0.0,0.1,1289,190.0,0.14737654320987653
CA-2019-115420,LS-16945,2019-04-25,US,West,United States,Corporate,Medium,21.34,2,0.0,0.0,1,1,0,4,3,0,9999.0,0,0.0,0.14285714285714285,1290,190.0,0.14726291441788744
CA-2019-130365,ZC-21910,2019-04-25,US,Central,United States,Consumer,Medium,349.082,5,0.25,0.3,2,2,0,4,3,0,12.0,3,0.0,0.1,1291,190.0,0.14714946070878274
CA-2019-143602,JS-15595,2019-04-25,US,West,United States,Corporate,Medium,13.943999999999999,3,0.2,0.2,1,1,1,4,3,0,418.0,1,0.0,0.125,1292,190.0,0.147036181678214
CA-2019-153878,TS-21655,2019-04-25,US,Central,United States,Consumer,Medium,330.15,10,0.0,0.0,2,1,0,4,3,0,78.0,1,0.0,0.125,1293,191.0,0.1476923076923077
CA-2019-122266,SA-20830,2019-04-26,US,South,United States,Consumer,Medium,194.1395,2,0.325,0.45,2,2,0,4,4,0,179.0,2,0.0,0.1111111111111111,1294,191.0,0.14757878554957723
CA-2019-137302,BW-11110,2019-04-26,US,West,United States,Corporate,Medium,485.78400000000005,12,0.15000000000000002,0.2,4,3,0,4,4,0,37.0,1,0.0,0.125,1295,191.0,0.14746543778801843
US-2019-114839,PW-19240,2019-04-26,US,Central,United States,Consumer,Medium,408.422,2,0.3,0.3,1,1,0,4,4,0,64.0,2,0.0,0.1111111111111111,1296,191.0,0.14735226400613968
US-2019-134026,JE-15745,2019-04-26,US,South,United States,Consumer,Medium,1001.7600000000002,11,0.20000000000000004,0.2,3,2,0,4,4,0,151.0,2,0.0,0.1111111111111111,1297,191.0,0.147239263803681
CA-2019-124450,GT-14710,2019-04-27,US,East,United States,Consumer,Medium,2670.19,14,0.0,0.0,3,3,0,4,5,1,161.0,2,0.0,0.1111111111111111,1298,191.0,0.1471264367816092
CA-2019-151841,TC-21475,2019-04-27,US,West,United States,Home Office,Medium,49.400000000000006,7,0.2,0.2,2,1,0,4,5,1,156.0,1,0.0,0.125,1299,191.0,0.14701378254211334
CA-2019-120782,SD-20485,2019-04-28,US,Central,United States,Home Office,Medium,3999.702,4,0.05,0.1,2,1,0,4,6,1,200.0,4,0.0,0.09090909090909091,1300,191.0,0.14690130068859986
CA-2019-130792,RA-19915,2019-04-28,US,Central,United States,Consumer,Medium,44.66,10,0.6,0.8,3,1,0,4,6,1,178.0,3,0.0,0.1,1301,191.0,0.14678899082568808
CA-2019-157434,JK-15640,2019-04-29,US,East,United States,Home Office,Medium,7.968000000000001,2,0.2,0.2,1,1,0,4,0,0,44.0,3,0.0,0.1,1302,191.0,0.1466768525592055
CA-2019-103716,KB-16585,2019-04-30,US,West,United States,Corporate,Medium,54.45,8,0.1,0.2,2,2,1,4,1,0,51.0,4,0.0,0.09090909090909091,1303,191.0,0.1465648854961832
CA-2019-103716,KB-16585,2019-04-30,US,West,United States,Corporate,Medium,54.45,8,0.1,0.2,2,2,1,4,1,0,0.0,5,1.0,0.16666666666666666,1304,192.0,0.14721586575133486
CA-2019-135174,BP-11230,2019-04-30,US,East,United States,Consumer,Medium,1022.97,5,0.4,0.4,1,1,0,4,1,0,375.0,1,0.0,0.125,1305,193.0,0.14786585365853658
US-2019-115238,JW-15220,2019-04-30,US,East,United States,Corporate,Medium,281.16,22,0.0,0.0,5,3,0,4,1,0,9999.0,0,0.0,0.14285714285714285,1306,193.0,0.14775323686214775
US-2019-164175,PS-18970,2019-04-30,US,Central,United States,Home Office,Medium,213.11499999999998,5,0.3,0.3,1,1,0,4,1,0,380.0,1,0.0,0.125,1307,193.0,0.1476407914764079
CA-2019-104486,PO-18850,2019-05-01,US,West,United States,Consumer,Medium,84.55600000000001,6,0.06666666666666667,0.2,3,1,0,5,2,0,145.0,2,0.0,0.1111111111111111,1308,193.0,0.14752851711026616
CA-2019-145821,JB-15400,2019-05-01,US,West,United States,Corporate,Medium,88.752,3,0.2,0.2,1,1,0,5,2,0,229.0,1,0.0,0.125,1309,193.0,0.1474164133738602
CA-2019-161998,DB-13120,2019-05-01,US,South,United States,Corporate,Medium,277.632,12,0.20000000000000004,0.2,3,2,0,5,2,0,9999.0,0,0.0,0.14285714285714285,1310,193.0,0.14730447987851178
CA-2019-116687,NC-18625,2019-05-02,US,Central,United States,Corporate,Medium,167.232,6,0.2,0.2,2,2,0,5,3,0,185.0,1,0.0,0.125,1311,193.0,0.1471927162367223
CA-2019-107937,JB-16045,2019-05-03,US,West,United States,Home Office,Medium,665.88,6,0.0,0.0,1,1,0,5,4,0,9999.0,0,0.0,0.14285714285714285,1312,193.0,0.1470811220621683
CA-2019-112130,SV-20785,2019-05-03,US,East,United States,Consumer,Medium,1058.1879999999999,25,0.21428571428571427,0.3,7,3,0,5,4,0,316.0,4,0.0,0.09090909090909091,1313,193.0,0.14696969696969697
CA-2019-150770,LC-16870,2019-05-03,US,West,United States,Consumer,Medium,460.844,11,0.1,0.2,4,2,1,5,4,0,9999.0,0,0.0,0.14285714285714285,1314,193.0,0.1468584405753217
CA-2019-150770,LC-16870,2019-05-03,US,West,United States,Consumer,Medium,460.844,11,0.1,0.2,4,2,1,5,4,0,0.0,1,1.0,0.25,1315,194.0,0.1475037821482602
CA-2019-150770,LC-16870,2019-05-03,US,West,United States,Consumer,Medium,460.844,11,0.1,0.2,4,2,1,5,4,0,0.0,2,2.0,0.3333333333333333,1316,195.0,0.14814814814814814
CA-2019-150770,LC-16870,2019-05-03,US,West,United States,Consumer,Medium,460.844,11,0.1,0.2,4,2,1,5,4,0,0.0,3,3.0,0.4,1317,196.0,0.1487915407854985
CA-2019-160864,NF-18595,2019-05-03,US,West,United States,Home Office,Medium,13.847999999999999,3,0.2,0.2,1,1,0,5,4,0,29.0,4,0.0,0.09090909090909091,1318,197.0,0.14943396226415095
CA-2019-110548,AH-10690,2019-05-04,US,Central,United States,Corporate,Medium,946.344,7,0.2,0.2,1,1,0,5,5,1,397.0,1,0.0,0.125,1319,197.0,0.1493212669683258
CA-2019-129700,LA-16780,2019-05-04,US,Central,United States,Corporate,Medium,22.288,7,0.6,0.6,1,1,0,5,5,1,297.0,2,0.0,0.1111111111111111,1320,197.0,0.1492087415222306
CA-2019-144253,AS-10225,2019-05-04,US,East,United States,Corporate,Medium,26.8,2,0.0,0.0,1,1,0,5,5,1,198.0,1,0.0,0.125,1321,197.0,0.14909638554216867
CA-2019-146290,SV-20815,2019-05-04,US,Central,United States,Corporate,Medium,125.92999999999999,7,0.0,0.0,1,1,0,5,5,1,9999.0,0,0.0,0.14285714285714285,1322,197.0,0.1489841986455982
CA-2019-137512,AG-10675,2019-05-07,US,Central,United States,Consumer,Medium,259.94199999999995,6,0.25,0.3,2,2,0,5,1,0,9999.0,0,0.0,0.14285714285714285,1323,197.0,0.14887218045112782
CA-2019-147879,CC-12220,2019-05-07,US,South,United States,Consumer,Medium,45.68,2,0.0,0.0,1,1,0,5,1,0,174.0,3,0.0,0.1,1324,197.0,0.1487603305785124
CA-2019-109939,AA-10375,2019-05-08,US,West,United States,Consumer,Medium,5.248,2,0.2,0.2,1,1,0,5,2,0,94.0,3,0.0,0.1,1325,197.0,0.14864864864864866
CA-2019-113971,CB-12535,2019-05-08,US,East,United States,Corporate,Medium,8.352,6,0.2,0.2,1,1,0,5,2,0,126.0,1,0.0,0.125,1326,197.0,0.1485371342835709
CA-2019-136798,DL-12925,2019-05-08,US,Central,United States,Consumer,Medium,545.91,8,0.0,0.0,3,3,0,5,2,0,188.0,2,0.0,0.1111111111111111,1327,197.0,0.14842578710644677
CA-2019-142055,AB-10255,2019-05-08,US,East,United States,Home Office,Medium,37.94,2,0.0,0.0,1,1,0,5,2,0,290.0,1,0.0,0.125,1328,197.0,0.14831460674157304
US-2019-160857,NW-18400,2019-05-08,US,East,United States,Consumer,Medium,3384.518,18,0.06000000000000001,0.2,5,3,1,5,2,0,163.0,2,0.0,0.1111111111111111,1329,197.0,0.14820359281437126
US-2019-160857,NW-18400,2019-05-08,US,East,United States,Consumer,Medium,3384.518,18,0.06000000000000001,0.2,5,3,1,5,2,0,0.0,3,1.0,0.2,1330,198.0,0.14884068810770382
US-2019-160857,NW-18400,2019-05-08,US,East,United States,Consumer,Medium,3384.518,18,0.06000000000000001,0.2,5,3,1,5,2,0,0.0,4,2.0,0.2727272727272727,1331,199.0,0.14947683109118087
US-2019-160857,NW-18400,2019-05-08,US,East,United States,Consumer,Medium,3384.518,18,0.06000000000000001,0.2,5,3,1,5,2,0,0.0,5,3.0,0.3333333333333333,1332,200.0,0.15011202389843167
US-2019-160857,NW-18400,2019-05-08,US,East,United States,Consumer,Medium,3384.518,18,0.06000000000000001,0.2,5,3,1,5,2,0,0.0,6,4.0,0.38461538461538464,1333,201.0,0.15074626865671642
CA-2019-155635,ME-17725,2019-05-09,US,South,United States,Consumer,Medium,48.81,3,0.0,0.0,1,1,0,5,3,0,301.0,1,0.0,0.125,1334,202.0,0.15137956748695003
CA-2019-129217,DP-13390,2019-05-10,US,Central,United States,Home Office,Medium,107.75399999999999,7,0.5,0.8,2,1,0,5,4,0,47.0,4,0.0,0.09090909090909091,1335,202.0,0.1512667660208644
CA-2019-144043,AB-10165,2019-05-10,US,West,United States,Consumer,Medium,46.688,4,0.2,0.2,1,1,0,5,4,0,43.0,2,0.0,0.1111111111111111,1336,202.0,0.15115413253909157
CA-2019-135727,PS-18970,2019-05-11,US,West,United States,Home Office,Medium,191.96800000000002,7,0.2,0.2,1,1,0,5,5,1,11.0,2,0.0,0.1111111111111111,1337,202.0,0.15104166666666666
CA-2019-130876,AZ-10750,2019-05-12,US,East,United States,Consumer,Medium,36.63,3,0.0,0.0,1,1,0,5,6,1,20.0,3,0.0,0.1,1338,202.0,0.15092936802973977
CA-2019-131856,JG-15160,2019-05-12,US,Central,United States,Consumer,Medium,769.0240000000001,17,0.3333333333333333,0.6,3,3,0,5,6,1,325.0,2,0.0,0.1111111111111111,1339,202.0,0.15081723625557206
CA-2019-159380,CS-12505,2019-05-12,US,West,United States,Consumer,Medium,38.519999999999996,9,0.0,0.0,2,1,0,5,6,1,412.0,1,0.0,0.125,1340,202.0,0.15070527097253156
CA-2019-162607,RO-19780,2019-05-12,US,West,United States,Consumer,Medium,14.592000000000002,3,0.2,0.2,1,1,0,5,6,1,9999.0,0,0.0,0.14285714285714285,1341,202.0,0.15059347181008903
US-2019-122910,LT-16765,2019-05-12,US,West,United States,Consumer,Medium,201.584,2,0.2,0.2,1,1,0,5,6,1,253.0,1,1.0,0.25,1342,202.0,0.15048183839881393
CA-2019-145835,BF-11170,2019-05-13,US,Central,United States,Home Office,Medium,238.38400000000001,6,0.2,0.2,2,2,0,5,0,0,140.0,3,0.0,0.1,1343,202.0,0.15037037037037038
CA-2019-100146,CB-12535,2019-05-14,US,West,United States,Corporate,Medium,1452.7875,13,0.1375,0.2,4,1,0,5,1,0,6.0,2,0.0,0.1111111111111111,1344,202.0,0.15025906735751296
CA-2019-119291,JO-15550,2019-05-14,US,East,United States,Home Office,Medium,570.4920000000001,29,0.34285714285714286,0.7,7,1,0,5,1,0,56.0,1,0.0,0.125,1345,202.0,0.15014792899408283
CA-2019-165162,HG-15025,2019-05-14,US,West,United States,Consumer,Medium,1117.92,4,0.0,0.0,1,1,0,5,1,0,212.0,1,0.0,0.125,1346,202.0,0.15003695491500368
CA-2019-138492,FC-14335,2019-05-15,US,East,United States,Corporate,Medium,51.967999999999996,2,0.2,0.2,1,1,0,5,2,0,46.0,3,0.0,0.1,1347,202.0,0.1499261447562777
CA-2019-166604,AH-10690,2019-05-15,US,South,United States,Corporate,Medium,17.94,3,0.0,0.0,1,1,0,5,2,0,11.0,2,0.0,0.1111111111111111,1348,202.0,0.14981549815498155
CA-2019-100769,TH-21550,2019-05-16,US,South,United States,Home Office,Medium,255.968,4,0.2,0.2,1,1,0,5,3,0,406.0,1,0.0,0.125,1349,202.0,0.14970501474926254
CA-2019-100251,DV-13465,2019-05-17,US,East,United States,Consumer,Medium,87.1,14,0.0,0.0,2,1,0,5,4,0,329.0,1,0.0,0.125,1350,202.0,0.14959469417833457
US-2019-117184,ON-18715,2019-05-17,US,Central,United States,Corporate,Medium,47.367999999999995,8,0.5,0.8,2,1,0,5,4,0,166.0,3,0.0,0.1,1351,202.0,0.14948453608247422
CA-2019-165554,AJ-10780,2019-05-18,US,West,United States,Corporate,Medium,10.86,2,0.0,0.0,1,1,0,5,5,1,141.0,3,1.0,0.2,1352,202.0,0.14937454010301693
CA-2019-153535,SG-20470,2019-05-20,US,South,United States,Consumer,Medium,169.54399999999998,8,0.44999999999999996,0.7,2,2,0,5,0,0,58.0,3,0.0,0.1,1353,202.0,0.14926470588235294
CA-2019-102806,HG-14965,2019-05-21,US,East,United States,Corporate,Medium,24.588,2,0.7,0.7,1,1,0,5,1,0,237.0,2,0.0,0.1111111111111111,1354,202.0,0.14915503306392358
CA-2019-169278,ME-18010,2019-05-21,US,West,United States,Corporate,Medium,26.976,4,0.2,0.2,1,1,0,5,1,0,149.0,2,0.0,0.1111111111111111,1355,202.0,0.14904552129221732
US-2019-168914,JE-15745,2019-05-21,US,Central,United States,Consumer,Medium,20.767999999999997,8,0.8,0.8,1,1,0,5,1,0,25.0,3,0.0,0.1,1356,202.0,0.14893617021276595
CA-2019-149846,SB-20185,2019-05-22,US,West,United States,Consumer,Medium,3862.0980000000004,22,0.1,0.2,4,2,0,5,2,0,36.0,2,0.0,0.1111111111111111,1357,202.0,0.14882697947214077
CA-2019-119102,KH-16690,2019-05-23,US,East,United States,Corporate,Medium,51.449999999999996,3,0.0,0.0,1,1,0,5,3,0,428.0,1,0.0,0.125,1358,202.0,0.14871794871794872
CA-2019-136805,NM-18445,2019-05-23,US,Central,United States,Home Office,Medium,925.83,14,0.05,0.1,2,2,0,5,3,0,200.0,4,0.0,0.09090909090909091,1359,202.0,0.1486090775988287
CA-2019-154921,EA-14035,2019-05-23,US,South,United States,Corporate,Medium,186.69,3,0.0,0.0,1,1,0,5,3,0,169.0,7,5.0,0.42857142857142855,1360,202.0,0.1485003657644477
US-2019-110569,EB-13870,2019-05-23,US,West,United States,Consumer,Medium,140.98600000000002,11,0.44999999999999996,0.7,2,1,1,5,3,0,196.0,2,0.0,0.1111111111111111,1361,202.0,0.14839181286549707
US-2019-110569,EB-13870,2019-05-23,US,West,United States,Consumer,Medium,140.98600000000002,11,0.44999999999999996,0.7,2,1,1,5,3,0,0.0,3,1.0,0.2,1362,203.0,0.14901387874360847
US-2019-165512,VS-21820,2019-05-24,US,Central,United States,Consumer,Medium,610.3069999999999,13,0.55,0.8,2,2,0,5,4,0,502.0,1,0.0,0.125,1363,204.0,0.14963503649635038
CA-2019-109708,CY-12745,2019-05-25,US,South,United States,Corporate,Medium,467.03999999999996,4,0.2,0.2,1,1,0,5,5,1,164.0,1,0.0,0.125,1364,204.0,0.14952589350838805
CA-2019-132941,MM-18280,2019-05-25,US,Central,United States,Corporate,Medium,262.72,11,0.20000000000000004,0.2,3,2,1,5,5,1,490.0,1,0.0,0.125,1365,204.0,0.14941690962099125
CA-2019-132941,MM-18280,2019-05-25,US,Central,United States,Corporate,Medium,262.72,11,0.20000000000000004,0.2,3,2,1,5,5,1,0.0,2,1.0,0.2222222222222222,1366,205.0,0.15003641660597233
CA-2019-132941,MM-18280,2019-05-25,US,Central,United States,Corporate,Medium,262.72,11,0.20000000000000004,0.2,3,2,1,5,5,1,0.0,3,2.0,0.3,1367,206.0,0.15065502183406113
CA-2019-138898,JH-16180,2019-05-25,US,West,United States,Consumer,Medium,845.728,13,0.2,0.2,1,1,0,5,5,1,9999.0,0,0.0,0.14285714285714285,1368,207.0,0.15127272727272728
CA-2019-141768,NP-18685,2019-05-25,US,West,United States,Home Office,Medium,14.73,3,0.0,0.0,1,1,0,5,5,1,444.0,1,0.0,0.125,1369,207.0,0.1511627906976744
US-2019-152128,NM-18445,2019-05-25,US,Central,United States,Home Office,Medium,149.2,5,0.0,0.0,2,1,0,5,5,1,2.0,5,0.0,0.08333333333333333,1370,207.0,0.15105301379811184
CA-2019-143147,PS-18760,2019-05-26,US,Central,United States,Consumer,Medium,610.156,8,0.3333333333333333,0.4,3,2,0,5,6,1,345.0,1,0.0,0.125,1371,207.0,0.1509433962264151
CA-2019-148964,RD-19900,2019-05-26,US,West,United States,Consumer,Medium,20.24,1,0.0,0.0,1,1,0,5,6,1,65.0,4,0.0,0.09090909090909091,1372,207.0,0.15083393763596809
US-2019-113327,BF-11170,2019-05-26,US,South,United States,Home Office,Medium,352.168,14,0.2,0.2,4,2,0,5,6,1,13.0,4,0.0,0.09090909090909091,1373,207.0,0.15072463768115943
CA-2019-118948,NK-18490,2019-05-28,US,West,United States,Home Office,Medium,6.63,3,0.0,0.0,1,1,0,5,1,0,9999.0,0,0.0,0.14285714285714285,1374,207.0,0.15061549601737872
CA-2019-131758,KB-16315,2019-05-28,US,East,United States,Consumer,Medium,60.87,8,0.0,0.0,2,1,0,5,1,0,103.0,4,0.0,0.09090909090909091,1375,207.0,0.15050651230101303
CA-2019-135020,MS-17770,2019-05-28,US,East,United States,Consumer,Medium,632.856,13,0.05,0.2,4,2,0,5,1,0,182.0,4,0.0,0.09090909090909091,1376,207.0,0.15039768618944324
CA-2019-149601,TB-21625,2019-05-28,US,East,United States,Consumer,Medium,93.78999999999999,6,0.0,0.0,2,1,0,5,1,0,295.0,1,0.0,0.125,1377,207.0,0.15028901734104047
CA-2019-104297,CC-12100,2019-05-29,US,East,United States,Home Office,Medium,85.056,3,0.2,0.2,1,1,0,5,2,0,164.0,1,0.0,0.125,1378,207.0,0.15018050541516245
CA-2019-111339,VP-21760,2019-05-29,US,East,United States,Corporate,Medium,366.666,12,0.2333333333333333,0.3,3,2,0,5,2,0,171.0,3,0.0,0.1,1379,207.0,0.15007215007215008
CA-2019-120880,JL-15850,2019-05-29,US,West,United States,Consumer,Medium,740.7299999999999,13,0.06666666666666667,0.2,3,1,0,5,2,0,34.0,4,0.0,0.09090909090909091,1380,207.0,0.1499639509733237
CA-2019-168277,KB-16315,2019-05-29,US,Central,United States,Consumer,Medium,12.39,3,0.0,0.0,1,1,0,5,2,0,1.0,5,0.0,0.08333333333333333,1381,207.0,0.14985590778097982
CA-2019-103177,EN-13780,2019-05-30,US,East,United States,Consumer,Medium,529.14,8,0.0,0.0,3,2,0,5,3,0,9999.0,0,0.0,0.14285714285714285,1382,207.0,0.14974802015838734
CA-2019-163923,BD-11560,2019-05-30,US,South,United States,Home Office,Medium,151.96,4,0.0,0.0,1,1,0,5,3,0,9999.0,0,0.0,0.14285714285714285,1383,207.0,0.14964028776978416
CA-2019-100818,JM-15265,2019-05-31,US,Central,United States,Corporate,Medium,234.51600000000002,14,0.45,0.8,4,2,0,5,4,0,279.0,1,0.0,0.125,1384,207.0,0.14953271028037382
CA-2019-120677,BD-11320,2019-05-31,US,Central,United States,Consumer,Medium,2567.84,8,0.0,0.0,1,1,0,5,4,0,9999.0,0,0.0,0.14285714285714285,1385,207.0,0.14942528735632185
CA-2019-124919,SP-20650,2019-05-31,US,West,United States,Corporate,Medium,244.77999999999997,17,0.0,0.0,3,1,0,5,4,0,209.0,3,0.0,0.1,1386,207.0,0.14931801866475233
CA-2019-133627,SC-20050,2019-05-31,US,East,United States,Home Office,Medium,22.200000000000003,6,0.0,0.0,1,1,0,5,4,0,439.0,1,0.0,0.125,1387,207.0,0.1492109038737446
CA-2019-136224,ML-18265,2019-05-31,US,South,United States,Consumer,Medium,10.272000000000002,3,0.2,0.2,1,1,0,5,4,0,9999.0,0,0.0,0.14285714285714285,1388,207.0,0.14910394265232976
CA-2019-147788,TM-21010,2019-05-31,US,West,United States,Consumer,Medium,1745.71,14,0.0,0.0,3,2,0,5,4,0,296.0,3,0.0,0.1,1389,207.0,0.1489971346704871
CA-2019-149748,EM-13825,2019-05-31,US,East,United States,Corporate,Medium,345.26,8,0.0,0.0,3,2,0,5,4,0,125.0,2,0.0,0.1111111111111111,1390,207.0,0.148890479599141
CA-2019-156153,CW-11905,2019-05-31,US,East,United States,Home Office,Medium,7.5600000000000005,6,0.0,0.0,1,1,0,5,4,0,128.0,3,2.0,0.3,1391,207.0,0.14878397711015737
CA-2019-161242,CG-12040,2019-06-01,US,West,United States,Home Office,Medium,11.76,2,0.0,0.0,1,1,0,6,5,1,9999.0,0,0.0,0.14285714285714285,1392,207.0,0.14867762687634023
US-2019-132836,AJ-10945,2019-06-01,US,Central,United States,Consumer,Medium,774.47,17,0.0,0.0,4,2,0,6,5,1,455.0,1,0.0,0.125,1393,207.0,0.14857142857142858
US-2019-163685,KE-16420,2019-06-01,US,Central,United States,Corporate,Medium,47.968,18,0.5,0.8,2,1,0,6,5,1,332.0,3,0.0,0.1,1394,207.0,0.14846538187009278
CA-2019-158491,BP-11155,2019-06-04,US,West,United States,Consumer,Medium,1109.95,5,0.0,0.0,2,1,0,6,1,0,9999.0,0,0.0,0.14285714285714285,1395,207.0,0.14835948644793154
CA-2019-164833,LL-16840,2019-06-04,US,West,United States,Consumer,Medium,16.64,4,0.0,0.0,2,1,0,6,1,0,49.0,3,0.0,0.1,1396,207.0,0.1482537419814683
US-2019-142020,TC-21535,2019-06-04,US,East,United States,Home Office,Medium,65.72,7,0.0,0.0,2,2,0,6,1,0,213.0,1,0.0,0.125,1397,207.0,0.14814814814814814
CA-2019-115168,BB-11545,2019-06-05,US,Central,United States,Corporate,Medium,10.56,2,0.0,0.0,1,1,0,6,2,0,9999.0,0,0.0,0.14285714285714285,1398,207.0,0.1480427046263345
CA-2019-166947,EB-13750,2019-06-05,US,East,United States,Corporate,Medium,1522.638,9,0.1,0.1,1,1,0,6,2,0,85.0,1,0.0,0.125,1399,207.0,0.14793741109530584
CA-2019-142041,EM-13810,2019-06-07,US,West,United States,Corporate,Medium,7.52,5,0.2,0.2,1,1,0,6,4,0,9999.0,0,0.0,0.14285714285714285,1400,207.0,0.1478322672352523
CA-2019-157343,HD-14785,2019-06-07,US,East,United States,Home Office,Medium,52.248000000000005,12,0.3666666666666667,0.7,3,1,0,6,4,0,392.0,1,0.0,0.125,1401,207.0,0.14772727272727273
CA-2019-162201,AG-10495,2019-06-08,US,South,United States,Corporate,Medium,937.6080000000001,35,0.2714285714285714,0.7,7,2,0,6,5,1,155.0,1,0.0,0.125,1402,207.0,0.14762242725337119
CA-2019-164007,MG-17695,2019-06-08,US,Central,United States,Consumer,Medium,145.50399999999996,5,0.5,0.8,2,2,0,6,5,1,164.0,1,0.0,0.125,1403,207.0,0.1475177304964539
CA-2019-101868,MJ-17740,2019-06-09,US,South,United States,Consumer,Medium,175.32,13,0.5333333333333333,0.7,3,2,0,6,6,1,9999.0,0,0.0,0.14285714285714285,1404,207.0,0.147413182140326
CA-2019-110947,AG-10765,2019-06-09,US,South,United States,Home Office,Medium,113.10000000000001,3,0.0,0.0,1,1,0,6,6,1,265.0,1,0.0,0.125,1405,207.0,0.14730878186968838
CA-2019-141012,TG-21640,2019-06-09,US,West,United States,Consumer,Medium,495.736,7,0.1,0.2,2,2,0,6,6,1,435.0,1,0.0,0.125,1406,207.0,0.14720452937013448
CA-2019-144190,NC-18415,2019-06-09,US,Central,United States,Consumer,Medium,12.96,2,0.0,0.0,1,1,0,6,6,1,52.0,3,0.0,0.1,1407,207.0,0.1471004243281471
CA-2019-121720,JE-15610,2019-06-11,US,South,United States,Corporate,Medium,3165.744,25,0.325,0.7,8,3,0,6,1,0,240.0,1,0.0,0.125,1408,207.0,0.1469964664310954
US-2019-123960,BD-11605,2019-06-11,US,South,United States,Consumer,Medium,207.82,22,0.0,0.0,5,3,0,6,1,0,300.0,6,5.0,0.46153846153846156,1409,207.0,0.14689265536723164
CA-2019-104115,JH-15910,2019-06-12,US,South,United States,Consumer,Medium,55.98400000000001,2,0.2,0.2,1,1,0,6,2,0,9999.0,0,0.0,0.14285714285714285,1410,207.0,0.14678899082568808
CA-2019-131779,LE-16810,2019-06-12,US,East,United States,Consumer,Medium,29.900000000000002,5,0.0,0.0,1,1,0,6,2,0,178.0,2,0.0,0.1111111111111111,1411,207.0,0.1466854724964739
CA-2019-136105,SZ-20035,2019-06-12,US,Central,United States,Home Office,Medium,24.56,2,0.0,0.0,1,1,0,6,2,0,220.0,2,0.0,0.1111111111111111,1412,207.0,0.14658210007047218
CA-2019-139850,GB-14575,2019-06-12,US,East,United States,Consumer,Medium,64.03200000000001,6,0.2,0.2,2,2,0,6,2,0,9999.0,0,0.0,0.14285714285714285,1413,207.0,0.14647887323943662
CA-2019-104059,FC-14245,2019-06-13,US,East,United States,Home Office,Medium,3.4240000000000004,1,0.2,0.2,1,1,0,6,3,0,9999.0,0,0.0,0.14285714285714285,1414,207.0,0.14637579169598874
CA-2019-104941,DH-13075,2019-06-13,US,South,United States,Corporate,Medium,976.2900000000001,17,0.0,0.0,4,2,0,6,3,0,85.0,3,0.0,0.1,1415,207.0,0.14627285513361463
CA-2019-127418,JJ-15445,2019-06-13,US,West,United States,Consumer,Medium,36.624,3,0.2,0.2,1,1,0,6,3,0,100.0,1,0.0,0.125,1416,207.0,0.14617006324666199
CA-2019-137281,BF-10975,2019-06-13,US,South,United States,Corporate,Medium,6.48,1,0.0,0.0,1,1,0,6,3,0,316.0,2,0.0,0.1111111111111111,1417,207.0,0.14606741573033707
CA-2019-155054,PS-19045,2019-06-13,US,East,United States,Home Office,Medium,106.08,6,0.0,0.0,3,2,0,6,3,0,111.0,2,1.0,0.2222222222222222,1418,207.0,0.14596491228070174
CA-2019-120439,AD-10180,2019-06-14,US,East,United States,Home Office,Medium,51.072,6,0.2,0.2,1,1,0,6,4,0,170.0,2,0.0,0.1111111111111111,1419,207.0,0.1458625525946704
CA-2019-129896,PF-19120,2019-06-15,US,West,United States,Consumer,Medium,496.8960000000001,14,0.2,0.2,4,2,0,6,5,1,69.0,2,0.0,0.1111111111111111,1420,207.0,0.14576033637000702
CA-2019-164567,GK-14620,2019-06-15,US,West,United States,Corporate,Medium,225.57599999999996,3,0.2,0.2,1,1,0,6,5,1,337.0,2,0.0,0.1111111111111111,1421,207.0,0.14565826330532214
US-2019-106495,AC-10450,2019-06-15,US,South,United States,Consumer,Medium,11.672,1,0.2,0.2,1,1,0,6,5,1,227.0,1,0.0,0.125,1422,207.0,0.14555633310007
CA-2019-118955,LS-17230,2019-06-16,US,Central,United States,Consumer,Medium,253.33999999999997,8,0.2333333333333333,0.3,3,2,0,6,6,1,526.0,1,0.0,0.125,1423,207.0,0.14545454545454545
CA-2019-167269,PB-19150,2019-06-16,US,East,United States,Consumer,Medium,6.208,2,0.2,0.2,1,1,0,6,6,1,154.0,5,0.0,0.08333333333333333,1424,207.0,0.1453529000698812
US-2019-163825,LC-16885,2019-06-16,US,East,United States,Consumer,Medium,3184.356,5,0.1,0.2,2,2,0,6,6,1,385.0,2,0.0,0.1111111111111111,1425,207.0,0.1452513966480447
CA-2019-122287,SN-20560,2019-06-18,US,West,United States,Home Office,Medium,101.004,17,0.44999999999999996,0.7,4,2,0,6,1,0,9999.0,0,0.0,0.14285714285714285,1426,207.0,0.1451500348918353
CA-2019-133242,KH-16510,2019-06-18,US,South,United States,Consumer,Medium,1046.47,12,0.0,0.0,5,3,0,6,1,0,180.0,3,0.0,0.1,1427,207.0,0.14504881450488144
CA-2019-147011,HR-14830,2019-06-18,US,South,United States,Corporate,Medium,13.632,4,0.2,0.2,1,1,0,6,1,0,93.0,5,4.0,0.4166666666666667,1428,207.0,0.14494773519163764
CA-2019-154200,BG-11740,2019-06-18,US,West,United States,Consumer,Medium,51.98,2,0.0,0.0,1,1,0,6,1,0,452.0,1,0.0,0.125,1429,207.0,0.14484679665738162
CA-2019-156734,BV-11245,2019-06-18,US,South,United States,Corporate,Medium,670.001,11,0.3666666666666667,0.7,3,2,0,6,1,0,84.0,1,0.0,0.125,1430,207.0,0.14474599860821155
CA-2019-111864,PP-18955,2019-06-19,US,East,United States,Home Office,Medium,5.904,2,0.2,0.2,1,1,0,6,2,0,263.0,3,0.0,0.1,1431,207.0,0.14464534075104313
CA-2019-121965,LH-17155,2019-06-19,US,West,United States,Consumer,Medium,205.73,6,0.0,0.0,3,2,0,6,2,0,189.0,1,0.0,0.125,1432,207.0,0.14454482279360667
CA-2019-144302,ME-17320,2019-06-19,US,Central,United States,Home Office,Medium,5.791999999999999,2,0.8,0.8,1,1,0,6,2,0,529.0,1,0.0,0.125,1433,207.0,0.14444444444444443
CA-2019-163734,KM-16375,2019-06-19,US,Central,United States,Home Office,Medium,228.92,5,0.2,0.2,1,1,0,6,2,0,170.0,2,0.0,0.1111111111111111,1434,207.0,0.1443442054129077
CA-2019-140144,SC-20770,2019-06-20,US,West,United States,Corporate,Medium,383.616,9,0.1,0.2,2,2,0,6,3,0,9999.0,0,0.0,0.14285714285714285,1435,207.0,0.14424410540915394
CA-2019-158351,BC-11125,2019-06-20,US,East,United States,Home Office,Medium,319.98400000000004,2,0.2,0.2,1,1,0,6,3,0,280.0,2,0.0,0.1111111111111111,1436,207.0,0.14414414414414414
US-2019-136427,JM-16195,2019-06-20,US,West,United States,Consumer,Medium,125.944,7,0.2,0.2,1,1,0,6,3,0,125.0,7,5.0,0.42857142857142855,1437,207.0,0.1440443213296399
CA-2019-123330,EP-13915,2019-06-21,US,South,United States,Consumer,Medium,107.97600000000001,3,0.2,0.2,1,1,0,6,4,0,99.0,2,0.0,0.1111111111111111,1438,207.0,0.1439446366782007
CA-2019-124975,MG-17875,2019-06-22,US,Central,United States,Home Office,Medium,796.4250000000001,7,0.5,0.5,1,1,0,6,5,1,484.0,2,2.0,0.3333333333333333,1439,207.0,0.14384508990318118
CA-2019-128167,KL-16645,2019-06-22,US,West,United States,Consumer,Medium,4.96,4,0.0,0.0,1,1,0,6,5,1,315.0,2,0.0,0.1111111111111111,1440,207.0,0.1437456807187284
CA-2019-153423,SW-20455,2019-06-22,US,East,United States,Consumer,Medium,1217.568,2,0.2,0.2,1,1,0,6,5,1,9999.0,0,0.0,0.14285714285714285,1441,207.0,0.143646408839779
CA-2019-106187,RF-19345,2019-06-23,US,South,United States,Corporate,Medium,268.4,7,0.0,0.0,3,3,0,6,6,1,192.0,4,0.0,0.09090909090909091,1442,207.0,0.14354727398205658
CA-2019-122826,RD-19480,2019-06-23,US,West,United States,Consumer,Medium,201.568,4,0.2,0.2,1,1,0,6,6,1,380.0,1,0.0,0.125,1443,207.0,0.14344827586206896
CA-2019-139164,CS-12355,2019-06-23,US,West,United States,Consumer,Medium,366.99,8,0.13333333333333333,0.2,3,2,0,6,6,1,312.0,2,0.0,0.1111111111111111,1444,207.0,0.14334941419710545
CA-2019-115945,AB-10165,2019-06-25,US,West,United States,Consumer,Medium,413.942,8,0.06666666666666667,0.2,3,1,0,6,1,0,46.0,3,0.0,0.1,1445,207.0,0.14325068870523416
CA-2019-119690,MV-17485,2019-06-25,US,Central,United States,Consumer,Medium,128.92800000000003,16,0.45,0.8,4,2,0,6,1,0,90.0,3,2.0,0.3,1446,207.0,0.14315209910529939
CA-2019-127110,CH-12070,2019-06-25,US,East,United States,Home Office,Medium,109.36000000000001,8,0.2,0.2,2,1,0,6,1,0,9999.0,0,0.0,0.14285714285714285,1447,207.0,0.14305364511691884
CA-2019-137750,JF-15565,2019-06-25,US,West,United States,Consumer,Medium,204.85,5,0.0,0.0,1,1,0,6,1,0,136.0,2,0.0,0.1111111111111111,1448,207.0,0.1429553264604811
CA-2019-115938,SA-20830,2019-06-26,US,South,United States,Consumer,Medium,535.36,16,0.0,0.0,4,2,0,6,2,0,61.0,3,0.0,0.1,1449,207.0,0.14285714285714285
CA-2019-125395,LA-16780,2019-06-26,US,Central,United States,Corporate,Medium,41.9,2,0.0,0.0,1,1,0,6,2,0,53.0,3,0.0,0.1,1450,207.0,0.14275909402882636
CA-2019-143882,DB-13360,2019-06-26,US,East,United States,Home Office,Medium,43.056000000000004,9,0.2,0.2,1,1,0,6,2,0,219.0,1,0.0,0.125,1451,207.0,0.14266117969821673
CA-2019-166583,VD-21670,2019-06-26,US,Central,United States,Consumer,Medium,971.8800000000001,3,0.2,0.2,1,1,0,6,2,0,118.0,7,6.0,0.5,1452,207.0,0.14256339958875944
CA-2019-103772,MP-17470,2019-06-28,US,South,United States,Home Office,Medium,260.31,7,0.0,0.0,2,1,0,6,4,0,223.0,3,0.0,0.1,1453,207.0,0.14246575342465753
CA-2019-112144,CY-12745,2019-06-28,US,West,United States,Corporate,Medium,627.6640000000001,6,0.2,0.2,2,2,1,6,4,0,34.0,2,0.0,0.1111111111111111,1454,207.0,0.14236824093086928
CA-2019-112144,CY-12745,2019-06-28,US,West,United States,Corporate,Medium,627.6640000000001,6,0.2,0.2,2,2,1,6,4,0,0.0,3,1.0,0.2,1455,208.0,0.1429548563611491
CA-2019-162950,DW-13585,2019-06-28,US,East,United States,Corporate,Medium,498.49199999999996,9,0.35,0.5,2,2,0,6,4,0,308.0,1,0.0,0.125,1456,209.0,0.14354066985645933
CA-2019-128860,SC-20725,2019-06-29,US,East,United States,Consumer,Medium,20.104,1,0.2,0.2,1,1,0,6,5,1,234.0,2,1.0,0.2222222222222222,1457,209.0,0.14344262295081966
CA-2019-165799,SG-20470,2019-06-29,US,East,United States,Consumer,Medium,117.88199999999999,1,0.1,0.1,1,1,0,6,5,1,40.0,4,0.0,0.09090909090909091,1458,209.0,0.14334470989761092
US-2019-100069,NF-18475,2019-06-29,US,Central,United States,Home Office,Medium,269.98,2,0.0,0.0,1,1,0,6,5,1,271.0,2,0.0,0.1111111111111111,1459,209.0,0.1432469304229195
US-2019-141684,MM-18055,2019-06-29,US,East,United States,Consumer,Medium,24.96,4,0.0,0.0,1,1,0,6,5,1,399.0,2,0.0,0.1111111111111111,1460,209.0,0.14314928425357873
CA-2019-111703,KB-16315,2019-07-02,US,South,United States,Consumer,Medium,27.504000000000005,6,0.2,0.2,2,1,0,7,1,0,34.0,6,0.0,0.07692307692307693,1461,209.0,0.14305177111716622
CA-2019-120397,RB-19435,2019-07-02,US,Central,United States,Consumer,Medium,32.78399999999999,4,0.8,0.8,1,1,0,7,1,0,95.0,6,2.0,0.23076923076923078,1462,209.0,0.14295439074200136
CA-2019-140718,FA-14230,2019-07-02,US,South,United States,Corporate,Medium,246.36400000000003,15,0.325,0.7,4,3,0,7,1,0,143.0,2,0.0,0.1111111111111111,1463,209.0,0.14285714285714285
CA-2019-150196,SR-20740,2019-07-02,US,East,United States,Home Office,Medium,19.44,3,0.0,0.0,1,1,0,7,1,0,178.0,4,1.0,0.18181818181818182,1464,209.0,0.14276002719238612
CA-2019-157322,RH-19600,2019-07-02,US,Central,United States,Consumer,Medium,1305.81,18,0.24,0.3,5,2,0,7,1,0,9999.0,0,0.0,0.14285714285714285,1465,209.0,0.14266304347826086
CA-2019-128139,BD-11725,2019-07-03,US,South,United States,Consumer,Medium,365.91,4,0.0,0.0,2,2,0,7,2,0,9999.0,0,0.0,0.14285714285714285,1466,209.0,0.1425661914460285
US-2019-153500,DG-13300,2019-07-03,US,East,United States,Corporate,Medium,458.07200000000006,13,0.20000000000000004,0.2,3,2,0,7,2,0,244.0,1,0.0,0.125,1467,209.0,0.14246947082767977
CA-2019-124268,AD-10180,2019-07-04,US,East,United States,Home Office,Medium,15.48,3,0.0,0.0,1,1,0,7,3,0,20.0,3,0.0,0.1,1468,209.0,0.1423728813559322
CA-2019-152513,JP-16135,2019-07-04,US,West,United States,Home Office,Medium,22.848,2,0.2,0.2,1,1,0,7,3,0,284.0,1,0.0,0.125,1469,209.0,0.14227642276422764
CA-2019-154956,IM-15070,2019-07-04,US,Central,United States,Consumer,Medium,1099.96,4,0.0,0.0,1,1,0,7,3,0,197.0,1,0.0,0.125,1470,209.0,0.14218009478672985
CA-2019-116750,BF-10975,2019-07-05,US,South,United States,Corporate,Medium,12.158000000000003,7,0.44999999999999996,0.7,2,2,0,7,4,0,22.0,3,0.0,0.1,1471,209.0,0.14208389715832206
CA-2019-130610,VP-21730,2019-07-05,US,Central,United States,Home Office,Medium,19.0,5,0.0,0.0,1,1,0,7,4,0,9999.0,0,0.0,0.14285714285714285,1472,209.0,0.14198782961460446
CA-2019-164336,MW-18220,2019-07-05,US,East,United States,Consumer,Medium,73.77600000000001,6,0.2,0.2,2,2,0,7,4,0,228.0,3,0.0,0.1,1473,209.0,0.14189189189189189
US-2019-158911,RS-19765,2019-07-05,US,South,United States,Corporate,Medium,16.712000000000003,5,0.2,0.2,2,2,0,7,4,0,211.0,2,0.0,0.1111111111111111,1474,209.0,0.14179608372721134
CA-2019-108665,KM-16225,2019-07-06,US,East,United States,Corporate,Medium,896.38,15,0.0,0.0,4,3,0,7,5,1,9999.0,0,0.0,0.14285714285714285,1475,209.0,0.1417004048582996
CA-2019-116260,BF-10975,2019-07-06,US,East,United States,Corporate,Medium,11.12,4,0.0,0.0,1,1,0,7,5,1,1.0,4,0.0,0.09090909090909091,1476,209.0,0.14160485502360082
CA-2019-146087,PP-18955,2019-07-06,US,East,United States,Home Office,Medium,301.96,2,0.0,0.0,1,1,0,7,5,1,17.0,4,0.0,0.09090909090909091,1477,209.0,0.14150943396226415
CA-2019-161627,SJ-20215,2019-07-06,US,West,United States,Consumer,Medium,170.35200000000003,3,0.2,0.2,1,1,1,7,5,1,147.0,1,0.0,0.125,1478,209.0,0.1414141414141414
CA-2019-129392,DM-13015,2019-07-08,US,Central,United States,Consumer,Medium,21.12,5,0.2,0.2,1,1,0,7,0,0,297.0,7,7.0,0.5714285714285714,1479,210.0,0.14199192462987886
CA-2019-111094,CB-12535,2019-07-09,US,East,United States,Corporate,Medium,129.52,5,0.0,0.0,2,1,0,7,1,0,56.0,3,0.0,0.1,1480,210.0,0.14189643577673167
CA-2019-123456,KN-16450,2019-07-09,US,Central,United States,Corporate,Medium,48.63199999999999,2,0.8,0.8,1,1,0,7,1,0,205.0,2,0.0,0.1111111111111111,1481,210.0,0.14180107526881722
CA-2019-132626,BT-11680,2019-07-09,US,East,United States,Consumer,Medium,1133.82,41,0.0,0.0,9,3,0,7,1,0,223.0,1,0.0,0.125,1482,210.0,0.1417058428475487
CA-2019-135314,MC-17575,2019-07-09,US,East,United States,Consumer,Medium,269.98199999999997,3,0.4,0.4,1,1,0,7,1,0,219.0,1,0.0,0.125,1483,210.0,0.14161073825503356
CA-2019-153626,EB-13870,2019-07-09,US,South,United States,Consumer,Medium,5.16,3,0.2,0.2,1,1,0,7,1,0,47.0,4,2.0,0.2727272727272727,1484,210.0,0.14151576123407109
CA-2019-107020,MV-18190,2019-07-10,US,West,United States,Consumer,Medium,39.92,2,0.2,0.2,1,1,0,7,2,0,127.0,2,0.0,0.1111111111111111,1485,210.0,0.14142091152815014
CA-2019-149384,EH-13945,2019-07-10,US,West,United States,Consumer,Medium,3.366000000000001,3,0.7,0.7,1,1,0,7,2,0,373.0,1,0.0,0.125,1486,210.0,0.14132618888144674
CA-2019-136469,TS-21370,2019-07-11,US,East,United States,Corporate,Medium,1136.896,13,0.09999999999999999,0.3,3,3,0,7,3,0,256.0,1,0.0,0.125,1487,210.0,0.14123159303882196
CA-2019-142237,CK-12595,2019-07-11,US,East,United States,Consumer,Medium,676.734,33,0.3833333333333333,0.7,6,2,0,7,3,0,197.0,1,0.0,0.125,1488,210.0,0.1411371237458194
CA-2019-142419,SC-20380,2019-07-11,US,West,United States,Consumer,Medium,128.322,6,0.1,0.2,2,1,0,7,3,0,497.0,1,0.0,0.125,1489,210.0,0.1410427807486631
CA-2019-112711,FM-14380,2019-07-12,US,Central,United States,Consumer,Medium,307.168,4,0.2,0.2,1,1,0,7,4,0,9999.0,0,0.0,0.14285714285714285,1490,210.0,0.1409485637942552
CA-2019-126557,RL-19615,2019-07-12,US,Central,United States,Consumer,Medium,1745.3990000000001,28,0.35714285714285715,0.8,7,3,0,7,4,0,219.0,1,0.0,0.125,1491,210.0,0.14085447263017356
CA-2019-114069,ND-18370,2019-07-13,US,East,United States,Consumer,Medium,1952.808,13,0.10000000000000002,0.2,3,2,0,7,5,1,254.0,2,0.0,0.1111111111111111,1492,210.0,0.14076050700466977
US-2019-107349,SL-20155,2019-07-13,US,Central,United States,Home Office,Medium,41.56799999999999,6,0.8,0.8,1,1,0,7,5,1,106.0,3,0.0,0.1,1493,210.0,0.14066666666666666
US-2019-140851,ND-18460,2019-07-13,US,South,United States,Corporate,Medium,38.88,6,0.0,0.0,1,1,0,7,5,1,297.0,2,0.0,0.1111111111111111,1494,210.0,0.14057295136575615
CA-2019-143364,TG-21310,2019-07-14,US,West,United States,Consumer,Medium,860.916,15,0.325,0.7,4,2,0,7,6,1,127.0,1,0.0,0.125,1495,210.0,0.14047936085219706
CA-2019-113404,EM-13810,2019-07-16,US,West,United States,Corporate,Medium,2048.856,9,0.2,0.2,2,1,0,7,1,0,39.0,1,0.0,0.125,1496,210.0,0.14038589487691283
CA-2019-146948,MG-17890,2019-07-16,US,East,United States,Home Office,Medium,299.75,14,0.0,0.0,3,2,0,7,1,0,199.0,1,0.0,0.125,1497,210.0,0.14029255319148937
US-2019-166520,KE-16420,2019-07-16,US,East,United States,Corporate,Medium,680.78,13,0.0,0.0,2,2,0,7,1,0,45.0,4,0.0,0.09090909090909091,1498,210.0,0.14019933554817277
CA-2019-121132,VB-21745,2019-07-17,US,Central,United States,Corporate,Medium,20.696,7,0.2,0.2,2,1,0,7,2,0,9999.0,0,0.0,0.14285714285714285,1499,210.0,0.14010624169986718
CA-2019-138534,JM-15535,2019-07-17,US,West,United States,Consumer,Medium,195.466,2,0.15,0.15,1,1,0,7,2,0,91.0,2,0.0,0.1111111111111111,1500,210.0,0.14001327140013273
US-2019-149629,MP-17965,2019-07-17,US,South,United States,Corporate,Medium,231.92000000000002,5,0.2,0.2,1,1,0,7,2,0,90.0,1,0.0,0.125,1501,210.0,0.13992042440318303
CA-2019-111206,RF-19735,2019-07-18,US,West,United States,Consumer,Medium,519.96,4,0.0,0.0,1,1,0,7,3,0,91.0,2,0.0,0.1111111111111111,1502,210.0,0.13982770046388338
CA-2019-122973,PJ-19015,2019-07-18,US,East,United States,Consumer,Medium,146.698,4,0.06666666666666667,0.2,3,3,0,7,3,0,467.0,1,0.0,0.125,1503,210.0,0.13973509933774833
CA-2019-159590,KC-16255,2019-07-18,US,East,United States,Corporate,Medium,5.76,2,0.0,0.0,1,1,0,7,3,0,313.0,1,0.0,0.125,1504,210.0,0.13964262078093978
US-2019-160150,TS-21085,2019-07-19,US,West,United States,Consumer,Medium,2.0250000000000004,1,0.7,0.7,1,1,0,7,4,0,9999.0,0,0.0,0.14285714285714285,1505,210.0,0.13955026455026456
CA-2019-160472,RK-19300,2019-07-20,US,Central,United States,Consumer,Medium,1238.3300000000002,25,0.0,0.0,6,2,0,7,5,1,9999.0,0,0.0,0.14285714285714285,1506,210.0,0.1394580304031725
US-2019-122784,RA-19915,2019-07-20,US,Central,United States,Consumer,Medium,1454.838,16,0.4,0.8,4,3,0,7,5,1,83.0,4,0.0,0.09090909090909091,1507,210.0,0.13936591809775428
CA-2019-120810,TH-21550,2019-07-23,US,East,United States,Home Office,Medium,197.76,6,0.0,0.0,2,2,0,7,1,0,68.0,2,0.0,0.1111111111111111,1508,210.0,0.13927392739273928
CA-2019-124044,MS-17830,2019-07-23,US,East,United States,Consumer,Medium,10.512,3,0.2,0.2,1,1,0,7,1,0,560.0,1,0.0,0.125,1509,210.0,0.1391820580474934
CA-2019-103135,SS-20515,2019-07-24,US,South,United States,Home Office,Medium,525.9499999999999,32,0.0,0.0,4,3,0,7,2,0,375.0,1,0.0,0.125,1510,210.0,0.13909030982201714
CA-2019-139248,RD-19930,2019-07-25,US,West,United States,Consumer,Medium,623.96,5,0.2,0.2,1,1,0,7,3,0,295.0,1,0.0,0.125,1511,210.0,0.13899868247694336
CA-2019-148635,MH-18025,2019-07-25,US,West,United States,Consumer,Medium,1288.8480000000002,11,0.05,0.2,4,2,0,7,3,0,382.0,1,0.0,0.125,1512,210.0,0.13890717577353523
CA-2019-154291,YS-21880,2019-07-25,US,South,United States,Corporate,Medium,457.03999999999996,11,0.0,0.0,2,2,0,7,3,0,194.0,1,0.0,0.125,1513,210.0,0.1388157894736842
US-2019-150161,RB-19795,2019-07-25,US,East,United States,Home Office,Medium,25.176000000000005,4,0.7,0.7,1,1,0,7,3,0,417.0,1,0.0,0.125,1514,210.0,0.13872452333990795
CA-2019-127754,CK-12760,2019-07-26,US,West,United States,Corporate,Medium,266.35200000000003,3,0.2,0.2,1,1,0,7,4,0,229.0,2,0.0,0.1111111111111111,1515,210.0,0.13863337713534823
CA-2019-136735,HA-14920,2019-07-26,US,West,United States,Consumer,Medium,167.86,2,0.0,0.0,1,1,0,7,4,0,288.0,2,2.0,0.3333333333333333,1516,210.0,0.13854235062376888
CA-2019-143700,AS-10240,2019-07-26,US,East,United States,Consumer,Medium,10.368000000000002,2,0.2,0.2,1,1,0,7,4,0,119.0,3,0.0,0.1,1517,210.0,0.1384514435695538
CA-2019-148180,BP-11095,2019-07-26,US,West,United States,Corporate,Medium,131.48000000000002,14,0.13333333333333333,0.2,3,1,0,7,4,0,125.0,5,0.0,0.08333333333333333,1518,210.0,0.13836065573770492
US-2019-140200,CA-12775,2019-07-26,US,West,United States,Consumer,Medium,393.165,3,0.5,0.5,1,1,0,7,4,0,315.0,2,0.0,0.1111111111111111,1519,210.0,0.1382699868938401
US-2019-129553,PG-18820,2019-07-27,US,South,United States,Consumer,Medium,29.97,3,0.0,0.0,1,1,0,7,5,1,99.0,3,0.0,0.1,1520,210.0,0.13817943680419123
CA-2019-132507,CC-12610,2019-07-30,US,Central,United States,Corporate,Medium,61.792,4,0.2,0.2,1,1,0,7,1,0,337.0,3,3.0,0.4,1521,210.0,0.1380890052356021
CA-2019-155334,HA-14920,2019-07-30,US,West,United States,Consumer,Medium,226.12999999999997,13,0.06666666666666667,0.2,3,3,0,7,1,0,4.0,3,2.0,0.3,1522,210.0,0.1379986919555265
US-2019-164966,GH-14410,2019-07-30,US,Central,United States,Home Office,Medium,155.88,6,0.0,0.0,1,1,0,7,1,0,361.0,2,0.0,0.1111111111111111,1523,210.0,0.13790849673202615
CA-2019-111017,SC-20695,2019-07-31,US,Central,United States,Corporate,Medium,52.59,3,0.0,0.0,1,1,0,7,2,0,227.0,1,0.0,0.125,1524,210.0,0.1378184193337688
CA-2019-124891,RH-19495,2019-07-31,US,East,United States,Consumer,Medium,3419.872,17,0.13333333333333333,0.4,3,3,0,7,2,0,342.0,1,0.0,0.125,1525,210.0,0.1377284595300261
CA-2019-164427,AR-10405,2019-07-31,US,South,United States,Corporate,Medium,239.70000000000002,6,0.0,0.0,1,1,0,7,2,0,301.0,1,0.0,0.125,1526,210.0,0.13763861709067188
CA-2019-153388,PC-19000,2019-08-01,US,West,United States,Home Office,Medium,1011.6960000000001,10,0.1,0.2,2,2,0,8,3,0,480.0,1,0.0,0.125,1527,210.0,0.13754889178617993
CA-2019-112767,DK-12985,2019-08-02,US,West,United States,Consumer,Medium,277.5,4,0.5,0.5,1,1,0,8,4,0,251.0,1,0.0,0.125,1528,210.0,0.13745928338762214
CA-2019-122406,BE-11455,2019-08-02,US,East,United States,Home Office,Medium,448.21000000000004,8,0.0,0.0,4,3,0,8,4,0,9999.0,0,0.0,0.14285714285714285,1529,210.0,0.13736979166666666
CA-2019-147501,Co-12640,2019-08-02,US,West,United States,Consumer,Medium,564.768,4,0.2,0.2,2,2,0,8,4,0,218.0,3,0.0,0.1,1530,210.0,0.1372804163955758
CA-2019-112214,AH-10690,2019-08-05,US,Central,United States,Corporate,Medium,72.65,16,0.45,0.8,4,2,0,8,0,0,82.0,3,0.0,0.1,1531,210.0,0.13719115734720416
CA-2019-135251,RP-19270,2019-08-06,US,Central,United States,Corporate,Medium,467.65319999999997,13,0.38,0.8,4,2,0,8,1,0,291.0,1,0.0,0.125,1532,210.0,0.13710201429499674
CA-2019-160794,MS-17980,2019-08-06,US,Central,United States,Corporate,Medium,27.216,3,0.2,0.2,1,1,0,8,1,0,143.0,3,0.0,0.1,1533,210.0,0.137012987012987
CA-2019-138331,JK-15625,2019-08-07,US,East,United States,Consumer,Medium,106.8,10,0.2,0.2,1,1,0,8,2,0,242.0,4,0.0,0.09090909090909091,1534,210.0,0.13692407527579495
CA-2019-141936,PN-18775,2019-08-07,US,West,United States,Home Office,Medium,19.152,3,0.2,0.2,1,1,0,8,2,0,9999.0,0,0.0,0.14285714285714285,1535,210.0,0.13683527885862518
CA-2019-163237,EM-14095,2019-08-07,US,South,United States,Corporate,Medium,520.03,5,0.0,0.0,2,2,0,8,2,0,9999.0,0,0.0,0.14285714285714285,1536,210.0,0.13674659753726506
CA-2019-163895,NS-18640,2019-08-07,US,West,United States,Corporate,Medium,3.3040000000000003,1,0.2,0.2,1,1,0,8,2,0,151.0,2,1.0,0.2222222222222222,1537,210.0,0.13665803108808292
US-2019-117492,NS-18640,2019-08-07,US,East,United States,Corporate,Medium,77.58,9,0.0,0.0,1,1,0,8,2,0,0.0,3,1.0,0.2,1538,210.0,0.13656957928802588
US-2019-124219,KW-16570,2019-08-07,US,Central,United States,Consumer,Medium,241.34,7,0.0,0.0,2,2,0,8,2,0,111.0,2,0.0,0.1111111111111111,1539,210.0,0.13648124191461836
CA-2019-127544,RD-19585,2019-08-08,US,East,United States,Consumer,Medium,79.99,1,0.0,0.0,1,1,0,8,3,0,173.0,2,0.0,0.1111111111111111,1540,210.0,0.1363930187459599
CA-2019-129322,DB-13405,2019-08-08,US,East,United States,Consumer,Medium,601.4399999999999,11,0.0,0.0,3,1,0,8,3,0,9999.0,0,0.0,0.14285714285714285,1541,210.0,0.13630490956072353
CA-2019-168564,TT-21220,2019-08-08,US,West,United States,Consumer,Medium,158.672,5,0.20000000000000004,0.2,3,2,1,8,3,0,124.0,2,0.0,0.1111111111111111,1542,210.0,0.13621691413815365
CA-2019-168564,TT-21220,2019-08-08,US,West,United States,Consumer,Medium,158.672,5,0.20000000000000004,0.2,3,2,1,8,3,0,0.0,3,1.0,0.2,1543,211.0,0.1367741935483871
CA-2019-168564,TT-21220,2019-08-08,US,West,United States,Consumer,Medium,158.672,5,0.20000000000000004,0.2,3,2,1,8,3,0,0.0,4,2.0,0.2727272727272727,1544,212.0,0.13733075435203096
CA-2019-103954,HR-14770,2019-08-09,US,Central,United States,Home Office,Medium,687.4,5,0.0,0.0,1,1,0,8,4,0,526.0,1,0.0,0.125,1545,213.0,0.13788659793814434
CA-2019-128013,MF-18250,2019-08-09,US,East,United States,Corporate,Medium,154.14000000000001,6,0.0,0.0,2,2,0,8,4,0,146.0,2,0.0,0.1111111111111111,1546,213.0,0.13779781068898905
CA-2019-131338,NP-18325,2019-08-09,US,East,United States,Consumer,Medium,3385.614,35,0.06000000000000001,0.4,10,3,0,8,4,0,383.0,3,0.0,0.1,1547,213.0,0.1377091377091377
CA-2019-155453,RA-19885,2019-08-09,US,South,United States,Corporate,Medium,4.608,2,0.2,0.2,1,1,0,8,4,0,260.0,2,0.0,0.1111111111111111,1548,213.0,0.13762057877813505
CA-2019-163055,DS-13180,2019-08-09,US,Central,United States,Corporate,Medium,646.6299999999999,7,0.0,0.0,3,2,0,8,4,0,468.0,1,0.0,0.125,1549,213.0,0.13753213367609254
CA-2019-121699,BD-11320,2019-08-10,US,Central,United States,Consumer,Medium,64.75,5,0.0,0.0,1,1,0,8,5,1,71.0,1,0.0,0.125,1550,213.0,0.13744380218368657
CA-2019-130022,JK-16120,2019-08-10,US,Central,United States,Home Office,Medium,74.94,8,0.0,0.0,3,1,0,8,5,1,281.0,1,0.0,0.125,1551,213.0,0.13735558408215662
US-2019-156496,WB-21850,2019-08-10,US,West,United States,Consumer,Medium,711.7840000000001,15,0.20000000000000004,0.2,3,2,0,8,5,1,233.0,3,0.0,0.1,1552,213.0,0.1372674791533034
CA-2019-119634,BW-11065,2019-08-11,US,South,United States,Consumer,Medium,46.152,3,0.2,0.2,1,1,0,8,6,1,443.0,1,0.0,0.125,1553,213.0,0.1371794871794872
US-2019-156797,PO-19180,2019-08-11,US,East,United States,Home Office,Medium,149.96,4,0.0,0.0,2,2,0,8,6,1,9999.0,0,0.0,0.14285714285714285,1554,213.0,0.13709160794362588
CA-2019-112014,ON-18715,2019-08-13,US,West,United States,Corporate,Medium,50.8,5,0.0,0.0,1,1,0,8,1,0,88.0,4,0.0,0.09090909090909091,1555,213.0,0.13700384122919335
CA-2019-120516,CK-12595,2019-08-13,US,South,United States,Consumer,Medium,5.64,3,0.0,0.0,1,1,0,8,1,0,33.0,2,0.0,0.1111111111111111,1556,213.0,0.13691618682021753
CA-2019-133396,GK-14620,2019-08-13,US,South,United States,Corporate,Medium,64.68,7,0.2,0.2,1,1,0,8,1,0,59.0,3,0.0,0.1,1557,213.0,0.13682864450127877
CA-2019-148495,SF-20065,2019-08-13,US,West,United States,Consumer,Medium,31.56,3,0.0,0.0,1,1,0,8,1,0,337.0,1,0.0,0.125,1558,213.0,0.136741214057508
CA-2019-150441,RA-19285,2019-08-13,US,Central,United States,Consumer,Medium,11.36,4,0.0,0.0,1,1,0,8,1,0,243.0,1,0.0,0.125,1559,213.0,0.13665389527458494
CA-2019-169656,EJ-13720,2019-08-13,US,East,United States,Consumer,Medium,422.856,3,0.2,0.2,1,1,0,8,1,0,240.0,2,0.0,0.1111111111111111,1560,213.0,0.13656668793873644
CA-2019-142454,RE-19450,2019-08-15,US,West,United States,Consumer,Medium,174.49,10,0.0,0.0,2,2,0,8,3,0,438.0,1,0.0,0.125,1561,213.0,0.1364795918367347
CA-2019-162369,TT-21265,2019-08-15,US,West,United States,Corporate,Medium,323.1,2,0.0,0.0,1,1,0,8,3,0,9999.0,0,0.0,0.14285714285714285,1562,213.0,0.13639260675589548
US-2019-126753,SP-20860,2019-08-16,US,East,United States,Corporate,Medium,832.446,20,0.37142857142857144,0.7,7,3,0,8,4,0,181.0,3,0.0,0.1,1563,213.0,0.13630573248407643
US-2019-128090,JM-15865,2019-08-16,US,West,United States,Consumer,Medium,2200.328,16,0.2,0.2,4,2,1,8,4,0,270.0,1,0.0,0.125,1564,213.0,0.13621896880967538
US-2019-128090,JM-15865,2019-08-16,US,West,United States,Consumer,Medium,2200.328,16,0.2,0.2,4,2,1,8,4,0,0.0,2,1.0,0.2222222222222222,1565,214.0,0.13676844783715011
US-2019-128090,JM-15865,2019-08-16,US,West,United States,Consumer,Medium,2200.328,16,0.2,0.2,4,2,1,8,4,0,0.0,3,2.0,0.3,1566,215.0,0.13731722822631914
US-2019-128090,JM-15865,2019-08-16,US,West,United States,Consumer,Medium,2200.328,16,0.2,0.2,4,2,1,8,4,0,0.0,4,3.0,0.36363636363636365,1567,216.0,0.13786531130876747
US-2019-164238,JW-15955,2019-08-16,US,East,United States,Consumer,Medium,346.15799999999996,10,0.35,0.5,2,2,0,8,4,0,9999.0,0,0.0,0.14285714285714285,1568,217.0,0.1384126984126984
CA-2019-111297,SC-20440,2019-08-17,US,East,United States,Corporate,Medium,52.199999999999996,9,0.0,0.0,1,1,0,8,5,1,9999.0,0,0.0,0.14285714285714285,1569,217.0,0.1383248730964467
CA-2019-119627,SC-20725,2019-08-17,US,West,United States,Consumer,Medium,329.44000000000005,16,0.2,0.2,4,2,0,8,5,1,49.0,3,1.0,0.2,1570,217.0,0.13823715916296767
CA-2019-122168,HG-14965,2019-08-21,US,South,United States,Corporate,Medium,53.28,15,0.0,0.0,2,1,0,8,2,0,92.0,3,0.0,0.1,1571,217.0,0.13814955640050697
CA-2019-130456,DS-13180,2019-08-21,US,West,United States,Corporate,Medium,667.378,7,0.075,0.15,2,2,1,8,2,0,12.0,2,0.0,0.1111111111111111,1572,217.0,0.13806206459784673
CA-2019-130456,DS-13180,2019-08-21,US,West,United States,Corporate,Medium,667.378,7,0.075,0.15,2,2,1,8,2,0,0.0,3,1.0,0.2,1573,218.0,0.13860759493670885
CA-2019-144267,NZ-18565,2019-08-21,US,West,United States,Home Office,Medium,632.148,11,0.05,0.2,4,2,1,8,2,0,384.0,1,0.0,0.125,1574,219.0,0.13915243516761544
CA-2019-144267,NZ-18565,2019-08-21,US,West,United States,Home Office,Medium,632.148,11,0.05,0.2,4,2,1,8,2,0,0.0,2,1.0,0.2222222222222222,1575,220.0,0.13969658659924147
CA-2019-144267,NZ-18565,2019-08-21,US,West,United States,Home Office,Medium,632.148,11,0.05,0.2,4,2,1,8,2,0,0.0,3,2.0,0.3,1576,221.0,0.14024005053695515
CA-2019-144267,NZ-18565,2019-08-21,US,West,United States,Home Office,Medium,632.148,11,0.05,0.2,4,2,1,8,2,0,0.0,4,3.0,0.36363636363636365,1577,222.0,0.1407828282828283
CA-2019-154823,KN-16390,2019-08-21,US,East,United States,Corporate,Medium,637.27,6,0.39999999999999997,0.7,3,2,0,8,2,0,169.0,2,0.0,0.1111111111111111,1578,223.0,0.14132492113564668
US-2019-130512,SM-20320,2019-08-21,US,East,United States,Home Office,Medium,837.4440000000001,16,0.3,0.7,5,2,0,8,2,0,521.0,1,0.0,0.125,1579,223.0,0.14123581336696092
CA-2019-129854,RB-19705,2019-08-22,US,East,United States,Home Office,Medium,16.52,4,0.0,0.0,1,1,0,8,3,0,9999.0,0,0.0,0.14285714285714285,1580,223.0,0.14114681789540012
CA-2019-132080,DP-13105,2019-08-22,US,East,United States,Corporate,Medium,50.112,6,0.2,0.2,1,1,0,8,3,0,9999.0,0,0.0,0.14285714285714285,1581,223.0,0.14105793450881612
CA-2019-114468,TD-20995,2019-08-23,US,Central,United States,Consumer,Medium,59.848000000000006,16,0.35000000000000003,0.8,4,1,0,8,4,0,461.0,1,0.0,0.125,1582,223.0,0.14096916299559473
CA-2019-165624,FH-14350,2019-08-23,US,South,United States,Consumer,Medium,1142.4299999999998,30,0.0,0.0,7,2,0,8,4,0,9999.0,0,0.0,0.14285714285714285,1583,223.0,0.14088050314465408
CA-2019-102491,KW-16435,2019-08-24,US,South,United States,Consumer,Medium,3747.93,14,0.0,0.0,3,1,0,8,5,1,9999.0,0,0.0,0.14285714285714285,1584,223.0,0.14079195474544312
CA-2019-113740,SC-20380,2019-08-24,US,East,United States,Consumer,Medium,14.91,3,0.0,0.0,1,1,0,8,5,1,44.0,2,0.0,0.1111111111111111,1585,223.0,0.1407035175879397
CA-2019-123939,MS-17710,2019-08-24,US,East,United States,Consumer,Medium,469.398,9,0.26666666666666666,0.4,3,2,0,8,5,1,161.0,3,0.0,0.1,1586,223.0,0.1406151914626491
CA-2019-139584,EM-13810,2019-08-24,US,East,United States,Corporate,Medium,310.364,4,0.2,0.4,2,2,0,8,5,1,39.0,2,0.0,0.1111111111111111,1587,223.0,0.14052697616060225
CA-2019-146563,CB-12025,2019-08-24,US,Central,United States,Consumer,Medium,2645.0209999999997,29,0.375,0.8,4,2,0,8,5,1,280.0,2,0.0,0.1111111111111111,1588,223.0,0.14043887147335424
CA-2019-169299,DO-13435,2019-08-24,US,West,United States,Consumer,Medium,7.151999999999999,3,0.2,0.2,1,1,0,8,5,1,148.0,2,0.0,0.1111111111111111,1589,223.0,0.14035087719298245
CA-2019-168809,MC-18100,2019-08-25,US,Central,United States,Consumer,Medium,31.782,8,0.6666666666666666,0.8,3,2,0,8,6,1,138.0,3,0.0,0.1,1590,223.0,0.14026299311208515
US-2019-139759,NL-18310,2019-08-25,US,West,United States,Home Office,Medium,146.744,5,0.1,0.2,2,2,0,8,6,1,298.0,1,0.0,0.125,1591,223.0,0.14017521902377972
CA-2019-101707,PF-19165,2019-08-27,US,West,United States,Consumer,Medium,150.22,9,0.0,0.0,3,1,0,8,1,0,341.0,1,0.0,0.125,1592,223.0,0.14008755472170106
CA-2019-113040,CC-12100,2019-08-27,US,West,United States,Home Office,Medium,5.104,1,0.2,0.2,1,1,0,8,1,0,90.0,2,0.0,0.1111111111111111,1593,223.0,0.14
CA-2019-126445,RA-19945,2019-08-27,US,West,United States,Consumer,Medium,484.65000000000003,3,0.0,0.0,1,1,0,8,1,0,363.0,1,0.0,0.125,1594,223.0,0.13991255465334165
CA-2019-107902,SM-20950,2019-08-28,US,East,United States,Corporate,Medium,470.35999999999996,11,0.0,0.0,1,1,0,8,2,0,155.0,4,0.0,0.09090909090909091,1595,223.0,0.13982521847690388
CA-2019-121188,CB-12025,2019-08-28,US,West,United States,Consumer,Medium,2017.5320000000002,26,0.09166666666666667,0.2,6,3,0,8,2,0,4.0,3,0.0,0.1,1596,223.0,0.13973799126637554
CA-2019-166219,BP-11185,2019-08-28,US,Central,United States,Corporate,Medium,1203.441,6,0.25,0.3,2,2,0,8,2,0,157.0,1,0.0,0.125,1597,223.0,0.1396508728179551
US-2019-100377,TS-21370,2019-08-28,US,Central,United States,Corporate,Medium,2799.9600000000005,5,0.2,0.2,1,1,0,8,2,0,48.0,2,0.0,0.1111111111111111,1598,223.0,0.1395638629283489
CA-2019-108532,CC-12100,2019-08-29,US,Central,United States,Home Office,Medium,246.5,9,0.0,0.0,2,1,0,8,3,0,2.0,3,0.0,0.1,1599,223.0,0.13947696139476962
CA-2019-111514,SC-20260,2019-08-31,US,West,United States,Corporate,Medium,1966.557,16,0.1375,0.2,4,3,0,8,5,1,153.0,5,0.0,0.08333333333333333,1600,223.0,0.13939016801493467
CA-2019-112319,AR-10510,2019-08-31,US,West,United States,Consumer,Medium,58.32000000000001,9,0.0,0.0,1,1,0,8,5,1,465.0,2,0.0,0.1111111111111111,1601,223.0,0.13930348258706468
CA-2019-142139,SD-20485,2019-08-31,US,Central,United States,Home Office,Medium,20.96,4,0.2,0.2,1,1,0,8,5,1,125.0,5,0.0,0.08333333333333333,1602,223.0,0.13921690490988192
CA-2019-157805,RH-19510,2019-08-31,US,West,United States,Home Office,Medium,555.96,5,0.2,0.2,1,1,0,8,5,1,288.0,1,0.0,0.125,1603,223.0,0.1391304347826087
CA-2019-104626,DR-12940,2019-09-01,US,East,United States,Home Office,Medium,1388.46,14,0.0,0.0,4,2,0,9,6,1,155.0,2,0.0,0.1111111111111111,1604,223.0,0.13904407200496585
CA-2019-137946,DB-13615,2019-09-01,US,West,United States,Consumer,Medium,979.104,7,0.20000000000000004,0.2,3,2,0,9,6,1,336.0,1,0.0,0.125,1605,223.0,0.13895781637717122
CA-2019-113215,CP-12085,2019-09-03,US,West,United States,Corporate,Medium,238.15200000000004,3,0.2,0.2,1,1,0,9,1,0,163.0,2,0.0,0.1111111111111111,1606,223.0,0.138871667699938
CA-2019-121608,JB-15400,2019-09-03,US,East,United States,Corporate,Medium,238.11,3,0.0,0.0,2,2,0,9,1,0,125.0,2,0.0,0.1111111111111111,1607,223.0,0.13878562577447337
CA-2019-130204,DB-13120,2019-09-03,US,West,United States,Corporate,Medium,178.79,10,0.0,0.0,3,2,0,9,1,0,125.0,1,0.0,0.125,1608,223.0,0.1386996904024768
CA-2019-149734,JC-16105,2019-09-03,US,South,United States,Corporate,Medium,200.98400000000004,7,0.2,0.2,1,1,0,9,1,0,253.0,2,0.0,0.1111111111111111,1609,223.0,0.13861386138613863
CA-2019-169537,JH-15820,2019-09-03,US,Central,United States,Consumer,Medium,7.5,2,0.0,0.0,1,1,0,9,1,0,159.0,2,0.0,0.1111111111111111,1610,223.0,0.13852813852813853
US-2019-104185,JB-15400,2019-09-03,US,East,United States,Corporate,Medium,120.33,1,0.0,0.0,1,1,0,9,1,0,0.0,3,0.0,0.1,1611,223.0,0.138442521631644
US-2019-138303,MG-18145,2019-09-03,US,East,United States,Consumer,Medium,755.096,10,0.20000000000000004,0.2,3,1,0,9,1,0,523.0,1,0.0,0.125,1612,223.0,0.13835701050030882
US-2019-146745,AS-10630,2019-09-03,US,West,United States,Home Office,Medium,135.936,4,0.2,0.2,2,2,0,9,1,0,270.0,2,0.0,0.1111111111111111,1613,223.0,0.1382716049382716
CA-2019-101924,KB-16585,2019-09-04,US,West,United States,Corporate,Medium,9.762,2,0.7,0.7,1,1,0,9,2,0,127.0,6,2.0,0.23076923076923078,1614,223.0,0.13818630475015423
CA-2019-113523,SC-20440,2019-09-04,US,East,United States,Corporate,Medium,7.656000000000001,4,0.7,0.7,1,1,0,9,2,0,18.0,1,0.0,0.125,1615,223.0,0.1381011097410604
CA-2019-142755,CS-12355,2019-09-04,US,South,United States,Consumer,Medium,919.4899999999999,14,0.0,0.0,4,2,0,9,2,0,73.0,3,0.0,0.1,1616,223.0,0.13801601971657423
CA-2019-159863,DS-13180,2019-09-04,US,Central,United States,Corporate,Medium,134.376,3,0.2,0.2,1,1,0,9,2,0,14.0,4,2.0,0.2727272727272727,1617,223.0,0.13793103448275862
CA-2019-105158,SP-20860,2019-09-05,US,Central,United States,Corporate,Medium,43.0,5,0.0,0.0,2,2,1,9,3,0,20.0,4,0.0,0.09090909090909091,1618,223.0,0.13784615384615384
CA-2019-105158,SP-20860,2019-09-05,US,Central,United States,Corporate,Medium,43.0,5,0.0,0.0,2,2,1,9,3,0,0.0,5,1.0,0.16666666666666666,1619,224.0,0.13837638376383765
CA-2019-130785,AG-10900,2019-09-05,US,West,United States,Consumer,Medium,733.283,13,0.16666666666666666,0.2,3,2,1,9,3,0,409.0,1,0.0,0.125,1620,225.0,0.1389059618930547
CA-2019-130785,AG-10900,2019-09-05,US,West,United States,Consumer,Medium,733.283,13,0.16666666666666666,0.2,3,2,1,9,3,0,0.0,2,1.0,0.2222222222222222,1621,226.0,0.13943488943488944
CA-2019-130785,AG-10900,2019-09-05,US,West,United States,Consumer,Medium,733.283,13,0.16666666666666666,0.2,3,2,1,9,3,0,0.0,3,2.0,0.3,1622,227.0,0.13996316758747698
CA-2019-135510,TW-21025,2019-09-05,US,South,United States,Home Office,Medium,67.96,4,0.0,0.0,1,1,0,9,3,0,257.0,1,0.0,0.125,1623,228.0,0.14049079754601226
CA-2019-162621,CA-12055,2019-09-05,US,Central,United States,Home Office,Medium,89.86,17,0.6,0.8,3,1,0,9,3,0,9999.0,0,0.0,0.14285714285714285,1624,228.0,0.14040465971796443
CA-2019-133977,AT-10435,2019-09-06,US,South,United States,Home Office,Medium,3.444000000000001,1,0.7,0.7,1,1,0,9,4,0,253.0,2,0.0,0.1111111111111111,1625,228.0,0.1403186274509804
CA-2019-138002,BT-11305,2019-09-06,US,West,United States,Home Office,Medium,197.916,5,0.1,0.2,2,2,0,9,4,0,499.0,1,0.0,0.125,1626,228.0,0.14023270055113288
CA-2019-143238,LO-17170,2019-09-06,US,West,United States,Corporate,Medium,46.32,4,0.0,0.0,1,1,1,9,4,0,212.0,1,0.0,0.125,1627,228.0,0.1401468788249694
CA-2019-150791,CC-12430,2019-09-06,US,East,United States,Home Office,Medium,271.764,2,0.1,0.1,1,1,0,9,4,0,9999.0,0,0.0,0.14285714285714285,1628,229.0,0.14067278287461774
CA-2019-160696,CK-12760,2019-09-06,US,South,United States,Corporate,Medium,7.240000000000001,5,0.2,0.2,1,1,0,9,4,0,42.0,3,0.0,0.1,1629,229.0,0.14058679706601468
CA-2019-169572,AG-10525,2019-09-06,US,South,United States,Corporate,Medium,46.62,9,0.0,0.0,1,1,0,9,4,0,369.0,2,0.0,0.1111111111111111,1630,229.0,0.14050091631032377
US-2019-109015,BS-11590,2019-09-06,US,East,United States,Corporate,Medium,346.37,3,0.0,0.0,2,2,0,9,4,0,275.0,3,0.0,0.1,1631,229.0,0.14041514041514042
US-2019-151435,SW-20455,2019-09-06,US,South,United States,Consumer,Medium,85.98,1,0.0,0.0,1,1,0,9,4,0,76.0,1,0.0,0.125,1632,229.0,0.1403294691885296
CA-2019-102876,LR-17035,2019-09-07,US,East,United States,Corporate,Medium,806.409,10,0.6,0.7,3,2,0,9,5,1,365.0,3,3.0,0.4,1633,229.0,0.1402439024390244
CA-2019-105599,MC-17275,2019-09-07,US,East,United States,Consumer,Medium,41.374,5,0.2,0.4,2,2,0,9,5,1,178.0,2,0.0,0.1111111111111111,1634,229.0,0.14015843997562463
CA-2019-110744,HA-14920,2019-09-07,US,West,United States,Consumer,Medium,671.93,7,0.0,0.0,1,1,0,9,5,1,39.0,4,2.0,0.2727272727272727,1635,229.0,0.14007308160779536
CA-2019-122623,CC-12145,2019-09-07,US,Central,United States,Consumer,Medium,47.51599999999999,2,0.3,0.3,1,1,0,9,5,1,220.0,5,4.0,0.4166666666666667,1636,229.0,0.13998782714546562
CA-2019-140557,TN-21040,2019-09-07,US,East,United States,Home Office,Medium,559.93,7,0.0,0.0,1,1,0,9,5,1,332.0,1,0.0,0.125,1637,229.0,0.13990267639902676
CA-2019-161445,CC-12610,2019-09-07,US,South,United States,Corporate,Medium,140.736,4,0.2,0.2,1,1,0,9,5,1,39.0,4,3.0,0.36363636363636365,1638,229.0,0.1398176291793313
CA-2019-164084,AG-10525,2019-09-07,US,East,United States,Corporate,Medium,654.772,16,0.12000000000000002,0.4,5,3,0,9,5,1,1.0,3,0.0,0.1,1639,229.0,0.13973268529769137
CA-2019-151624,VW-21775,2019-09-08,US,South,United States,Corporate,Medium,21.36,8,0.0,0.0,1,1,0,9,6,1,214.0,8,5.0,0.4,1640,229.0,0.13964784456587737
CA-2019-162166,NM-18520,2019-09-08,US,West,United States,Consumer,Medium,68.28,11,0.0,0.0,2,1,1,9,6,1,9999.0,0,0.0,0.14285714285714285,1641,229.0,0.1395631067961165
CA-2019-162166,NM-18520,2019-09-08,US,West,United States,Consumer,Medium,68.28,11,0.0,0.0,2,1,1,9,6,1,0.0,1,1.0,0.25,1642,230.0,0.1400848999393572
CA-2019-108672,FA-14230,2019-09-10,US,West,United States,Corporate,Medium,106.68,6,0.0,0.0,1,1,0,9,1,0,70.0,3,0.0,0.1,1643,231.0,0.1406060606060606
CA-2019-117772,MC-17575,2019-09-10,US,West,United States,Consumer,Medium,353.88,6,0.0,0.0,1,1,0,9,1,0,63.0,2,0.0,0.1111111111111111,1644,231.0,0.14052089642640825
CA-2019-132906,CC-12145,2019-09-10,US,West,United States,Consumer,Medium,51.52,4,0.0,0.0,1,1,0,9,1,0,3.0,6,4.0,0.38461538461538464,1645,231.0,0.14043583535108958
CA-2019-136658,BO-11425,2019-09-10,US,East,United States,Consumer,Medium,6.08,2,0.0,0.0,1,1,0,9,1,0,9999.0,0,0.0,0.14285714285714285,1646,231.0,0.14035087719298245
CA-2019-139374,AR-10345,2019-09-10,US,Central,United States,Corporate,Medium,179.886,1,0.3,0.3,1,1,0,9,1,0,254.0,1,0.0,0.125,1647,231.0,0.14026602176541716
CA-2019-168186,AB-10150,2019-09-10,US,Central,United States,Consumer,Medium,14.940000000000001,3,0.0,0.0,1,1,0,9,1,0,554.0,1,0.0,0.125,1648,231.0,0.14018126888217522
US-2019-147242,EH-13765,2019-09-10,US,East,United States,Corporate,Medium,702.74,13,0.0,0.0,3,2,0,9,1,0,327.0,2,0.0,0.1111111111111111,1649,231.0,0.14009661835748793
CA-2019-125934,SN-20560,2019-09-11,US,East,United States,Home Office,Medium,399.49,21,0.0,0.0,5,2,0,9,2,0,85.0,1,0.0,0.125,1650,231.0,0.140012070006035
CA-2019-126186,GB-14530,2019-09-11,US,West,United States,Corporate,Medium,24.64,4,0.2,0.2,1,1,0,9,2,0,501.0,1,0.0,0.125,1651,231.0,0.1399276236429433
CA-2019-132465,DM-13525,2019-09-11,US,East,United States,Corporate,Medium,1082.1499999999999,8,0.0,0.0,4,3,0,9,2,0,433.0,1,0.0,0.125,1652,231.0,0.1398432790837854
CA-2019-153794,SB-20290,2019-09-11,US,West,United States,Corporate,Medium,265.85999999999996,7,0.0,0.0,1,1,0,9,2,0,357.0,3,0.0,0.1,1653,231.0,0.13975903614457832
CA-2019-165057,SC-20725,2019-09-11,US,West,United States,Consumer,Medium,189.99,12,0.0,0.0,2,1,0,9,2,0,25.0,4,1.0,0.18181818181818182,1654,231.0,0.13967489464178207
CA-2019-102016,TM-21010,2019-09-12,US,East,United States,Consumer,Medium,193.26,13,0.0,0.0,6,1,0,9,3,0,104.0,4,0.0,0.09090909090909091,1655,231.0,0.13959085439229843
CA-2019-128993,CC-12670,2019-09-12,US,West,United States,Consumer,Medium,21.98,2,0.0,0.0,1,1,0,9,3,0,263.0,1,0.0,0.125,1656,231.0,0.13950691521346964
CA-2019-166464,PG-18895,2019-09-12,US,East,United States,Consumer,Medium,492.58400000000006,6,0.1,0.2,2,2,0,9,3,0,489.0,1,0.0,0.125,1657,231.0,0.13942307692307693
CA-2019-115567,ZC-21910,2019-09-13,US,Central,United States,Consumer,Medium,1716.16,11,0.0,0.0,2,2,0,9,4,0,141.0,4,0.0,0.09090909090909091,1658,231.0,0.13933933933933934
CA-2019-118843,JH-15910,2019-09-13,US,South,United States,Consumer,Medium,199.86,10,0.0,0.0,2,2,0,9,4,0,93.0,1,0.0,0.125,1659,231.0,0.13925570228091236
CA-2019-136728,AG-10900,2019-09-13,US,Central,United States,Consumer,Medium,177.89600000000002,5,0.25,0.3,2,2,0,9,4,0,8.0,4,3.0,0.36363636363636365,1660,231.0,0.13917216556688664
CA-2019-138457,AM-10705,2019-09-13,US,South,United States,Consumer,Medium,13.092000000000002,4,0.7,0.7,1,1,0,9,4,0,317.0,1,0.0,0.125,1661,231.0,0.13908872901678657
US-2019-129007,KD-16615,2019-09-13,US,West,United States,Corporate,Medium,1336.352,23,0.06666666666666667,0.2,6,2,0,9,4,0,9999.0,0,0.0,0.14285714285714285,1662,231.0,0.1390053924505692
US-2019-161347,HG-14845,2019-09-13,US,East,United States,Consumer,Medium,2.412,1,0.7,0.7,1,1,0,9,4,0,502.0,1,0.0,0.125,1663,231.0,0.13892215568862276
CA-2019-115924,BE-11455,2019-09-14,US,Central,United States,Home Office,Medium,25.9,5,0.0,0.0,1,1,0,9,5,1,43.0,1,0.0,0.125,1664,231.0,0.13883901855176542
CA-2019-120362,CA-12265,2019-09-14,US,West,United States,Consumer,Medium,912.75,5,0.0,0.0,1,1,0,9,5,1,262.0,2,0.0,0.1111111111111111,1665,231.0,0.13875598086124402
CA-2019-128027,CM-12385,2019-09-14,US,South,United States,Consumer,Medium,269.49,3,0.0,0.0,1,1,0,9,5,1,182.0,1,0.0,0.125,1666,231.0,0.13867304243873282
CA-2019-131597,SP-20620,2019-09-14,US,West,United States,Corporate,Medium,170.13600000000002,3,0.2,0.2,1,1,0,9,5,1,251.0,4,2.0,0.2727272727272727,1667,231.0,0.13859020310633213
CA-2019-140984,CC-12685,2019-09-14,US,East,United States,Consumer,Medium,1884.144,17,0.13333333333333333,0.2,3,2,1,9,5,1,248.0,2,0.0,0.1111111111111111,1668,231.0,0.13850746268656716
CA-2019-140984,CC-12685,2019-09-14,US,East,United States,Consumer,Medium,1884.144,17,0.13333333333333333,0.2,3,2,1,9,5,1,0.0,3,1.0,0.2,1669,232.0,0.13902147971360382
CA-2019-140984,CC-12685,2019-09-14,US,East,United States,Consumer,Medium,1884.144,17,0.13333333333333333,0.2,3,2,1,9,5,1,0.0,4,2.0,0.2727272727272727,1670,233.0,0.13953488372093023
CA-2019-100734,AC-10615,2019-09-15,US,East,United States,Corporate,Medium,150.76,6,0.44999999999999996,0.7,2,1,0,9,6,1,9999.0,0,0.0,0.14285714285714285,1671,234.0,0.1400476758045292
CA-2019-102582,NW-18400,2019-09-15,US,South,United States,Consumer,Medium,1918.79,12,0.0,0.0,3,2,0,9,6,1,130.0,7,5.0,0.42857142857142855,1672,234.0,0.1399642644431209
CA-2019-105102,BM-11575,2019-09-15,US,East,United States,Corporate,Medium,139.216,6,0.13333333333333333,0.2,3,2,0,9,6,1,9999.0,0,0.0,0.14285714285714285,1673,234.0,0.13988095238095238
CA-2019-145849,CT-11995,2019-09-15,US,Central,United States,Consumer,Medium,215.18,10,0.0,0.0,2,1,0,9,6,1,269.0,2,0.0,0.1111111111111111,1674,234.0,0.13979773944080903
US-2019-130519,NG-18355,2019-09-15,US,South,United States,Corporate,Medium,111.904,10,0.2,0.2,4,2,0,9,6,1,295.0,4,4.0,0.45454545454545453,1675,234.0,0.13971462544589774
CA-2019-167696,BD-11500,2019-09-16,US,South,United States,Consumer,Medium,31.12,4,0.0,0.0,1,1,0,9,0,0,337.0,2,0.0,0.1111111111111111,1676,234.0,0.13963161021984552
CA-2019-133025,MO-17800,2019-09-17,US,West,United States,Home Office,Medium,32.400000000000006,5,0.0,0.0,1,1,0,9,1,0,9999.0,0,0.0,0.14285714285714285,1677,234.0,0.13954869358669833
CA-2019-141145,DB-13405,2019-09-17,US,South,United States,Consumer,Medium,87.168,3,0.2,0.2,1,1,0,9,1,0,40.0,1,0.0,0.125,1678,234.0,0.1394658753709199
CA-2019-143077,SF-20965,2019-09-17,US,Central,United States,Corporate,Medium,28.524,5,0.7,0.8,2,2,0,9,1,0,257.0,2,0.0,0.1111111111111111,1679,234.0,0.13938315539739027
US-2019-126977,PF-19120,2019-09-17,US,East,United States,Consumer,Medium,7678.228000000001,40,0.05,0.2,10,3,0,9,1,0,94.0,3,0.0,0.1,1680,234.0,0.13930053349140487
US-2019-138716,CS-11845,2019-09-17,US,West,United States,Corporate,Medium,25.031999999999996,3,0.2,0.2,1,1,0,9,1,0,168.0,2,0.0,0.1111111111111111,1681,234.0,0.139218009478673
US-2019-138919,LS-16975,2019-09-17,US,East,United States,Home Office,Medium,344.22,2,0.4,0.4,1,1,0,9,1,0,295.0,2,0.0,0.1111111111111111,1682,234.0,0.13913558318531677
US-2019-150630,TB-21520,2019-09-17,US,East,United States,Consumer,Medium,3329.434,28,0.38571428571428573,0.7,7,2,0,9,1,0,265.0,3,0.0,0.1,1683,234.0,0.1390532544378698
CA-2019-101154,CM-12190,2019-09-18,US,West,United States,Consumer,Medium,443.92,4,0.0,0.0,1,1,0,9,2,0,9999.0,0,0.0,0.14285714285714285,1684,234.0,0.13897102306327616
CA-2019-109575,KH-16630,2019-09-18,US,East,United States,Corporate,Medium,2503.82,21,0.0,0.0,5,2,0,9,2,0,227.0,2,0.0,0.1111111111111111,1685,234.0,0.1388888888888889
CA-2019-142202,JR-16210,2019-09-18,US,South,United States,Corporate,Medium,717.1200000000001,9,0.2,0.2,1,1,0,9,2,0,9999.0,0,0.0,0.14285714285714285,1686,234.0,0.13880685174246898
CA-2019-149713,TG-21640,2019-09-18,US,West,United States,Consumer,Medium,187.94,20,0.0,0.0,3,1,0,9,2,0,101.0,2,0.0,0.1111111111111111,1687,234.0,0.13872491145218419
CA-2019-150511,AB-10060,2019-09-18,US,West,United States,Home Office,Medium,18.54,2,0.0,0.0,1,1,0,9,2,0,9999.0,0,0.0,0.14285714285714285,1688,234.0,0.13864306784660768
CA-2019-167745,GB-14530,2019-09-18,US,West,United States,Corporate,Medium,52.98,6,0.0,0.0,3,2,0,9,2,0,7.0,2,0.0,0.1111111111111111,1689,234.0,0.13856132075471697
CA-2019-115847,TC-21535,2019-09-19,US,South,United States,Home Office,Medium,61.96,2,0.0,0.0,1,1,0,9,3,0,107.0,2,0.0,0.1111111111111111,1690,234.0,0.13847967000589276
CA-2019-132815,RW-19540,2019-09-19,US,West,United States,Corporate,Medium,22.96,2,0.0,0.0,1,1,0,9,3,0,228.0,1,0.0,0.125,1691,234.0,0.13839811542991756
CA-2019-135489,GW-14605,2019-09-19,US,East,United States,Consumer,Medium,279.85999999999996,14,0.0,0.0,1,1,0,9,3,0,419.0,2,0.0,0.1111111111111111,1692,234.0,0.1383166568569747
CA-2019-137603,MH-17290,2019-09-19,US,West,United States,Home Office,Medium,8.4,5,0.0,0.0,1,1,0,9,3,0,511.0,2,2.0,0.3333333333333333,1693,234.0,0.13823529411764707
CA-2019-147102,NH-18610,2019-09-19,US,South,United States,Corporate,Medium,66.36,4,0.0,0.0,1,1,0,9,3,0,566.0,1,0.0,0.125,1694,234.0,0.13815402704291593
CA-2019-149517,FC-14245,2019-09-19,US,West,United States,Home Office,Medium,60.84,3,0.0,0.0,1,1,0,9,3,0,98.0,1,0.0,0.125,1695,234.0,0.13807285546415982
CA-2019-126970,TP-21130,2019-09-20,US,Central,United States,Consumer,Medium,2.807999999999999,3,0.8,0.8,1,1,0,9,4,0,159.0,1,0.0,0.125,1696,234.0,0.13799177921315325
CA-2019-141565,BG-11035,2019-09-20,US,South,United States,Consumer,Medium,1664.132,10,0.44999999999999996,0.7,2,1,0,9,4,0,288.0,2,0.0,0.1111111111111111,1697,234.0,0.13791079812206572
CA-2019-151470,AM-10705,2019-09-20,US,West,United States,Consumer,Medium,45.584,11,0.2,0.2,1,1,0,9,4,0,7.0,2,0.0,0.1111111111111111,1698,234.0,0.1378299120234604
CA-2019-153738,AG-10270,2019-09-20,US,East,United States,Consumer,Medium,37.68,6,0.0,0.0,1,1,0,9,4,0,424.0,2,0.0,0.1111111111111111,1699,234.0,0.13774912075029308
CA-2019-156013,TC-20980,2019-09-20,US,East,United States,Corporate,Medium,85.848,7,0.1,0.2,2,1,0,9,4,0,267.0,3,2.0,0.3,1700,234.0,0.13766842413591096
CA-2019-102036,CS-12130,2019-09-21,US,West,United States,Consumer,Medium,199.74,6,0.0,0.0,1,1,0,9,5,1,412.0,1,0.0,0.125,1701,234.0,0.1375878220140515
CA-2019-117800,TH-21550,2019-09-21,US,East,United States,Home Office,Medium,1132.84,5,0.0,0.0,2,2,0,9,5,1,60.0,3,0.0,0.1,1702,234.0,0.13750731421884144
CA-2019-126697,SV-20815,2019-09-21,US,Central,United States,Corporate,Medium,1102.472,14,0.3333333333333333,0.6,3,2,0,9,5,1,140.0,1,0.0,0.125,1703,234.0,0.13742690058479531
CA-2019-127593,DH-13675,2019-09-21,US,East,United States,Home Office,Medium,85.3,2,0.0,0.0,1,1,0,9,5,1,297.0,2,0.0,0.1111111111111111,1704,234.0,0.13734658094681473
CA-2019-149972,CD-12790,2019-09-21,US,West,United States,Home Office,Medium,609.4359999999999,6,0.1,0.2,2,2,0,9,5,1,268.0,2,0.0,0.1111111111111111,1705,234.0,0.13726635514018692
CA-2019-158421,GB-14575,2019-09-21,US,South,United States,Consumer,Medium,3631.96,37,0.0,0.0,9,3,0,9,5,1,101.0,1,0.0,0.125,1706,234.0,0.13718622300058378
CA-2019-168480,DM-12955,2019-09-21,US,Central,United States,Corporate,Medium,220.31,5,0.0,0.0,2,2,1,9,5,1,164.0,3,0.0,0.1,1707,234.0,0.1371061843640607
CA-2019-168480,DM-12955,2019-09-21,US,Central,United States,Corporate,Medium,220.31,5,0.0,0.0,2,2,1,9,5,1,0.0,4,1.0,0.18181818181818182,1708,235.0,0.13760932944606413
CA-2019-102260,SJ-20125,2019-09-22,US,South,United States,Home Office,Medium,763.508,13,0.3,0.7,5,1,0,9,6,1,9999.0,0,0.0,0.14285714285714285,1709,236.0,0.1381118881118881
CA-2019-112571,DL-12925,2019-09-22,US,West,United States,Consumer,Medium,204.6,2,0.0,0.0,1,1,0,9,6,1,137.0,3,0.0,0.1,1710,236.0,0.13803145020384391
CA-2019-134992,MG-17875,2019-09-22,US,South,United States,Home Office,Medium,80.38,7,0.0,0.0,2,2,0,9,6,1,92.0,3,2.0,0.3,1711,236.0,0.1379511059371362
CA-2019-168760,MM-18280,2019-09-22,US,West,United States,Corporate,Medium,61.44,3,0.0,0.0,1,1,0,9,6,1,120.0,4,3.0,0.36363636363636365,1712,236.0,0.13787085514834205
US-2019-115343,FO-14305,2019-09-22,US,East,United States,Consumer,Medium,673.5760000000001,8,0.2,0.2,2,2,0,9,6,1,198.0,3,0.0,0.1,1713,236.0,0.1377906976744186
CA-2019-103835,SC-20440,2019-09-24,US,West,United States,Corporate,Medium,1173.03,7,0.0,0.0,2,2,0,9,1,0,20.0,2,0.0,0.1111111111111111,1714,236.0,0.13771063335270192
CA-2019-105508,JF-15190,2019-09-24,US,East,United States,Consumer,Medium,39.98,1,0.0,0.0,1,1,0,9,1,0,313.0,1,0.0,0.125,1715,236.0,0.13763066202090593
CA-2019-113131,MB-17305,2019-09-24,US,East,United States,Consumer,Medium,97.68400000000001,16,0.3,0.7,5,1,0,9,1,0,412.0,1,0.0,0.125,1716,236.0,0.1375507835171213
CA-2019-143119,MC-17275,2019-09-24,US,South,United States,Consumer,Medium,517.5,6,0.0,0.0,1,1,0,9,1,0,17.0,3,0.0,0.1,1717,236.0,0.13747099767981438
CA-2019-147816,CM-11935,2019-09-24,US,West,United States,Consumer,Medium,35.12,2,0.2,0.2,1,1,0,9,1,0,9999.0,0,0.0,0.14285714285714285,1718,236.0,0.1373913043478261
CA-2019-153381,DE-13255,2019-09-24,US,Central,United States,Home Office,Medium,1423.34,14,0.0,0.0,2,2,0,9,1,0,159.0,4,3.0,0.36363636363636365,1719,236.0,0.1373117033603708
CA-2019-161830,ME-17725,2019-09-24,US,West,United States,Consumer,Medium,50.912000000000006,5,0.1,0.2,2,1,0,9,1,0,138.0,2,0.0,0.1111111111111111,1720,236.0,0.1372321945570353
US-2019-106873,KM-16720,2019-09-24,US,West,United States,Consumer,Medium,54.24,11,0.20000000000000004,0.2,3,2,0,9,1,0,425.0,4,0.0,0.09090909090909091,1721,236.0,0.1371527777777778
US-2019-161466,ON-18715,2019-09-24,US,East,United States,Corporate,Medium,6.848000000000001,2,0.2,0.2,1,1,0,9,1,0,42.0,5,0.0,0.08333333333333333,1722,236.0,0.13707345286292655
US-2019-164308,SC-20680,2019-09-24,US,Central,United States,Home Office,Medium,821.94,6,0.0,0.0,1,1,0,9,1,0,307.0,1,0.0,0.125,1723,236.0,0.13699421965317918
CA-2019-100573,AM-10705,2019-09-25,US,West,United States,Consumer,Medium,17.48,2,0.0,0.0,1,1,0,9,2,0,5.0,3,0.0,0.1,1724,236.0,0.1369150779896014
CA-2019-103933,DR-12880,2019-09-25,US,East,United States,Corporate,Medium,899.91,9,0.0,0.0,1,1,0,9,2,0,9999.0,0,0.0,0.14285714285714285,1725,236.0,0.13683602771362588
CA-2019-106320,EB-13870,2019-09-25,US,West,United States,Consumer,Medium,1044.6299999999999,3,0.0,0.0,1,1,0,9,2,0,78.0,5,2.0,0.25,1726,236.0,0.13675706866705137
CA-2019-120845,ML-17395,2019-09-25,US,South,United States,Corporate,Medium,22.549000000000003,8,0.575,0.7,4,1,0,9,2,0,347.0,6,3.0,0.3076923076923077,1727,236.0,0.13667820069204153
CA-2019-139738,DK-12895,2019-09-25,US,Central,United States,Consumer,Medium,128.744,7,0.2,0.2,1,1,0,9,2,0,201.0,1,0.0,0.125,1728,236.0,0.13659942363112393
CA-2019-149083,SH-19975,2019-09-25,US,West,United States,Corporate,Medium,479.716,8,0.06666666666666667,0.2,3,3,0,9,2,0,289.0,1,0.0,0.125,1729,236.0,0.13652073732718895
CA-2019-151869,CS-11950,2019-09-25,US,East,United States,Consumer,Medium,122.62200000000001,4,0.05,0.1,2,2,0,9,2,0,311.0,2,0.0,0.1111111111111111,1730,236.0,0.13644214162348878
CA-2019-156335,PO-19195,2019-09-25,US,East,United States,Home Office,Medium,183.4,9,0.0,0.0,3,2,0,9,2,0,629.0,1,0.0,0.125,1731,236.0,0.13636363636363635
CA-2019-156510,EH-13990,2019-09-25,US,East,United States,Consumer,Medium,63.14,5,0.0,0.0,3,1,0,9,2,0,305.0,3,0.0,0.1,1732,236.0,0.13628522139160437
CA-2019-159779,SB-20185,2019-09-25,US,East,United States,Consumer,Medium,68.62,2,0.0,0.0,1,1,0,9,2,0,126.0,3,0.0,0.1,1733,236.0,0.13620689655172413
CA-2019-160787,BM-11785,2019-09-25,US,East,United States,Consumer,Medium,2.9460000000000006,2,0.7,0.7,1,1,0,9,2,0,189.0,4,0.0,0.09090909090909091,1734,236.0,0.13612866168868468
CA-2019-111458,PF-19165,2019-09-26,US,East,United States,Consumer,Medium,50.0,2,0.0,0.0,1,1,0,9,3,0,30.0,2,0.0,0.1111111111111111,1735,236.0,0.13605051664753157
CA-2019-120341,SF-20200,2019-09-26,US,East,United States,Consumer,Medium,166.99800000000002,7,0.55,0.7,2,2,0,9,3,0,205.0,2,0.0,0.1111111111111111,1736,236.0,0.1359724612736661
CA-2019-122371,BS-11800,2019-09-26,US,West,United States,Home Office,Medium,188.63,5,0.0,0.0,2,1,0,9,3,0,9999.0,0,0.0,0.14285714285714285,1737,236.0,0.13589449541284404
CA-2019-124800,RW-19540,2019-09-26,US,West,United States,Corporate,Medium,1044.075,32,0.34285714285714286,0.7,7,2,0,9,3,0,7.0,2,0.0,0.1111111111111111,1738,236.0,0.13581661891117477
CA-2019-127173,GM-14500,2019-09-26,US,East,United States,Consumer,Medium,743.4259999999999,19,0.06666666666666667,0.2,3,2,0,9,3,0,184.0,2,0.0,0.1111111111111111,1739,236.0,0.13573883161512026
CA-2019-130883,TB-21520,2019-09-26,US,West,United States,Consumer,Medium,412.66400000000004,16,0.20000000000000004,0.2,3,2,0,9,3,0,9.0,4,0.0,0.09090909090909091,1740,236.0,0.135661133371494
US-2019-161991,SC-20725,2019-09-26,US,Central,United States,Consumer,Medium,1116.48,12,0.5,0.8,2,2,0,9,3,0,15.0,5,1.0,0.16666666666666666,1741,236.0,0.13558352402745996
CA-2019-103072,HW-14935,2019-09-27,US,Central,United States,Corporate,Medium,42.32,9,0.0,0.0,2,1,0,9,4,0,9999.0,0,0.0,0.14285714285714285,1742,236.0,0.13550600343053174
CA-2019-125976,JK-15205,2019-09-27,US,South,United States,Consumer,Medium,2026.7800000000002,17,0.0,0.0,2,2,0,9,4,0,443.0,1,0.0,0.125,1743,236.0,0.13542857142857143
CA-2019-143616,SS-20140,2019-09-27,US,West,United States,Corporate,Medium,99.2,5,0.0,0.0,1,1,0,9,4,0,308.0,1,0.0,0.125,1744,236.0,0.1353512278697887
CA-2019-167255,RH-19510,2019-09-27,US,West,United States,Home Office,Medium,175.29,6,0.0,0.0,3,1,0,9,4,0,27.0,2,0.0,0.1111111111111111,1745,236.0,0.13527397260273974
US-2019-100531,NM-18520,2019-09-27,US,Central,United States,Consumer,Medium,39.367999999999995,5,0.7,0.8,2,2,0,9,4,0,19.0,2,2.0,0.3333333333333333,1746,236.0,0.1351968054763263
CA-2019-106978,ZC-21910,2019-09-28,US,West,United States,Consumer,Medium,18.128000000000004,6,0.3666666666666667,0.7,3,1,0,9,5,1,15.0,5,0.0,0.08333333333333333,1747,236.0,0.13511972633979474
CA-2019-120915,JJ-15445,2019-09-28,US,East,United States,Consumer,Medium,601.5,8,0.0,0.0,2,2,0,9,5,1,107.0,2,0.0,0.1111111111111111,1748,236.0,0.13504273504273503
CA-2019-129546,RP-19855,2019-09-28,US,West,United States,Corporate,Medium,351.916,14,0.1,0.2,4,2,0,9,5,1,225.0,2,0.0,0.1111111111111111,1749,236.0,0.13496583143507973
CA-2019-169201,HG-14965,2019-09-28,US,West,United States,Corporate,Medium,86.82,5,0.0,0.0,2,1,0,9,5,1,38.0,4,0.0,0.09090909090909091,1750,236.0,0.13488901536710302
CA-2019-115392,RM-19675,2019-10-01,US,East,United States,Home Office,Medium,334.43,7,0.0,0.0,2,2,0,10,1,0,316.0,2,0.0,0.1111111111111111,1751,236.0,0.1348122866894198
CA-2019-148873,EM-13960,2019-10-01,US,Central,United States,Consumer,Medium,111.76000000000002,8,0.5,0.8,2,2,1,10,1,0,9999.0,0,0.0,0.14285714285714285,1752,236.0,0.13473564525298465
CA-2019-148873,EM-13960,2019-10-01,US,Central,United States,Consumer,Medium,111.76000000000002,8,0.5,0.8,2,2,1,10,1,0,0.0,1,1.0,0.25,1753,237.0,0.13522727272727272
CA-2019-156566,EM-13960,2019-10-01,US,West,United States,Consumer,Medium,572.8000000000001,2,0.2,0.2,1,1,0,10,1,0,0.0,2,2.0,0.3333333333333333,1754,238.0,0.1357183418512209
CA-2019-166135,SC-20440,2019-10-01,US,West,United States,Corporate,Medium,139.424,4,0.2,0.2,1,1,0,10,1,0,7.0,3,0.0,0.1,1755,238.0,0.13564131668558457
CA-2019-104493,EB-13705,2019-10-02,US,West,United States,Corporate,Medium,57.504000000000005,6,0.2,0.2,1,1,0,10,2,0,185.0,3,0.0,0.1,1756,238.0,0.13556437889960296
CA-2019-125696,NP-18685,2019-10-02,US,South,United States,Home Office,Medium,7.380000000000001,5,0.7,0.7,1,1,0,10,2,0,130.0,2,0.0,0.1111111111111111,1757,238.0,0.1354875283446712
CA-2019-128356,RP-19390,2019-10-02,US,West,United States,Consumer,Medium,10.944,2,0.2,0.2,1,1,0,10,2,0,178.0,15,8.0,0.4090909090909091,1758,238.0,0.13541076487252124
CA-2019-129917,HM-14980,2019-10-02,US,West,United States,Consumer,Medium,569.336,12,0.20000000000000004,0.2,3,2,0,10,2,0,9999.0,0,0.0,0.14285714285714285,1759,238.0,0.13533408833522084
CA-2019-140375,SG-20470,2019-10-02,US,East,United States,Consumer,Medium,26.82,4,0.0,0.0,2,1,0,10,2,0,95.0,5,0.0,0.08333333333333333,1760,238.0,0.1352574985851726
US-2019-119312,CS-12400,2019-10-02,US,West,United States,Home Office,Medium,270.34,14,0.0,0.0,1,1,0,10,2,0,371.0,1,0.0,0.125,1761,238.0,0.1351809954751131
US-2019-137008,JP-15460,2019-10-02,US,East,United States,Corporate,Medium,235.97,10,0.0,0.0,3,2,1,10,2,0,404.0,1,0.0,0.125,1762,238.0,0.13510457885811192
US-2019-137008,JP-15460,2019-10-02,US,East,United States,Corporate,Medium,235.97,10,0.0,0.0,3,2,1,10,2,0,0.0,2,1.0,0.2222222222222222,1763,239.0,0.13559322033898305
US-2019-137008,JP-15460,2019-10-02,US,East,United States,Corporate,Medium,235.97,10,0.0,0.0,3,2,1,10,2,0,0.0,3,2.0,0.3,1764,240.0,0.13608130999435347
US-2019-144771,CK-12205,2019-10-02,US,West,United States,Consumer,Medium,64.072,4,0.2,0.2,2,2,0,10,2,0,188.0,4,0.0,0.09090909090909091,1765,241.0,0.136568848758465
US-2019-145121,MP-17965,2019-10-02,US,East,United States,Corporate,Medium,26.9,5,0.0,0.0,1,1,0,10,2,0,77.0,2,0.0,0.1111111111111111,1766,241.0,0.13649182177100957
CA-2019-125178,MZ-17515,2019-10-03,US,East,United States,Corporate,Medium,15.008000000000003,2,0.2,0.2,1,1,0,10,3,0,326.0,2,0.0,0.1111111111111111,1767,241.0,0.13641488162344984
CA-2019-126137,BS-11755,2019-10-03,US,West,United States,Consumer,Medium,120.666,2,0.15,0.15,1,1,0,10,3,0,426.0,3,3.0,0.4,1768,241.0,0.13633802816901408
US-2019-157014,BM-11785,2019-10-03,US,East,United States,Consumer,Medium,139.544,10,0.4,0.7,4,3,0,10,3,0,8.0,5,0.0,0.08333333333333333,1769,241.0,0.13626126126126126
CA-2019-121391,AA-10315,2019-10-04,US,West,United States,Consumer,Medium,26.96,2,0.0,0.0,1,1,0,10,4,0,384.0,2,0.0,0.1111111111111111,1770,241.0,0.1361845807540799
CA-2019-134859,JK-16120,2019-10-04,US,East,United States,Home Office,Medium,85.68,7,0.2,0.2,2,2,0,10,4,0,55.0,2,0.0,0.1111111111111111,1771,241.0,0.1361079865016873
CA-2019-168004,DJ-13420,2019-10-04,US,South,United States,Corporate,Medium,392.93999999999994,3,0.0,0.0,1,1,0,10,4,0,300.0,1,0.0,0.125,1772,241.0,0.13603147835862844
CA-2019-115091,JJ-15760,2019-10-05,US,South,United States,Home Office,Medium,75.04,6,0.0,0.0,2,1,0,10,5,1,9999.0,0,0.0,0.14285714285714285,1773,241.0,0.13595505617977527
CA-2019-133445,JF-15490,2019-10-05,US,West,United States,Consumer,Medium,357.462,5,0.44999999999999996,0.7,2,1,0,10,5,1,282.0,2,0.0,0.1111111111111111,1774,241.0,0.13587871982032565
CA-2019-145828,MB-17305,2019-10-05,US,East,United States,Consumer,Medium,53.040000000000006,3,0.2,0.2,1,1,0,10,5,1,11.0,2,0.0,0.1111111111111111,1775,241.0,0.13580246913580246
CA-2019-151722,IL-15100,2019-10-05,US,East,United States,Consumer,Medium,288.0,4,0.2,0.2,1,1,0,10,5,1,241.0,2,0.0,0.1111111111111111,1776,241.0,0.1357263039820527
CA-2019-161214,SF-20965,2019-10-05,US,East,United States,Corporate,Medium,77.55,5,0.0,0.0,1,1,0,10,5,1,18.0,3,0.0,0.1,1777,241.0,0.13565022421524664
CA-2019-125710,BT-11680,2019-10-08,US,Central,United States,Consumer,Medium,3.44,2,0.2,0.2,1,1,0,10,1,0,91.0,2,0.0,0.1111111111111111,1778,241.0,0.13557422969187674
CA-2019-131352,GH-14485,2019-10-08,US,Central,United States,Corporate,Medium,72.78,3,0.6,0.6,1,1,0,10,1,0,9999.0,0,0.0,0.14285714285714285,1779,241.0,0.135498320268757
CA-2019-168529,MB-17305,2019-10-08,US,West,United States,Consumer,Medium,145.9,5,0.0,0.0,1,1,0,10,1,0,3.0,3,0.0,0.1,1780,241.0,0.13542249580302182
CA-2019-124107,BM-11650,2019-10-09,US,Central,United States,Corporate,Medium,736.473,18,0.025,0.1,4,2,0,10,2,0,381.0,3,0.0,0.1,1781,241.0,0.13534675615212527
CA-2019-124499,FM-14380,2019-10-09,US,Central,United States,Consumer,Medium,659.88,8,0.05,0.1,2,2,0,10,2,0,89.0,1,0.0,0.125,1782,241.0,0.13527110117384014
CA-2019-129098,DK-13090,2019-10-09,US,South,United States,Consumer,Medium,30.84,2,0.0,0.0,1,1,0,10,2,0,221.0,1,0.0,0.125,1783,241.0,0.13519553072625698
CA-2019-141040,TB-21250,2019-10-09,US,East,United States,Consumer,Medium,655.88,8,0.0,0.0,2,2,0,10,2,0,305.0,1,0.0,0.125,1784,241.0,0.13512004466778335
CA-2019-162761,SC-20575,2019-10-09,US,South,United States,Consumer,Medium,50.462,12,0.5333333333333333,0.7,3,1,0,10,2,0,480.0,1,0.0,0.125,1785,241.0,0.13504464285714285
CA-2019-109736,DJ-13420,2019-10-10,US,West,United States,Corporate,Medium,45.36,7,0.0,0.0,1,1,1,10,3,0,6.0,2,0.0,0.1111111111111111,1786,241.0,0.13496932515337423
CA-2019-112522,DP-13165,2019-10-10,US,Central,United States,Consumer,Medium,8.016,3,0.2,0.2,1,1,0,10,3,0,312.0,1,0.0,0.125,1787,242.0,0.1354515050167224
CA-2019-132388,KN-16390,2019-10-10,US,West,United States,Corporate,Medium,393.186,6,0.1,0.2,2,2,0,10,3,0,50.0,3,0.0,0.1,1788,242.0,0.13537604456824512
CA-2019-134719,JD-15790,2019-10-10,US,South,United States,Consumer,Medium,1801.632,6,0.2,0.2,1,1,0,10,3,0,191.0,1,0.0,0.125,1789,242.0,0.13530066815144767
CA-2019-112053,SH-20395,2019-10-11,US,East,United States,Consumer,Medium,31.95,1,0.0,0.0,1,1,0,10,4,0,342.0,2,0.0,0.1111111111111111,1790,242.0,0.1352253756260434
US-2019-108966,SO-20335,2019-10-11,US,South,United States,Consumer,Medium,979.9455,7,0.325,0.45,2,2,0,10,4,0,9999.0,0,0.0,0.14285714285714285,1791,242.0,0.13515016685205783
CA-2019-102281,MP-17470,2019-10-12,US,East,United States,Home Office,Medium,1668.9880000000003,26,0.08,0.2,5,3,0,10,5,1,106.0,4,0.0,0.09090909090909091,1792,242.0,0.13507504168982767
CA-2019-134747,DL-12925,2019-10-12,US,Central,United States,Consumer,Medium,412.23999999999995,9,0.0,0.0,3,2,0,10,5,1,20.0,4,0.0,0.09090909090909091,1793,242.0,0.135
CA-2019-142993,KA-16525,2019-10-12,US,West,United States,Consumer,Medium,99.85999999999999,4,0.0,0.0,2,2,0,10,5,1,234.0,2,0.0,0.1111111111111111,1794,242.0,0.13492504164353136
CA-2019-159786,RK-19300,2019-10-12,US,East,United States,Consumer,Medium,209.67,1,0.4,0.4,1,1,0,10,5,1,84.0,1,0.0,0.125,1795,242.0,0.13485016648168702
CA-2019-114300,AF-10885,2019-10-13,US,South,United States,Consumer,Medium,371.65999999999997,10,0.0,0.0,2,2,0,10,6,1,396.0,2,0.0,0.1111111111111111,1796,242.0,0.13477537437603992
CA-2019-129476,PA-19060,2019-10-15,US,Central,United States,Home Office,Medium,339.96000000000004,5,0.2,0.2,1,1,0,10,1,0,227.0,2,0.0,0.1111111111111111,1797,242.0,0.13470066518847007
CA-2019-139731,JE-15745,2019-10-15,US,Central,United States,Consumer,Medium,2717.31,8,0.25,0.3,2,2,1,10,1,0,147.0,4,0.0,0.09090909090909091,1798,242.0,0.13462603878116344
CA-2019-139731,JE-15745,2019-10-15,US,Central,United States,Consumer,Medium,2717.31,8,0.25,0.3,2,2,1,10,1,0,0.0,5,1.0,0.16666666666666666,1799,243.0,0.13510520487264674
US-2019-118766,LS-16975,2019-10-15,US,Central,United States,Home Office,Medium,8.424,11,0.5,0.8,2,1,0,10,1,0,28.0,3,0.0,0.1,1800,244.0,0.13558384061981185
US-2019-123918,CG-12520,2019-10-15,US,Central,United States,Consumer,Medium,136.72,7,0.4,0.6,2,2,0,10,1,0,9999.0,0,0.0,0.14285714285714285,1801,244.0,0.13550884955752213
US-2019-126235,GA-14725,2019-10-15,US,Central,United States,Consumer,Medium,17.14,2,0.0,0.0,1,1,0,10,1,0,210.0,4,0.0,0.09090909090909091,1802,244.0,0.13543394140409065
CA-2019-110765,MP-17965,2019-10-16,US,East,United States,Corporate,Medium,824.97,3,0.0,0.0,1,1,0,10,2,0,14.0,3,0.0,0.1,1803,244.0,0.13535911602209943
CA-2019-152527,CM-12190,2019-10-17,US,West,United States,Consumer,Medium,77.88,2,0.0,0.0,1,1,0,10,3,0,29.0,1,0.0,0.125,1804,244.0,0.13528437327443402
CA-2019-105613,KN-16705,2019-10-18,US,Central,United States,Home Office,Medium,100.85999999999999,9,0.5,0.8,2,2,0,10,4,0,341.0,5,3.0,0.3333333333333333,1805,244.0,0.13520971302428256
CA-2019-127824,JC-15775,2019-10-18,US,West,United States,Consumer,Medium,277.634,8,0.06666666666666667,0.2,3,3,0,10,4,0,301.0,2,0.0,0.1111111111111111,1806,244.0,0.13513513513513514
CA-2019-113901,NH-18610,2019-10-19,US,Central,United States,Corporate,Medium,188.23,11,0.0,0.0,2,2,0,10,5,1,30.0,2,0.0,0.1111111111111111,1807,244.0,0.1350606394707828
CA-2019-131128,TB-21520,2019-10-19,US,East,United States,Consumer,Medium,34.44,3,0.0,0.0,1,1,0,10,5,1,23.0,5,0.0,0.08333333333333333,1808,244.0,0.1349862258953168
CA-2019-150413,CS-11860,2019-10-19,US,Central,United States,Consumer,Medium,1.7199999999999995,1,0.8,0.8,1,1,0,10,5,1,476.0,2,0.0,0.1111111111111111,1809,244.0,0.13491189427312775
CA-2019-160171,RM-19675,2019-10-19,US,West,United States,Home Office,Medium,1910.6999999999998,8,0.0,0.0,2,2,0,10,5,1,18.0,3,0.0,0.1,1810,244.0,0.13483764446890478
CA-2019-149097,SV-20785,2019-10-20,US,West,United States,Consumer,Medium,439.53600000000006,10,0.1,0.2,2,1,0,10,6,1,170.0,5,0.0,0.08333333333333333,1811,244.0,0.13476347634763478
CA-2019-164623,MS-17770,2019-10-20,US,East,United States,Consumer,Medium,24.56,2,0.0,0.0,1,1,0,10,6,1,145.0,5,0.0,0.08333333333333333,1812,244.0,0.13468938977460143
US-2019-160563,NS-18640,2019-10-20,US,West,United States,Corporate,Medium,255.98999999999998,9,0.0,0.0,2,2,0,10,6,1,74.0,4,1.0,0.18181818181818182,1813,244.0,0.1346153846153846
CA-2019-169733,GM-14500,2019-10-22,US,South,United States,Consumer,Medium,9.952,1,0.2,0.2,1,1,0,10,1,0,26.0,3,0.0,0.1,1814,244.0,0.13454146073585943
US-2019-104430,LT-17110,2019-10-22,US,Central,United States,Consumer,Medium,5.175999999999998,4,0.8,0.8,1,1,0,10,1,0,508.0,1,0.0,0.125,1815,244.0,0.1344676180021954
CA-2019-109190,CC-12685,2019-10-23,US,Central,United States,Consumer,Medium,546.792,12,0.4000000000000001,0.8,3,2,0,10,2,0,39.0,5,3.0,0.3333333333333333,1816,244.0,0.13439385628085573
CA-2019-110877,JE-15715,2019-10-23,US,Central,United States,Consumer,Medium,186.672,9,0.2,0.2,2,2,0,10,2,0,244.0,2,0.0,0.1111111111111111,1817,244.0,0.13432017543859648
CA-2019-132486,JF-15355,2019-10-23,US,West,United States,Consumer,Medium,1446.784,26,0.10000000000000002,0.2,6,3,0,10,2,0,9999.0,0,0.0,0.14285714285714285,1818,244.0,0.13424657534246576
CA-2019-142692,AG-10495,2019-10-23,US,West,United States,Corporate,Medium,3.5920000000000005,1,0.2,0.2,1,1,0,10,2,0,137.0,2,0.0,0.1111111111111111,1819,244.0,0.13417305585980285
CA-2019-155068,RA-19285,2019-10-23,US,South,United States,Consumer,Medium,78.456,11,0.20000000000000004,0.2,3,2,0,10,2,0,71.0,2,0.0,0.1111111111111111,1820,244.0,0.13409961685823754
CA-2019-118738,AG-10495,2019-10-24,US,Central,United States,Corporate,Medium,373.281,12,0.2333333333333333,0.3,3,2,0,10,3,0,1.0,3,0.0,0.1,1821,244.0,0.13402625820568928
CA-2019-149650,RD-19660,2019-10-24,US,West,United States,Home Office,Medium,454.27200000000005,8,0.2,0.2,1,1,1,10,3,0,195.0,1,0.0,0.125,1822,244.0,0.13395297977036633
CA-2019-156608,MT-18070,2019-10-24,US,Central,United States,Home Office,Medium,3.591999999999999,4,0.8,0.8,1,1,0,10,3,0,394.0,1,0.0,0.125,1823,245.0,0.13442622950819672
CA-2019-105844,JF-15415,2019-10-25,US,West,United States,Consumer,Medium,79.36,4,0.0,0.0,1,1,0,10,4,0,203.0,3,0.0,0.1,1824,245.0,0.13435281267067176
CA-2019-109862,HK-14890,2019-10-25,US,East,United States,Corporate,Medium,450.09000000000003,6,0.0,0.0,2,2,0,10,4,0,502.0,1,0.0,0.125,1825,245.0,0.13427947598253276
CA-2019-130848,DG-13300,2019-10-25,US,West,United States,Corporate,Medium,582.336,8,0.2,0.2,1,1,0,10,4,0,114.0,2,0.0,0.1111111111111111,1826,245.0,0.1342062193126023
CA-2019-152891,TB-21625,2019-10-25,US,West,United States,Consumer,Medium,313.626,6,0.1,0.2,2,2,0,10,4,0,150.0,2,0.0,0.1111111111111111,1827,245.0,0.1341330425299891
CA-2019-139290,MY-17380,2019-10-26,US,West,United States,Corporate,Medium,5.76,2,0.0,0.0,1,1,0,10,5,1,9999.0,0,0.0,0.14285714285714285,1828,245.0,0.1340599455040872
CA-2019-150714,KH-16690,2019-10-26,US,West,United States,Corporate,Medium,1215.2690000000002,31,0.3,0.7,5,1,0,10,5,1,156.0,2,0.0,0.1111111111111111,1829,245.0,0.13398692810457516
CA-2019-156146,AG-10495,2019-10-26,US,West,United States,Corporate,Medium,174.30400000000003,4,0.2,0.2,2,1,0,10,5,1,2.0,4,0.0,0.09090909090909091,1830,245.0,0.13391399020141534
CA-2019-162537,RD-19585,2019-10-28,US,South,United States,Consumer,Medium,104.51,16,0.0,0.0,4,2,0,10,0,0,81.0,3,0.0,0.1,1831,245.0,0.1338411316648531
CA-2019-110289,NB-18655,2019-10-29,US,West,United States,Corporate,Medium,244.24,9,0.0,0.0,2,1,0,10,1,0,261.0,2,0.0,0.1111111111111111,1832,245.0,0.13376835236541598
CA-2019-123673,CH-12070,2019-10-30,US,Central,United States,Home Office,Medium,299.9,2,0.0,0.0,1,1,0,10,2,0,127.0,1,0.0,0.125,1833,245.0,0.13369565217391305
CA-2019-132318,TT-21220,2019-10-30,US,South,United States,Consumer,Medium,182.91,3,0.0,0.0,1,1,0,10,2,0,83.0,5,3.0,0.3333333333333333,1834,245.0,0.133623030961434
CA-2019-145758,BF-11020,2019-10-30,US,East,United States,Corporate,Medium,1035.8,4,0.0,0.0,1,1,0,10,2,0,622.0,1,0.0,0.125,1835,245.0,0.13355048859934854
US-2019-131359,FA-14230,2019-10-30,US,West,United States,Corporate,Medium,603.434,12,0.325,0.7,4,2,0,10,2,0,50.0,4,0.0,0.09090909090909091,1836,245.0,0.13347802495930547
CA-2019-122259,HP-14815,2019-10-31,US,Central,United States,Home Office,Medium,70.12,4,0.0,0.0,1,1,0,10,3,0,341.0,2,0.0,0.1111111111111111,1837,245.0,0.1334056399132321
CA-2019-131457,MZ-17515,2019-10-31,US,West,United States,Corporate,Medium,14.280000000000001,7,0.0,0.0,1,1,0,10,3,0,28.0,3,0.0,0.1,1838,245.0,0.13333333333333333
CA-2019-132570,KT-16480,2019-10-31,US,East,United States,Consumer,Medium,82.74,4,0.0,0.0,2,1,0,10,3,0,537.0,3,0.0,0.1,1839,245.0,0.13326110509209102
CA-2019-164882,SG-20080,2019-10-31,US,West,United States,Consumer,Medium,2562.1710000000003,26,0.08333333333333333,0.2,9,3,1,10,3,0,9999.0,0,0.0,0.14285714285714285,1840,245.0,0.13318895506226314
CA-2019-164882,SG-20080,2019-10-31,US,West,United States,Consumer,Medium,2562.1710000000003,26,0.08333333333333333,0.2,9,3,1,10,3,0,0.0,1,1.0,0.25,1841,246.0,0.13365800865800867
CA-2019-164882,SG-20080,2019-10-31,US,West,United States,Consumer,Medium,2562.1710000000003,26,0.08333333333333333,0.2,9,3,1,10,3,0,0.0,2,2.0,0.3333333333333333,1842,247.0,0.1341265548945376
CA-2019-164882,SG-20080,2019-10-31,US,West,United States,Consumer,Medium,2562.1710000000003,26,0.08333333333333333,0.2,9,3,1,10,3,0,0.0,3,3.0,0.4,1843,248.0,0.1345945945945946
CA-2019-164882,SG-20080,2019-10-31,US,West,United States,Consumer,Medium,2562.1710000000003,26,0.08333333333333333,0.2,9,3,1,10,3,0,0.0,4,4.0,0.45454545454545453,1844,249.0,0.1350621285791464
CA-2019-164882,SG-20080,2019-10-31,US,West,United States,Consumer,Medium,2562.1710000000003,26,0.08333333333333333,0.2,9,3,1,10,3,0,0.0,5,5.0,0.5,1845,250.0,0.1355291576673866
CA-2019-164882,SG-20080,2019-10-31,US,West,United States,Consumer,Medium,2562.1710000000003,26,0.08333333333333333,0.2,9,3,1,10,3,0,0.0,6,6.0,0.5384615384615384,1846,251.0,0.13599568267674042
CA-2019-164882,SG-20080,2019-10-31,US,West,United States,Consumer,Medium,2562.1710000000003,26,0.08333333333333333,0.2,9,3,1,10,3,0,0.0,7,7.0,0.5714285714285714,1847,252.0,0.13646170442286948
CA-2019-164882,SG-20080,2019-10-31,US,West,United States,Consumer,Medium,2562.1710000000003,26,0.08333333333333333,0.2,9,3,1,10,3,0,0.0,8,8.0,0.6,1848,253.0,0.13692722371967656
US-2019-164448,DK-12835,2019-10-31,US,West,United States,Corporate,Medium,481.69800000000004,26,0.1,0.2,4,1,0,10,3,0,266.0,3,0.0,0.1,1849,254.0,0.13739224137931033
CA-2019-105221,VM-21685,2019-11-01,US,East,United States,Home Office,Medium,38.528000000000006,4,0.2,0.2,2,2,0,11,4,0,573.0,1,0.0,0.125,1850,254.0,0.13731825525040386
CA-2019-108119,MS-17530,2019-11-01,US,South,United States,Consumer,Medium,301.96,2,0.0,0.0,1,1,0,11,4,0,348.0,2,0.0,0.1111111111111111,1851,254.0,0.1372443487621098
CA-2019-113145,VD-21670,2019-11-01,US,East,United States,Consumer,Medium,2220.06,21,0.0,0.0,5,3,0,11,4,0,128.0,8,6.0,0.4666666666666667,1852,254.0,0.1371705217859064
CA-2019-126739,JH-16180,2019-11-01,US,East,United States,Consumer,Medium,327.56399999999996,4,0.1,0.1,1,1,0,11,4,0,160.0,1,0.0,0.125,1853,254.0,0.13709677419354838
CA-2019-130995,QJ-19255,2019-11-01,US,East,United States,Corporate,Medium,4.95,1,0.0,0.0,1,1,0,11,4,0,518.0,2,0.0,0.1111111111111111,1854,254.0,0.1370231058570661
CA-2019-141740,JF-15490,2019-11-01,US,East,United States,Consumer,Medium,205.16400000000002,2,0.1,0.1,1,1,0,11,4,0,27.0,3,0.0,0.1,1855,254.0,0.13694951664876476
US-2019-110163,GA-14725,2019-11-01,US,West,United States,Consumer,Medium,7.88,1,0.2,0.2,1,1,0,11,4,0,17.0,5,0.0,0.08333333333333333,1856,254.0,0.13687600644122383
CA-2019-100657,SW-20245,2019-11-02,US,East,United States,Consumer,Medium,109.764,2,0.1,0.1,1,1,0,11,5,1,470.0,1,0.0,0.125,1857,254.0,0.13680257510729613
CA-2019-125416,KC-16540,2019-11-02,US,West,United States,Consumer,Medium,447.93,9,0.0,0.0,1,1,0,11,5,1,9999.0,0,0.0,0.14285714285714285,1858,254.0,0.13672922252010725
CA-2019-130890,JO-15280,2019-11-02,US,West,United States,Consumer,Medium,1038.84,5,0.2,0.2,1,1,0,11,5,1,322.0,2,0.0,0.1111111111111111,1859,254.0,0.13665594855305466
CA-2019-138625,EG-13900,2019-11-02,US,South,United States,Consumer,Medium,197.72,4,0.0,0.0,1,1,0,11,5,1,9999.0,0,0.0,0.14285714285714285,1860,254.0,0.1365827530798072
CA-2019-141810,BB-10990,2019-11-02,US,Central,United States,Corporate,Medium,374.076,9,0.5,0.8,2,2,0,11,5,1,463.0,1,0.0,0.125,1861,254.0,0.13650963597430407
CA-2019-160227,ED-13885,2019-11-02,US,East,United States,Home Office,Medium,2621.322,11,0.1,0.1,1,1,0,11,5,1,344.0,2,0.0,0.1111111111111111,1862,254.0,0.13643659711075443
CA-2019-168207,LT-17110,2019-11-02,US,West,United States,Consumer,Medium,738.899,19,0.1375,0.2,4,2,0,11,5,1,11.0,2,0.0,0.1111111111111111,1863,254.0,0.13636363636363635
CA-2019-121041,CS-12250,2019-11-03,US,Central,United States,Corporate,Medium,6.6080000000000005,2,0.2,0.2,1,1,0,11,6,1,303.0,4,0.0,0.09090909090909091,1864,254.0,0.1362907536076964
CA-2019-140410,CM-12655,2019-11-03,US,West,United States,Home Office,Medium,1345.418,13,0.06666666666666667,0.2,3,2,0,11,6,1,229.0,1,0.0,0.125,1865,254.0,0.1362179487179487
CA-2019-162047,FH-14365,2019-11-03,US,East,United States,Corporate,Medium,1448.8200000000002,10,0.1,0.1,1,1,0,11,6,1,229.0,2,0.0,0.1111111111111111,1866,254.0,0.13614522156967432
CA-2019-103961,NG-18430,2019-11-05,US,Central,United States,Consumer,Medium,19.824,6,0.2,0.2,1,1,0,11,1,0,337.0,2,0.0,0.1111111111111111,1867,254.0,0.1360725720384205
CA-2019-118444,VD-21670,2019-11-05,US,South,United States,Consumer,Medium,387.136,4,0.2,0.2,1,1,0,11,1,0,4.0,9,6.0,0.4375,1868,254.0,0.136
CA-2019-131072,KL-16645,2019-11-05,US,West,United States,Consumer,Medium,98.352,3,0.2,0.2,1,1,0,11,1,0,136.0,3,0.0,0.1,1869,254.0,0.13592750533049042
CA-2019-131422,GB-14530,2019-11-05,US,South,United States,Corporate,Medium,207.0,3,0.2,0.2,1,1,0,11,1,0,48.0,3,0.0,0.1,1870,254.0,0.13585508790623335
CA-2019-144386,GT-14635,2019-11-05,US,East,United States,Corporate,Medium,25.344,6,0.2,0.2,1,1,0,11,1,0,517.0,1,0.0,0.125,1871,254.0,0.13578274760383385
CA-2019-145485,JM-16195,2019-11-05,US,West,United States,Consumer,Medium,62.8,4,0.0,0.0,1,1,0,11,1,0,138.0,8,5.0,0.4,1872,254.0,0.13571048430015967
US-2019-136259,CB-12415,2019-11-05,US,East,United States,Consumer,Medium,34.418000000000006,7,0.44999999999999996,0.7,2,1,0,11,1,0,9999.0,0,0.0,0.14285714285714285,1873,254.0,0.1356382978723404
CA-2019-105312,MT-17815,2019-11-06,US,West,United States,Consumer,Medium,11.481000000000002,6,0.44999999999999996,0.7,2,1,0,11,2,0,9999.0,0,0.0,0.14285714285714285,1874,254.0,0.13556618819776714
CA-2019-102848,KB-16240,2019-11-07,US,West,United States,Corporate,Medium,190.72000000000003,1,0.2,0.2,1,1,0,11,3,0,586.0,1,0.0,0.125,1875,254.0,0.13549415515409138
CA-2019-105571,CP-12340,2019-11-07,US,South,United States,Corporate,Medium,1361.631,14,0.7,0.7,2,1,0,11,3,0,600.0,1,0.0,0.125,1876,254.0,0.13542219861922464
CA-2019-126669,DO-13645,2019-11-07,US,Central,United States,Consumer,Medium,76.64,2,0.2,0.2,1,1,0,11,3,0,9999.0,0,0.0,0.14285714285714285,1877,254.0,0.13535031847133758
CA-2019-134922,KB-16240,2019-11-07,US,East,United States,Corporate,Medium,24.400000000000002,2,0.2,0.2,1,1,0,11,3,0,0.0,2,0.0,0.1111111111111111,1878,254.0,0.13527851458885942
CA-2019-148432,MC-18130,2019-11-07,US,East,United States,Corporate,Medium,33.48,9,0.0,0.0,2,1,0,11,3,0,233.0,2,0.0,0.1111111111111111,1879,254.0,0.1352067868504772
CA-2019-162887,SV-20785,2019-11-07,US,East,United States,Consumer,Medium,715.2,3,0.0,0.0,1,1,0,11,3,0,18.0,6,0.0,0.07692307692307693,1880,254.0,0.13513513513513514
CA-2019-163181,AB-10105,2019-11-07,US,Central,United States,Consumer,Medium,671.002,25,0.39999999999999997,0.8,6,3,0,11,3,0,322.0,1,0.0,0.125,1881,254.0,0.1350635593220339
CA-2019-105634,HA-14905,2019-11-08,US,East,United States,Consumer,Medium,11.65,5,0.0,0.0,1,1,0,11,4,0,496.0,1,0.0,0.125,1882,254.0,0.13499205929062996
CA-2019-108259,NS-18640,2019-11-08,US,South,United States,Corporate,Medium,81.135,20,0.325,0.7,4,2,0,11,4,0,19.0,5,1.0,0.16666666666666666,1883,254.0,0.1349206349206349
CA-2019-109386,RH-19600,2019-11-08,US,South,United States,Consumer,Medium,750.93,23,0.0,0.0,5,3,0,11,4,0,129.0,1,0.0,0.125,1884,254.0,0.1348492860920148
CA-2019-111990,DB-13660,2019-11-08,US,Central,United States,Consumer,Medium,10.475999999999999,6,0.8,0.8,1,1,0,11,4,0,509.0,1,0.0,0.125,1885,254.0,0.13477801268498943
CA-2019-114811,KD-16495,2019-11-08,US,East,United States,Corporate,Medium,5850.514,16,0.02,0.1,5,3,0,11,4,0,406.0,1,0.0,0.125,1886,254.0,0.1347068145800317
CA-2019-117086,QJ-19255,2019-11-08,US,East,United States,Corporate,Medium,4404.9,5,0.0,0.0,1,1,0,11,4,0,7.0,3,0.0,0.1,1887,254.0,0.13463569165786696
CA-2019-117611,MZ-17335,2019-11-08,US,West,United States,Home Office,Medium,376.96999999999997,4,0.0,0.0,2,2,0,11,4,0,9999.0,0,0.0,0.14285714285714285,1888,254.0,0.1345646437994723
CA-2019-123568,SC-20095,2019-11-08,US,West,United States,Consumer,Medium,256.35,14,0.05,0.2,4,2,1,11,4,0,350.0,5,0.0,0.08333333333333333,1889,254.0,0.13449367088607594
CA-2019-123568,SC-20095,2019-11-08,US,West,United States,Consumer,Medium,256.35,14,0.05,0.2,4,2,1,11,4,0,0.0,6,1.0,0.15384615384615385,1890,255.0,0.13494992092778071
CA-2019-123568,SC-20095,2019-11-08,US,West,United States,Consumer,Medium,256.35,14,0.05,0.2,4,2,1,11,4,0,0.0,7,2.0,0.21428571428571427,1891,256.0,0.13540569020021076
CA-2019-123568,SC-20095,2019-11-08,US,West,United States,Consumer,Medium,256.35,14,0.05,0.2,4,2,1,11,4,0,0.0,8,3.0,0.26666666666666666,1892,257.0,0.1358609794628752
CA-2019-154886,SW-20455,2019-11-08,US,West,United States,Consumer,Medium,119.9,2,0.0,0.0,1,1,0,11,4,0,63.0,2,0.0,0.1111111111111111,1893,258.0,0.13631578947368422
CA-2019-164441,AC-10450,2019-11-08,US,East,United States,Consumer,Medium,70.212,14,0.1,0.2,2,1,0,11,4,0,146.0,2,0.0,0.1111111111111111,1894,258.0,0.13624408206207259
US-2019-151407,RD-19585,2019-11-08,US,Central,United States,Consumer,Medium,263.96,4,0.0,0.0,1,1,0,11,4,0,11.0,4,0.0,0.09090909090909091,1895,258.0,0.13617245005257625
CA-2019-113222,AG-10765,2019-11-09,US,Central,United States,Home Office,Medium,10.74,3,0.0,0.0,1,1,0,11,5,1,153.0,2,0.0,0.1111111111111111,1896,258.0,0.13610089332632685
CA-2019-126466,JO-15550,2019-11-09,US,West,United States,Home Office,Medium,2.48,2,0.0,0.0,1,1,0,11,5,1,179.0,2,0.0,0.1111111111111111,1897,258.0,0.13602941176470587
CA-2019-127509,AS-10090,2019-11-09,US,Central,United States,Consumer,Medium,1085.16,16,0.0,0.0,4,2,0,11,5,1,320.0,2,0.0,0.1111111111111111,1898,258.0,0.13595800524934384
CA-2019-146486,DV-13465,2019-11-09,US,East,United States,Consumer,Medium,1170.72,18,0.0,0.0,4,2,1,11,5,1,176.0,2,0.0,0.1111111111111111,1899,258.0,0.13588667366211962
CA-2019-146486,DV-13465,2019-11-09,US,East,United States,Consumer,Medium,1170.72,18,0.0,0.0,4,2,1,11,5,1,0.0,3,1.0,0.2,1900,259.0,0.1363398007341374
CA-2019-146486,DV-13465,2019-11-09,US,East,United States,Consumer,Medium,1170.72,18,0.0,0.0,4,2,1,11,5,1,0.0,4,2.0,0.2727272727272727,1901,260.0,0.13679245283018868
CA-2019-146486,DV-13465,2019-11-09,US,East,United States,Consumer,Medium,1170.72,18,0.0,0.0,4,2,1,11,5,1,0.0,5,3.0,0.3333333333333333,1902,261.0,0.13724463069669984
CA-2019-158554,CM-12190,2019-11-09,US,East,United States,Consumer,Medium,11.352000000000002,3,0.2,0.2,1,1,0,11,5,1,23.0,2,0.0,0.1111111111111111,1903,262.0,0.13769633507853404
CA-2019-169796,Dp-13240,2019-11-09,US,East,United States,Home Office,Medium,2339.84,5,0.0,0.0,2,2,0,11,5,1,394.0,2,0.0,0.1111111111111111,1904,262.0,0.13762428048142333
CA-2019-121783,PO-19180,2019-11-10,US,Central,United States,Home Office,Medium,2165.12,12,0.0,0.0,5,3,0,11,6,1,91.0,1,0.0,0.125,1905,262.0,0.13755230125523013
CA-2019-147690,SC-20020,2019-11-10,US,East,United States,Consumer,Medium,577.5840000000001,6,0.2,0.2,1,1,0,11,6,1,365.0,4,0.0,0.09090909090909091,1906,262.0,0.1374803972817564
CA-2019-155040,AH-10210,2019-11-10,US,West,United States,Consumer,Medium,79.9,2,0.0,0.0,1,1,0,11,6,1,346.0,1,0.0,0.125,1907,262.0,0.13740856844305122
CA-2019-158659,SC-20695,2019-11-10,US,Central,United States,Corporate,Medium,714.3000000000001,5,0.0,0.0,1,1,0,11,6,1,102.0,2,0.0,0.1111111111111111,1908,262.0,0.13733681462140993
CA-2019-111948,AG-10495,2019-11-11,US,Central,United States,Corporate,Medium,542.178,9,0.05,0.1,2,1,1,11,0,0,16.0,5,0.0,0.08333333333333333,1909,262.0,0.1372651356993737
CA-2019-111948,AG-10495,2019-11-11,US,Central,United States,Corporate,Medium,542.178,9,0.05,0.1,2,1,1,11,0,0,0.0,6,1.0,0.15384615384615385,1910,263.0,0.13771517996870108
CA-2019-113628,AH-10690,2019-11-12,US,South,United States,Corporate,Medium,792.508,19,0.3666666666666667,0.7,6,3,1,11,1,0,99.0,4,0.0,0.09090909090909091,1911,264.0,0.13816475495307612
CA-2019-113628,AH-10690,2019-11-12,US,South,United States,Corporate,Medium,792.508,19,0.3666666666666667,0.7,6,3,1,11,1,0,0.0,5,1.0,0.16666666666666666,1912,265.0,0.13861386138613863
CA-2019-113628,AH-10690,2019-11-12,US,South,United States,Corporate,Medium,792.508,19,0.3666666666666667,0.7,6,3,1,11,1,0,0.0,6,2.0,0.23076923076923078,1913,266.0,0.1390625
CA-2019-113628,AH-10690,2019-11-12,US,South,United States,Corporate,Medium,792.508,19,0.3666666666666667,0.7,6,3,1,11,1,0,0.0,7,3.0,0.2857142857142857,1914,267.0,0.13951067152524727
CA-2019-113628,AH-10690,2019-11-12,US,South,United States,Corporate,Medium,792.508,19,0.3666666666666667,0.7,6,3,1,11,1,0,0.0,8,4.0,0.3333333333333333,1915,268.0,0.13995837669094693
CA-2019-113628,AH-10690,2019-11-12,US,South,United States,Corporate,Medium,792.508,19,0.3666666666666667,0.7,6,3,1,11,1,0,0.0,9,5.0,0.375,1916,269.0,0.14040561622464898
CA-2019-153220,YC-21895,2019-11-12,US,West,United States,Corporate,Medium,15.700000000000001,5,0.0,0.0,1,1,1,11,1,0,360.0,1,0.0,0.125,1917,270.0,0.14085239085239085
CA-2019-162964,MF-18250,2019-11-12,US,Central,United States,Corporate,Medium,304.224,11,0.20000000000000004,0.2,3,1,0,11,1,0,95.0,3,0.0,0.1,1918,271.0,0.1412987012987013
US-2019-153283,EB-14110,2019-11-12,US,East,United States,Consumer,Medium,15.56,2,0.0,0.0,1,1,0,11,1,0,213.0,1,0.0,0.125,1919,271.0,0.14122533748701974
CA-2019-104948,KH-16510,2019-11-13,US,West,United States,Consumer,Medium,723.164,13,0.11666666666666665,0.2,3,2,0,11,2,0,148.0,4,0.0,0.09090909090909091,1920,271.0,0.1411520498183705
CA-2019-111199,JK-15730,2019-11-13,US,South,United States,Consumer,Medium,115.296,3,0.2,0.2,1,1,0,11,2,0,238.0,3,0.0,0.1,1921,271.0,0.14107883817427386
CA-2019-114503,AA-10375,2019-11-13,US,South,United States,Consumer,Medium,84.96000000000001,6,0.2,0.2,1,1,0,11,2,0,189.0,4,0.0,0.09090909090909091,1922,271.0,0.1410057024364956
CA-2019-115798,KL-16645,2019-11-13,US,East,United States,Consumer,Medium,810.1999999999999,15,0.0,0.0,4,3,0,11,2,0,8.0,4,0.0,0.09090909090909091,1923,271.0,0.14093264248704662
CA-2019-130183,PO-18850,2019-11-13,US,Central,United States,Consumer,Medium,613.9992,3,0.32,0.32,1,1,0,11,2,0,196.0,3,0.0,0.1,1924,271.0,0.14085965820818228
CA-2019-136147,FM-14380,2019-11-13,US,South,United States,Consumer,Medium,233.06400000000002,11,0.44999999999999996,0.7,2,2,0,11,2,0,35.0,2,0.0,0.1111111111111111,1925,271.0,0.14078674948240166
CA-2019-144519,AW-10930,2019-11-13,US,West,United States,Home Office,Medium,403.94000000000005,12,0.1,0.2,2,2,0,11,2,0,487.0,1,0.0,0.125,1926,271.0,0.14071391619244697
CA-2019-149909,RA-19915,2019-11-13,US,Central,United States,Consumer,Medium,210.82,12,0.0,0.0,3,2,0,11,2,0,116.0,5,0.0,0.08333333333333333,1927,271.0,0.140641158221303
CA-2019-153073,HA-14905,2019-11-13,US,Central,United States,Consumer,Medium,17.496000000000002,9,0.6,0.6,1,1,0,11,2,0,5.0,2,0.0,0.1111111111111111,1928,271.0,0.1405684754521964
US-2019-156867,LC-16870,2019-11-13,US,West,United States,Consumer,Medium,378.13800000000003,12,0.3666666666666667,0.7,3,3,0,11,2,0,194.0,4,4.0,0.45454545454545453,1929,271.0,0.14049586776859505
CA-2019-123141,GZ-14470,2019-11-14,US,West,United States,Consumer,Medium,1114.192,7,0.2,0.2,2,1,0,11,3,0,432.0,2,0.0,0.1111111111111111,1930,271.0,0.14042333505420754
CA-2019-137897,PJ-18835,2019-11-14,US,East,United States,Corporate,Medium,134.5,9,0.0,0.0,3,2,0,11,3,0,535.0,1,0.0,0.125,1931,271.0,0.14035087719298245
CA-2019-138674,KB-16585,2019-11-14,US,West,United States,Corporate,Medium,259.86400000000003,12,0.20000000000000004,0.2,3,2,1,11,3,0,71.0,7,2.0,0.21428571428571427,1932,271.0,0.14027849406910778
CA-2019-138674,KB-16585,2019-11-14,US,West,United States,Corporate,Medium,259.86400000000003,12,0.20000000000000004,0.2,3,2,1,11,3,0,0.0,8,3.0,0.26666666666666666,1933,272.0,0.14072164948453608
CA-2019-138674,KB-16585,2019-11-14,US,West,United States,Corporate,Medium,259.86400000000003,12,0.20000000000000004,0.2,3,2,1,11,3,0,0.0,9,4.0,0.3125,1934,273.0,0.14116434827408553
CA-2019-151043,MG-17680,2019-11-14,US,East,United States,Home Office,Medium,47.984,2,0.2,0.2,1,1,0,11,3,0,388.0,1,0.0,0.125,1935,274.0,0.14160659114315138
CA-2019-154746,PJ-18835,2019-11-14,US,South,United States,Corporate,Medium,860.07,5,0.0,0.0,2,1,0,11,3,0,0.0,2,0.0,0.1111111111111111,1936,274.0,0.14153371075656201
US-2019-111927,LS-17230,2019-11-14,US,East,United States,Consumer,Medium,96.1,5,0.0,0.0,2,2,0,11,3,0,151.0,2,0.0,0.1111111111111111,1937,274.0,0.14146090534979425
CA-2019-113173,DK-13225,2019-11-15,US,Central,United States,Corporate,Medium,270.356,17,0.4000000000000001,0.8,3,1,0,11,4,0,611.0,1,0.0,0.125,1938,274.0,0.14138817480719795
CA-2019-129525,VP-21760,2019-11-15,US,East,United States,Corporate,Medium,166.92000000000002,13,0.7,0.7,1,1,0,11,4,0,170.0,4,0.0,0.09090909090909091,1939,274.0,0.14131551901336073
CA-2019-138954,MH-17785,2019-11-15,US,East,United States,Corporate,Medium,224.93399999999997,15,0.06666666666666667,0.2,3,1,0,11,4,0,362.0,3,0.0,0.1,1940,274.0,0.14124293785310735
CA-2019-145324,DH-13675,2019-11-15,US,South,United States,Home Office,Medium,39.96,2,0.0,0.0,1,1,0,11,4,0,55.0,3,0.0,0.1,1941,274.0,0.14117043121149897
CA-2019-120446,JG-15805,2019-11-16,US,West,United States,Corporate,Medium,18.9,3,0.0,0.0,1,1,0,11,5,1,363.0,3,1.0,0.2,1942,274.0,0.14109799897383274
CA-2019-135685,MP-18175,2019-11-16,US,Central,United States,Home Office,Medium,2233.02,25,0.0,0.0,5,3,0,11,5,1,356.0,2,0.0,0.1111111111111111,1943,274.0,0.14102564102564102
CA-2019-145394,MC-17605,2019-11-16,US,Central,United States,Corporate,Medium,295.968,7,0.3333333333333333,0.6,3,3,0,11,5,1,350.0,2,0.0,0.1111111111111111,1944,274.0,0.14095335725269093
CA-2019-150875,HK-14890,2019-11-16,US,West,United States,Corporate,Medium,1001.1959999999999,5,0.1,0.2,2,2,1,11,5,1,22.0,2,0.0,0.1111111111111111,1945,274.0,0.1408811475409836
CA-2019-150875,HK-14890,2019-11-16,US,West,United States,Corporate,Medium,1001.1959999999999,5,0.1,0.2,2,2,1,11,5,1,0.0,3,1.0,0.2,1946,275.0,0.141321044546851
CA-2019-164539,PO-19180,2019-11-16,US,East,United States,Home Office,Medium,523.25,5,0.0,0.0,1,1,0,11,5,1,6.0,2,0.0,0.1111111111111111,1947,276.0,0.14176049129989765
CA-2019-110863,AA-10645,2019-11-17,US,Central,United States,Consumer,Medium,1971.4599999999998,12,0.0,0.0,3,2,0,11,6,1,351.0,2,0.0,0.1111111111111111,1948,276.0,0.14168797953964193
CA-2019-126725,BS-11665,2019-11-17,US,West,United States,Consumer,Medium,1873.606,30,0.05714285714285715,0.2,7,3,0,11,6,1,512.0,1,0.0,0.125,1949,276.0,0.1416155419222904
CA-2019-163090,GH-14665,2019-11-17,US,Central,United States,Consumer,Medium,40.92,5,0.2,0.2,1,1,0,11,6,1,9999.0,0,0.0,0.14285714285714285,1950,276.0,0.14154317833418498
CA-2019-145814,KD-16345,2019-11-19,US,East,United States,Consumer,Medium,867.744,6,0.1,0.2,2,2,0,11,1,0,341.0,2,0.0,0.1111111111111111,1951,276.0,0.14147088866189989
CA-2019-151680,TC-21475,2019-11-19,US,West,United States,Home Office,Medium,141.96,2,0.0,0.0,1,1,0,11,1,0,206.0,2,0.0,0.1111111111111111,1952,276.0,0.14139867279224094
CA-2019-166800,AG-10300,2019-11-19,US,West,United States,Corporate,Medium,31.08,4,0.0,0.0,1,1,0,11,1,0,572.0,1,0.0,0.125,1953,276.0,0.1413265306122449
CA-2019-100454,BM-11650,2019-11-20,US,East,United States,Corporate,Medium,258.018,11,0.06666666666666667,0.2,3,2,0,11,2,0,42.0,4,0.0,0.09090909090909091,1954,276.0,0.141254462009179
CA-2019-110891,PO-19195,2019-11-20,US,East,United States,Home Office,Medium,344.37199999999996,4,0.3,0.3,1,1,0,11,2,0,56.0,2,0.0,0.1111111111111111,1955,276.0,0.14118246687054026
CA-2019-112305,KB-16405,2019-11-20,US,West,United States,Home Office,Medium,155.16,11,0.0,0.0,3,3,0,11,2,0,9999.0,0,0.0,0.14285714285714285,1956,276.0,0.14111054508405502
CA-2019-116484,JK-15205,2019-11-20,US,East,United States,Consumer,Medium,205.376,5,0.2,0.2,2,2,0,11,2,0,54.0,2,0.0,0.1111111111111111,1957,276.0,0.1410386965376782
CA-2019-124058,LC-16885,2019-11-20,US,West,United States,Consumer,Medium,644.9040000000001,10,0.2,0.2,2,2,1,11,2,0,157.0,3,0.0,0.1,1958,276.0,0.1409669211195929
CA-2019-124058,LC-16885,2019-11-20,US,West,United States,Consumer,Medium,644.9040000000001,10,0.2,0.2,2,2,1,11,2,0,0.0,4,1.0,0.18181818181818182,1959,277.0,0.14140386571719227
CA-2019-136420,CS-12250,2019-11-20,US,West,United States,Corporate,Medium,139.816,8,0.1,0.2,2,1,0,11,2,0,17.0,5,0.0,0.08333333333333333,1960,278.0,0.1418403660396543
CA-2019-144652,SN-20560,2019-11-20,US,West,United States,Home Office,Medium,19.459999999999997,7,0.0,0.0,1,1,0,11,2,0,70.0,2,0.0,0.1111111111111111,1961,278.0,0.14176829268292682
CA-2019-146465,PB-18805,2019-11-20,US,West,United States,Home Office,Medium,24.192,9,0.2,0.2,1,1,0,11,2,0,9999.0,0,0.0,0.14285714285714285,1962,278.0,0.14169629253428137
CA-2019-156524,DL-12865,2019-11-20,US,East,United States,Consumer,Medium,19.65,3,0.0,0.0,1,1,0,11,2,0,401.0,2,0.0,0.1111111111111111,1963,278.0,0.1416243654822335
CA-2019-161767,GK-14620,2019-11-20,US,Central,United States,Corporate,Medium,479.988,2,0.4,0.4,1,1,0,11,2,0,99.0,4,0.0,0.09090909090909091,1964,278.0,0.1415525114155251
CA-2019-163965,SS-20875,2019-11-20,US,South,United States,Consumer,Medium,377.90200000000004,14,0.44999999999999996,0.7,4,2,0,11,2,0,268.0,2,0.0,0.1111111111111111,1965,278.0,0.14148073022312374
US-2019-158589,KW-16570,2019-11-20,US,West,United States,Consumer,Medium,32.04,3,0.0,0.0,1,1,0,11,2,0,105.0,3,0.0,0.1,1966,278.0,0.141409021794222
US-2019-165743,MM-18055,2019-11-20,US,West,United States,Consumer,Medium,160.27200000000002,15,0.6999999999999998,0.7,3,2,0,11,2,0,144.0,3,0.0,0.1,1967,278.0,0.1413373860182371
CA-2019-102778,JH-15820,2019-11-21,US,South,United States,Consumer,Medium,18.176,1,0.2,0.2,1,1,0,11,3,0,79.0,3,0.0,0.1,1968,278.0,0.14126582278481012
CA-2019-105690,CA-11965,2019-11-21,US,Central,United States,Corporate,Medium,697.8208,5,0.24,0.32,3,3,0,11,3,0,230.0,2,0.0,0.1111111111111111,1969,278.0,0.14119433198380565
CA-2019-107083,BB-11545,2019-11-21,US,Central,United States,Corporate,Medium,39.60799999999999,12,0.65,0.8,4,1,0,11,3,0,169.0,1,0.0,0.125,1970,278.0,0.1411229135053111
CA-2019-109337,DL-13330,2019-11-21,US,Central,United States,Consumer,Medium,508.11,16,0.0,0.0,4,2,0,11,3,0,516.0,1,0.0,0.125,1971,278.0,0.141051567239636
CA-2019-115511,NW-18400,2019-11-21,US,West,United States,Consumer,Medium,208.008,6,0.1,0.2,2,2,0,11,3,0,67.0,8,5.0,0.4,1972,278.0,0.14098029307731177
CA-2019-119879,SS-20410,2019-11-21,US,East,United States,Consumer,Medium,1363.674,13,0.4,0.4,2,2,0,11,3,0,371.0,3,0.0,0.1,1973,278.0,0.1409090909090909
US-2019-101511,JE-15745,2019-11-21,US,East,United States,Consumer,Medium,412.682,12,0.25,0.3,2,2,0,11,3,0,37.0,6,2.0,0.23076923076923078,1974,278.0,0.1408379606259465
US-2019-159499,EM-14095,2019-11-21,US,West,United States,Corporate,Medium,365.4960000000001,13,0.20000000000000004,0.2,3,2,0,11,3,0,106.0,1,0.0,0.125,1975,278.0,0.14076690211907164
CA-2019-100545,IM-15070,2019-11-22,US,East,United States,Consumer,Medium,11.610000000000003,2,0.7,0.7,1,1,0,11,4,0,141.0,2,0.0,0.1111111111111111,1976,278.0,0.14069591527987896
CA-2019-123505,AR-10540,2019-11-22,US,East,United States,Consumer,Medium,14.940000000000001,3,0.0,0.0,1,1,0,11,4,0,225.0,3,2.0,0.3,1977,278.0,0.140625
CA-2019-137708,NG-18430,2019-11-22,US,West,United States,Consumer,Medium,114.37,15,0.0,0.0,3,1,0,11,4,0,17.0,3,0.0,0.1,1978,278.0,0.14055415617128464
CA-2019-139094,MO-17800,2019-11-22,US,Central,United States,Home Office,Medium,206.96200000000002,2,0.3,0.3,1,1,0,11,4,0,66.0,1,0.0,0.125,1979,278.0,0.1404833836858006
CA-2019-149300,BH-11710,2019-11-22,US,South,United States,Consumer,Medium,32.985,3,0.5,0.5,1,1,0,11,4,0,287.0,3,0.0,0.1,1980,278.0,0.1404126824358329
CA-2019-162376,HD-14785,2019-11-22,US,East,United States,Home Office,Medium,77.06,7,0.0,0.0,2,1,0,11,4,0,168.0,2,0.0,0.1111111111111111,1981,278.0,0.1403420523138833
CA-2019-168459,MC-17275,2019-11-22,US,South,United States,Consumer,Medium,58.050000000000004,8,0.44999999999999996,0.7,2,1,0,11,4,0,59.0,4,0.0,0.09090909090909091,1982,278.0,0.14027149321266968
US-2019-118983,HP-14815,2019-11-22,US,Central,United States,Home Office,Medium,71.35399999999998,8,0.8,0.8,2,1,0,11,4,0,22.0,3,0.0,0.1,1983,278.0,0.14020100502512564
US-2019-165449,AP-10720,2019-11-22,US,Central,United States,Home Office,Medium,27.168000000000003,4,0.2,0.2,1,1,0,11,4,0,629.0,1,0.0,0.125,1984,278.0,0.1401305876443998
CA-2019-111395,VB-21745,2019-11-23,US,Central,United States,Corporate,Medium,386.488,8,0.4000000000000001,0.8,3,1,0,11,5,1,129.0,1,0.0,0.125,1985,278.0,0.14006024096385541
CA-2019-123113,AT-10735,2019-11-23,US,East,United States,Consumer,Medium,2643.06,11,0.0,0.0,2,1,0,11,5,1,385.0,2,0.0,0.1111111111111111,1986,278.0,0.13998996487706974
CA-2019-144274,PW-19240,2019-11-23,US,East,United States,Consumer,Medium,420.64,20,0.0,0.0,5,2,0,11,5,1,211.0,3,0.0,0.1,1987,278.0,0.1399197592778335
CA-2019-105347,DP-13000,2019-11-24,US,West,United States,Consumer,Medium,383.61,14,0.0,0.0,2,1,0,11,6,1,220.0,3,0.0,0.1,1988,278.0,0.13984962406015036
CA-2019-135545,KM-16720,2019-11-24,US,West,United States,Consumer,Medium,266.294,15,0.05,0.2,4,3,0,11,6,1,61.0,5,0.0,0.08333333333333333,1989,278.0,0.13977955911823647
CA-2019-153416,TS-21340,2019-11-24,US,West,United States,Consumer,Medium,568.86,20,0.1,0.2,4,1,0,11,6,1,259.0,3,0.0,0.1,1990,278.0,0.1397095643465198
US-2019-164357,SF-20065,2019-11-25,US,South,United States,Consumer,Medium,13.120000000000001,5,0.2,0.2,1,1,0,11,0,0,104.0,2,0.0,0.1111111111111111,1991,278.0,0.13963963963963963
CA-2019-117961,GP-14740,2019-11-26,US,East,United States,Corporate,Medium,191.62,15,0.0,0.0,4,1,0,11,1,0,599.0,1,0.0,0.125,1992,278.0,0.13956978489244623
CA-2019-158939,EA-14035,2019-11-26,US,Central,United States,Corporate,Medium,599.99,1,0.0,0.0,1,1,0,11,1,0,187.0,8,5.0,0.4,1993,278.0,0.1395
CA-2019-166975,SH-20635,2019-11-26,US,South,United States,Corporate,Medium,692.472,11,0.2,0.2,1,1,0,11,1,0,345.0,1,0.0,0.125,1994,278.0,0.13943028485757122
CA-2019-101910,CD-11920,2019-11-27,US,West,United States,Consumer,Medium,283.92,5,0.2,0.2,1,1,1,11,2,0,613.0,1,0.0,0.125,1995,278.0,0.13936063936063936
CA-2019-125234,SN-20710,2019-11-27,US,West,United States,Home Office,Medium,221.79,6,0.0,0.0,2,2,0,11,2,0,570.0,1,0.0,0.125,1996,279.0,0.1397903145282077
CA-2019-130974,MA-17560,2019-11-27,US,East,United States,Home Office,Medium,1170.918,24,0.04285714285714286,0.3,7,3,0,11,2,0,381.0,3,0.0,0.1,1997,279.0,0.13972055888223553
CA-2019-145184,JD-16150,2019-11-27,US,East,United States,Corporate,Medium,188.94,6,0.0,0.0,2,1,0,11,2,0,250.0,2,0.0,0.1111111111111111,1998,279.0,0.1396508728179551
CA-2019-160059,TB-21190,2019-11-27,US,South,United States,Home Office,Medium,6.24,2,0.0,0.0,1,1,0,11,2,0,335.0,1,0.0,0.125,1999,279.0,0.13958125623130607
CA-2019-163762,JE-15475,2019-11-27,US,East,United States,Consumer,Medium,29.79,3,0.0,0.0,1,1,0,11,2,0,256.0,1,0.0,0.125,2000,279.0,0.1395117090184355
US-2019-154389,EH-14125,2019-11-27,US,East,United States,Home Office,Medium,748.7520000000001,8,0.4,0.4,1,1,0,11,2,0,231.0,3,3.0,0.4,2001,279.0,0.1394422310756972
US-2019-168935,DO-13435,2019-11-27,US,South,United States,Consumer,Medium,459.43350000000004,6,0.325,0.45,2,2,0,11,2,0,95.0,3,0.0,0.1,2002,279.0,0.13937282229965156
CA-2019-111612,EB-14110,2019-11-28,US,East,United States,Consumer,Medium,74.128,7,0.2,0.2,2,2,0,11,3,0,16.0,2,0.0,0.1111111111111111,2003,279.0,0.13930348258706468
CA-2019-136196,TP-21415,2019-11-28,US,East,United States,Consumer,Medium,322.59000000000003,3,0.0,0.0,1,1,0,11,3,0,9999.0,0,0.0,0.14285714285714285,2004,279.0,0.139234211834908
CA-2019-142930,EB-14170,2019-11-28,US,Central,United States,Consumer,Medium,335.52,4,0.2,0.2,1,1,0,11,3,0,261.0,3,0.0,0.1,2005,279.0,0.13916500994035785
CA-2019-157028,MA-17995,2019-11-28,US,West,United States,Home Office,Medium,8.28,2,0.0,0.0,1,1,0,11,3,0,411.0,2,0.0,0.1111111111111111,2006,279.0,0.13909587680079483
CA-2019-157133,LC-16885,2019-11-28,US,Central,United States,Consumer,Medium,151.96,5,0.6,0.6,1,1,0,11,3,0,8.0,5,2.0,0.25,2007,279.0,0.13902681231380337
CA-2019-161711,MC-17425,2019-11-28,US,East,United States,Corporate,Medium,130.4,11,0.0,0.0,2,2,0,11,3,0,547.0,1,0.0,0.125,2008,279.0,0.13895781637717122
CA-2019-164497,AJ-10945,2019-11-28,US,West,United States,Consumer,Medium,45.28,4,0.0,0.0,1,1,0,11,3,0,180.0,2,0.0,0.1111111111111111,2009,279.0,0.1388888888888889
US-2019-159982,DR-12880,2019-11-28,US,Central,United States,Corporate,Medium,796.324,22,0.3,0.6,4,3,0,11,3,0,64.0,1,0.0,0.125,2010,279.0,0.13882002974714924
CA-2019-110016,BT-11395,2019-11-29,US,Central,United States,Corporate,Medium,1126.83,13,0.0,0.0,2,2,0,11,4,0,230.0,3,0.0,0.1,2011,279.0,0.13875123885034688
CA-2019-129112,AW-10840,2019-11-29,US,Central,United States,Consumer,Medium,30.264,7,0.5,0.8,2,2,0,11,4,0,230.0,1,0.0,0.125,2012,279.0,0.13868251609707777
CA-2019-138009,SF-20965,2019-11-29,US,Central,United States,Corporate,Medium,1542.47,20,0.025,0.1,4,2,0,11,4,0,55.0,4,0.0,0.09090909090909091,2013,279.0,0.13861386138613863
CA-2019-144099,PO-19195,2019-11-29,US,West,United States,Home Office,Medium,4.304,1,0.2,0.2,1,1,0,11,4,0,9.0,3,0.0,0.1,2014,279.0,0.13854527461652646
CA-2019-154340,EK-13795,2019-11-29,US,West,United States,Home Office,Medium,56.3,2,0.0,0.0,1,1,0,11,4,0,621.0,1,1.0,0.25,2015,279.0,0.13847675568743817
CA-2019-107685,JM-15865,2019-11-30,US,West,United States,Consumer,Medium,106.88,8,0.0,0.0,2,2,0,11,5,1,106.0,5,4.0,0.4166666666666667,2016,279.0,0.1384083044982699
CA-2019-122210,WB-21850,2019-11-30,US,East,United States,Consumer,Medium,258.495,14,0.43333333333333335,0.7,3,2,0,11,5,1,112.0,4,0.0,0.09090909090909091,2017,279.0,0.1383399209486166
CA-2019-137925,JL-15235,2019-11-30,US,East,United States,Consumer,Medium,705.0680000000001,19,0.1,0.2,2,2,0,11,5,1,554.0,1,0.0,0.125,2018,279.0,0.1382716049382716
CA-2019-140830,PS-18970,2019-11-30,US,South,United States,Home Office,Medium,89.36,4,0.0,0.0,2,1,0,11,5,1,203.0,3,0.0,0.1,2019,279.0,0.13820335636722605
CA-2019-141327,LR-16915,2019-11-30,US,South,United States,Consumer,Medium,440.144,12,0.3666666666666667,0.7,3,2,0,11,5,1,479.0,1,0.0,0.125,2020,279.0,0.13813517513566848
CA-2019-156328,RM-19375,2019-11-30,US,South,United States,Consumer,Medium,177.48000000000002,3,0.2,0.2,1,1,0,11,5,1,527.0,2,0.0,0.1111111111111111,2021,279.0,0.13806706114398423
CA-2019-158323,AB-10600,2019-11-30,US,South,United States,Corporate,Medium,17.088,2,0.2,0.2,1,1,0,11,5,1,285.0,2,0.0,0.1111111111111111,2022,279.0,0.13799901429275505
US-2019-141453,DB-13270,2019-11-30,US,Central,United States,Home Office,Medium,3.881999999999999,3,0.8,0.8,1,1,0,11,5,1,220.0,2,0.0,0.1111111111111111,2023,279.0,0.13793103448275862
CA-2019-103723,BT-11305,2019-12-01,US,West,United States,Home Office,Medium,13.899999999999999,5,0.0,0.0,1,1,0,12,6,1,86.0,2,0.0,0.1111111111111111,2024,279.0,0.137863121614968
CA-2019-110324,MA-17560,2019-12-01,US,Central,United States,Home Office,Medium,41.62,7,0.0,0.0,3,1,0,12,6,1,4.0,4,0.0,0.09090909090909091,2025,279.0,0.1377952755905512
CA-2019-111038,LC-16960,2019-12-01,US,West,United States,Home Office,Medium,2676.672,9,0.2,0.2,1,1,0,12,6,1,281.0,1,0.0,0.125,2026,279.0,0.13772749631087064
CA-2019-119907,LC-17140,2019-12-01,US,West,United States,Consumer,Medium,55.42400000000001,2,0.2,0.2,1,1,1,12,6,1,448.0,1,0.0,0.125,2027,279.0,0.1376597836774828
CA-2019-137113,TW-21025,2019-12-01,US,West,United States,Home Office,Medium,4210.650000000001,27,0.04,0.2,5,2,0,12,6,1,87.0,2,0.0,0.1111111111111111,2028,280.0,0.13808353808353807
US-2019-105676,NM-18520,2019-12-01,US,Central,United States,Consumer,Medium,6.688,4,0.6,0.6,1,1,0,12,6,1,65.0,3,2.0,0.3,2029,280.0,0.13801571709233793
US-2019-148817,KD-16495,2019-12-01,US,South,United States,Corporate,Medium,125.64,8,0.0,0.0,2,1,0,12,6,1,23.0,2,0.0,0.1111111111111111,2030,280.0,0.13794796269023074
CA-2019-110093,AB-10255,2019-12-03,US,East,United States,Home Office,Medium,53.232,4,0.2,0.2,2,2,0,12,1,0,209.0,2,0.0,0.1111111111111111,2031,280.0,0.1378802747791953
CA-2019-122756,DK-13225,2019-12-03,US,East,United States,Corporate,Medium,485.3,5,0.44999999999999996,0.7,2,2,0,12,1,0,18.0,2,0.0,0.1111111111111111,2032,280.0,0.13781265326140266
CA-2019-123092,JG-15115,2019-12-03,US,South,United States,Consumer,Medium,288.85,12,0.325,0.7,4,3,0,12,1,0,421.0,2,0.0,0.1111111111111111,2033,280.0,0.1377450980392157
CA-2019-142475,BS-11380,2019-12-03,US,East,United States,Corporate,Medium,590.352,6,0.2,0.2,1,1,0,12,1,0,369.0,1,0.0,0.125,2034,280.0,0.13767760901518863
CA-2019-147851,MP-17470,2019-12-03,US,East,United States,Home Office,Medium,10.752,4,0.2,0.2,1,1,0,12,1,0,52.0,5,0.0,0.08333333333333333,2035,280.0,0.1376101860920666
CA-2019-156853,HP-14815,2019-12-03,US,East,United States,Home Office,Medium,184.66,7,0.0,0.0,1,1,0,12,1,0,11.0,4,0.0,0.09090909090909091,2036,280.0,0.13754282917278512
US-2019-145422,PW-19240,2019-12-03,US,West,United States,Consumer,Medium,359.49899999999997,3,0.15,0.15,1,1,0,12,1,0,10.0,4,0.0,0.09090909090909091,2037,280.0,0.13747553816046967
CA-2019-110247,RH-19555,2019-12-04,US,South,United States,Consumer,Medium,8.226,3,0.7,0.7,1,1,0,12,2,0,9999.0,0,0.0,0.14285714285714285,2038,280.0,0.1374083129584352
CA-2019-118871,HM-14860,2019-12-04,US,West,United States,Corporate,Medium,418.192,11,0.06666666666666667,0.2,3,3,0,12,2,0,501.0,1,0.0,0.125,2039,280.0,0.13734115347018572
CA-2019-119508,TZ-21580,2019-12-04,US,West,United States,Consumer,Medium,41.98,11,0.0,0.0,2,2,0,12,2,0,388.0,1,0.0,0.125,2040,280.0,0.13727405959941377
CA-2019-130659,MS-17365,2019-12-04,US,East,United States,Consumer,Medium,2201.864,15,0.03333333333333333,0.1,3,3,0,12,2,0,274.0,4,0.0,0.09090909090909091,2041,280.0,0.13720703125
CA-2019-142377,MS-17980,2019-12-04,US,Central,United States,Corporate,Medium,85.96,7,0.0,0.0,1,1,0,12,2,0,120.0,4,0.0,0.09090909090909091,2042,280.0,0.1371400683260127
CA-2019-155600,RO-19780,2019-12-04,US,South,United States,Consumer,Medium,1635.0180000000003,11,0.44999999999999996,0.7,2,1,0,12,2,0,206.0,1,0.0,0.125,2043,280.0,0.13707317073170733
CA-2019-161718,SO-20335,2019-12-04,US,East,United States,Consumer,Medium,794.5740000000001,14,0.05,0.1,4,2,0,12,2,0,54.0,1,0.0,0.125,2044,280.0,0.1370063383715261
CA-2019-101091,SW-20245,2019-12-05,US,East,United States,Consumer,Medium,74.048,8,0.44999999999999996,0.7,2,2,0,12,3,0,33.0,2,0.0,0.1111111111111111,2045,280.0,0.13693957115009747
CA-2019-110814,BD-11635,2019-12-05,US,East,United States,Consumer,Medium,419.726,10,0.10000000000000002,0.2,3,2,1,12,3,0,426.0,1,0.0,0.125,2046,280.0,0.13687286897223574
CA-2019-110814,BD-11635,2019-12-05,US,East,United States,Consumer,Medium,419.726,10,0.10000000000000002,0.2,3,2,1,12,3,0,0.0,2,1.0,0.2222222222222222,2047,281.0,0.13729308666017526
CA-2019-110814,BD-11635,2019-12-05,US,East,United States,Consumer,Medium,419.726,10,0.10000000000000002,0.2,3,2,1,12,3,0,0.0,3,2.0,0.3,2048,282.0,0.13771289537712894
CA-2019-117898,TB-21250,2019-12-05,US,Central,United States,Consumer,Medium,12.224,2,0.2,0.2,1,1,0,12,3,0,57.0,2,0.0,0.1111111111111111,2049,283.0,0.13813229571984437
CA-2019-134943,SU-20665,2019-12-05,US,Central,United States,Home Office,Medium,152.79999999999998,5,0.0,0.0,1,1,0,12,3,0,9999.0,0,0.0,0.14285714285714285,2050,283.0,0.13806514341273698
CA-2019-142937,SF-20065,2019-12-05,US,Central,United States,Consumer,Medium,45.04,2,0.2,0.2,1,1,0,12,3,0,10.0,3,0.0,0.1,2051,283.0,0.1379980563654033
CA-2019-149566,GB-14530,2019-12-05,US,West,United States,Corporate,Medium,51.6,7,0.0,0.0,2,2,0,12,3,0,30.0,4,0.0,0.09090909090909091,2052,283.0,0.13793103448275862
CA-2019-156440,MH-17620,2019-12-05,US,West,United States,Corporate,Medium,44.46,2,0.0,0.0,1,1,1,12,3,0,9999.0,0,0.0,0.14285714285714285,2053,283.0,0.1378640776699029
US-2019-131842,RR-19525,2019-12-05,US,South,United States,Corporate,Medium,97.424,2,0.2,0.2,1,1,0,12,3,0,452.0,4,4.0,0.45454545454545453,2054,284.0,0.13828238719068414
CA-2019-131884,DK-13375,2019-12-06,US,East,United States,Consumer,Medium,594.002,11,0.3,0.4,3,3,0,12,4,0,455.0,1,0.0,0.125,2055,284.0,0.13821532492725508
CA-2019-136700,DB-13120,2019-12-06,US,West,United States,Corporate,Medium,8.96,2,0.0,0.0,1,1,0,12,4,0,94.0,2,0.0,0.1111111111111111,2056,284.0,0.13814832767813864
CA-2019-143490,NP-18325,2019-12-06,US,West,United States,Consumer,Medium,339.334,11,0.1,0.2,2,2,1,12,4,0,119.0,4,0.0,0.09090909090909091,2057,284.0,0.1380813953488372
CA-2019-143490,NP-18325,2019-12-06,US,West,United States,Consumer,Medium,339.334,11,0.1,0.2,2,2,1,12,4,0,0.0,5,1.0,0.16666666666666666,2058,285.0,0.138498789346247
CA-2019-144806,GH-14425,2019-12-06,US,West,United States,Consumer,Medium,757.712,31,0.2,0.2,5,2,0,12,4,0,537.0,1,0.0,0.125,2059,286.0,0.13891577928363988
CA-2019-148628,KM-16375,2019-12-06,US,West,United States,Home Office,Medium,32.75,5,0.0,0.0,1,1,0,12,4,0,170.0,3,0.0,0.1,2060,286.0,0.13884857281083696
CA-2019-153752,RO-19780,2019-12-06,US,South,United States,Consumer,Medium,173.94,6,0.0,0.0,1,1,0,12,4,0,2.0,2,0.0,0.1111111111111111,2061,286.0,0.1387814313346228
CA-2019-156104,NP-18685,2019-12-06,US,Central,United States,Home Office,Medium,999.98,2,0.0,0.0,1,1,0,12,4,0,65.0,3,0.0,0.1,2062,286.0,0.138714354760754
CA-2019-166338,MP-18175,2019-12-06,US,East,United States,Home Office,Medium,14.832000000000003,3,0.7,0.7,1,1,0,12,4,0,20.0,3,0.0,0.1,2063,286.0,0.1386473429951691
CA-2019-168634,AF-10870,2019-12-06,US,West,United States,Consumer,Medium,7.78,2,0.0,0.0,1,1,0,12,4,0,9999.0,0,0.0,0.14285714285714285,2064,286.0,0.1385803959439884
US-2019-114741,IL-15100,2019-12-06,US,West,United States,Consumer,Medium,1347.2700000000002,9,0.0,0.0,3,1,0,12,4,0,62.0,3,0.0,0.1,2065,286.0,0.13851351351351351
US-2019-127040,SG-20605,2019-12-06,US,East,United States,Consumer,Medium,1782.17,21,0.0,0.0,4,3,0,12,4,0,352.0,3,0.0,0.1,2066,286.0,0.1384466956102267
US-2019-149692,KW-16435,2019-12-06,US,Central,United States,Consumer,Medium,2.7719999999999994,7,0.8,0.8,1,1,0,12,4,0,104.0,1,0.0,0.125,2067,286.0,0.13837994214079075
CA-2019-130736,JF-15490,2019-12-07,US,West,United States,Consumer,Medium,6.57,3,0.0,0.0,2,1,0,12,5,1,36.0,4,0.0,0.09090909090909091,2068,286.0,0.1383132530120482
CA-2019-134894,DK-12985,2019-12-07,US,South,United States,Consumer,Medium,436.86,7,0.0,0.0,2,2,0,12,5,1,127.0,2,0.0,0.1111111111111111,2069,286.0,0.1382466281310212
CA-2019-135272,MS-17830,2019-12-07,US,West,United States,Consumer,Medium,79.92,4,0.0,0.0,1,1,0,12,5,1,137.0,2,0.0,0.1111111111111111,2070,286.0,0.13818006740491093
CA-2019-165050,AH-10210,2019-12-07,US,East,United States,Consumer,Medium,801.988,13,0.13333333333333333,0.2,3,2,0,12,5,1,27.0,2,0.0,0.1111111111111111,2071,286.0,0.1381135707410972
US-2019-120957,KH-16690,2019-12-07,US,West,United States,Corporate,Medium,12.96,2,0.0,0.0,1,1,0,12,5,1,42.0,3,0.0,0.1,2072,286.0,0.13804713804713806
CA-2019-103205,JJ-15760,2019-12-08,US,Central,United States,Home Office,Medium,119.96000000000001,5,0.2,0.2,1,1,0,12,6,1,64.0,1,0.0,0.125,2073,286.0,0.13798076923076924
CA-2019-129532,YS-21880,2019-12-08,US,West,United States,Corporate,Medium,457.96000000000004,6,0.0,0.0,2,2,0,12,6,1,136.0,2,0.0,0.1111111111111111,2074,286.0,0.13791446419990389
CA-2019-135622,TT-21460,2019-12-08,US,Central,United States,Home Office,Medium,2079.112,17,0.2,0.2,2,2,0,12,6,1,9999.0,0,0.0,0.14285714285714285,2075,286.0,0.1378482228626321
CA-2019-156118,HG-14965,2019-12-08,US,West,United States,Corporate,Medium,15.696000000000002,3,0.2,0.2,1,1,0,12,6,1,71.0,5,0.0,0.08333333333333333,2076,286.0,0.13778204512722037
CA-2019-157035,KB-16600,2019-12-09,US,Central,United States,Corporate,Medium,34.019999999999996,3,0.0,0.0,1,1,0,12,0,0,344.0,1,0.0,0.125,2077,286.0,0.13771593090211132
CA-2019-106208,JW-16075,2019-12-10,US,Central,United States,Consumer,Medium,53.087999999999994,7,0.8,0.8,1,1,0,12,1,0,264.0,1,0.0,0.125,2078,286.0,0.13764988009592327
CA-2019-112823,RA-19945,2019-12-10,US,East,United States,Consumer,Medium,25.488,2,0.2,0.2,1,1,0,12,1,0,105.0,2,0.0,0.1111111111111111,2079,286.0,0.13758389261744966
CA-2019-115693,FC-14245,2019-12-10,US,West,United States,Home Office,Medium,56.3,2,0.0,0.0,1,1,0,12,1,0,82.0,2,0.0,0.1111111111111111,2080,286.0,0.13751796837565883
CA-2019-121650,KD-16495,2019-12-10,US,Central,United States,Corporate,Medium,1000.4300000000001,7,0.0,0.0,4,2,0,12,1,0,9.0,3,0.0,0.1,2081,286.0,0.13745210727969348
CA-2019-127502,MT-17815,2019-12-10,US,West,United States,Consumer,Medium,5.76,2,0.0,0.0,1,1,0,12,1,0,34.0,1,0.0,0.125,2082,286.0,0.13738630923887027
CA-2019-143105,MA-17560,2019-12-10,US,East,United States,Home Office,Medium,1033.234,16,0.05,0.2,4,2,0,12,1,0,9.0,5,0.0,0.08333333333333333,2083,286.0,0.13732057416267943
US-2019-138093,KM-16225,2019-12-10,US,East,United States,Corporate,Medium,776.4399999999999,23,0.0,0.0,5,3,0,12,1,0,157.0,1,0.0,0.125,2084,286.0,0.13725490196078433
US-2019-168732,KM-16660,2019-12-10,US,South,United States,Consumer,Medium,129.64,11,0.0,0.0,3,2,0,12,1,0,353.0,1,0.0,0.125,2085,286.0,0.13718929254302104
CA-2019-104346,IM-15070,2019-12-11,US,West,United States,Consumer,Medium,730.038,41,0.2888888888888889,0.7,9,3,0,12,2,0,19.0,3,0.0,0.1,2086,286.0,0.13712374581939799
CA-2019-106362,LC-16885,2019-12-11,US,East,United States,Consumer,Medium,10.332000000000003,3,0.7,0.7,1,1,0,12,2,0,13.0,6,2.0,0.23076923076923078,2087,286.0,0.13705826170009552
CA-2019-134082,JK-15640,2019-12-11,US,West,United States,Home Office,Medium,110.528,4,0.2,0.2,1,1,0,12,2,0,226.0,4,0.0,0.09090909090909091,2088,286.0,0.1369928400954654
CA-2019-135853,CA-12775,2019-12-11,US,Central,United States,Consumer,Medium,324.21999999999997,14,0.0,0.0,3,2,0,12,2,0,138.0,3,0.0,0.1,2089,286.0,0.13692748091603055
CA-2019-150560,SW-20455,2019-12-11,US,South,United States,Consumer,Medium,196.62,2,0.0,0.0,1,1,0,12,2,0,33.0,3,0.0,0.1,2090,286.0,0.1368621840724845
CA-2019-155761,SC-20800,2019-12-11,US,Central,United States,Consumer,Medium,206.328,5,0.2,0.2,2,2,1,12,2,0,9999.0,0,0.0,0.14285714285714285,2091,286.0,0.13679694947569113
CA-2019-155761,SC-20800,2019-12-11,US,Central,United States,Consumer,Medium,206.328,5,0.2,0.2,2,2,1,12,2,0,0.0,1,1.0,0.25,2092,287.0,0.13720819437827536
US-2019-120572,GH-14425,2019-12-11,US,South,United States,Consumer,Medium,12.828000000000001,2,0.7,0.7,1,1,0,12,2,0,5.0,2,0.0,0.1111111111111111,2093,288.0,0.1376190476190476
CA-2019-110870,KD-16270,2019-12-12,US,West,United States,Consumer,Medium,325.7,13,0.0,0.0,2,2,0,12,3,0,396.0,1,0.0,0.125,2094,288.0,0.13755354593050928
CA-2019-127481,JD-15895,2019-12-12,US,West,United States,Corporate,Medium,130.28,7,0.0,0.0,2,1,0,12,3,0,510.0,3,0.0,0.1,2095,288.0,0.13748810656517602
CA-2019-129042,EM-13960,2019-12-12,US,East,United States,Consumer,Medium,8.22,3,0.0,0.0,1,1,0,12,3,0,72.0,3,2.0,0.3,2096,288.0,0.13742272943414172
CA-2019-134075,HA-14905,2019-12-12,US,West,United States,Consumer,Medium,526.88,5,0.0,0.0,2,2,1,12,3,0,29.0,3,0.0,0.1,2097,288.0,0.1373574144486692
CA-2019-134075,HA-14905,2019-12-12,US,West,United States,Consumer,Medium,526.88,5,0.0,0.0,2,2,1,12,3,0,0.0,4,1.0,0.18181818181818182,2098,289.0,0.1377672209026128
CA-2019-145065,DK-13375,2019-12-12,US,West,United States,Consumer,Medium,32.308,4,0.1,0.2,2,1,0,12,3,0,6.0,2,0.0,0.1111111111111111,2099,290.0,0.13817663817663817
CA-2019-154620,LT-17110,2019-12-12,US,West,United States,Consumer,Medium,348.92800000000005,2,0.2,0.2,1,1,0,12,3,0,40.0,3,0.0,0.1,2100,290.0,0.1381110583768391
CA-2019-155586,XP-21865,2019-12-12,US,West,United States,Consumer,Medium,54.169999999999995,9,0.0,0.0,3,1,0,12,3,0,432.0,3,0.0,0.1,2101,290.0,0.13804554079696393
US-2019-167220,JB-15925,2019-12-12,US,Central,United States,Consumer,Medium,22.368000000000002,4,0.2,0.2,1,1,0,12,3,0,372.0,1,0.0,0.125,2102,290.0,0.1379800853485064
CA-2019-125423,MC-17575,2019-12-13,US,West,United States,Consumer,Medium,9.96,2,0.0,0.0,1,1,0,12,4,0,94.0,3,0.0,0.1,2103,290.0,0.13791469194312797
CA-2019-139962,Dp-13240,2019-12-13,US,East,United States,Home Office,Medium,57.32000000000001,5,0.0,0.0,2,1,0,12,4,0,34.0,3,0.0,0.1,2104,290.0,0.1378493604926575
CA-2019-148250,RP-19270,2019-12-13,US,West,United States,Corporate,Medium,147.44,6,0.0,0.0,2,1,0,12,4,0,129.0,2,0.0,0.1111111111111111,2105,290.0,0.1377840909090909
CA-2019-157770,RD-19585,2019-12-13,US,West,United States,Consumer,Medium,808.6660000000002,14,0.1,0.2,4,2,1,12,4,0,35.0,5,0.0,0.08333333333333333,2106,290.0,0.13771888310459063
CA-2019-157770,RD-19585,2019-12-13,US,West,United States,Consumer,Medium,808.6660000000002,14,0.1,0.2,4,2,1,12,4,0,0.0,6,1.0,0.15384615384615385,2107,291.0,0.13812677388836328
CA-2019-157770,RD-19585,2019-12-13,US,West,United States,Consumer,Medium,808.6660000000002,14,0.1,0.2,4,2,1,12,4,0,0.0,7,2.0,0.21428571428571427,2108,292.0,0.13853427895981088
CA-2019-157770,RD-19585,2019-12-13,US,West,United States,Consumer,Medium,808.6660000000002,14,0.1,0.2,4,2,1,12,4,0,0.0,8,3.0,0.26666666666666666,2109,293.0,0.1389413988657845
CA-2019-114048,EH-13945,2019-12-14,US,West,United States,Consumer,Medium,29.22,3,0.0,0.0,1,1,1,12,5,1,157.0,2,0.0,0.1111111111111111,2110,294.0,0.13934813415210204
CA-2019-119592,MM-18280,2019-12-14,US,South,United States,Corporate,Medium,3.76,2,0.0,0.0,1,1,0,12,5,1,83.0,5,3.0,0.3333333333333333,2111,295.0,0.1397544853635505
CA-2019-123232,DJ-13630,2019-12-14,US,West,United States,Consumer,Medium,319.968,4,0.2,0.2,1,1,0,12,5,1,9999.0,0,0.0,0.14285714285714285,2112,295.0,0.13968853232656914
CA-2019-125066,KD-16495,2019-12-14,US,South,United States,Corporate,Medium,62.459999999999994,4,0.0,0.0,2,2,0,12,5,1,4.0,4,0.0,0.09090909090909091,2113,295.0,0.13962264150943396
CA-2019-126347,AJ-10945,2019-12-14,US,West,United States,Consumer,Medium,50.0,2,0.0,0.0,1,1,0,12,5,1,16.0,3,0.0,0.1,2114,295.0,0.13955681282413956
CA-2019-130253,PP-18955,2019-12-14,US,West,United States,Home Office,Medium,15.24,3,0.0,0.0,1,1,0,12,5,1,161.0,5,0.0,0.08333333333333333,2115,295.0,0.13949104618284638
CA-2019-141593,DB-12970,2019-12-14,US,West,United States,Corporate,Medium,369.56,8,0.15000000000000002,0.2,4,2,1,12,5,1,397.0,1,0.0,0.125,2116,295.0,0.13942534149788036
CA-2019-141593,DB-12970,2019-12-14,US,West,United States,Corporate,Medium,369.56,8,0.15000000000000002,0.2,4,2,1,12,5,1,0.0,2,1.0,0.2222222222222222,2117,296.0,0.13983050847457626
CA-2019-141593,DB-12970,2019-12-14,US,West,United States,Corporate,Medium,369.56,8,0.15000000000000002,0.2,4,2,1,12,5,1,0.0,3,2.0,0.3,2118,297.0,0.14023529411764707
CA-2019-141593,DB-12970,2019-12-14,US,West,United States,Corporate,Medium,369.56,8,0.15000000000000002,0.2,4,2,1,12,5,1,0.0,4,3.0,0.36363636363636365,2119,298.0,0.14063969896519285
CA-2019-146696,RD-19480,2019-12-14,US,West,United States,Consumer,Medium,8.096,2,0.2,0.2,1,1,0,12,5,1,174.0,2,0.0,0.1111111111111111,2120,299.0,0.14104372355430184
CA-2019-109638,JH-15985,2019-12-15,US,West,United States,Consumer,Medium,1055.142,16,0.06666666666666667,0.2,3,2,0,12,6,1,321.0,2,0.0,0.1111111111111111,2121,299.0,0.14097744360902256
CA-2019-137225,JK-15640,2019-12-15,US,East,United States,Home Office,Medium,3.28,1,0.0,0.0,1,1,0,12,6,1,4.0,5,0.0,0.08333333333333333,2122,299.0,0.14091122592766558
CA-2019-147830,NF-18385,2019-12-15,US,East,United States,Consumer,Medium,4190.206,17,0.375,0.7,4,2,0,12,6,1,672.0,1,0.0,0.125,2123,299.0,0.14084507042253522
CA-2019-150308,RR-19525,2019-12-15,US,South,United States,Corporate,Medium,246.168,3,0.2,0.2,1,1,0,12,6,1,10.0,5,4.0,0.4166666666666667,2124,299.0,0.14077897700610043
CA-2019-162544,SG-20080,2019-12-16,US,West,United States,Consumer,Medium,4.98,1,0.0,0.0,1,1,0,12,0,0,46.0,9,9.0,0.625,2125,299.0,0.14071294559099437
CA-2019-134117,PG-18895,2019-12-17,US,West,United States,Consumer,Medium,450.194,14,0.1,0.2,4,2,0,12,1,0,96.0,2,0.0,0.1111111111111111,2126,299.0,0.14064697609001406
US-2019-129637,MC-18100,2019-12-17,US,Central,United States,Consumer,Medium,234.68800000000002,8,0.3333333333333333,0.6,3,2,0,12,1,0,114.0,4,0.0,0.09090909090909091,2127,299.0,0.14058106841611998
US-2019-138121,JL-15835,2019-12-17,US,Central,United States,Consumer,Medium,1233.61,21,0.0,0.0,5,2,0,12,1,0,454.0,4,2.0,0.2727272727272727,2128,299.0,0.1405152224824356
CA-2019-107468,MK-17905,2019-12-18,US,West,United States,Corporate,Medium,6.848000000000001,2,0.2,0.2,1,1,0,12,2,0,395.0,1,0.0,0.125,2129,299.0,0.1404494382022472
CA-2019-153038,RB-19645,2019-12-18,US,South,United States,Corporate,Medium,94.688,21,0.20000000000000004,0.2,3,2,0,12,2,0,391.0,3,0.0,0.1,2130,299.0,0.14038371548900327
US-2019-120161,LM-17065,2019-12-18,US,East,United States,Consumer,Medium,646.7760000000001,9,0.2,0.2,1,1,0,12,2,0,301.0,2,0.0,0.1111111111111111,2131,299.0,0.1403180542563143
US-2019-137533,JK-15640,2019-12-18,US,East,United States,Home Office,Medium,20.736000000000004,4,0.2,0.2,1,1,0,12,2,0,3.0,6,0.0,0.07692307692307693,2132,299.0,0.1402524544179523
US-2019-137960,MW-18220,2019-12-18,US,East,United States,Consumer,Medium,166.24,1,0.0,0.0,1,1,0,12,2,0,166.0,4,0.0,0.09090909090909091,2133,299.0,0.14018691588785046
CA-2019-100685,SM-20950,2019-12-19,US,Central,United States,Corporate,Medium,128.36,9,0.0,0.0,3,1,0,12,3,0,113.0,5,0.0,0.08333333333333333,2134,299.0,0.14012143858010276
CA-2019-109113,EK-13795,2019-12-19,US,Central,United States,Home Office,Medium,25.488,2,0.2,0.2,1,1,0,12,3,0,20.0,2,1.0,0.2222222222222222,2135,299.0,0.1400560224089636
CA-2019-115399,AG-10900,2019-12-19,US,East,United States,Consumer,Medium,6.911999999999999,3,0.2,0.2,1,1,0,12,3,0,97.0,5,3.0,0.3333333333333333,2136,299.0,0.1399906672888474
CA-2019-127453,JK-15370,2019-12-19,US,East,United States,Consumer,Medium,526.736,9,0.20000000000000004,0.2,3,1,0,12,3,0,254.0,2,0.0,0.1111111111111111,2137,299.0,0.13992537313432835
CA-2019-157084,JG-15160,2019-12-19,US,West,United States,Consumer,Medium,1941.81,8,0.1,0.2,2,1,0,12,3,0,221.0,3,0.0,0.1,2138,299.0,0.13986013986013987
US-2019-110261,PR-18880,2019-12-19,US,Central,United States,Consumer,Medium,158.376,3,0.2,0.2,1,1,0,12,3,0,252.0,2,0.0,0.1111111111111111,2139,299.0,0.13979496738117428
US-2019-134558,PM-19135,2019-12-19,US,East,United States,Home Office,Medium,3332.9739999999997,18,0.09999999999999999,0.3,3,3,0,12,3,0,9999.0,0,0.0,0.14285714285714285,2140,299.0,0.13972985561248252
CA-2019-137071,ED-13885,2019-12-20,US,Central,United States,Home Office,Medium,100.80000000000001,2,0.2,0.2,1,1,0,12,4,0,48.0,3,0.0,0.1,2141,299.0,0.13966480446927373
CA-2019-141754,EM-14200,2019-12-20,US,South,United States,Home Office,Medium,11.696,2,0.2,0.2,1,1,0,12,4,0,9999.0,0,0.0,0.14285714285714285,2142,299.0,0.13959981386691483
CA-2019-154144,MH-17785,2019-12-20,US,East,United States,Corporate,Medium,55.48,1,0.0,0.0,1,1,0,12,4,0,35.0,4,0.0,0.09090909090909091,2143,299.0,0.13953488372093023
CA-2019-154795,GZ-14470,2019-12-20,US,West,United States,Consumer,Medium,22.288000000000004,3,0.2,0.2,2,2,0,12,4,0,36.0,3,0.0,0.1,2144,299.0,0.1394700139470014
CA-2019-158148,JM-15865,2019-12-20,US,South,United States,Consumer,Medium,36.269999999999996,3,0.0,0.0,1,1,0,12,4,0,20.0,6,4.0,0.38461538461538464,2145,299.0,0.13940520446096655
CA-2019-158918,AI-10855,2019-12-20,US,West,United States,Consumer,Medium,17.12,4,0.0,0.0,1,1,0,12,4,0,281.0,4,0.0,0.09090909090909091,2146,299.0,0.13934045517882024
US-2019-120712,CS-12130,2019-12-20,US,Central,United States,Consumer,Medium,88.80000000000001,4,0.2,0.2,1,1,0,12,4,0,90.0,2,0.0,0.1111111111111111,2147,299.0,0.1392757660167131
US-2019-123218,KD-16345,2019-12-20,US,Central,United States,Consumer,Medium,775.01,9,0.2333333333333333,0.3,3,2,0,12,4,0,31.0,3,0.0,0.1,2148,299.0,0.13921113689095127
CA-2019-112375,RD-19720,2019-12-21,US,South,United States,Consumer,Medium,78.19200000000001,8,0.2,0.2,2,2,0,12,5,1,414.0,3,0.0,0.1,2149,299.0,0.1391465677179963
CA-2019-127019,ER-13855,2019-12-21,US,West,United States,Corporate,Medium,60.98400000000001,7,0.2,0.2,1,1,0,12,5,1,9999.0,0,0.0,0.14285714285714285,2150,299.0,0.13908205841446453
CA-2019-154284,SZ-20035,2019-12-21,US,Central,United States,Home Office,Medium,1349.63,15,0.325,0.6,4,3,0,12,5,1,192.0,3,0.0,0.1,2151,299.0,0.13901760889712697
CA-2019-161795,AH-10075,2019-12-21,US,East,United States,Corporate,Medium,3.008,2,0.2,0.2,1,1,0,12,5,1,400.0,1,0.0,0.125,2152,299.0,0.13895321908290875
CA-2019-165414,LS-17245,2019-12-21,US,South,United States,Consumer,Medium,47.976,3,0.2,0.2,1,1,0,12,5,1,390.0,2,0.0,0.1111111111111111,2153,299.0,0.1388888888888889
US-2019-126214,JS-15880,2019-12-21,US,West,United States,Consumer,Medium,1717.9699999999998,14,0.0,0.0,2,2,1,12,5,1,622.0,1,0.0,0.125,2154,299.0,0.13882461823229986
US-2019-126214,JS-15880,2019-12-21,US,West,United States,Consumer,Medium,1717.9699999999998,14,0.0,0.0,2,2,1,12,5,1,0.0,2,1.0,0.2222222222222222,2155,300.0,0.13922294172062905
CA-2019-153612,BT-11305,2019-12-22,US,Central,United States,Home Office,Medium,17.12,4,0.0,0.0,1,1,0,12,6,1,21.0,3,0.0,0.1,2156,301.0,0.1396208969024503
CA-2019-157287,HR-14830,2019-12-22,US,East,United States,Corporate,Medium,456.1929999999999,9,0.25,0.3,2,2,0,12,6,1,187.0,6,4.0,0.38461538461538464,2157,301.0,0.13955637707948243
CA-2019-117828,BD-11500,2019-12-23,US,South,United States,Consumer,Medium,194.32,4,0.0,0.0,1,1,0,12,0,0,98.0,3,0.0,0.1,2158,301.0,0.1394919168591224
CA-2019-120103,MS-17365,2019-12-24,US,West,United States,Consumer,Medium,225.928,11,0.20000000000000004,0.2,3,3,0,12,1,0,20.0,5,0.0,0.08333333333333333,2159,301.0,0.1394275161588181
CA-2019-124653,DB-13120,2019-12-24,US,East,United States,Corporate,Medium,167.31,16,0.0,0.0,3,1,0,12,1,0,18.0,3,0.0,0.1,2160,301.0,0.1393631748961698
CA-2019-135538,HR-14830,2019-12-24,US,West,United States,Corporate,Medium,883.84,4,0.2,0.2,1,1,0,12,1,0,2.0,7,4.0,0.35714285714285715,2161,301.0,0.1392988929889299
CA-2019-158456,KT-16465,2019-12-24,US,West,United States,Consumer,Medium,65.85600000000001,8,0.1,0.2,2,1,0,12,1,0,454.0,3,0.0,0.1,2162,301.0,0.1392346703550023
CA-2019-169397,JB-15925,2019-12-24,US,East,United States,Consumer,Medium,627.9240000000001,22,0.3666666666666667,0.7,6,3,1,12,1,0,12.0,2,0.0,0.1111111111111111,2163,301.0,0.1391705069124424
CA-2019-169397,JB-15925,2019-12-24,US,East,United States,Consumer,Medium,627.9240000000001,22,0.3666666666666667,0.7,6,3,1,12,1,0,0.0,3,1.0,0.2,2164,302.0,0.13956701980654077
CA-2019-169397,JB-15925,2019-12-24,US,East,United States,Consumer,Medium,627.9240000000001,22,0.3666666666666667,0.7,6,3,1,12,1,0,0.0,4,2.0,0.2727272727272727,2165,303.0,0.13996316758747698
CA-2019-169397,JB-15925,2019-12-24,US,East,United States,Consumer,Medium,627.9240000000001,22,0.3666666666666667,0.7,6,3,1,12,1,0,0.0,5,3.0,0.3333333333333333,2166,304.0,0.14035895075931892
CA-2019-169397,JB-15925,2019-12-24,US,East,United States,Consumer,Medium,627.9240000000001,22,0.3666666666666667,0.7,6,3,1,12,1,0,0.0,6,4.0,0.38461538461538464,2167,305.0,0.140754369825207
CA-2019-169397,JB-15925,2019-12-24,US,East,United States,Consumer,Medium,627.9240000000001,22,0.3666666666666667,0.7,6,3,1,12,1,0,0.0,7,5.0,0.42857142857142855,2168,306.0,0.14114942528735633
US-2019-103471,JR-15670,2019-12-24,US,West,United States,Consumer,Medium,604.0980000000001,10,0.44999999999999996,0.7,2,2,0,12,1,0,9999.0,0,0.0,0.14285714285714285,2169,307.0,0.14154411764705882
US-2019-128587,HM-14860,2019-12-24,US,Central,United States,Corporate,Medium,4909.610000000001,9,0.0,0.0,2,2,0,12,1,0,20.0,2,0.0,0.1111111111111111,2170,307.0,0.1414790996784566
CA-2019-111780,RA-19285,2019-12-25,US,West,United States,Consumer,Medium,1230.5,11,0.06666666666666667,0.2,3,2,0,12,2,0,63.0,3,0.0,0.1,2171,307.0,0.1414141414141414
CA-2019-113152,JK-15625,2019-12-25,US,East,United States,Consumer,Medium,1293.468,4,0.1,0.2,2,2,0,12,2,0,140.0,5,0.0,0.08333333333333333,2172,307.0,0.1413492427719137
CA-2019-143980,JK-15640,2019-12-25,US,East,United States,Home Office,Medium,414.96,2,0.0,0.0,1,1,0,12,2,0,7.0,7,0.0,0.07142857142857142,2173,307.0,0.14128440366972478
CA-2019-144288,MB-17305,2019-12-25,US,South,United States,Consumer,Medium,19.584000000000003,6,0.2,0.2,2,1,0,12,2,0,78.0,4,0.0,0.09090909090909091,2174,307.0,0.14121962402567628
CA-2019-144890,SM-20320,2019-12-25,US,West,United States,Home Office,Medium,9.96,2,0.0,0.0,1,1,0,12,2,0,126.0,2,0.0,0.1111111111111111,2175,307.0,0.14115490375802017
CA-2019-153717,DL-13495,2019-12-25,US,Central,United States,Corporate,Medium,255.57999999999998,7,0.0,0.0,4,3,0,12,2,0,9999.0,0,0.0,0.14285714285714285,2176,307.0,0.14109024278515803
US-2019-136749,LH-16900,2019-12-25,US,South,United States,Consumer,Medium,433.78,11,0.0,0.0,2,2,1,12,2,0,413.0,4,0.0,0.09090909090909091,2177,307.0,0.14102564102564102
US-2019-136749,LH-16900,2019-12-25,US,South,United States,Consumer,Medium,433.78,11,0.0,0.0,2,2,1,12,2,0,0.0,5,1.0,0.16666666666666666,2178,308.0,0.1414187643020595
US-2019-147739,JD-16150,2019-12-25,US,East,United States,Corporate,Medium,547.136,4,0.2,0.2,1,1,0,12,2,0,28.0,3,0.0,0.1,2179,309.0,0.14181152790484905
CA-2019-111073,MC-18100,2019-12-26,US,East,United States,Consumer,Medium,51.588,1,0.4,0.4,1,1,0,12,3,0,9.0,5,0.0,0.08333333333333333,2180,309.0,0.1417466849565615
CA-2019-119550,RB-19705,2019-12-26,US,Central,United States,Home Office,Medium,275.058,3,0.3,0.3,1,1,0,12,3,0,126.0,1,0.0,0.125,2181,309.0,0.1416819012797075
CA-2019-124933,DF-13135,2019-12-26,US,East,United States,Consumer,Medium,212.64,6,0.0,0.0,1,1,0,12,3,0,448.0,1,0.0,0.125,2182,309.0,0.1416171767930562
CA-2019-158792,BD-11605,2019-12-26,US,East,United States,Consumer,Medium,22.200000000000003,5,0.0,0.0,1,1,0,12,3,0,198.0,7,5.0,0.42857142857142855,2183,309.0,0.1415525114155251
CA-2019-101889,DB-13120,2019-12-27,US,East,United States,Corporate,Medium,1568.8620000000003,12,0.30000000000000004,0.4,2,2,0,12,4,0,3.0,4,0.0,0.09090909090909091,2184,309.0,0.14148790506617984
CA-2019-103870,SP-20860,2019-12-27,US,South,United States,Corporate,Medium,284.44000000000005,18,0.2,0.2,5,3,0,12,4,0,113.0,6,2.0,0.23076923076923078,2185,309.0,0.14142335766423358
CA-2019-117415,SN-20710,2019-12-27,US,Central,United States,Home Office,Medium,1228.9532,19,0.255,0.32,4,3,0,12,4,0,30.0,2,0.0,0.1111111111111111,2186,309.0,0.14135886912904697
CA-2019-130113,AH-10030,2019-12-27,US,West,United States,Corporate,Medium,991.26,11,0.1,0.2,2,2,0,12,4,0,361.0,4,0.0,0.09090909090909091,2187,309.0,0.14129443938012762
CA-2019-134782,MD-17350,2019-12-27,US,South,United States,Consumer,Medium,105.42,2,0.0,0.0,1,1,0,12,4,0,364.0,2,0.0,0.1111111111111111,2188,309.0,0.14123006833712984
CA-2019-148376,AG-10900,2019-12-27,US,West,United States,Consumer,Medium,128.51999999999998,9,0.0,0.0,2,1,0,12,4,0,8.0,6,3.0,0.3076923076923077,2189,309.0,0.14116575591985428
CA-2019-151589,RE-19450,2019-12-27,US,Central,United States,Consumer,Medium,435.53999999999996,6,0.0,0.0,2,2,0,12,4,0,134.0,2,0.0,0.1111111111111111,2190,309.0,0.14110150204824762
CA-2019-155145,KN-16450,2019-12-27,US,West,United States,Corporate,Medium,7.92,8,0.0,0.0,1,1,0,12,4,0,171.0,3,0.0,0.1,2191,309.0,0.1410373066424022
CA-2019-165085,BT-11485,2019-12-27,US,East,United States,Home Office,Medium,384.85999999999996,7,0.0,0.0,2,1,0,12,4,0,9999.0,0,0.0,0.14285714285714285,2192,309.0,0.1409731696225557
US-2019-163783,DR-12940,2019-12-27,US,Central,United States,Home Office,Medium,12.672,3,0.2,0.2,1,1,0,12,4,0,117.0,3,0.0,0.1,2193,309.0,0.1409090909090909
CA-2019-119697,EM-13960,2019-12-28,US,East,United States,Consumer,Medium,54.38400000000001,2,0.2,0.2,1,1,0,12,5,1,16.0,4,2.0,0.2727272727272727,2194,309.0,0.14084507042253522
CA-2019-148859,FH-14350,2019-12-28,US,Central,United States,Consumer,Medium,24.816000000000003,2,0.2,0.2,1,1,0,12,5,1,127.0,1,0.0,0.125,2195,309.0,0.1407811080835604
CA-2019-130855,RF-19840,2019-12-29,US,East,United States,Consumer,Medium,6.36,2,0.0,0.0,1,1,0,12,6,1,377.0,2,0.0,0.1111111111111111,2196,309.0,0.1407172038129823
CA-2019-135580,CL-12565,2019-12-30,US,West,United States,Consumer,Medium,3251.3400000000006,18,0.08,0.2,5,2,1,12,0,0,476.0,4,0.0,0.09090909090909091,2197,309.0,0.14065335753176045
CA-2019-135580,CL-12565,2019-12-30,US,West,United States,Consumer,Medium,3251.3400000000006,18,0.08,0.2,5,2,1,12,0,0,0.0,5,1.0,0.16666666666666666,2198,310.0,0.14104308390022677
CA-2019-135580,CL-12565,2019-12-30,US,West,United States,Consumer,Medium,3251.3400000000006,18,0.08,0.2,5,2,1,12,0,0,0.0,6,2.0,0.23076923076923078,2199,311.0,0.1414324569356301
CA-2019-135580,CL-12565,2019-12-30,US,West,United States,Consumer,Medium,3251.3400000000006,18,0.08,0.2,5,2,1,12,0,0,0.0,7,3.0,0.2857142857142857,2200,312.0,0.14182147711826007
CA-2019-135580,CL-12565,2019-12-30,US,West,United States,Consumer,Medium,3251.3400000000006,18,0.08,0.2,5,2,1,12,0,0,0.0,8,4.0,0.3333333333333333,2201,313.0,0.14221014492753623
CA-2019-109197,JO-15280,2019-12-31,US,West,United States,Consumer,Medium,487.98400000000004,2,0.2,0.2,1,1,0,12,1,0,59.0,3,0.0,0.1,2202,314.0,0.14259846084200997
CA-2019-109470,KC-16255,2019-12-31,US,South,United States,Corporate,Medium,596.4799999999999,24,0.0,0.0,4,1,0,12,1,0,166.0,2,0.0,0.1111111111111111,2203,314.0,0.1425339366515837
CA-2019-120901,BG-11035,2019-12-31,US,Central,United States,Consumer,Medium,162.06400000000002,6,0.20000000000000004,0.2,3,1,0,12,1,0,102.0,3,0.0,0.1,2204,314.0,0.14246947082767977
CA-2019-139780,AH-10690,2019-12-31,US,Central,United States,Corporate,Medium,116.4,8,0.0,0.0,1,1,0,12,1,0,49.0,10,6.0,0.4117647058823529,2205,314.0,0.14240506329113925
CA-2019-156377,TB-21625,2019-12-31,US,Central,United States,Consumer,Medium,18.416,9,0.7,0.8,2,2,0,12,1,0,67.0,3,0.0,0.1,2206,314.0,0.14234071396294623
CA-2020-160304,BM-11575,2020-01-02,US,East,United States,Corporate,Medium,405.91999999999996,5,0.0,0.0,2,2,0,1,3,0,109.0,1,0.0,0.125,2207,314.0,0.14227642276422764
CA-2020-105207,BO-11350,2020-01-03,US,Central,United States,Corporate,Medium,1604.7300000000002,9,0.0,0.0,2,2,0,1,4,0,9999.0,0,0.0,0.14285714285714285,2208,314.0,0.14221218961625282
CA-2020-125206,LR-16915,2020-01-03,US,West,United States,Consumer,Medium,114.46,2,0.0,0.0,1,1,0,1,4,0,34.0,2,0.0,0.1111111111111111,2209,314.0,0.1421480144404332
US-2020-116365,CA-12310,2020-01-03,US,Central,United States,Corporate,Medium,376.64000000000004,10,0.20000000000000004,0.2,3,1,0,1,4,0,533.0,1,0.0,0.125,2210,314.0,0.14208389715832206
CA-2020-158211,BP-11185,2020-01-04,US,East,United States,Corporate,Medium,109.25200000000001,7,0.44999999999999996,0.7,2,1,0,1,5,1,129.0,2,0.0,0.1111111111111111,2211,314.0,0.14201983769161405
US-2020-164630,EB-13975,2020-01-04,US,South,United States,Corporate,Medium,959.9680000000001,4,0.2,0.2,1,1,0,1,5,1,9999.0,0,0.0,0.14285714285714285,2212,314.0,0.14195583596214512
CA-2020-134474,AJ-10795,2020-01-05,US,South,United States,Corporate,Medium,255.90400000000002,10,0.20000000000000004,0.2,3,2,0,1,6,1,372.0,8,7.0,0.5333333333333333,2213,314.0,0.14189189189189189
CA-2020-101938,DW-13480,2020-01-07,US,West,United States,Home Office,Medium,34.58,1,0.0,0.0,1,1,0,1,1,0,585.0,1,0.0,0.125,2214,314.0,0.14182800540297164
CA-2020-158806,NM-18520,2020-01-07,US,Central,United States,Consumer,Medium,48.99600000000001,8,0.4,0.6,2,2,0,1,1,0,37.0,4,2.0,0.2727272727272727,2215,314.0,0.14176417641764177
US-2020-100461,JO-15145,2020-01-08,US,Central,United States,Corporate,Medium,1671.93,13,0.0,0.0,2,2,0,1,2,0,407.0,4,0.0,0.09090909090909091,2216,314.0,0.1417004048582996
US-2020-137295,VS-21820,2020-01-08,US,South,United States,Consumer,Medium,187.228,12,0.3666666666666667,0.7,3,2,0,1,2,0,229.0,2,0.0,0.1111111111111111,2217,314.0,0.14163669064748202
CA-2020-108882,LA-16780,2020-01-09,US,West,United States,Corporate,Medium,727.878,14,0.1,0.2,2,1,0,1,3,0,197.0,4,0.0,0.09090909090909091,2218,314.0,0.14157303370786517
CA-2020-126543,MF-17665,2020-01-09,US,East,United States,Corporate,Medium,15.168000000000001,2,0.2,0.2,1,1,0,1,3,0,375.0,1,0.0,0.125,2219,314.0,0.14150943396226415
CA-2020-116547,KB-16585,2020-01-10,US,West,United States,Corporate,Medium,149.9,6,0.0,0.0,2,2,1,1,4,0,57.0,10,5.0,0.35294117647058826,2220,314.0,0.1414458913336327
CA-2020-116547,KB-16585,2020-01-10,US,West,United States,Corporate,Medium,149.9,6,0.0,0.0,2,2,1,1,4,0,0.0,11,6.0,0.3888888888888889,2221,315.0,0.14183123877917414
CA-2020-163937,JB-16000,2020-01-10,US,West,United States,Consumer,Medium,24.849999999999998,5,0.0,0.0,1,1,0,1,4,0,9999.0,0,0.0,0.14285714285714285,2222,316.0,0.14221624046657694
CA-2020-126529,DE-13255,2020-01-11,US,East,United States,Home Office,Medium,94.452,8,0.26666666666666666,0.4,3,2,1,1,5,1,109.0,5,3.0,0.3333333333333333,2223,316.0,0.142152466367713
CA-2020-126529,DE-13255,2020-01-11,US,East,United States,Home Office,Medium,94.452,8,0.26666666666666666,0.4,3,2,1,1,5,1,0.0,6,4.0,0.38461538461538464,2224,317.0,0.1425369789332138
CA-2020-126529,DE-13255,2020-01-11,US,East,United States,Home Office,Medium,94.452,8,0.26666666666666666,0.4,3,2,1,1,5,1,0.0,7,5.0,0.42857142857142855,2225,318.0,0.14292114695340502
CA-2020-141887,MP-17470,2020-01-11,US,East,United States,Home Office,Medium,54.992000000000004,14,0.2,0.2,1,1,0,1,5,1,39.0,6,0.0,0.07692307692307693,2226,319.0,0.14330497089117777
CA-2020-133368,AG-10675,2020-01-14,US,South,United States,Consumer,Medium,405.34400000000005,10,0.2,0.2,2,2,1,1,1,0,252.0,1,0.0,0.125,2227,319.0,0.1432408236347359
CA-2020-133368,AG-10675,2020-01-14,US,South,United States,Consumer,Medium,405.34400000000005,10,0.2,0.2,2,2,1,1,1,0,0.0,2,1.0,0.2222222222222222,2228,320.0,0.1436241610738255
CA-2020-137848,WB-21850,2020-01-15,US,East,United States,Consumer,Medium,126.176,16,0.06666666666666667,0.2,3,1,0,1,2,0,46.0,5,0.0,0.08333333333333333,2229,321.0,0.1440071556350626
CA-2020-140746,RC-19825,2020-01-15,US,East,United States,Consumer,Medium,181.79699999999997,1,0.3,0.3,1,1,0,1,2,0,406.0,1,0.0,0.125,2230,321.0,0.1439427805096111
CA-2020-152072,Dp-13240,2020-01-15,US,East,United States,Home Office,Medium,311.96999999999997,7,0.0,0.0,3,2,0,1,2,0,33.0,4,0.0,0.09090909090909091,2231,321.0,0.14387846291331546
CA-2020-166912,BE-11335,2020-01-15,US,East,United States,Home Office,Medium,81.98,2,0.0,0.0,1,1,0,1,2,0,9999.0,0,0.0,0.14285714285714285,2232,321.0,0.14381420276909335
CA-2020-121755,EH-13945,2020-01-16,US,West,United States,Consumer,Medium,102.218,5,0.1,0.2,2,2,0,1,3,0,33.0,3,1.0,0.2,2233,321.0,0.14375
CA-2020-106558,DL-13495,2020-01-17,US,South,United States,Corporate,Medium,316.0,4,0.0,0.0,1,1,0,1,4,0,23.0,1,0.0,0.125,2234,321.0,0.14368585452922802
CA-2020-116736,CC-12430,2020-01-17,US,East,United States,Home Office,Medium,724.55,7,0.0,0.0,3,2,1,1,4,0,133.0,1,0.0,0.125,2235,321.0,0.14362176628010706
CA-2020-116736,CC-12430,2020-01-17,US,East,United States,Home Office,Medium,724.55,7,0.0,0.0,3,2,1,1,4,0,0.0,2,1.0,0.2222222222222222,2236,322.0,0.1440035666518056
CA-2020-116736,CC-12430,2020-01-17,US,East,United States,Home Office,Medium,724.55,7,0.0,0.0,3,2,1,1,4,0,0.0,3,2.0,0.3,2237,323.0,0.1443850267379679
US-2020-167339,TD-20995,2020-01-21,US,West,United States,Consumer,Medium,1167.056,9,0.2,0.2,2,1,0,1,1,0,151.0,2,0.0,0.1111111111111111,2238,324.0,0.1447661469933185
CA-2020-111010,PG-18895,2020-01-22,US,East,United States,Consumer,Medium,7.5600000000000005,6,0.0,0.0,1,1,0,1,2,0,36.0,3,0.0,0.1,2239,324.0,0.14470169189670526
CA-2020-125850,FP-14320,2020-01-22,US,West,United States,Consumer,Medium,65.05000000000001,8,0.0,0.0,2,1,0,1,2,0,284.0,3,0.0,0.1,2240,324.0,0.14463729417000445
CA-2020-138079,AJ-10795,2020-01-22,US,West,United States,Corporate,Medium,109.9,5,0.0,0.0,1,1,0,1,2,0,17.0,9,7.0,0.5,2241,324.0,0.1445729537366548
CA-2020-146318,MC-17275,2020-01-22,US,West,United States,Consumer,Medium,12.96,2,0.0,0.0,1,1,0,1,2,0,61.0,5,0.0,0.08333333333333333,2242,324.0,0.14450867052023122
CA-2020-148208,BT-11530,2020-01-22,US,East,United States,Home Office,Medium,165.55200000000002,7,0.30000000000000004,0.4,2,1,0,1,2,0,396.0,2,0.0,0.1111111111111111,2243,324.0,0.14444444444444443
US-2020-135923,CM-11935,2020-01-22,US,South,United States,Consumer,Medium,530.2719999999999,16,0.20000000000000004,0.2,3,2,0,1,2,0,120.0,1,0.0,0.125,2244,324.0,0.14438027543314083
US-2020-155180,TB-21280,2020-01-22,US,East,United States,Consumer,Medium,26.336000000000002,4,0.2,0.2,1,1,0,1,2,0,417.0,3,0.0,0.1,2245,324.0,0.14431616341030196
CA-2020-113656,CB-12415,2020-01-23,US,West,United States,Consumer,Medium,59.99,7,0.0,0.0,1,1,0,1,3,0,79.0,1,0.0,0.125,2246,324.0,0.1442521083000444
US-2020-165505,CB-12535,2020-01-23,US,East,United States,Corporate,Medium,1672.31,21,0.0,0.0,3,2,0,1,3,0,198.0,4,0.0,0.09090909090909091,2247,324.0,0.14418811002661935
CA-2020-109407,HG-14965,2020-01-24,US,South,United States,Corporate,Medium,31.36,4,0.0,0.0,1,1,0,1,4,0,47.0,6,0.0,0.07692307692307693,2248,324.0,0.14412416851441243
CA-2020-153346,TB-21355,2020-01-25,US,East,United States,Corporate,Medium,27.21,8,0.0,0.0,2,1,0,1,5,1,9999.0,0,0.0,0.14285714285714285,2249,324.0,0.14406028368794327
CA-2020-168046,JD-15895,2020-01-25,US,East,United States,Corporate,Medium,831.502,16,0.15000000000000002,0.4,4,2,0,1,5,1,44.0,4,0.0,0.09090909090909091,2250,324.0,0.14399645547186532
CA-2020-146437,HG-14965,2020-01-28,US,West,United States,Corporate,Medium,39.68,2,0.0,0.0,1,1,0,1,1,0,4.0,7,0.0,0.07142857142857142,2251,324.0,0.14393268379096547
CA-2020-114944,HE-14800,2020-01-30,US,Central,United States,Corporate,Medium,156.512,4,0.2,0.2,1,1,0,1,3,0,9999.0,0,0.0,0.14285714285714285,2252,324.0,0.1438689685701638
CA-2020-153661,SC-20725,2020-01-30,US,West,United States,Consumer,Medium,381.804,20,0.06666666666666667,0.2,3,1,0,1,3,0,126.0,6,1.0,0.15384615384615385,2253,324.0,0.14380530973451328
CA-2020-164483,JF-15490,2020-01-30,US,West,United States,Consumer,Medium,17.456,2,0.2,0.2,1,1,0,1,3,0,54.0,5,0.0,0.08333333333333333,2254,324.0,0.14374170720919946
CA-2020-168032,DF-13135,2020-01-30,US,Central,United States,Consumer,Medium,2067.796,10,0.5,0.8,3,3,0,1,3,0,35.0,2,0.0,0.1111111111111111,2255,324.0,0.14367816091954022
US-2020-166660,TB-21250,2020-01-30,US,West,United States,Consumer,Medium,483.74800000000005,5,0.1,0.2,2,1,0,1,3,0,56.0,3,0.0,0.1,2256,324.0,0.14361467079098542
CA-2020-129238,SC-20050,2020-01-31,US,West,United States,Home Office,Medium,166.29200000000003,6,0.1,0.2,2,2,0,1,4,0,245.0,2,0.0,0.1111111111111111,2257,324.0,0.1435512367491166
CA-2020-147970,AB-10150,2020-01-31,US,Central,United States,Consumer,Medium,15.552000000000003,3,0.2,0.2,1,1,0,1,4,0,143.0,2,0.0,0.1111111111111111,2258,324.0,0.1434878587196468
CA-2020-158043,JK-15325,2020-01-31,US,East,United States,Corporate,Medium,23.36,2,0.0,0.0,1,1,0,1,4,0,436.0,1,0.0,0.125,2259,324.0,0.1434245366284201
CA-2020-159891,BF-11170,2020-01-31,US,South,United States,Home Office,Medium,1396.35,9,0.0,0.0,2,1,0,1,4,0,250.0,5,0.0,0.08333333333333333,2260,324.0,0.14336127040141156
CA-2020-154067,SM-20950,2020-02-01,US,West,United States,Corporate,Medium,105.52,4,0.0,0.0,1,1,0,2,5,1,44.0,6,0.0,0.07692307692307693,2261,324.0,0.14329805996472664
US-2020-140809,CK-12760,2020-02-01,US,South,United States,Corporate,Medium,56.449999999999996,5,0.0,0.0,1,1,0,2,5,1,148.0,4,0.0,0.09090909090909091,2262,324.0,0.14323490524460114
CA-2020-144645,NS-18640,2020-02-02,US,Central,United States,Corporate,Medium,73.784,2,0.6,0.6,1,1,0,2,6,1,86.0,6,1.0,0.15384615384615385,2263,324.0,0.14317180616740088
CA-2020-147431,AB-10105,2020-02-02,US,East,United States,Consumer,Medium,117.96,2,0.0,0.0,1,1,0,2,6,1,87.0,2,0.0,0.1111111111111111,2264,324.0,0.1431087626596213
CA-2020-158841,SE-20110,2020-02-02,US,South,United States,Consumer,Medium,8805.04,20,0.0,0.0,3,3,0,2,6,1,297.0,4,0.0,0.09090909090909091,2265,324.0,0.1430457746478873
CA-2020-118514,LC-17050,2020-02-03,US,South,United States,Consumer,Medium,866.4,4,0.0,0.0,1,1,0,2,0,0,458.0,2,0.0,0.1111111111111111,2266,324.0,0.14298284205895292
CA-2020-101189,JB-15400,2020-02-04,US,West,United States,Corporate,Medium,93.02,2,0.0,0.0,1,1,0,2,1,0,154.0,4,0.0,0.09090909090909091,2267,324.0,0.14291996481970096
CA-2020-117912,TB-21520,2020-02-04,US,West,United States,Consumer,Medium,14.368000000000002,2,0.2,0.2,1,1,0,2,1,0,108.0,6,0.0,0.07692307692307693,2268,324.0,0.14285714285714285
CA-2020-150077,MS-17365,2020-02-04,US,East,United States,Consumer,Medium,90.48,2,0.0,0.0,1,1,1,2,1,0,42.0,6,0.0,0.07692307692307693,2269,324.0,0.14279437609841827
CA-2020-100993,AZ-10750,2020-02-05,US,West,United States,Consumer,Medium,918.966,14,0.1,0.2,4,3,0,2,2,0,269.0,4,0.0,0.09090909090909091,2270,325.0,0.14317083882301274
US-2020-108504,PP-18955,2020-02-05,US,South,United States,Home Office,Medium,2075.51,41,0.0,0.0,11,3,0,2,2,0,53.0,6,0.0,0.07692307692307693,2271,325.0,0.1431079894644425
CA-2020-125017,KB-16240,2020-02-06,US,South,United States,Corporate,Medium,132.22400000000002,4,0.2,0.2,1,1,0,2,3,0,91.0,3,0.0,0.1,2272,325.0,0.14304519526107942
CA-2020-106894,CA-12265,2020-02-07,US,South,United States,Consumer,Medium,107.83,7,0.0,0.0,2,2,0,2,4,0,146.0,3,0.0,0.1,2273,325.0,0.14298245614035088
CA-2020-135461,EB-13975,2020-02-07,US,West,United States,Corporate,Medium,623.96,5,0.2,0.2,1,1,0,2,4,0,34.0,1,0.0,0.125,2274,325.0,0.1429197720298115
CA-2020-161662,BE-11410,2020-02-07,US,East,United States,Consumer,Medium,30.352,2,0.2,0.2,1,1,0,2,4,0,9999.0,0,0.0,0.14285714285714285,2275,325.0,0.14285714285714285
CA-2020-109344,CH-12070,2020-02-08,US,South,United States,Home Office,Medium,1127.976,3,0.2,0.2,1,1,0,2,5,1,101.0,2,0.0,0.1111111111111111,2276,325.0,0.1427945685501533
CA-2020-163048,MH-17440,2020-02-08,US,Central,United States,Corporate,Medium,241.49999999999997,4,0.3,0.3,1,1,0,2,5,1,693.0,6,5.0,0.46153846153846156,2277,325.0,0.14273204903677758
US-2020-112396,JR-16210,2020-02-09,US,West,United States,Corporate,Medium,121.83,5,0.0,0.0,2,1,0,2,6,1,144.0,1,0.0,0.125,2278,325.0,0.14266958424507659
CA-2020-164938,PB-19210,2020-02-11,US,Central,United States,Corporate,Medium,69.93,7,0.0,0.0,1,1,0,2,1,0,445.0,1,0.0,0.125,2279,325.0,0.1426071741032371
CA-2020-110492,JS-15880,2020-02-12,US,South,United States,Consumer,Medium,1366.0400000000002,10,0.0,0.0,2,1,0,2,2,0,53.0,3,2.0,0.3,2280,325.0,0.1425448185395715
CA-2020-112942,RD-19810,2020-02-13,US,West,United States,Home Office,Medium,146.82,3,0.0,0.0,1,1,0,2,3,0,474.0,1,0.0,0.125,2281,325.0,0.14248251748251747
CA-2020-134334,DK-13090,2020-02-14,US,East,United States,Consumer,Medium,573.741,13,0.075,0.3,4,2,0,2,4,0,128.0,2,0.0,0.1111111111111111,2282,325.0,0.14242027086063783
CA-2020-146150,FM-14380,2020-02-14,US,South,United States,Consumer,Medium,264.18,7,0.0,0.0,1,1,0,2,4,0,93.0,3,0.0,0.1,2283,325.0,0.1423580786026201
US-2020-162859,PG-18820,2020-02-15,US,East,United States,Consumer,Medium,407.072,7,0.1,0.2,2,1,0,2,5,1,203.0,4,0.0,0.09090909090909091,2284,325.0,0.1422959406372763
CA-2020-105781,JF-15565,2020-02-16,US,East,United States,Consumer,Medium,416.616,6,0.05,0.1,2,2,0,2,6,1,236.0,3,0.0,0.1,2285,325.0,0.14223385689354276
CA-2020-108105,GW-14605,2020-02-16,US,South,United States,Consumer,Medium,323.88,5,0.0,0.0,2,2,0,2,6,1,150.0,3,0.0,0.1,2286,325.0,0.14217182730047973
CA-2020-134138,JD-15790,2020-02-16,US,East,United States,Consumer,Medium,227.96,2,0.0,0.0,1,1,0,2,6,1,129.0,2,0.0,0.1111111111111111,2287,325.0,0.14210985178727115
CA-2020-168956,EA-14035,2020-02-16,US,Central,United States,Corporate,Medium,167.182,14,0.375,0.8,4,2,0,2,6,1,82.0,9,5.0,0.375,2288,325.0,0.1420479302832244
CA-2020-101630,CK-12760,2020-02-19,US,East,United States,Corporate,Medium,34.38,6,0.0,0.0,2,1,0,2,2,0,18.0,5,0.0,0.08333333333333333,2289,325.0,0.14198606271777003
CA-2020-106460,GT-14710,2020-02-19,US,West,United States,Consumer,Medium,70.88,2,0.0,0.0,1,1,0,2,2,0,298.0,3,0.0,0.1,2290,325.0,0.14192424902046147
CA-2020-123274,GT-14710,2020-02-19,US,East,United States,Consumer,Medium,287.4,5,0.0,0.0,2,2,0,2,2,0,0.0,4,0.0,0.09090909090909091,2291,325.0,0.14186248912097477
CA-2020-166485,AH-10210,2020-02-20,US,South,United States,Consumer,Medium,16.496000000000002,2,0.2,0.2,1,1,0,2,3,0,75.0,3,0.0,0.1,2292,325.0,0.1418007829491083
CA-2020-121447,EA-14035,2020-02-21,US,East,United States,Corporate,Medium,135.79999999999998,7,0.0,0.0,1,1,0,2,4,0,5.0,10,5.0,0.35294117647058826,2293,325.0,0.14173913043478262
CA-2020-139010,MC-17635,2020-02-21,US,West,United States,Corporate,Medium,511.948,17,0.1,0.2,4,2,0,2,4,0,445.0,2,1.0,0.2222222222222222,2294,325.0,0.14167753150804
US-2020-139262,LC-16960,2020-02-21,US,South,United States,Home Office,Medium,471.07800000000003,8,0.5333333333333333,0.7,3,1,0,2,4,0,82.0,2,0.0,0.1111111111111111,2295,325.0,0.1416159860990443
US-2020-168410,BV-11245,2020-02-21,US,East,United States,Corporate,Medium,405.3,10,0.0,0.0,3,3,0,2,4,0,248.0,2,0.0,0.1111111111111111,2296,325.0,0.14155449413808077
CA-2020-119025,PV-18985,2020-02-22,US,Central,United States,Home Office,Medium,490.32,9,0.0,0.0,1,1,0,2,5,1,590.0,1,0.0,0.125,2297,325.0,0.14149305555555555
US-2020-143280,TZ-21580,2020-02-22,US,West,United States,Consumer,Medium,492.85,9,0.06666666666666667,0.2,3,2,0,2,5,1,80.0,2,0.0,0.1111111111111111,2298,325.0,0.14143167028199566
CA-2020-144400,AC-10420,2020-02-23,US,East,United States,Corporate,Medium,57.576,3,0.2,0.2,1,1,0,2,6,1,591.0,1,0.0,0.125,2299,325.0,0.14137033824804857
CA-2020-165015,BD-11725,2020-02-25,US,East,United States,Consumer,Medium,46.72,5,0.2,0.2,1,1,0,2,1,0,237.0,1,0.0,0.125,2300,325.0,0.14130905938448202
CA-2020-101448,EB-13930,2020-02-27,US,Central,United States,Consumer,Medium,56.82000000000001,3,0.0,0.0,1,1,0,2,3,0,755.0,1,0.0,0.125,2301,325.0,0.1412478336221837
CA-2020-102456,DL-12865,2020-02-27,US,East,United States,Consumer,Medium,170.88,3,0.0,0.0,1,1,0,2,3,0,99.0,3,0.0,0.1,2302,325.0,0.14118666089216111
CA-2020-128706,DW-13540,2020-02-27,US,Central,United States,Consumer,Medium,16.192,2,0.6,0.6,1,1,0,2,3,0,9999.0,0,0.0,0.14285714285714285,2303,325.0,0.14112554112554113
CA-2020-101623,RR-19525,2020-02-28,US,East,United States,Corporate,Medium,36.480000000000004,6,0.0,0.0,1,1,0,2,4,0,75.0,6,4.0,0.38461538461538464,2304,325.0,0.14106447425356988
CA-2020-111283,LC-16870,2020-02-28,US,East,United States,Consumer,Medium,111.104,7,0.2,0.2,1,1,0,2,4,0,107.0,5,4.0,0.4166666666666667,2305,325.0,0.14100346020761245
US-2020-143819,KD-16270,2020-03-01,US,East,United States,Consumer,Medium,6125.822,18,0.1,0.4,4,3,0,3,6,1,80.0,2,0.0,0.1111111111111111,2306,325.0,0.14094249891915261
US-2020-151862,ON-18715,2020-03-01,US,West,United States,Corporate,Medium,159.984,2,0.2,0.2,1,1,0,3,6,1,159.0,6,0.0,0.07692307692307693,2307,325.0,0.14088159031979255
CA-2020-103982,AA-10315,2020-03-03,US,Central,United States,Consumer,Medium,4406.072,14,0.2,0.2,4,2,0,3,1,0,151.0,3,0.0,0.1,2308,325.0,0.1408207343412527
CA-2020-112123,BH-11710,2020-03-03,US,East,United States,Consumer,Medium,1094.25,15,0.0,0.0,3,2,1,3,1,0,102.0,4,0.0,0.09090909090909091,2309,325.0,0.14075993091537134
CA-2020-112123,BH-11710,2020-03-03,US,East,United States,Consumer,Medium,1094.25,15,0.0,0.0,3,2,1,3,1,0,0.0,5,1.0,0.16666666666666666,2310,326.0,0.14113077255071213
CA-2020-112123,BH-11710,2020-03-03,US,East,United States,Consumer,Medium,1094.25,15,0.0,0.0,3,2,1,3,1,0,0.0,6,2.0,0.23076923076923078,2311,327.0,0.14150129421915444
CA-2020-116799,JG-15310,2020-03-03,US,Central,United States,Corporate,Medium,606.2139999999998,12,0.25,0.3,2,2,0,3,1,0,9999.0,0,0.0,0.14285714285714285,2312,328.0,0.141871496334627
CA-2020-120005,TS-21160,2020-03-03,US,West,United States,Corporate,Medium,60.629999999999995,6,0.0,0.0,2,2,0,3,1,0,318.0,5,3.0,0.3333333333333333,2313,328.0,0.1418103448275862
CA-2020-145730,CC-12220,2020-03-03,US,Central,United States,Consumer,Medium,962.406,9,0.3,0.4,3,3,0,3,1,0,301.0,4,0.0,0.09090909090909091,2314,328.0,0.14174924601464886
CA-2020-167759,CC-12670,2020-03-03,US,Central,United States,Consumer,Medium,134.85000000000002,3,0.0,0.0,1,1,1,3,1,0,173.0,2,0.0,0.1111111111111111,2315,328.0,0.1416881998277347
CA-2020-122518,RF-19345,2020-03-04,US,South,United States,Corporate,Medium,10.08,4,0.2,0.2,1,1,0,3,2,0,255.0,5,0.0,0.08333333333333333,2316,329.0,0.1420576840292725
CA-2020-154053,MG-17890,2020-03-04,US,West,United States,Home Office,Medium,16.99,1,0.0,0.0,1,1,0,3,2,0,232.0,2,0.0,0.1111111111111111,2317,329.0,0.14199655765920827
CA-2020-158358,EM-13810,2020-03-04,US,East,United States,Corporate,Medium,159.98,2,0.0,0.0,1,1,0,3,2,0,193.0,3,0.0,0.1,2318,329.0,0.14193548387096774
CA-2020-164637,RD-19480,2020-03-04,US,Central,United States,Consumer,Medium,128.39999999999998,3,0.0,0.0,1,1,0,3,2,0,81.0,3,0.0,0.1,2319,329.0,0.1418744625967326
CA-2020-165218,RW-19630,2020-03-05,US,Central,United States,Corporate,Medium,162.344,4,0.2,0.2,2,1,0,3,3,0,430.0,2,0.0,0.1111111111111111,2320,329.0,0.14181349376880104
CA-2020-110898,LC-16870,2020-03-06,US,Central,United States,Consumer,Medium,309.082,14,0.675,0.8,4,2,0,3,4,0,7.0,6,4.0,0.38461538461538464,2321,329.0,0.14175257731958762
US-2020-155173,JB-16045,2020-03-06,US,East,United States,Home Office,Medium,502.221,6,0.5,0.7,3,2,0,3,4,0,308.0,1,0.0,0.125,2322,329.0,0.14169171318162302
US-2020-137547,EB-13705,2020-03-07,US,Central,United States,Corporate,Medium,21.072,3,0.2,0.2,1,1,0,3,5,1,157.0,4,0.0,0.09090909090909091,2323,329.0,0.14163090128755365
CA-2020-106306,PG-18820,2020-03-08,US,West,United States,Consumer,Medium,9.702000000000002,3,0.7,0.7,1,1,0,3,6,1,22.0,5,0.0,0.08333333333333333,2324,329.0,0.14157014157014158
CA-2020-111976,BD-11620,2020-03-08,US,East,United States,Consumer,Medium,114.56,6,0.30000000000000004,0.4,2,2,0,3,6,1,617.0,1,0.0,0.125,2325,329.0,0.14150943396226415
CA-2020-130400,SJ-20125,2020-03-08,US,Central,United States,Home Office,Medium,183.168,17,0.4000000000000001,0.8,3,2,0,3,6,1,168.0,1,0.0,0.125,2326,329.0,0.14144877839691383
CA-2020-137337,GB-14575,2020-03-08,US,East,United States,Consumer,Medium,196.016,12,0.06666666666666667,0.2,3,2,0,3,6,1,169.0,2,0.0,0.1111111111111111,2327,329.0,0.14138817480719795
CA-2020-169103,ZC-21910,2020-03-08,US,South,United States,Consumer,Medium,1466.32,8,0.2,0.2,2,2,0,3,6,1,162.0,6,0.0,0.07692307692307693,2328,329.0,0.14132762312633834
US-2020-140172,SP-20650,2020-03-08,US,Central,United States,Corporate,Medium,221.044,8,0.05,0.1,2,1,1,3,6,1,282.0,4,0.0,0.09090909090909091,2329,329.0,0.14126712328767124
US-2020-140172,SP-20650,2020-03-08,US,Central,United States,Corporate,Medium,221.044,8,0.05,0.1,2,1,1,3,6,1,0.0,5,1.0,0.16666666666666666,2330,330.0,0.14163457424047926
CA-2020-120803,RB-19465,2020-03-09,US,East,United States,Home Office,Medium,199.75,5,0.0,0.0,1,1,0,3,0,0,549.0,2,0.0,0.1111111111111111,2331,331.0,0.1420017108639863
CA-2020-153269,PS-18760,2020-03-09,US,East,United States,Consumer,Medium,435.85,13,0.0,0.0,4,2,0,3,0,0,288.0,2,0.0,0.1111111111111111,2332,331.0,0.14194100042753313
CA-2020-108959,MH-17785,2020-03-10,US,West,United States,Corporate,Medium,104.69600000000001,1,0.2,0.2,1,1,0,3,1,0,81.0,5,0.0,0.08333333333333333,2333,331.0,0.14188034188034188
CA-2020-159016,KF-16285,2020-03-10,US,West,United States,Home Office,Medium,4173.812,13,0.1,0.2,2,2,0,3,1,0,531.0,1,0.0,0.125,2334,331.0,0.14181973515591628
CA-2020-169663,RH-19510,2020-03-10,US,West,United States,Home Office,Medium,3384.4500000000003,6,0.1,0.2,2,1,0,3,1,0,165.0,3,0.0,0.1,2335,331.0,0.14175918018787362
US-2020-112977,CJ-12010,2020-03-10,US,East,United States,Consumer,Medium,176.784,1,0.2,0.2,1,1,0,3,1,0,9999.0,0,0.0,0.14285714285714285,2336,331.0,0.1416986769099445
US-2020-122182,BD-11770,2020-03-10,US,East,United States,Consumer,Medium,39.992000000000004,1,0.2,0.2,1,1,0,3,1,0,9999.0,0,0.0,0.14285714285714285,2337,331.0,0.1416382252559727
CA-2020-118255,ON-18715,2020-03-11,US,Central,United States,Corporate,Medium,63.44,4,0.0,0.0,2,2,0,3,2,0,10.0,7,0.0,0.07142857142857142,2338,331.0,0.1415778251599147
CA-2020-122511,BT-11485,2020-03-11,US,East,United States,Home Office,Medium,30.336000000000002,4,0.2,0.2,1,1,0,3,2,0,75.0,1,0.0,0.125,2339,331.0,0.14151747655583974
CA-2020-146171,JP-16135,2020-03-11,US,South,United States,Home Office,Medium,558.24,8,0.0,0.0,2,2,0,3,2,0,251.0,2,0.0,0.1111111111111111,2340,331.0,0.14145717937792926
US-2020-128902,MB-18085,2020-03-11,US,East,United States,Consumer,Medium,244.00599999999997,2,0.3,0.3,1,1,0,3,2,0,796.0,1,0.0,0.125,2341,331.0,0.141396933560477
CA-2020-115504,MC-18130,2020-03-12,US,South,United States,Corporate,Medium,12.96,2,0.0,0.0,1,1,0,3,3,0,126.0,3,0.0,0.1,2342,331.0,0.14133673903788846
CA-2020-119683,CK-12595,2020-03-12,US,East,United States,Consumer,Medium,29.339999999999996,3,0.0,0.0,1,1,0,3,3,0,212.0,3,0.0,0.1,2343,331.0,0.14127659574468085
CA-2020-127138,DK-13225,2020-03-12,US,West,United States,Corporate,Medium,1632.362,17,0.05,0.2,4,2,0,3,3,0,100.0,3,0.0,0.1,2344,331.0,0.14121650361548277
US-2020-119270,SW-20245,2020-03-12,US,West,United States,Consumer,Medium,19.98,2,0.0,0.0,1,1,0,3,3,0,98.0,3,0.0,0.1,2345,331.0,0.141156462585034
CA-2020-119123,DB-13360,2020-03-13,US,West,United States,Home Office,Medium,51.18400000000001,7,0.2,0.2,1,1,0,3,4,0,261.0,2,0.0,0.1111111111111111,2346,331.0,0.1410964725881853
CA-2020-136301,EH-13765,2020-03-13,US,West,United States,Corporate,Medium,4940.87,5,0.0,0.0,2,2,0,3,4,0,185.0,3,0.0,0.1,2347,331.0,0.14103653355989804
CA-2020-158834,TW-21025,2020-03-13,US,West,United States,Home Office,Medium,361.104,7,0.2,0.2,2,2,0,3,4,0,103.0,3,0.0,0.1,2348,331.0,0.14097664543524416
CA-2020-159373,LT-17110,2020-03-13,US,Central,United States,Consumer,Medium,628.937,12,0.43333333333333335,0.8,3,2,0,3,4,0,92.0,4,0.0,0.09090909090909091,2349,331.0,0.14091680814940577
US-2020-108637,AB-10060,2020-03-13,US,South,United States,Home Office,Medium,334.2,8,0.0,0.0,3,2,0,3,4,0,177.0,1,0.0,0.125,2350,331.0,0.14085702163767502
US-2020-114013,SC-20770,2020-03-13,US,East,United States,Corporate,Medium,2550.587,31,0.4,0.7,9,3,0,3,4,0,267.0,1,0.0,0.125,2351,331.0,0.14079728583545378
CA-2020-102134,SP-20545,2020-03-14,US,Central,United States,Corporate,Medium,16.74,2,0.0,0.0,1,1,0,3,5,1,518.0,1,0.0,0.125,2352,331.0,0.1407376006782535
CA-2020-124793,MM-18280,2020-03-14,US,West,United States,Corporate,Medium,196.784,2,0.2,0.2,1,1,0,3,5,1,91.0,6,3.0,0.3076923076923077,2353,331.0,0.14067796610169492
CA-2020-133802,SP-20650,2020-03-14,US,West,United States,Corporate,Medium,41.904,6,0.2,0.2,1,1,1,3,5,1,6.0,6,2.0,0.23076923076923078,2354,331.0,0.14061838204150784
CA-2020-162082,JS-15880,2020-03-14,US,Central,United States,Consumer,Medium,392.06,13,0.24,0.32,3,2,0,3,5,1,31.0,4,2.0,0.2727272727272727,2355,332.0,0.1409822184589331
US-2020-154361,HZ-14950,2020-03-14,US,East,United States,Consumer,Medium,21.880000000000003,5,0.2,0.2,1,1,0,3,5,1,9999.0,0,0.0,0.14285714285714285,2356,332.0,0.14092255607278883
CA-2020-138968,FC-14335,2020-03-15,US,West,United States,Corporate,Medium,1356.5760000000002,6,0.2,0.2,2,2,0,3,6,1,305.0,4,0.0,0.09090909090909091,2357,332.0,0.14086294416243655
CA-2020-140571,SJ-20125,2020-03-15,US,South,United States,Home Office,Medium,365.44,16,0.0,0.0,2,1,0,3,6,1,7.0,2,0.0,0.1111111111111111,2358,332.0,0.1408033826638478
CA-2020-149272,MY-18295,2020-03-15,US,Central,United States,Corporate,Medium,550.8159999999999,12,0.55,0.8,2,2,0,3,6,1,477.0,2,0.0,0.1111111111111111,2359,332.0,0.14074387151310228
US-2020-113509,PL-18925,2020-03-15,US,East,United States,Home Office,Medium,83.97600000000001,3,0.2,0.2,1,1,0,3,6,1,500.0,1,0.0,0.125,2360,332.0,0.14068441064638784
CA-2020-115476,VM-21835,2020-03-17,US,East,United States,Consumer,Medium,162.51999999999998,4,0.0,0.0,2,2,0,3,1,0,726.0,1,0.0,0.125,2361,332.0,0.140625
CA-2020-128111,CS-12355,2020-03-17,US,East,United States,Consumer,Medium,39.68,2,0.0,0.0,1,1,0,3,1,0,195.0,4,0.0,0.09090909090909091,2362,332.0,0.14056563951034193
CA-2020-131737,GZ-14470,2020-03-17,US,East,United States,Consumer,Medium,2073.35,13,0.0,0.0,3,2,0,3,1,0,88.0,4,0.0,0.09090909090909091,2363,332.0,0.14050632911392405
CA-2020-134544,AC-10660,2020-03-17,US,West,United States,Consumer,Medium,84.784,2,0.2,0.2,1,1,0,3,1,0,519.0,1,0.0,0.125,2364,332.0,0.14044706874736398
CA-2020-113292,DB-13060,2020-03-18,US,South,United States,Consumer,Medium,871.8000000000001,3,0.2,0.2,1,1,0,3,2,0,636.0,2,0.0,0.1111111111111111,2365,332.0,0.14038785834738618
US-2020-120929,RO-19780,2020-03-18,US,South,United States,Consumer,Medium,189.882,3,0.4,0.4,1,1,0,3,2,0,103.0,3,0.0,0.1,2366,332.0,0.14032869785082175
CA-2020-106383,BT-11440,2020-03-19,US,West,United States,Consumer,Medium,72.29400000000001,1,0.7,0.7,1,1,0,3,3,0,482.0,2,0.0,0.1111111111111111,2367,332.0,0.14026958719460825
CA-2020-118178,CC-12610,2020-03-19,US,South,United States,Corporate,Medium,31.086000000000006,3,0.7,0.7,1,1,0,3,3,0,194.0,5,3.0,0.3333333333333333,2368,332.0,0.14021052631578948
CA-2020-136371,SV-20935,2020-03-19,US,East,United States,Consumer,Medium,35.3,5,0.0,0.0,2,1,0,3,3,0,9999.0,0,0.0,0.14285714285714285,2369,332.0,0.14015151515151514
CA-2020-127670,RD-19660,2020-03-20,US,Central,United States,Home Office,Medium,697.16,4,0.0,0.0,1,1,0,3,4,0,148.0,2,1.0,0.2222222222222222,2370,332.0,0.1400925536390408
CA-2020-150889,PB-19105,2020-03-20,US,Central,United States,Consumer,Medium,11.992,1,0.2,0.2,1,1,0,3,4,0,491.0,1,0.0,0.125,2371,332.0,0.1400336417157275
CA-2020-162747,AH-10030,2020-03-20,US,South,United States,Corporate,Medium,86.45,7,0.0,0.0,1,1,0,3,4,0,84.0,5,0.0,0.08333333333333333,2372,332.0,0.13997477931904162
US-2020-156986,ZC-21910,2020-03-20,US,West,United States,Consumer,Medium,132.709,11,0.325,0.7,4,2,1,3,4,0,12.0,7,0.0,0.07142857142857142,2373,332.0,0.13991596638655462
US-2020-156986,ZC-21910,2020-03-20,US,West,United States,Consumer,Medium,132.709,11,0.325,0.7,4,2,1,3,4,0,0.0,8,1.0,0.13333333333333333,2374,333.0,0.14027719445611087
US-2020-156986,ZC-21910,2020-03-20,US,West,United States,Consumer,Medium,132.709,11,0.325,0.7,4,2,1,3,4,0,0.0,9,2.0,0.1875,2375,334.0,0.14063811922753988
US-2020-156986,ZC-21910,2020-03-20,US,West,United States,Consumer,Medium,132.709,11,0.325,0.7,4,2,1,3,4,0,0.0,10,3.0,0.23529411764705882,2376,335.0,0.1409987410826689
CA-2020-163153,DM-12955,2020-03-21,US,Central,United States,Corporate,Medium,100.716,3,0.25,0.3,2,2,0,3,5,1,182.0,5,2.0,0.25,2377,336.0,0.14135906040268456
US-2020-133879,KT-16465,2020-03-21,US,Central,United States,Consumer,Medium,544.9899999999999,10,0.43333333333333335,0.8,3,2,0,3,5,1,88.0,4,0.0,0.09090909090909091,2378,336.0,0.14129979035639412
CA-2020-107615,RB-19645,2020-03-22,US,West,United States,Corporate,Medium,58.58,2,0.0,0.0,1,1,0,3,6,1,95.0,4,0.0,0.09090909090909091,2379,336.0,0.14124056999161777
CA-2020-118899,MC-17275,2020-03-22,US,West,United States,Consumer,Medium,167.888,7,0.2,0.2,1,1,1,3,6,1,60.0,6,0.0,0.07692307692307693,2380,336.0,0.14118139924591538
CA-2020-113803,VG-21805,2020-03-24,US,Central,United States,Corporate,Medium,22.48,1,0.0,0.0,1,1,0,3,1,0,549.0,1,0.0,0.125,2381,337.0,0.14154103852596314
CA-2020-130911,DC-12850,2020-03-24,US,East,United States,Consumer,Medium,320.126,5,0.35,0.5,2,2,0,3,1,0,371.0,3,0.0,0.1,2382,337.0,0.14148179154457932
US-2020-164189,DR-12880,2020-03-24,US,West,United States,Corporate,Medium,403.168,4,0.2,0.2,1,1,0,3,1,0,117.0,2,0.0,0.1111111111111111,2383,337.0,0.1414225941422594
CA-2020-120082,DK-12835,2020-03-25,US,East,United States,Corporate,Medium,59.519999999999996,3,0.0,0.0,1,1,0,3,2,0,146.0,4,0.0,0.09090909090909091,2384,337.0,0.1413634462567963
CA-2020-134887,TB-21280,2020-03-25,US,Central,United States,Consumer,Medium,1287.45,5,0.0,0.0,1,1,0,3,2,0,63.0,4,0.0,0.09090909090909091,2385,337.0,0.14130434782608695
CA-2020-123666,SP-20545,2020-03-26,US,East,United States,Corporate,Medium,459.95,5,0.0,0.0,1,1,0,3,3,0,12.0,2,0.0,0.1111111111111111,2386,337.0,0.14124529878813205
CA-2020-161361,MV-17485,2020-03-26,US,West,United States,Consumer,Medium,34.68,6,0.1,0.2,2,1,0,3,3,0,275.0,4,2.0,0.2727272727272727,2387,337.0,0.14118629908103592
US-2020-162677,DB-13210,2020-03-26,US,South,United States,Consumer,Medium,187.616,8,0.2,0.2,2,2,0,3,3,0,370.0,3,3.0,0.4,2388,337.0,0.14112734864300627
CA-2020-119074,DS-13180,2020-03-27,US,South,United States,Corporate,Medium,92.7,7,0.0,0.0,3,2,0,3,4,0,205.0,5,2.0,0.25,2389,337.0,0.14106844741235391
CA-2020-131380,CC-12220,2020-03-28,US,West,United States,Consumer,Medium,93.9,5,0.0,0.0,2,1,0,3,5,1,25.0,5,0.0,0.08333333333333333,2390,337.0,0.1410095953274927
CA-2020-162901,AS-10045,2020-03-28,US,South,United States,Corporate,Medium,31.4,2,0.0,0.0,1,1,0,3,5,1,610.0,1,0.0,0.125,2391,337.0,0.1409507923269391
CA-2020-127236,TB-21595,2020-03-29,US,East,United States,Consumer,Medium,458.35099999999994,9,0.45,0.5,2,2,0,3,6,1,508.0,2,0.0,0.1111111111111111,2392,337.0,0.14089203834931222
CA-2020-152555,ME-17320,2020-03-29,US,Central,United States,Home Office,Medium,1702.3799999999999,17,0.2333333333333333,0.3,3,3,0,3,6,1,284.0,2,0.0,0.1111111111111111,2393,337.0,0.14083333333333334
CA-2020-167556,JM-15250,2020-03-29,US,East,United States,Consumer,Medium,498.608,22,0.1,0.2,4,2,0,3,6,1,9999.0,0,0.0,0.14285714285714285,2394,337.0,0.1407746772178259
CA-2020-128258,CP-12085,2020-03-30,US,East,United States,Corporate,Medium,11.34,1,0.0,0.0,1,1,0,3,0,0,209.0,3,0.0,0.1,2395,337.0,0.14071606994171523
CA-2020-124100,EH-13990,2020-03-31,US,East,United States,Consumer,Medium,327.99600000000004,6,0.1,0.1,1,1,0,3,1,0,188.0,4,0.0,0.09090909090909091,2396,337.0,0.1406575114440283
US-2020-151827,CS-11950,2020-03-31,US,East,United States,Consumer,Medium,312.766,5,0.30000000000000004,0.4,2,1,1,3,1,0,188.0,3,0.0,0.1,2397,337.0,0.1405990016638935
US-2020-151827,CS-11950,2020-03-31,US,East,United States,Consumer,Medium,312.766,5,0.30000000000000004,0.4,2,1,1,3,1,0,0.0,4,1.0,0.18181818181818182,2398,338.0,0.14095634095634096
CA-2020-103947,BB-10990,2020-04-01,US,West,United States,Corporate,Medium,61.70400000000001,7,0.2,0.2,2,1,0,4,2,0,151.0,2,0.0,0.1111111111111111,2399,339.0,0.14131338320864506
CA-2020-111213,FP-14320,2020-04-01,US,East,United States,Consumer,Medium,1384.924,15,0.10000000000000002,0.2,3,2,0,4,2,0,70.0,4,0.0,0.09090909090909091,2400,339.0,0.14125467386788534
CA-2020-127985,DB-12910,2020-04-01,US,South,United States,Home Office,Medium,7.04,4,0.0,0.0,1,1,0,4,2,0,525.0,1,0.0,0.125,2401,339.0,0.14119601328903655
CA-2020-149902,DW-13540,2020-04-01,US,East,United States,Consumer,Medium,88.04,4,0.0,0.0,1,1,0,4,2,0,34.0,1,0.0,0.125,2402,339.0,0.141137401411374
CA-2020-161473,TB-21175,2020-04-01,US,East,United States,Corporate,Medium,46.002,8,0.06666666666666667,0.2,3,1,0,4,2,0,480.0,1,0.0,0.125,2403,339.0,0.14107883817427386
CA-2020-166674,RB-19360,2020-04-01,US,East,United States,Consumer,Medium,560.78,22,0.0,0.0,6,2,0,4,2,0,9999.0,0,0.0,0.14285714285714285,2404,339.0,0.14102032351721278
US-2020-160206,MY-18295,2020-04-01,US,Central,United States,Corporate,Medium,12.99,1,0.0,0.0,1,1,0,4,2,0,17.0,3,0.0,0.1,2405,339.0,0.14096185737976782
CA-2020-123540,DJ-13420,2020-04-02,US,Central,United States,Corporate,Medium,1454.9,5,0.0,0.0,1,1,0,4,3,0,175.0,3,1.0,0.2,2406,339.0,0.14090343970161626
CA-2020-120796,CS-11950,2020-04-03,US,East,United States,Consumer,Medium,99.846,9,0.7,0.7,1,1,0,4,4,0,3.0,5,2.0,0.25,2407,339.0,0.14084507042253522
CA-2020-162222,SR-20740,2020-04-03,US,Central,United States,Home Office,Medium,10.272000000000002,3,0.2,0.2,1,1,0,4,4,0,276.0,5,1.0,0.16666666666666666,2408,339.0,0.14078674948240166
CA-2020-167682,ZD-21925,2020-04-03,US,Central,United States,Consumer,Medium,331.08,8,0.0,0.0,2,2,0,4,4,0,585.0,3,3.0,0.4,2409,339.0,0.14072847682119205
CA-2020-123050,BC-11125,2020-04-04,US,East,United States,Home Office,Medium,203.63,7,0.0,0.0,3,3,0,4,5,1,289.0,3,0.0,0.1,2410,339.0,0.1406702523789822
CA-2020-159142,ME-17320,2020-04-04,US,South,United States,Home Office,Medium,177.78,6,0.0,0.0,2,2,0,4,5,1,6.0,3,0.0,0.1,2411,339.0,0.14061207609594706
CA-2020-167115,EH-14185,2020-04-04,US,East,United States,Consumer,Medium,588.784,2,0.2,0.2,1,1,0,4,5,1,499.0,4,2.0,0.2727272727272727,2412,339.0,0.14055394791236048
CA-2020-159695,GM-14455,2020-04-05,US,Central,United States,Home Office,Medium,158.36800000000002,7,0.2,0.2,1,1,0,4,6,1,461.0,2,0.0,0.1111111111111111,2413,339.0,0.14049586776859505
CA-2020-161907,JH-16180,2020-04-05,US,East,United States,Consumer,Medium,887.9660000000001,7,0.30000000000000004,0.4,2,2,0,4,6,1,156.0,2,0.0,0.1111111111111111,2414,339.0,0.14043783560512185
US-2020-150140,VM-21685,2020-04-06,US,East,United States,Home Office,Medium,1294.75,5,0.0,0.0,1,1,0,4,0,0,157.0,2,0.0,0.1111111111111111,2415,339.0,0.14037985136251033
CA-2020-110499,YC-21895,2020-04-07,US,West,United States,Corporate,Medium,1199.976,3,0.2,0.2,1,1,0,4,1,0,147.0,2,1.0,0.2222222222222222,2416,339.0,0.140321914981428
CA-2020-114405,AS-10240,2020-04-07,US,East,United States,Consumer,Medium,70.272,6,0.2,0.2,2,1,0,4,1,0,256.0,4,0.0,0.09090909090909091,2417,339.0,0.14026402640264027
CA-2020-120530,Dl-13600,2020-04-07,US,East,United States,Corporate,Medium,658.746,3,0.1,0.1,1,1,0,4,1,0,646.0,2,1.0,0.2222222222222222,2418,339.0,0.1402061855670103
CA-2020-132899,SF-20200,2020-04-07,US,East,United States,Consumer,Medium,3.64,2,0.0,0.0,1,1,0,4,1,0,194.0,3,0.0,0.1,2419,339.0,0.14014839241549876
CA-2020-154998,ES-14080,2020-04-07,US,East,United States,Corporate,Medium,37.94,2,0.0,0.0,1,1,0,4,1,0,405.0,3,2.0,0.3,2420,339.0,0.1400906468891636
CA-2020-104969,EH-14125,2020-04-08,US,East,United States,Home Office,Medium,129.97600000000003,7,0.44999999999999996,0.7,2,1,0,4,2,0,133.0,4,3.0,0.36363636363636365,2421,339.0,0.1400329489291598
CA-2020-124233,CK-12595,2020-04-08,US,West,United States,Consumer,Medium,24.700000000000003,5,0.0,0.0,1,1,0,4,2,0,27.0,4,0.0,0.09090909090909091,2422,339.0,0.1399752984767394
CA-2020-130477,LC-17140,2020-04-08,US,West,United States,Consumer,Medium,97.96,7,0.0,0.0,3,1,1,4,2,0,129.0,2,1.0,0.2222222222222222,2423,339.0,0.13991769547325103
CA-2020-130477,LC-17140,2020-04-08,US,West,United States,Consumer,Medium,97.96,7,0.0,0.0,3,1,1,4,2,0,0.0,3,2.0,0.3,2424,340.0,0.14027149321266968
CA-2020-130477,LC-17140,2020-04-08,US,West,United States,Consumer,Medium,97.96,7,0.0,0.0,3,1,1,4,2,0,0.0,4,3.0,0.36363636363636365,2425,341.0,0.140625
CA-2020-130946,ZC-21910,2020-04-08,US,Central,United States,Consumer,Medium,1616.7039999999997,17,0.43333333333333335,0.8,3,3,0,4,2,0,19.0,11,4.0,0.2777777777777778,2426,342.0,0.14097821619399917
CA-2020-134789,CK-12325,2020-04-08,US,South,United States,Home Office,Medium,215.83999999999997,14,0.0,0.0,3,2,0,4,2,0,676.0,2,0.0,0.1111111111111111,2427,342.0,0.1409202958093673
CA-2020-138520,JL-15505,2020-04-08,US,East,United States,Consumer,Medium,448.40400000000005,17,0.05,0.2,4,2,0,4,2,0,495.0,2,0.0,0.1111111111111111,2428,342.0,0.1408624229979466
CA-2020-150000,PG-18820,2020-04-08,US,South,United States,Consumer,Medium,17.92,4,0.0,0.0,1,1,0,4,2,0,31.0,6,0.0,0.07692307692307693,2429,342.0,0.14080459770114942
US-2020-106600,RM-19375,2020-04-08,US,South,United States,Consumer,Medium,354.90000000000003,5,0.0,0.0,1,1,0,4,2,0,130.0,3,0.0,0.1,2430,342.0,0.1407468198604842
CA-2020-117681,HF-14995,2020-04-09,US,West,United States,Consumer,Medium,556.665,5,0.15,0.15,1,1,0,4,3,0,566.0,2,0.0,0.1111111111111111,2431,342.0,0.14068908941755537
CA-2020-126809,EB-13750,2020-04-09,US,West,United States,Corporate,Medium,35.352000000000004,9,0.2,0.2,1,1,0,4,3,0,309.0,2,0.0,0.1111111111111111,2432,342.0,0.14063140631406315
CA-2020-128517,SW-20350,2020-04-09,US,Central,United States,Home Office,Medium,523.18,4,0.0,0.0,2,2,0,4,3,0,9999.0,0,0.0,0.14285714285714285,2433,342.0,0.14057377049180328
CA-2020-109652,QJ-19255,2020-04-10,US,Central,United States,Corporate,Medium,13.568000000000001,4,0.2,0.2,1,1,0,4,4,0,154.0,4,0.0,0.09090909090909091,2434,342.0,0.14051618189266693
CA-2020-123358,BT-11680,2020-04-10,US,West,United States,Consumer,Medium,891.962,19,0.05,0.2,4,1,0,4,4,0,185.0,3,0.0,0.1,2435,342.0,0.14045864045864045
CA-2020-124814,FM-14215,2020-04-10,US,West,United States,Corporate,Medium,36.16,7,0.1,0.2,2,1,0,4,4,0,667.0,2,0.0,0.1111111111111111,2436,342.0,0.14040114613180515
US-2020-114622,JR-16210,2020-04-10,US,East,United States,Corporate,Medium,8.904000000000002,2,0.7,0.7,1,1,0,4,4,0,61.0,2,0.0,0.1111111111111111,2437,342.0,0.14034369885433715
CA-2020-112102,BD-11605,2020-04-12,US,South,United States,Consumer,Medium,448.81,10,0.0,0.0,3,2,0,4,6,1,108.0,8,5.0,0.4,2438,342.0,0.14028629856850716
CA-2020-124254,TB-21175,2020-04-12,US,South,United States,Corporate,Medium,191.808,7,0.20000000000000004,0.2,3,1,0,4,6,1,11.0,2,0.0,0.1111111111111111,2439,342.0,0.1402289452166803
CA-2020-142398,BP-11290,2020-04-12,US,West,United States,Consumer,Medium,651.4960000000001,8,0.2,0.2,2,2,1,4,6,1,557.0,1,0.0,0.125,2440,342.0,0.14017163874131588
CA-2020-142398,BP-11290,2020-04-12,US,West,United States,Consumer,Medium,651.4960000000001,8,0.2,0.2,2,2,1,4,6,1,0.0,2,1.0,0.2222222222222222,2441,343.0,0.14052287581699346
CA-2020-163594,JF-15295,2020-04-12,US,West,United States,Consumer,Medium,250.41600000000003,9,0.13333333333333333,0.2,3,2,0,4,6,1,760.0,1,0.0,0.125,2442,344.0,0.14087382605144957
CA-2020-152800,SP-20920,2020-04-13,US,West,United States,Consumer,Medium,6.12,3,0.0,0.0,1,1,0,4,0,0,508.0,1,0.0,0.125,2443,344.0,0.14081632653061224
CA-2020-112669,KT-16465,2020-04-14,US,West,United States,Consumer,Medium,976.5120000000001,8,0.2,0.2,2,2,0,4,1,0,24.0,5,0.0,0.08333333333333333,2444,344.0,0.14075887392900857
CA-2020-148796,PB-19150,2020-04-14,US,West,United States,Consumer,Medium,383.8,5,0.2,0.2,1,1,1,4,1,0,303.0,6,0.0,0.07692307692307693,2445,344.0,0.1407014681892333
CA-2020-164735,TB-21400,2020-04-14,US,South,United States,Consumer,Medium,81.19999999999999,5,0.0,0.0,1,1,0,4,1,0,487.0,4,0.0,0.09090909090909091,2446,345.0,0.14105177333876887
CA-2020-166625,JM-15580,2020-04-14,US,East,United States,Consumer,Medium,25.06,2,0.0,0.0,1,1,0,4,1,0,9999.0,0,0.0,0.14285714285714285,2447,345.0,0.14099429502852487
CA-2020-117849,JK-16120,2020-04-15,US,West,United States,Home Office,Medium,143.7,3,0.0,0.0,1,1,0,4,2,0,194.0,3,0.0,0.1,2448,345.0,0.14093686354378818
CA-2020-136406,BD-11320,2020-04-15,US,West,United States,Consumer,Medium,1121.568,2,0.2,0.2,1,1,0,4,2,0,249.0,2,0.0,0.1111111111111111,2449,345.0,0.14087947882736157
US-2020-123750,RB-19795,2020-04-15,US,South,United States,Home Office,Medium,895.06,16,0.325,0.7,4,2,0,4,2,0,265.0,2,0.0,0.1111111111111111,2450,345.0,0.1408221408221408
US-2020-132423,MY-18295,2020-04-15,US,Central,United States,Corporate,Medium,41.528000000000006,12,0.2,0.2,2,1,0,4,2,0,14.0,4,0.0,0.09090909090909091,2451,345.0,0.14076484947111473
CA-2020-105473,BM-11785,2020-04-16,US,West,United States,Consumer,Medium,28.799999999999997,3,0.0,0.0,1,1,0,4,3,0,196.0,6,0.0,0.07692307692307693,2452,345.0,0.1407076047173648
CA-2020-166282,PK-19075,2020-04-16,US,South,United States,Consumer,Medium,158.256,11,0.2,0.2,2,2,0,4,3,0,522.0,1,0.0,0.125,2453,345.0,0.14065040650406505
US-2020-107440,BS-11365,2020-04-16,US,East,United States,Corporate,Medium,9135.19,14,0.0,0.0,3,3,0,4,3,0,575.0,3,0.0,0.1,2454,345.0,0.14059325477448192
US-2020-164588,AP-10915,2020-04-16,US,South,United States,Consumer,Medium,12.84,3,0.0,0.0,1,1,0,4,3,0,522.0,5,2.0,0.25,2455,345.0,0.14053614947197401
CA-2020-108735,JM-15535,2020-04-17,US,West,United States,Consumer,Medium,257.499,3,0.15,0.15,1,1,0,4,4,0,275.0,3,0.0,0.1,2456,345.0,0.14047909053999189
CA-2020-149111,BF-11170,2020-04-17,US,South,United States,Home Office,Medium,55.416000000000004,9,0.2,0.2,2,2,0,4,4,0,77.0,6,0.0,0.07692307692307693,2457,345.0,0.14042207792207792
US-2020-133508,SW-20350,2020-04-17,US,Central,United States,Home Office,Medium,29.049999999999997,5,0.0,0.0,1,1,0,4,4,0,8.0,1,0.0,0.125,2458,345.0,0.14036511156186612
US-2020-159415,CS-12175,2020-04-17,US,South,United States,Corporate,Medium,79.12,5,0.2,0.2,1,1,0,4,4,0,614.0,1,0.0,0.125,2459,345.0,0.14030819140308193
CA-2020-125087,TH-21115,2020-04-18,US,Central,United States,Corporate,Medium,2027.188,12,0.3666666666666667,0.6,3,2,0,4,5,1,573.0,1,0.0,0.125,2460,345.0,0.14025131738954194
CA-2020-139381,RF-19840,2020-04-18,US,South,United States,Consumer,Medium,233.48,8,0.0,0.0,2,2,0,4,5,1,111.0,3,0.0,0.1,2461,345.0,0.14019448946515398
CA-2020-144785,CS-12490,2020-04-18,US,East,United States,Corporate,Medium,13.83,4,0.0,0.0,2,1,0,4,5,1,462.0,1,0.0,0.125,2462,345.0,0.14013770757391655
CA-2020-155551,CR-12580,2020-04-18,US,Central,United States,Home Office,Medium,240.04000000000002,5,0.2,0.2,2,1,0,4,5,1,9999.0,0,0.0,0.14285714285714285,2463,345.0,0.14008097165991903
CA-2020-109666,KM-16720,2020-04-19,US,East,United States,Consumer,Medium,633.04,19,0.028571428571428574,0.2,7,2,0,4,6,1,147.0,6,0.0,0.07692307692307693,2464,345.0,0.14002428166734115
US-2020-115819,JO-15280,2020-04-19,US,West,United States,Consumer,Medium,156.51600000000002,21,0.10000000000000002,0.2,6,2,0,4,6,1,110.0,4,0.0,0.09090909090909091,2465,345.0,0.13996763754045308
US-2020-161396,GM-14455,2020-04-19,US,East,United States,Home Office,Medium,624.576,7,0.30000000000000004,0.4,2,2,0,4,6,1,14.0,3,0.0,0.1,2466,345.0,0.13991103922361503
CA-2020-146423,BT-11680,2020-04-21,US,East,United States,Consumer,Medium,67.32000000000001,11,0.0,0.0,2,1,0,4,1,0,11.0,4,0.0,0.09090909090909091,2467,345.0,0.13985448666127728
CA-2020-151498,DN-13690,2020-04-21,US,West,United States,Consumer,Medium,8.32,5,0.2,0.2,1,1,0,4,1,0,557.0,5,3.0,0.3333333333333333,2468,345.0,0.1397979797979798
US-2020-103646,SP-20545,2020-04-21,US,Central,United States,Corporate,Medium,195.976,15,0.6,0.8,3,1,0,4,1,0,26.0,3,0.0,0.1,2469,345.0,0.13974151857835218
CA-2020-101329,MM-17920,2020-04-22,US,East,United States,Consumer,Medium,35.01,10,0.0,0.0,2,1,0,4,2,0,468.0,4,0.0,0.09090909090909091,2470,345.0,0.13968510294711345
CA-2020-109057,TT-21460,2020-04-22,US,Central,United States,Home Office,Medium,23.952,2,0.2,0.2,1,1,0,4,2,0,136.0,1,0.0,0.125,2471,345.0,0.13962873284907182
CA-2020-109869,TN-21040,2020-04-22,US,West,United States,Home Office,Medium,1588.3229999999999,20,0.36,0.7,5,2,1,4,2,0,228.0,2,0.0,0.1111111111111111,2472,345.0,0.13957240822912464
CA-2020-109869,TN-21040,2020-04-22,US,West,United States,Home Office,Medium,1588.3229999999999,20,0.36,0.7,5,2,1,4,2,0,0.0,3,1.0,0.2,2473,346.0,0.13991935483870968
CA-2020-109869,TN-21040,2020-04-22,US,West,United States,Home Office,Medium,1588.3229999999999,20,0.36,0.7,5,2,1,4,2,0,0.0,4,2.0,0.2727272727272727,2474,347.0,0.14026602176541716
CA-2020-109869,TN-21040,2020-04-22,US,West,United States,Home Office,Medium,1588.3229999999999,20,0.36,0.7,5,2,1,4,2,0,0.0,5,3.0,0.3333333333333333,2475,348.0,0.14061240934730057
CA-2020-109869,TN-21040,2020-04-22,US,West,United States,Home Office,Medium,1588.3229999999999,20,0.36,0.7,5,2,1,4,2,0,0.0,6,4.0,0.38461538461538464,2476,349.0,0.1409585179218687
CA-2020-113061,EL-13735,2020-04-22,US,Central,United States,Home Office,Medium,86.62,2,0.0,0.0,1,1,0,4,2,0,9999.0,0,0.0,0.14285714285714285,2477,350.0,0.14130434782608695
CA-2020-147578,PG-18895,2020-04-22,US,West,United States,Consumer,Medium,31.56,3,0.0,0.0,1,1,0,4,2,0,91.0,4,0.0,0.09090909090909091,2478,350.0,0.14124748490945674
CA-2020-124149,MJ-17740,2020-04-23,US,East,United States,Consumer,Medium,242.56,13,0.20000000000000004,0.2,3,1,0,4,3,0,319.0,1,0.0,0.125,2479,350.0,0.1411906677393403
CA-2020-126270,AF-10870,2020-04-23,US,West,United States,Consumer,Medium,90.05799999999999,10,0.1,0.2,2,1,0,4,3,0,139.0,1,0.0,0.125,2480,350.0,0.1411338962605549
CA-2020-130001,HK-14890,2020-04-23,US,South,United States,Corporate,Medium,36.24000000000001,5,0.2,0.2,1,1,0,4,3,0,159.0,4,2.0,0.2727272727272727,2481,350.0,0.14107717041800644
CA-2020-162138,GK-14620,2020-04-23,US,West,United States,Corporate,Medium,351.51,7,0.1,0.2,2,2,1,4,3,0,155.0,5,0.0,0.08333333333333333,2482,350.0,0.14102049015668944
CA-2020-162138,GK-14620,2020-04-23,US,West,United States,Corporate,Medium,351.51,7,0.1,0.2,2,2,1,4,3,0,0.0,6,1.0,0.15384615384615385,2483,351.0,0.14136546184738955
CA-2020-138933,JL-15130,2020-04-24,US,West,United States,Consumer,Medium,3.9840000000000004,1,0.2,0.2,1,1,0,4,4,0,601.0,2,0.0,0.1111111111111111,2484,352.0,0.14171015656362906
CA-2020-149279,CL-12700,2020-04-24,US,West,United States,Home Office,Medium,1344.42,11,0.3666666666666667,0.7,3,2,0,4,4,0,9999.0,0,0.0,0.14285714285714285,2485,352.0,0.14165329052969503
CA-2020-168081,CA-12055,2020-04-24,US,Central,United States,Home Office,Medium,258.696,3,0.2,0.2,1,1,0,4,4,0,232.0,1,0.0,0.125,2486,352.0,0.1415964701163257
US-2020-150147,JL-15850,2020-04-25,US,East,United States,Consumer,Medium,108.42,7,0.6,0.7,3,2,0,4,5,1,332.0,5,0.0,0.08333333333333333,2487,352.0,0.14153969526864474
CA-2020-139556,DB-13360,2020-04-26,US,East,United States,Home Office,Medium,434.646,3,0.1,0.1,1,1,0,4,6,1,44.0,3,0.0,0.1,2488,352.0,0.14148296593186374
CA-2020-137204,BO-11350,2020-04-28,US,West,United States,Corporate,Medium,41.568000000000005,2,0.2,0.2,1,1,0,4,1,0,116.0,1,0.0,0.125,2489,352.0,0.14142628205128205
CA-2020-152814,EH-14005,2020-04-28,US,West,United States,Home Office,Medium,29.472,3,0.2,0.2,1,1,1,4,1,0,508.0,2,0.0,0.1111111111111111,2490,352.0,0.14136964357228674
CA-2020-161816,NB-18655,2020-04-28,US,Central,United States,Corporate,Medium,385.288,7,0.2,0.2,2,2,0,4,1,0,182.0,3,0.0,0.1,2491,353.0,0.14171337069655723
CA-2020-167605,RB-19570,2020-04-28,US,Central,United States,Consumer,Medium,30.344,2,0.6,0.6,1,1,0,4,1,0,9999.0,0,0.0,0.14285714285714285,2492,353.0,0.14165666266506602
CA-2020-144792,KD-16615,2020-04-30,US,West,United States,Corporate,Medium,111.888,7,0.2,0.2,1,1,0,4,3,0,230.0,1,0.0,0.125,2493,353.0,0.1416
CA-2020-154788,JL-15835,2020-04-30,US,East,United States,Consumer,Medium,7.712000000000001,2,0.2,0.2,1,1,0,4,3,0,135.0,5,2.0,0.25,2494,353.0,0.14154338264694122
US-2020-120460,BF-11170,2020-04-30,US,Central,United States,Home Office,Medium,22.608,3,0.6,0.6,1,1,0,4,3,0,13.0,7,0.0,0.07142857142857142,2495,353.0,0.14148681055155876
CA-2020-101525,CM-12235,2020-05-01,US,South,United States,Consumer,Medium,140.52,7,0.0,0.0,3,1,0,5,4,0,9999.0,0,0.0,0.14285714285714285,2496,353.0,0.14143028365960847
CA-2020-164784,HF-14995,2020-05-01,US,South,United States,Consumer,Medium,377.346,6,0.43333333333333335,0.7,3,2,0,5,4,0,22.0,3,0.0,0.1,2497,353.0,0.1413738019169329
CA-2020-104311,AS-10090,2020-05-02,US,Central,United States,Consumer,Medium,36.648,8,0.20000000000000004,0.2,3,1,0,5,5,1,175.0,3,0.0,0.1,2498,353.0,0.14131736526946106
CA-2020-109400,NR-18550,2020-05-02,US,Central,United States,Consumer,Medium,366.74399999999997,4,0.3,0.3,1,1,0,5,5,1,593.0,2,0.0,0.1111111111111111,2499,353.0,0.1412609736632083
CA-2020-146836,CC-12475,2020-05-02,US,East,United States,Consumer,Medium,90.51599999999999,6,0.1,0.2,2,1,0,5,5,1,717.0,1,0.0,0.125,2500,353.0,0.14120462704427603
CA-2020-148698,BD-11770,2020-05-02,US,Central,United States,Consumer,Medium,86.352,3,0.2,0.2,1,1,0,5,5,1,53.0,1,0.0,0.125,2501,353.0,0.14114832535885166
CA-2020-154060,DL-12865,2020-05-02,US,South,United States,Consumer,Medium,187.056,9,0.2,0.2,1,1,0,5,5,1,65.0,4,0.0,0.09090909090909091,2502,353.0,0.14109206855320844
CA-2020-158155,EH-13765,2020-05-02,US,East,United States,Corporate,Medium,330.82,12,0.05,0.2,4,2,0,5,5,1,50.0,4,0.0,0.09090909090909091,2503,353.0,0.14103585657370518
CA-2020-129280,SM-20905,2020-05-03,US,East,United States,Consumer,Medium,1043.0410000000002,20,0.2833333333333333,0.7,6,3,0,5,6,1,9999.0,0,0.0,0.14285714285714285,2504,353.0,0.14097968936678615
CA-2020-163398,CB-12415,2020-05-03,US,Central,United States,Consumer,Medium,55.971999999999994,11,0.6,0.8,3,1,0,5,6,1,101.0,2,0.0,0.1111111111111111,2505,353.0,0.1409235668789809
CA-2020-105662,RB-19465,2020-05-05,US,South,United States,Home Office,Medium,270.728,7,0.2,0.2,2,2,0,5,1,0,57.0,3,0.0,0.1,2506,353.0,0.1408674890569041
CA-2020-112676,PJ-18835,2020-05-05,US,South,United States,Corporate,Medium,14.352000000000002,3,0.2,0.2,1,1,0,5,1,0,173.0,3,0.0,0.1,2507,353.0,0.14081145584725538
CA-2020-126165,AH-10465,2020-05-05,US,West,United States,Consumer,Medium,71.08800000000001,2,0.2,0.2,1,1,0,5,1,0,474.0,2,1.0,0.2222222222222222,2508,353.0,0.14075546719681908
CA-2020-137729,BF-11005,2020-05-05,US,West,United States,Home Office,Medium,252.148,4,0.1,0.2,2,2,0,5,1,0,588.0,1,0.0,0.125,2509,353.0,0.14069952305246422
CA-2020-145247,ND-18370,2020-05-05,US,South,United States,Consumer,Medium,79.14,3,0.0,0.0,1,1,0,5,1,0,297.0,3,0.0,0.1,2510,353.0,0.14064362336114422
CA-2020-160500,DM-13015,2020-05-05,US,West,United States,Consumer,Medium,305.49600000000004,8,0.2,0.2,2,2,0,5,1,0,302.0,8,7.0,0.5333333333333333,2511,353.0,0.14058776806989676
US-2020-102239,LW-16990,2020-05-05,US,West,United States,Corporate,Medium,1691.6080000000002,8,0.1,0.2,2,2,0,5,1,0,9999.0,0,0.0,0.14285714285714285,2512,353.0,0.1405319571258436
US-2020-147991,ZD-21925,2020-05-05,US,South,United States,Consumer,Medium,16.72,5,0.2,0.2,1,1,0,5,1,0,32.0,4,3.0,0.36363636363636365,2513,353.0,0.14047619047619048
CA-2020-118052,BE-11455,2020-05-06,US,East,United States,Home Office,Medium,111.496,11,0.20000000000000004,0.2,3,2,0,5,2,0,235.0,2,0.0,0.1111111111111111,2514,353.0,0.1404204680682269
CA-2020-137393,GM-14500,2020-05-06,US,West,United States,Consumer,Medium,41.6,4,0.0,0.0,1,1,0,5,2,0,197.0,4,0.0,0.09090909090909091,2515,353.0,0.14036478984932593
CA-2020-139234,AF-10870,2020-05-06,US,Central,United States,Consumer,Medium,29.384,4,0.5,0.8,2,2,0,5,2,0,13.0,2,0.0,0.1111111111111111,2516,353.0,0.1403091557669441
US-2020-146857,BE-11455,2020-05-06,US,Central,United States,Home Office,Medium,54.48,1,0.0,0.0,1,1,0,5,2,0,0.0,3,0.0,0.1,2517,353.0,0.14025356576862125
CA-2020-128818,CJ-12010,2020-05-07,US,East,United States,Consumer,Medium,4835.976,32,0.05000000000000001,0.2,6,3,0,5,3,0,58.0,1,0.0,0.125,2518,353.0,0.1401980198019802
CA-2020-106530,CL-12565,2020-05-08,US,East,United States,Consumer,Medium,1110.344,11,0.2,0.2,5,2,0,5,4,0,130.0,9,5.0,0.375,2519,353.0,0.14014251781472684
CA-2020-111696,TB-21625,2020-05-08,US,West,United States,Consumer,Medium,17.94,3,0.0,0.0,1,1,0,5,4,0,129.0,4,0.0,0.09090909090909091,2520,353.0,0.14008705975464977
CA-2020-164672,GB-14530,2020-05-08,US,East,United States,Corporate,Medium,211.96,2,0.0,0.0,1,1,0,5,4,0,155.0,5,0.0,0.08333333333333333,2521,353.0,0.14003164556962025
CA-2020-109176,JW-16075,2020-05-09,US,East,United States,Consumer,Medium,88.704,6,0.2,0.2,2,1,0,5,5,1,151.0,2,0.0,0.1111111111111111,2522,353.0,0.13997627520759193
CA-2020-112382,MB-18085,2020-05-09,US,Central,United States,Consumer,Medium,19.136000000000003,2,0.2,0.2,1,1,0,5,5,1,59.0,2,0.0,0.1111111111111111,2523,353.0,0.1399209486166008
CA-2020-159765,TH-21100,2020-05-09,US,South,United States,Consumer,Medium,27.86,7,0.0,0.0,1,1,0,5,5,1,392.0,3,0.0,0.1,2524,353.0,0.13986566574476492
CA-2020-161158,PS-18970,2020-05-09,US,East,United States,Home Office,Medium,8.0,5,0.0,0.0,1,1,0,5,5,1,161.0,4,0.0,0.09090909090909091,2525,353.0,0.13981042654028436
CA-2020-169166,SS-20590,2020-05-09,US,West,United States,Consumer,Medium,93.98,2,0.0,0.0,1,1,0,5,5,1,392.0,2,0.0,0.1111111111111111,2526,353.0,0.139755230951441
US-2020-144057,CV-12805,2020-05-09,US,Central,United States,Corporate,Medium,1013.792,22,0.56,0.8,5,1,1,5,5,1,9999.0,0,0.0,0.14285714285714285,2527,353.0,0.13970007892659828
US-2020-144057,CV-12805,2020-05-09,US,Central,United States,Corporate,Medium,1013.792,22,0.56,0.8,5,1,1,5,5,1,0.0,1,1.0,0.25,2528,354.0,0.14003944773175542
US-2020-144057,CV-12805,2020-05-09,US,Central,United States,Corporate,Medium,1013.792,22,0.56,0.8,5,1,1,5,5,1,0.0,2,2.0,0.3333333333333333,2529,355.0,0.14037854889589904
US-2020-144057,CV-12805,2020-05-09,US,Central,United States,Corporate,Medium,1013.792,22,0.56,0.8,5,1,1,5,5,1,0.0,3,3.0,0.4,2530,356.0,0.14071738273551437
US-2020-144057,CV-12805,2020-05-09,US,Central,United States,Corporate,Medium,1013.792,22,0.56,0.8,5,1,1,5,5,1,0.0,4,4.0,0.45454545454545453,2531,357.0,0.14105594956658787
US-2020-159093,RS-19420,2020-05-09,US,West,United States,Corporate,Medium,32.04,4,0.0,0.0,1,1,0,5,5,1,643.0,1,0.0,0.125,2532,358.0,0.14139424970460812
CA-2020-117625,GM-14500,2020-05-10,US,Central,United States,Consumer,Medium,7.072,2,0.2,0.2,1,1,0,5,6,1,4.0,5,0.0,0.08333333333333333,2533,358.0,0.14133858267716534
CA-2020-133816,CS-12400,2020-05-10,US,East,United States,Home Office,Medium,743.9879999999999,2,0.4,0.4,1,1,0,5,6,1,221.0,2,0.0,0.1111111111111111,2534,358.0,0.14128295946477765
CA-2020-161543,RD-19720,2020-05-10,US,West,United States,Consumer,Medium,11.96,2,0.0,0.0,1,1,0,5,6,1,141.0,4,0.0,0.09090909090909091,2535,358.0,0.14122738001573565
CA-2020-162733,TT-21070,2020-05-11,US,West,United States,Consumer,Medium,5.98,1,0.0,0.0,1,1,0,5,0,0,402.0,4,0.0,0.09090909090909091,2536,358.0,0.1411718442784113
CA-2020-100510,HM-14860,2020-05-12,US,East,United States,Corporate,Medium,641.98,7,0.0,0.0,2,2,0,5,1,0,140.0,3,0.0,0.1,2537,358.0,0.14111635220125787
CA-2020-109911,VG-21805,2020-05-12,US,South,United States,Corporate,Medium,10.96,4,0.0,0.0,1,1,0,5,1,0,49.0,2,0.0,0.1111111111111111,2538,358.0,0.14106090373280944
CA-2020-167416,JM-15580,2020-05-12,US,West,United States,Consumer,Medium,54.900000000000006,5,0.0,0.0,1,1,0,5,1,0,28.0,1,0.0,0.125,2539,358.0,0.14100549882168106
US-2020-101196,FM-14215,2020-05-12,US,East,United States,Corporate,Medium,82.368,2,0.2,0.2,1,1,0,5,1,0,32.0,3,0.0,0.1,2540,358.0,0.1409501374165685
US-2020-123610,VM-21835,2020-05-12,US,West,United States,Consumer,Medium,128.67,7,0.0,0.0,2,2,0,5,1,0,56.0,2,0.0,0.1111111111111111,2541,358.0,0.14089481946624804
CA-2020-108224,TH-21235,2020-05-14,US,West,United States,Corporate,Medium,185.52800000000002,7,0.2,0.2,1,1,0,5,3,0,508.0,2,0.0,0.1111111111111111,2542,358.0,0.14083954491957631
CA-2020-141019,LH-17155,2020-05-14,US,East,United States,Consumer,Medium,79.38400000000001,1,0.2,0.2,1,1,0,5,3,0,330.0,2,0.0,0.1111111111111111,2543,358.0,0.1407843137254902
US-2020-148901,MK-17905,2020-05-14,US,South,United States,Corporate,Medium,191.01800000000003,29,0.41428571428571426,0.7,7,3,0,5,3,0,148.0,2,0.0,0.1111111111111111,2544,358.0,0.14072912583300667
CA-2020-141180,DP-13000,2020-05-15,US,South,United States,Consumer,Medium,7.764000000000001,4,0.7,0.7,1,1,0,5,4,0,173.0,4,0.0,0.09090909090909091,2545,358.0,0.14067398119122257
CA-2020-152408,TT-21220,2020-05-15,US,East,United States,Consumer,Medium,13.776000000000002,3,0.2,0.2,1,1,0,5,4,0,198.0,6,3.0,0.3076923076923077,2546,358.0,0.14061887974931453
CA-2020-165673,MN-17935,2020-05-15,US,East,United States,Consumer,Medium,15.232,4,0.2,0.2,1,1,0,5,4,0,674.0,3,2.0,0.3,2547,358.0,0.14056382145653876
US-2020-146570,SN-20710,2020-05-15,US,South,United States,Home Office,Medium,612.14,15,0.0,0.0,3,1,0,5,4,0,140.0,3,0.0,0.1,2548,358.0,0.14050880626223092
CA-2020-122133,JR-15670,2020-05-16,US,East,United States,Consumer,Medium,552.56,4,0.0,0.0,1,1,0,5,5,1,144.0,1,0.0,0.125,2549,358.0,0.14045383411580595
CA-2020-130638,SC-20095,2020-05-16,US,West,United States,Consumer,Medium,310.55999999999995,13,0.0,0.0,2,2,1,5,5,1,190.0,9,4.0,0.3125,2550,358.0,0.14039890496675791
CA-2020-130638,SC-20095,2020-05-16,US,West,United States,Consumer,Medium,310.55999999999995,13,0.0,0.0,2,2,1,5,5,1,0.0,10,5.0,0.35294117647058826,2551,359.0,0.14073494917904614
CA-2020-133144,DO-13435,2020-05-16,US,West,United States,Consumer,Medium,17.34,3,0.0,0.0,1,1,0,5,5,1,171.0,4,0.0,0.09090909090909091,2552,360.0,0.14107073075420085
CA-2020-158435,AG-10900,2020-05-17,US,East,United States,Consumer,Medium,253.03,13,0.0,0.0,3,2,0,5,6,1,142.0,7,3.0,0.2857142857142857,2553,360.0,0.141015625
US-2020-117037,LW-17215,2020-05-17,US,Central,United States,Consumer,Medium,63.922,15,0.45,0.8,4,2,0,5,6,1,613.0,1,0.0,0.125,2554,360.0,0.14096056228035925
US-2020-150567,RP-19855,2020-05-17,US,South,United States,Corporate,Medium,29.97000000000001,8,0.7,0.7,2,1,0,5,6,1,232.0,3,0.0,0.1,2555,360.0,0.1409055425448868
CA-2020-122728,EB-13930,2020-05-18,US,West,United States,Consumer,Medium,122.22,6,0.0,0.0,2,1,0,5,0,0,81.0,2,0.0,0.1111111111111111,2556,360.0,0.1408505657432696
CA-2020-126935,BT-11395,2020-05-19,US,West,United States,Corporate,Medium,9.584000000000001,1,0.2,0.2,1,1,0,5,1,0,172.0,4,0.0,0.09090909090909091,2557,360.0,0.14079563182527302
CA-2020-138282,AH-10690,2020-05-19,US,West,United States,Corporate,Medium,87.84,8,0.0,0.0,1,1,1,5,1,0,140.0,11,6.0,0.3888888888888889,2558,360.0,0.14074074074074075
CA-2020-157245,LE-16810,2020-05-19,US,South,United States,Consumer,Medium,641.96,2,0.0,0.0,1,1,0,5,1,0,342.0,3,0.0,0.1,2559,361.0,0.1410756040530008
CA-2020-169943,BN-11515,2020-05-19,US,East,United States,Consumer,Medium,821.224,26,0.04,0.2,5,2,0,5,1,0,610.0,5,4.0,0.4166666666666667,2560,361.0,0.14102064666926373
US-2020-152835,RP-19855,2020-05-19,US,Central,United States,Corporate,Medium,21.400000000000002,5,0.0,0.0,1,1,0,5,1,0,2.0,4,0.0,0.09090909090909091,2561,361.0,0.1409657320872274
CA-2020-105256,JK-15730,2020-05-20,US,South,United States,Consumer,Medium,1363.96,5,0.2,0.2,1,1,0,5,2,0,189.0,4,0.0,0.09090909090909091,2562,361.0,0.1409108602569093
CA-2020-108567,DB-13210,2020-05-20,US,South,United States,Consumer,Medium,2.6940000000000004,2,0.7,0.7,1,1,0,5,2,0,55.0,4,3.0,0.36363636363636365,2563,361.0,0.14085603112840467
CA-2020-115917,RB-19465,2020-05-20,US,West,United States,Home Office,Medium,1064.624,9,0.1,0.2,2,2,1,5,2,0,15.0,4,0.0,0.09090909090909091,2564,361.0,0.14080124465188643
CA-2020-115917,RB-19465,2020-05-20,US,West,United States,Home Office,Medium,1064.624,9,0.1,0.2,2,2,1,5,2,0,0.0,5,1.0,0.16666666666666666,2565,362.0,0.1411353032659409
CA-2020-146010,EH-14125,2020-05-20,US,West,United States,Home Office,Medium,40.63500000000001,7,0.7,0.7,1,1,0,5,2,0,42.0,5,3.0,0.3333333333333333,2566,363.0,0.14146910221531286
CA-2020-107202,LC-16930,2020-05-21,US,West,United States,Corporate,Medium,2396.4,10,0.2,0.2,1,1,0,5,3,0,821.0,1,0.0,0.125,2567,363.0,0.1414141414141414
CA-2020-114209,AS-10285,2020-05-21,US,Central,United States,Corporate,Medium,84.62,11,0.5,0.8,2,1,0,5,3,0,9999.0,0,0.0,0.14285714285714285,2568,363.0,0.14135922330097087
CA-2020-125920,SH-19975,2020-05-21,US,Central,United States,Corporate,Medium,3.797999999999999,3,0.8,0.8,1,1,0,5,3,0,239.0,2,0.0,0.1111111111111111,2569,363.0,0.14130434782608695
CA-2020-127642,CP-12340,2020-05-21,US,East,United States,Corporate,Medium,111.96,2,0.0,0.0,1,1,0,5,3,0,196.0,2,0.0,0.1111111111111111,2570,363.0,0.14124951493985255
US-2020-139486,LH-17155,2020-05-21,US,West,United States,Consumer,Medium,121.436,5,0.1,0.2,2,1,0,5,3,0,7.0,3,0.0,0.1,2571,363.0,0.14119472459270752
CA-2020-146934,AF-10870,2020-05-22,US,East,United States,Consumer,Medium,1562.086,24,0.049999999999999996,0.3,6,3,0,5,4,0,16.0,3,0.0,0.1,2572,363.0,0.14113997673516868
CA-2020-154081,JE-15610,2020-05-22,US,West,United States,Corporate,Medium,222.38400000000001,2,0.2,0.2,1,1,0,5,4,0,346.0,2,0.0,0.1111111111111111,2573,363.0,0.14108527131782947
CA-2020-159653,JF-15490,2020-05-22,US,South,United States,Consumer,Medium,14.73,3,0.0,0.0,1,1,0,5,4,0,113.0,6,0.0,0.07692307692307693,2574,363.0,0.14103060829135994
CA-2020-133725,KL-16645,2020-05-23,US,Central,United States,Consumer,Medium,1979.928,9,0.2,0.2,1,1,0,5,5,1,192.0,5,0.0,0.08333333333333333,2575,363.0,0.1409759876065066
CA-2020-142762,LD-17005,2020-05-23,US,West,United States,Consumer,Medium,37.05,3,0.0,0.0,1,1,0,5,5,1,602.0,1,0.0,0.125,2576,363.0,0.14092140921409213
CA-2020-143714,CC-12370,2020-05-23,US,East,United States,Consumer,Medium,8539.019999999999,10,0.425,0.7,4,2,0,5,5,1,9999.0,0,0.0,0.14285714285714285,2577,363.0,0.14086687306501547
CA-2020-154403,AP-10720,2020-05-23,US,South,United States,Home Office,Medium,4.98,1,0.0,0.0,1,1,0,5,5,1,183.0,2,0.0,0.1111111111111111,2578,363.0,0.14081237911025146
CA-2020-136126,EH-14125,2020-05-24,US,South,United States,Home Office,Medium,261.1,9,0.0,0.0,2,1,0,5,6,1,4.0,6,3.0,0.3076923076923077,2579,363.0,0.14075792730085074
CA-2020-138583,DP-13390,2020-05-24,US,East,United States,Home Office,Medium,16.656000000000002,3,0.2,0.2,1,1,0,5,6,1,380.0,5,0.0,0.08333333333333333,2580,363.0,0.1407035175879397
CA-2020-139269,JB-16045,2020-05-25,US,South,United States,Home Office,Medium,1311.9699999999998,15,0.0,0.0,3,2,1,5,0,0,80.0,2,0.0,0.1111111111111111,2581,363.0,0.14064914992272023
CA-2020-139269,JB-16045,2020-05-25,US,South,United States,Home Office,Medium,1311.9699999999998,15,0.0,0.0,3,2,1,5,0,0,0.0,3,1.0,0.2,2582,364.0,0.1409810737736578
CA-2020-139269,JB-16045,2020-05-25,US,South,United States,Home Office,Medium,1311.9699999999998,15,0.0,0.0,3,2,1,5,0,0,0.0,4,2.0,0.2727272727272727,2583,365.0,0.14131274131274132
CA-2020-113236,CP-12085,2020-05-26,US,South,United States,Corporate,Medium,232.62400000000002,8,0.2,0.2,2,2,0,5,1,0,57.0,4,0.0,0.09090909090909091,2584,366.0,0.14164415283674256
CA-2020-119186,MS-17710,2020-05-26,US,Central,United States,Consumer,Medium,477.14199999999994,11,0.225,0.3,4,3,0,5,1,0,276.0,4,0.0,0.09090909090909091,2585,366.0,0.1415895061728395
CA-2020-132409,TH-21235,2020-05-26,US,East,United States,Corporate,Medium,36.352000000000004,3,0.2,0.2,2,1,0,5,1,0,12.0,3,0.0,0.1,2586,366.0,0.14153490165831084
CA-2020-148852,SV-20785,2020-05-26,US,West,United States,Consumer,Medium,1119.1480000000001,23,0.12000000000000002,0.2,5,3,0,5,1,0,201.0,7,0.0,0.07142857142857142,2587,366.0,0.14148033924441017
CA-2020-149237,CM-12235,2020-05-26,US,Central,United States,Consumer,Medium,26.94,3,0.0,0.0,1,1,0,5,1,0,25.0,1,0.0,0.125,2588,366.0,0.14142581888246628
CA-2020-157266,TB-21280,2020-05-26,US,East,United States,Consumer,Medium,83.15,10,0.0,0.0,4,2,0,5,1,0,62.0,5,0.0,0.08333333333333333,2589,366.0,0.1413713405238829
CA-2020-101791,BS-11665,2020-05-27,US,Central,United States,Consumer,Medium,1328.1280000000002,14,0.4666666666666666,0.6,3,2,0,5,2,0,192.0,2,0.0,0.1111111111111111,2590,366.0,0.14131690412013861
CA-2020-122903,LA-16780,2020-05-27,US,Central,United States,Corporate,Medium,3963.57,11,0.0,0.0,3,2,0,5,2,0,139.0,5,0.0,0.08333333333333333,2591,366.0,0.14126250962278675
CA-2020-136994,LS-17245,2020-05-27,US,West,United States,Consumer,Medium,13.38,2,0.0,0.0,1,1,0,5,2,0,158.0,3,0.0,0.1,2592,366.0,0.14120815698345518
CA-2020-113747,VD-21670,2020-05-28,US,South,United States,Consumer,Medium,185.88,6,0.0,0.0,1,1,0,5,3,0,205.0,10,6.0,0.4117647058823529,2593,366.0,0.14115384615384616
CA-2020-121377,TN-21040,2020-05-28,US,Central,United States,Home Office,Medium,286.40000000000003,1,0.2,0.2,1,1,0,5,3,0,36.0,7,5.0,0.42857142857142855,2594,366.0,0.14109957708573626
CA-2020-134803,CL-12565,2020-05-28,US,West,United States,Consumer,Medium,1157.68,23,0.08,0.2,5,2,1,5,3,0,20.0,10,5.0,0.35294117647058826,2595,366.0,0.14104534973097618
CA-2020-134803,CL-12565,2020-05-28,US,West,United States,Consumer,Medium,1157.68,23,0.08,0.2,5,2,1,5,3,0,0.0,11,6.0,0.3888888888888889,2596,367.0,0.14137533615059547
CA-2020-134803,CL-12565,2020-05-28,US,West,United States,Consumer,Medium,1157.68,23,0.08,0.2,5,2,1,5,3,0,0.0,12,7.0,0.42105263157894735,2597,368.0,0.14170506912442396
CA-2020-134803,CL-12565,2020-05-28,US,West,United States,Consumer,Medium,1157.68,23,0.08,0.2,5,2,1,5,3,0,0.0,13,8.0,0.45,2598,369.0,0.1420345489443378
CA-2020-134803,CL-12565,2020-05-28,US,West,United States,Consumer,Medium,1157.68,23,0.08,0.2,5,2,1,5,3,0,0.0,14,9.0,0.47619047619047616,2599,370.0,0.14236377590176516
CA-2020-138695,KC-16675,2020-05-28,US,South,United States,Corporate,Medium,452.464,21,0.2,0.2,2,2,0,5,3,0,532.0,1,0.0,0.125,2600,371.0,0.142692750287687
CA-2020-155565,EH-13765,2020-05-28,US,East,United States,Corporate,Medium,54.900000000000006,5,0.0,0.0,1,1,0,5,3,0,26.0,5,0.0,0.08333333333333333,2601,371.0,0.14263803680981596
CA-2020-156573,RB-19360,2020-05-29,US,South,United States,Consumer,Medium,60.485,8,0.3666666666666667,0.7,3,2,0,5,4,0,58.0,1,0.0,0.125,2602,371.0,0.14258336527405135
CA-2020-168753,RL-19615,2020-05-29,US,South,United States,Consumer,Medium,1002.7,10,0.0,0.0,2,2,0,5,4,0,322.0,2,0.0,0.1111111111111111,2603,371.0,0.1425287356321839
CA-2020-108210,AT-10735,2020-05-30,US,Central,United States,Consumer,Medium,303.92,10,0.2,0.2,2,1,0,5,5,1,189.0,3,0.0,0.1,2604,371.0,0.14247414783607812
CA-2020-113831,AH-10690,2020-05-30,US,South,United States,Corporate,Medium,4317.3,22,0.0,0.0,3,3,0,5,5,1,11.0,12,7.0,0.42105263157894735,2605,371.0,0.14241960183767227
CA-2020-129728,JG-15310,2020-05-30,US,West,United States,Corporate,Medium,167.84,8,0.0,0.0,1,1,0,5,5,1,88.0,1,0.0,0.125,2606,371.0,0.1423650975889782
CA-2020-145499,RW-19690,2020-05-30,US,South,United States,Consumer,Medium,3.2820000000000005,2,0.7,0.7,1,1,0,5,5,1,9999.0,0,0.0,0.14285714285714285,2607,371.0,0.1423106350420811
CA-2020-147473,NL-18310,2020-05-30,US,West,United States,Home Office,Medium,38.88,6,0.0,0.0,1,1,0,5,5,1,279.0,2,0.0,0.1111111111111111,2608,371.0,0.14225621414913958
CA-2020-152730,EM-14140,2020-05-30,US,Central,United States,Home Office,Medium,1282.61,33,0.0,0.0,8,3,0,5,5,1,450.0,5,4.0,0.4166666666666667,2609,371.0,0.14220183486238533
CA-2020-153682,BG-11695,2020-05-30,US,East,United States,Corporate,Medium,839.9879999999999,2,0.4,0.4,1,1,0,5,5,1,511.0,2,0.0,0.1111111111111111,2610,371.0,0.14214749713412303
CA-2020-158547,JM-16195,2020-05-30,US,East,United States,Consumer,Medium,123.92000000000002,5,0.2,0.2,1,1,0,5,5,1,207.0,9,5.0,0.375,2611,371.0,0.14209320091673033
CA-2020-166380,EB-13750,2020-05-30,US,South,United States,Corporate,Medium,138.53,11,0.0,0.0,2,2,0,5,5,1,51.0,3,0.0,0.1,2612,371.0,0.1420389461626575
US-2020-105578,MY-17380,2020-05-30,US,West,United States,Corporate,Medium,874.3080000000001,10,0.5,0.7,5,2,1,5,5,1,217.0,1,0.0,0.125,2613,371.0,0.14198473282442747
US-2020-105578,MY-17380,2020-05-30,US,West,United States,Corporate,Medium,874.3080000000001,10,0.5,0.7,5,2,1,5,5,1,0.0,2,1.0,0.2222222222222222,2614,372.0,0.1423120946203739
US-2020-105578,MY-17380,2020-05-30,US,West,United States,Corporate,Medium,874.3080000000001,10,0.5,0.7,5,2,1,5,5,1,0.0,3,2.0,0.3,2615,373.0,0.14263920671243327
US-2020-105578,MY-17380,2020-05-30,US,West,United States,Corporate,Medium,874.3080000000001,10,0.5,0.7,5,2,1,5,5,1,0.0,4,3.0,0.36363636363636365,2616,374.0,0.14296606938619902
US-2020-105578,MY-17380,2020-05-30,US,West,United States,Corporate,Medium,874.3080000000001,10,0.5,0.7,5,2,1,5,5,1,0.0,5,4.0,0.4166666666666667,2617,375.0,0.14329268292682926
CA-2020-150483,BP-11290,2020-05-31,US,Central,United States,Consumer,Medium,252.00699999999998,12,0.325,0.6,4,2,0,5,6,1,49.0,3,2.0,0.3,2618,376.0,0.14361904761904762
CA-2020-168844,NM-18520,2020-05-31,US,East,United States,Consumer,Medium,186.85199999999998,9,0.1,0.2,2,2,0,5,6,1,145.0,5,2.0,0.25,2619,376.0,0.14356435643564355
US-2020-119046,EH-13765,2020-06-02,US,West,United States,Corporate,Medium,93.06,18,0.13333333333333333,0.2,3,1,1,6,1,0,5.0,6,0.0,0.07692307692307693,2620,376.0,0.14350970688998857
US-2020-119046,EH-13765,2020-06-02,US,West,United States,Corporate,Medium,93.06,18,0.13333333333333333,0.2,3,1,1,6,1,0,0.0,7,1.0,0.14285714285714285,2621,377.0,0.14383561643835616
US-2020-119046,EH-13765,2020-06-02,US,West,United States,Corporate,Medium,93.06,18,0.13333333333333333,0.2,3,1,1,6,1,0,0.0,8,2.0,0.2,2622,378.0,0.14416127805249143
US-2020-128293,KC-16255,2020-06-02,US,East,United States,Corporate,Medium,64.784,1,0.2,0.2,1,1,0,6,1,0,154.0,3,0.0,0.1,2623,379.0,0.1444866920152091
CA-2020-164889,CP-12340,2020-06-03,US,West,United States,Corporate,Medium,71.08800000000001,2,0.2,0.2,1,1,0,6,2,0,13.0,3,0.0,0.1,2624,379.0,0.14443177499049792
CA-2020-119823,KD-16270,2020-06-04,US,South,United States,Consumer,Medium,75.88,2,0.0,0.0,1,1,0,6,3,0,95.0,3,0.0,0.1,2625,379.0,0.14437689969604864
CA-2020-157749,KL-16645,2020-06-04,US,Central,United States,Consumer,Medium,677.9490000000001,25,0.41428571428571426,0.6,7,3,0,6,3,0,12.0,6,0.0,0.07692307692307693,2626,379.0,0.14432206608431447
CA-2020-165848,EN-13780,2020-06-04,US,East,United States,Consumer,Medium,1562.694,11,0.05,0.2,4,3,0,6,3,0,371.0,1,0.0,0.125,2627,379.0,0.1442672741078208
CA-2020-110982,CK-12205,2020-06-05,US,West,United States,Consumer,Medium,79.792,10,0.1,0.2,2,1,0,6,4,0,247.0,5,0.0,0.08333333333333333,2628,379.0,0.1442125237191651
CA-2020-149671,KB-16600,2020-06-05,US,West,United States,Corporate,Medium,61.38,6,0.0,0.0,1,1,0,6,4,0,179.0,2,0.0,0.1111111111111111,2629,379.0,0.1441578148710167
CA-2020-165169,JL-15235,2020-06-05,US,East,United States,Consumer,Medium,386.48,7,0.0,0.0,3,1,0,6,4,0,188.0,2,0.0,0.1111111111111111,2630,379.0,0.1441031475161168
US-2020-134908,JS-15940,2020-06-05,US,East,United States,Home Office,Medium,132.168,7,0.2,0.2,2,1,0,6,4,0,505.0,3,0.0,0.1,2631,379.0,0.14404852160727824
CA-2020-108350,SC-20230,2020-06-06,US,East,United States,Corporate,Medium,105.52,4,0.0,0.0,1,1,0,6,5,1,9999.0,0,0.0,0.14285714285714285,2632,379.0,0.14399393709738537
CA-2020-112830,LP-17095,2020-06-06,US,East,United States,Consumer,Medium,548.96,5,0.2,0.2,2,1,0,6,5,1,9999.0,0,0.0,0.14285714285714285,2633,379.0,0.14393939393939395
CA-2020-125318,RC-19825,2020-06-06,US,Central,United States,Consumer,Medium,328.224,4,0.2,0.2,1,1,0,6,5,1,143.0,2,0.0,0.1111111111111111,2634,379.0,0.14388489208633093
CA-2020-127369,DB-13060,2020-06-06,US,East,United States,Consumer,Medium,714.3000000000001,5,0.0,0.0,1,1,0,6,5,1,80.0,3,0.0,0.1,2635,379.0,0.14383043149129449
CA-2020-160717,ME-17320,2020-06-06,US,West,United States,Home Office,Medium,3528.4880000000003,14,0.13333333333333333,0.2,3,1,0,6,5,1,63.0,4,0.0,0.09090909090909091,2636,379.0,0.14377601210745364
US-2020-155971,RB-19795,2020-06-06,US,West,United States,Home Office,Medium,121.95,12,0.0,0.0,2,1,0,6,5,1,52.0,3,0.0,0.1,2637,379.0,0.1437216338880484
US-2020-167472,CK-12595,2020-06-06,US,South,United States,Consumer,Medium,678.87,23,0.0,0.0,7,2,0,6,5,1,59.0,5,0.0,0.08333333333333333,2638,379.0,0.14366729678638943
CA-2020-103163,FM-14290,2020-06-07,US,West,United States,Home Office,Medium,9.514000000000001,2,0.1,0.2,2,1,0,6,6,1,427.0,2,0.0,0.1111111111111111,2639,379.0,0.1436130007558579
CA-2020-107475,RS-19870,2020-06-07,US,East,United States,Home Office,Medium,9.648,6,0.2,0.2,1,1,0,6,6,1,9999.0,0,0.0,0.14285714285714285,2640,379.0,0.14355874574990554
CA-2020-120558,RD-19810,2020-06-07,US,East,United States,Home Office,Medium,32.400000000000006,5,0.0,0.0,1,1,0,6,6,1,115.0,2,0.0,0.1111111111111111,2641,379.0,0.14350453172205438
CA-2020-122448,DB-13210,2020-06-09,US,West,United States,Consumer,Medium,122.352,3,0.2,0.2,1,1,0,6,1,0,20.0,5,3.0,0.3333333333333333,2642,379.0,0.14345035862589656
CA-2020-147368,TC-21295,2020-06-09,US,South,United States,Consumer,Medium,695.7,2,0.5,0.5,1,1,0,6,1,0,537.0,2,1.0,0.2222222222222222,2643,379.0,0.14339622641509434
CA-2020-154662,BF-11215,2020-06-09,US,Central,United States,Home Office,Medium,692.9399999999999,3,0.0,0.0,1,1,0,6,1,0,578.0,1,0.0,0.125,2644,379.0,0.14334213504337986
US-2020-139710,GM-14680,2020-06-09,US,West,United States,Consumer,Medium,177.48000000000002,3,0.2,0.2,1,1,0,6,1,0,668.0,4,3.0,0.36363636363636365,2645,379.0,0.14328808446455504
CA-2020-113243,OT-18730,2020-06-10,US,West,United States,Consumer,Medium,1388.78,11,0.06666666666666667,0.2,3,2,0,6,2,0,417.0,1,0.0,0.125,2646,379.0,0.14323407463249152
CA-2020-121993,JB-16000,2020-06-10,US,East,United States,Consumer,Medium,23.616,8,0.2,0.2,1,1,0,6,2,0,152.0,1,0.0,0.125,2647,379.0,0.14318010550113036
CA-2020-118745,SV-20365,2020-06-11,US,West,United States,Consumer,Medium,902.712,3,0.2,0.2,1,1,0,6,3,0,501.0,3,0.0,0.1,2648,379.0,0.1431261770244821
CA-2020-127775,ES-14020,2020-06-11,US,East,United States,Consumer,Medium,239.96999999999997,3,0.0,0.0,1,1,0,6,3,0,418.0,2,0.0,0.1111111111111111,2649,379.0,0.1430722891566265
CA-2020-142405,SE-20110,2020-06-11,US,West,United States,Consumer,Medium,458.574,19,0.06666666666666667,0.2,3,2,0,6,3,0,130.0,5,0.0,0.08333333333333333,2650,379.0,0.14301844185171245
CA-2020-169922,MZ-17515,2020-06-11,US,Central,United States,Corporate,Medium,22.16,15,0.7333333333333334,0.8,3,2,0,6,3,0,224.0,4,0.0,0.09090909090909091,2651,379.0,0.14296463506395787
CA-2020-103730,SC-20725,2020-06-12,US,East,United States,Consumer,Medium,487.5,29,0.0,0.0,5,3,0,6,4,0,134.0,7,1.0,0.14285714285714285,2652,379.0,0.1429108687476495
CA-2020-104633,EA-14035,2020-06-12,US,West,United States,Corporate,Medium,198.84,8,0.0,0.0,2,1,0,6,4,0,112.0,11,5.0,0.3333333333333333,2653,379.0,0.14285714285714285
CA-2020-120824,AW-10930,2020-06-12,US,Central,United States,Home Office,Medium,546.616,30,0.4428571428571429,0.8,7,2,0,6,4,0,212.0,2,0.0,0.1111111111111111,2654,379.0,0.1428034573468621
CA-2020-127208,SC-20770,2020-06-12,US,South,United States,Corporate,Medium,224.9,4,0.0,0.0,2,1,0,6,4,0,91.0,2,0.0,0.1111111111111111,2655,379.0,0.14274981217129978
CA-2020-138688,DV-13045,2020-06-12,US,West,United States,Corporate,Medium,14.62,2,0.0,0.0,1,1,0,6,4,0,9999.0,0,0.0,0.14285714285714285,2656,379.0,0.1426962072850169
CA-2020-139941,CB-12415,2020-06-12,US,East,United States,Consumer,Medium,145.5,6,0.0,0.0,2,1,0,6,4,0,40.0,3,0.0,0.1,2657,379.0,0.14264264264264265
CA-2020-147375,PO-19180,2020-06-12,US,Central,United States,Home Office,Medium,1321.467,10,0.25,0.3,2,2,1,6,4,0,209.0,3,0.0,0.1,2658,379.0,0.1425891181988743
CA-2020-147375,PO-19180,2020-06-12,US,Central,United States,Home Office,Medium,1321.467,10,0.25,0.3,2,2,1,6,4,0,0.0,4,1.0,0.18181818181818182,2659,380.0,0.14291072768192048
CA-2020-164035,CR-12730,2020-06-12,US,Central,United States,Consumer,Medium,23.120000000000005,5,0.2,0.2,1,1,0,6,4,0,662.0,1,0.0,0.125,2660,381.0,0.1432320959880015
CA-2020-126795,GT-14710,2020-06-13,US,East,United States,Consumer,Medium,33.568000000000005,2,0.2,0.2,1,1,0,6,5,1,115.0,5,0.0,0.08333333333333333,2661,381.0,0.1431784107946027
CA-2020-136287,SS-20590,2020-06-13,US,Central,United States,Consumer,Medium,18.9,3,0.0,0.0,1,1,0,6,5,1,35.0,3,0.0,0.1,2662,381.0,0.14312476582989883
CA-2020-155005,SC-20050,2020-06-13,US,Central,United States,Home Office,Medium,377.96999999999997,3,0.0,0.0,1,1,0,6,5,1,134.0,3,0.0,0.1,2663,381.0,0.14307116104868914
CA-2020-107216,PV-18985,2020-06-14,US,West,United States,Home Office,Medium,53.7,11,0.0,0.0,4,3,0,6,6,1,113.0,2,0.0,0.1111111111111111,2664,381.0,0.1430175964058405
CA-2020-128223,EB-13705,2020-06-14,US,West,United States,Corporate,Medium,1293.4879999999998,7,0.2,0.2,1,1,0,6,6,1,99.0,5,0.0,0.08333333333333333,2665,381.0,0.14296407185628743
CA-2020-132304,AR-10825,2020-06-14,US,West,United States,Corporate,Medium,1115.17,7,0.0,0.0,1,1,0,6,6,1,464.0,2,0.0,0.1111111111111111,2666,381.0,0.1429105873550318
CA-2020-133872,VM-21835,2020-06-14,US,South,United States,Consumer,Medium,58.400000000000006,6,0.44999999999999996,0.7,2,2,0,6,6,1,33.0,3,0.0,0.1,2667,381.0,0.14285714285714285
CA-2020-155747,JS-15685,2020-06-14,US,East,United States,Corporate,Medium,337.176,2,0.4,0.4,1,1,0,6,6,1,9999.0,0,0.0,0.14285714285714285,2668,381.0,0.142803738317757
US-2020-108497,MH-17290,2020-06-14,US,West,United States,Home Office,Medium,599.165,5,0.15,0.15,1,1,0,6,6,1,269.0,3,2.0,0.3,2669,381.0,0.14275037369207771
CA-2020-152765,LS-17245,2020-06-15,US,Central,United States,Consumer,Medium,173.48800000000003,7,0.2,0.2,1,1,0,6,0,0,19.0,4,0.0,0.09090909090909091,2670,381.0,0.1426970489353754
CA-2020-137127,JJ-15445,2020-06-16,US,East,United States,Consumer,Medium,9.45,3,0.0,0.0,1,1,0,6,1,0,262.0,3,0.0,0.1,2671,381.0,0.1426437640029873
CA-2020-140977,JL-15175,2020-06-16,US,South,United States,Home Office,Medium,91.475,1,0.5,0.5,1,1,0,6,1,0,528.0,2,0.0,0.1111111111111111,2672,381.0,0.1425905188503173
CA-2020-148593,BD-11320,2020-06-16,US,West,United States,Consumer,Medium,46.349999999999994,5,0.0,0.0,1,1,0,6,1,0,62.0,3,0.0,0.1,2673,381.0,0.14253731343283582
CA-2020-107146,LC-16885,2020-06-17,US,West,United States,Consumer,Medium,749.488,7,0.2,0.2,2,1,0,6,2,0,189.0,7,2.0,0.21428571428571427,2674,381.0,0.1424841477060798
CA-2020-111682,TB-21055,2020-06-17,US,East,United States,Consumer,Medium,655.09,25,0.042857142857142864,0.2,7,3,1,6,2,0,9999.0,0,0.0,0.14285714285714285,2675,381.0,0.1424310216256525
CA-2020-111682,TB-21055,2020-06-17,US,East,United States,Consumer,Medium,655.09,25,0.042857142857142864,0.2,7,3,1,6,2,0,0.0,1,1.0,0.25,2676,382.0,0.1427506522549385
CA-2020-111682,TB-21055,2020-06-17,US,East,United States,Consumer,Medium,655.09,25,0.042857142857142864,0.2,7,3,1,6,2,0,0.0,2,2.0,0.3333333333333333,2677,383.0,0.14307004470938897
CA-2020-111682,TB-21055,2020-06-17,US,East,United States,Consumer,Medium,655.09,25,0.042857142857142864,0.2,7,3,1,6,2,0,0.0,3,3.0,0.4,2678,384.0,0.14338919925512103
CA-2020-111682,TB-21055,2020-06-17,US,East,United States,Consumer,Medium,655.09,25,0.042857142857142864,0.2,7,3,1,6,2,0,0.0,4,4.0,0.45454545454545453,2679,385.0,0.14370811615785556
CA-2020-111682,TB-21055,2020-06-17,US,East,United States,Consumer,Medium,655.09,25,0.042857142857142864,0.2,7,3,1,6,2,0,0.0,5,5.0,0.5,2680,386.0,0.14402679568291776
CA-2020-111682,TB-21055,2020-06-17,US,East,United States,Consumer,Medium,655.09,25,0.042857142857142864,0.2,7,3,1,6,2,0,0.0,6,6.0,0.5384615384615384,2681,387.0,0.14434523809523808
CA-2020-123512,MV-18190,2020-06-17,US,West,United States,Consumer,Medium,482.006,12,0.049999999999999996,0.15,3,2,0,6,2,0,343.0,3,0.0,0.1,2682,388.0,0.1446634436593529
CA-2020-129861,DM-13345,2020-06-17,US,East,United States,Corporate,Medium,376.866,3,0.4,0.4,1,1,0,6,2,0,428.0,3,0.0,0.1,2683,388.0,0.1446096654275093
CA-2020-133613,CP-12340,2020-06-17,US,East,United States,Corporate,Medium,584.77,8,0.0,0.0,3,2,0,6,2,0,14.0,4,0.0,0.09090909090909091,2684,388.0,0.14455592716462282
CA-2020-145842,FM-14380,2020-06-17,US,East,United States,Consumer,Medium,40.74,3,0.0,0.0,1,1,0,6,2,0,124.0,4,0.0,0.09090909090909091,2685,388.0,0.14450222882615155
CA-2020-159345,IG-15085,2020-06-17,US,West,United States,Consumer,Medium,111.96,2,0.0,0.0,1,1,1,6,2,0,435.0,2,0.0,0.1111111111111111,2686,388.0,0.14444857036761977
CA-2020-131744,SC-20770,2020-06-18,US,East,United States,Corporate,Medium,465.074,7,0.3666666666666667,0.7,3,1,0,6,3,0,6.0,3,0.0,0.1,2687,389.0,0.1447661469933185
US-2020-163461,BT-11440,2020-06-18,US,Central,United States,Consumer,Medium,76.864,2,0.2,0.2,1,1,0,6,3,0,91.0,3,0.0,0.1,2688,389.0,0.14471243042671614
CA-2020-105760,KC-16255,2020-06-19,US,West,United States,Corporate,Medium,17.12,2,0.0,0.0,1,1,0,6,4,0,17.0,4,0.0,0.09090909090909091,2689,389.0,0.1446587537091988
CA-2020-108581,EA-14035,2020-06-20,US,Central,United States,Corporate,Medium,106.33600000000001,6,0.2,0.2,2,2,0,6,5,1,8.0,12,5.0,0.3157894736842105,2690,389.0,0.1446051167964405
CA-2020-140081,CG-12040,2020-06-20,US,East,United States,Home Office,Medium,538.022,19,0.325,0.7,4,1,0,6,5,1,385.0,1,0.0,0.125,2691,389.0,0.14455151964418086
CA-2020-141397,RC-19825,2020-06-20,US,West,United States,Consumer,Medium,409.76,17,0.08,0.2,5,2,0,6,5,1,14.0,3,0.0,0.1,2692,389.0,0.14449796220822528
CA-2020-149965,BS-11365,2020-06-20,US,Central,United States,Corporate,Medium,64.59,4,0.0,0.0,2,2,0,6,5,1,65.0,4,0.0,0.09090909090909091,2693,389.0,0.14444444444444443
CA-2020-152534,DP-13105,2020-06-20,US,West,United States,Corporate,Medium,44.040000000000006,8,0.0,0.0,2,1,0,6,5,1,303.0,1,0.0,0.125,2694,389.0,0.14439096630877452
CA-2020-169194,LH-16900,2020-06-20,US,East,United States,Consumer,Medium,66.8,5,0.0,0.0,2,1,0,6,5,1,178.0,6,2.0,0.23076923076923078,2695,389.0,0.14433752775721687
CA-2020-119865,AS-10090,2020-06-21,US,East,United States,Consumer,Medium,576.2719999999999,13,0.20000000000000004,0.2,3,2,0,6,6,1,50.0,4,0.0,0.09090909090909091,2696,389.0,0.14428412874583796
CA-2020-168361,KB-16600,2020-06-21,US,Central,United States,Corporate,Medium,0.8359999999999997,1,0.8,0.8,1,1,0,6,6,1,16.0,3,0.0,0.1,2697,389.0,0.14423076923076922
CA-2020-140382,RD-19900,2020-06-23,US,West,United States,Consumer,Medium,997.9340000000001,15,0.05,0.2,4,2,0,6,1,0,394.0,5,0.0,0.08333333333333333,2698,389.0,0.14417744916820702
CA-2020-140501,IM-15070,2020-06-23,US,East,United States,Consumer,Medium,616.1600000000001,19,0.0,0.0,5,1,0,6,1,0,195.0,4,0.0,0.09090909090909091,2699,389.0,0.14412416851441243
US-2020-142685,MG-17695,2020-06-23,US,East,United States,Consumer,Medium,835.1700000000001,7,0.0,0.0,1,1,0,6,1,0,381.0,2,0.0,0.1111111111111111,2700,389.0,0.14407092722571113
US-2020-154256,SM-20005,2020-06-23,US,East,United States,Consumer,Medium,25.83,7,0.0,0.0,1,1,0,6,1,0,561.0,2,0.0,0.1111111111111111,2701,389.0,0.14401772525849335
CA-2020-100300,MJ-17740,2020-06-24,US,West,United States,Consumer,Medium,4823.09,8,0.06666666666666667,0.2,3,2,0,6,2,0,62.0,2,0.0,0.1111111111111111,2702,389.0,0.14396456256921372
CA-2020-101987,HL-15040,2020-06-24,US,Central,United States,Consumer,Medium,440.91,9,0.0,0.0,1,1,0,6,2,0,774.0,2,0.0,0.1111111111111111,2703,389.0,0.14391143911439114
CA-2020-130680,BD-11320,2020-06-24,US,West,United States,Consumer,Medium,38.24,4,0.2,0.2,1,1,1,6,2,0,8.0,4,0.0,0.09090909090909091,2704,389.0,0.14385835485060863
CA-2020-166240,DH-13075,2020-06-24,US,Central,United States,Corporate,Medium,8.711999999999998,2,0.8,0.8,1,1,0,6,2,0,377.0,4,0.0,0.09090909090909091,2705,390.0,0.1441740412979351
CA-2020-101693,LC-17140,2020-06-25,US,Central,United States,Consumer,Medium,117.958,4,0.44999999999999996,0.6,2,1,0,6,3,0,78.0,5,4.0,0.4166666666666667,2706,390.0,0.1441208993733874
CA-2020-118913,AS-10240,2020-06-25,US,West,United States,Consumer,Medium,60.81,3,0.0,0.0,1,1,0,6,3,0,79.0,5,0.0,0.08333333333333333,2707,390.0,0.1440677966101695
US-2020-152051,TS-21160,2020-06-25,US,East,United States,Corporate,Medium,714.4979999999999,13,0.39999999999999997,0.7,3,2,1,6,3,0,114.0,6,3.0,0.3076923076923077,2708,390.0,0.14401473296500922
US-2020-152051,TS-21160,2020-06-25,US,East,United States,Corporate,Medium,714.4979999999999,13,0.39999999999999997,0.7,3,2,1,6,3,0,0.0,7,4.0,0.35714285714285715,2709,391.0,0.14432989690721648
US-2020-152051,TS-21160,2020-06-25,US,East,United States,Corporate,Medium,714.4979999999999,13,0.39999999999999997,0.7,3,2,1,6,3,0,0.0,8,5.0,0.4,2710,392.0,0.14464482885535518
CA-2020-100790,JG-15805,2020-06-26,US,East,United States,Corporate,Medium,718.95,10,0.0,0.0,2,1,0,6,4,0,223.0,4,1.0,0.18181818181818182,2711,393.0,0.14495952906548934
CA-2020-102127,VP-21760,2020-06-26,US,East,United States,Corporate,Medium,198.67000000000002,10,0.0,0.0,3,2,0,6,4,0,224.0,5,0.0,0.08333333333333333,2712,393.0,0.1449062155204119
CA-2020-114951,DN-13690,2020-06-26,US,West,United States,Consumer,Medium,22.14,3,0.0,0.0,1,1,0,6,4,0,66.0,6,3.0,0.3076923076923077,2713,393.0,0.1448529411764706
CA-2020-118101,SN-20560,2020-06-26,US,Central,United States,Home Office,Medium,547.97,14,0.0,0.0,3,1,0,6,4,0,219.0,3,0.0,0.1,2714,393.0,0.1447997059904447
CA-2020-119445,GM-14500,2020-06-26,US,East,United States,Consumer,Medium,14.9,5,0.0,0.0,1,1,0,6,4,0,47.0,6,0.0,0.07692307692307693,2715,393.0,0.14474650991917706
CA-2020-144015,AH-10075,2020-06-26,US,West,United States,Corporate,Medium,262.1,9,0.0,0.0,3,1,0,6,4,0,188.0,2,0.0,0.1111111111111111,2716,393.0,0.144693352919574
CA-2020-152331,LD-16855,2020-06-26,US,Central,United States,Corporate,Medium,5.304,3,0.2,0.2,1,1,0,6,4,0,9999.0,0,0.0,0.14285714285714285,2717,393.0,0.144640234948605
CA-2020-160234,PF-19225,2020-06-26,US,South,United States,Consumer,Medium,135.95,1,0.0,0.0,1,1,0,6,4,0,9999.0,0,0.0,0.14285714285714285,2718,393.0,0.14458715596330277
US-2020-158708,AB-10255,2020-06-26,US,Central,United States,Home Office,Medium,13.616,2,0.2,0.2,1,1,0,6,4,0,206.0,3,0.0,0.1,2719,393.0,0.144534115920763
CA-2020-153577,KH-16330,2020-06-27,US,Central,United States,Corporate,Medium,577.1220000000001,10,0.25,0.3,2,2,0,6,5,1,585.0,3,0.0,0.1,2720,393.0,0.1444811147781445
CA-2020-161928,AC-10660,2020-06-27,US,West,United States,Consumer,Medium,201.584,2,0.2,0.2,1,1,0,6,5,1,102.0,2,0.0,0.1111111111111111,2721,393.0,0.14442815249266863
CA-2020-110044,RF-19735,2020-06-28,US,Central,United States,Consumer,Medium,359.97600000000006,3,0.2,0.2,1,1,0,6,6,1,346.0,3,0.0,0.1,2722,393.0,0.14437522902161964
CA-2020-154767,BP-11155,2020-06-28,US,East,United States,Consumer,Medium,475.86,12,0.0,0.0,5,2,0,6,6,1,390.0,1,0.0,0.125,2723,393.0,0.1443223443223443
CA-2020-161095,CS-12250,2020-06-28,US,West,United States,Corporate,Medium,41.32000000000001,5,0.2,0.2,2,1,0,6,6,1,221.0,6,0.0,0.07692307692307693,2724,393.0,0.14426949835225192
CA-2020-140543,Co-12640,2020-06-29,US,South,United States,Consumer,Medium,191.88,6,0.0,0.0,1,1,0,6,0,0,332.0,4,0.0,0.09090909090909091,2725,393.0,0.14421669106881405
CA-2020-135594,AH-10120,2020-06-30,US,Central,United States,Home Office,Medium,50.120000000000005,7,0.2,0.2,1,1,0,6,1,0,713.0,1,0.0,0.125,2726,393.0,0.14416392242956458
CA-2020-162355,PF-19165,2020-06-30,US,South,United States,Consumer,Medium,1302.83,10,0.0,0.0,2,2,0,6,1,0,278.0,3,0.0,0.1,2727,393.0,0.1441111923920995
CA-2020-139997,EM-14140,2020-07-01,US,West,United States,Home Office,Medium,1499.95,5,0.0,0.0,1,1,0,7,2,0,32.0,6,4.0,0.38461538461538464,2728,393.0,0.1440585009140768
CA-2020-152163,JF-15355,2020-07-01,US,South,United States,Consumer,Medium,85.5,6,0.0,0.0,3,1,0,7,2,0,252.0,1,0.0,0.125,2729,393.0,0.1440058479532164
US-2020-126431,SU-20665,2020-07-01,US,East,United States,Home Office,Medium,136.43,13,0.0,0.0,3,2,0,7,2,0,209.0,1,0.0,0.125,2730,393.0,0.14395323346729996
US-2020-158680,NZ-18565,2020-07-01,US,West,United States,Home Office,Medium,2.4960000000000004,1,0.2,0.2,1,1,0,7,2,0,315.0,5,4.0,0.4166666666666667,2731,393.0,0.14390065741417093
CA-2020-101469,KH-16360,2020-07-02,US,South,United States,Consumer,Medium,7.7,2,0.0,0.0,1,1,0,7,3,0,773.0,2,0.0,0.1111111111111111,2732,393.0,0.1438481197517342
CA-2020-102813,EA-14035,2020-07-02,US,Central,United States,Corporate,Medium,569.9019999999999,13,0.25,0.3,2,2,0,7,3,0,12.0,13,5.0,0.3,2733,393.0,0.1437956204379562
CA-2020-149314,GB-14530,2020-07-02,US,West,United States,Corporate,Medium,195.184,1,0.2,0.2,1,1,0,7,3,0,55.0,6,0.0,0.07692307692307693,2734,393.0,0.14374315943086466
CA-2020-104983,FM-14215,2020-07-03,US,East,United States,Corporate,Medium,123.92000000000002,5,0.2,0.2,1,1,0,7,4,0,52.0,4,0.0,0.09090909090909091,2735,393.0,0.1436907366885485
CA-2020-130029,GT-14755,2020-07-03,US,West,United States,Consumer,Medium,16.92,4,0.0,0.0,2,1,0,7,4,0,501.0,1,0.0,0.125,2736,393.0,0.14363835216915785
CA-2020-168543,DK-13225,2020-07-03,US,East,United States,Corporate,Medium,706.86,7,0.0,0.0,1,1,0,7,4,0,113.0,4,0.0,0.09090909090909091,2737,393.0,0.14358600583090378
CA-2020-103107,RB-19465,2020-07-04,US,West,United States,Home Office,Medium,274.856,11,0.13333333333333333,0.2,3,2,0,7,5,1,45.0,6,2.0,0.23076923076923078,2738,393.0,0.14353369763205828
CA-2020-147137,AA-10645,2020-07-04,US,West,United States,Consumer,Medium,1376.445,16,0.0375,0.15,4,2,0,7,5,1,230.0,3,0.0,0.1,2739,393.0,0.1434814275309541
CA-2020-100965,RM-19375,2020-07-07,US,West,United States,Consumer,Medium,215.65,5,0.0,0.0,1,1,0,7,1,0,90.0,4,0.0,0.09090909090909091,2740,393.0,0.1434291954859847
CA-2020-106397,MJ-17740,2020-07-07,US,West,United States,Consumer,Medium,58.94,4,0.0,0.0,2,1,0,7,1,0,13.0,3,0.0,0.1,2741,393.0,0.1433770014556041
CA-2020-114713,SC-20695,2020-07-07,US,South,United States,Corporate,Medium,45.584,7,0.2,0.2,1,1,0,7,1,0,240.0,3,0.0,0.1,2742,393.0,0.14332484539832666
CA-2020-129308,CC-12100,2020-07-07,US,East,United States,Home Office,Medium,85.209,13,0.5,0.7,4,2,0,7,1,0,313.0,4,0.0,0.09090909090909091,2743,393.0,0.14327272727272727
CA-2020-135265,CC-12370,2020-07-07,US,West,United States,Consumer,Medium,3136.8680000000004,10,0.13333333333333333,0.2,3,3,0,7,1,0,45.0,1,0.0,0.125,2744,393.0,0.14322064703744092
CA-2020-159940,BF-11020,2020-07-07,US,Central,United States,Corporate,Medium,339.97999999999996,20,0.325,0.6,4,2,0,7,1,0,251.0,2,0.0,0.1111111111111111,2745,393.0,0.1431686046511628
CA-2020-112109,JE-15715,2020-07-08,US,West,United States,Consumer,Medium,725.072,16,0.44999999999999996,0.7,4,2,0,7,2,0,259.0,3,0.0,0.1,2746,393.0,0.143116600072648
CA-2020-152471,ZD-21925,2020-07-08,US,South,United States,Consumer,Medium,839.9440000000002,7,0.2,0.2,2,2,0,7,2,0,64.0,5,3.0,0.3333333333333333,2747,393.0,0.1430646332607117
CA-2020-152520,TH-21115,2020-07-08,US,East,United States,Corporate,Medium,12.96,2,0.0,0.0,1,1,0,7,2,0,81.0,2,0.0,0.1111111111111111,2748,393.0,0.14301270417422868
CA-2020-155474,CC-12220,2020-07-08,US,West,United States,Consumer,Medium,127.28,4,0.2,0.2,2,2,0,7,2,0,102.0,6,0.0,0.07692307692307693,2749,393.0,0.14296081277213352
CA-2020-156685,SC-20230,2020-07-08,US,Central,United States,Corporate,Medium,911.2560000000001,12,0.2,0.2,2,2,0,7,2,0,32.0,1,0.0,0.125,2750,393.0,0.14290895901342038
CA-2020-136329,JD-15895,2020-07-09,US,East,United States,Corporate,Medium,573.286,6,0.05,0.1,2,1,0,7,3,0,166.0,5,0.0,0.08333333333333333,2751,393.0,0.14285714285714285
CA-2020-126613,AA-10375,2020-07-10,US,West,United States,Consumer,Medium,16.768,2,0.2,0.2,1,1,0,7,4,0,240.0,5,0.0,0.08333333333333333,2752,393.0,0.14280536426241391
CA-2020-134222,NZ-18565,2020-07-10,US,West,United States,Home Office,Medium,44.85600000000001,6,0.7,0.7,1,1,0,7,4,0,9.0,6,4.0,0.38461538461538464,2753,393.0,0.1427536231884058
CA-2020-164924,EA-14035,2020-07-10,US,East,United States,Corporate,Medium,341.99100000000004,3,0.7,0.7,1,1,0,7,4,0,8.0,14,5.0,0.2857142857142857,2754,393.0,0.14270191959434989
US-2020-131149,LH-17155,2020-07-10,US,Central,United States,Consumer,Medium,492.28000000000003,7,0.2,0.2,2,1,1,7,4,0,50.0,4,0.0,0.09090909090909091,2755,393.0,0.14265025343953658
US-2020-131149,LH-17155,2020-07-10,US,Central,United States,Consumer,Medium,492.28000000000003,7,0.2,0.2,2,1,1,7,4,0,0.0,5,1.0,0.16666666666666666,2756,394.0,0.1429605501266739
CA-2020-103891,KH-16690,2020-07-12,US,West,United States,Corporate,Medium,95.76,6,0.2,0.2,1,1,0,7,6,1,218.0,4,0.0,0.09090909090909091,2757,395.0,0.14327062228654125
CA-2020-101378,RH-19600,2020-07-14,US,South,United States,Consumer,Medium,29.0,2,0.0,0.0,1,1,0,7,1,0,249.0,2,0.0,0.1111111111111111,2758,395.0,0.14321880650994576
CA-2020-101966,BM-11785,2020-07-14,US,Central,United States,Consumer,Medium,419.94399999999996,7,0.2,0.2,1,1,0,7,1,0,89.0,7,0.0,0.07142857142857142,2759,395.0,0.14316702819956617
CA-2020-109953,RB-19360,2020-07-14,US,West,United States,Consumer,Medium,292.796,14,0.06666666666666667,0.2,3,3,0,7,1,0,46.0,2,0.0,0.1111111111111111,2760,395.0,0.14311528731478135
CA-2020-115483,JS-15880,2020-07-14,US,Central,United States,Consumer,Medium,219.84000000000003,5,0.2,0.2,1,1,0,7,1,0,122.0,5,2.0,0.25,2761,395.0,0.1430635838150289
CA-2020-117282,DR-12880,2020-07-14,US,East,United States,Corporate,Medium,14.16,2,0.2,0.2,1,1,0,7,1,0,112.0,3,0.0,0.1,2762,395.0,0.14301191765980498
CA-2020-120180,TP-21130,2020-07-14,US,East,United States,Consumer,Medium,11.632,2,0.2,0.2,1,1,0,7,1,0,298.0,2,0.0,0.1111111111111111,2763,395.0,0.14296028880866427
CA-2020-136924,ES-14080,2020-07-14,US,West,United States,Corporate,Medium,380.86400000000003,8,0.2,0.2,1,1,1,7,1,0,98.0,4,2.0,0.2727272727272727,2764,395.0,0.14290869722121977
CA-2020-137050,SW-20755,2020-07-14,US,East,United States,Corporate,Medium,663.9639999999999,24,0.10000000000000002,0.2,6,2,0,7,1,0,620.0,2,2.0,0.3333333333333333,2765,396.0,0.14321789321789322
CA-2020-157588,AR-10570,2020-07-14,US,South,United States,Consumer,Medium,88.15,6,0.0,0.0,2,2,0,7,1,0,9999.0,0,0.0,0.14285714285714285,2766,396.0,0.143166245943022
CA-2020-169215,RE-19450,2020-07-14,US,East,United States,Consumer,Medium,29.61,9,0.0,0.0,1,1,0,7,1,0,200.0,3,0.0,0.1,2767,396.0,0.14311463590483056
CA-2020-122322,RH-19510,2020-07-15,US,West,United States,Home Office,Medium,44.400000000000006,5,0.0,0.0,1,1,0,7,2,0,127.0,4,0.0,0.09090909090909091,2768,396.0,0.14306306306306307
US-2020-168095,MC-17425,2020-07-15,US,West,United States,Corporate,Medium,335.8,8,0.2,0.2,2,2,0,7,2,0,230.0,2,0.0,0.1111111111111111,2769,396.0,0.14301152737752162
CA-2020-130050,MC-17425,2020-07-16,US,Central,United States,Corporate,Medium,9.552,3,0.6,0.6,1,1,0,7,3,0,1.0,3,0.0,0.1,2770,396.0,0.14296002880806627
CA-2020-157000,AM-10360,2020-07-16,US,Central,United States,Corporate,Medium,57.24000000000001,6,0.2,0.2,2,1,0,7,3,0,481.0,2,0.0,0.1111111111111111,2771,396.0,0.14290856731461482
CA-2020-157161,JD-15895,2020-07-16,US,South,United States,Corporate,Medium,199.18,26,0.0,0.0,6,2,0,7,3,0,7.0,6,0.0,0.07692307692307693,2772,396.0,0.14285714285714285
US-2020-100720,CK-12205,2020-07-16,US,East,United States,Consumer,Medium,644.198,9,0.3333333333333333,0.4,3,2,0,7,3,0,41.0,6,0.0,0.07692307692307693,2773,396.0,0.14280575539568346
CA-2020-101343,RA-19885,2020-07-17,US,West,United States,Corporate,Medium,77.88,2,0.0,0.0,1,1,0,7,4,0,343.0,3,0.0,0.1,2774,396.0,0.14275440489032723
CA-2020-116603,AT-10735,2020-07-17,US,East,United States,Consumer,Medium,45.96,2,0.0,0.0,1,1,0,7,4,0,48.0,4,0.0,0.09090909090909091,2775,396.0,0.14270309130122213
CA-2020-121671,AA-10480,2020-07-17,US,Central,United States,Consumer,Medium,589.52,16,0.0,0.0,5,1,0,7,4,0,805.0,1,0.0,0.125,2776,396.0,0.14265181458857348
CA-2020-131835,MC-17590,2020-07-17,US,East,United States,Corporate,Medium,815.12,6,0.0,0.0,3,2,0,7,4,0,600.0,2,0.0,0.1111111111111111,2777,396.0,0.14260057471264367
US-2020-139087,DK-13375,2020-07-17,US,West,United States,Consumer,Medium,656.4,25,0.05714285714285715,0.2,7,3,0,7,4,0,218.0,3,0.0,0.1,2778,396.0,0.14254937163375225
CA-2020-102561,NK-18490,2020-07-18,US,East,United States,Home Office,Medium,313.84000000000003,22,0.20000000000000004,0.2,3,1,0,7,5,1,417.0,1,0.0,0.125,2779,396.0,0.14249820531227567
CA-2020-114727,LS-16945,2020-07-18,US,West,United States,Corporate,Medium,2331.84,14,0.3,0.7,5,2,1,7,5,1,450.0,1,0.0,0.125,2780,396.0,0.14244707570864729
CA-2020-114727,LS-16945,2020-07-18,US,West,United States,Corporate,Medium,2331.84,14,0.3,0.7,5,2,1,7,5,1,0.0,2,1.0,0.2222222222222222,2781,397.0,0.14275466284074606
CA-2020-114727,LS-16945,2020-07-18,US,West,United States,Corporate,Medium,2331.84,14,0.3,0.7,5,2,1,7,5,1,0.0,3,2.0,0.3,2782,398.0,0.14306202940121907
CA-2020-114727,LS-16945,2020-07-18,US,West,United States,Corporate,Medium,2331.84,14,0.3,0.7,5,2,1,7,5,1,0.0,4,3.0,0.36363636363636365,2783,399.0,0.14336917562724014
CA-2020-114727,LS-16945,2020-07-18,US,West,United States,Corporate,Medium,2331.84,14,0.3,0.7,5,2,1,7,5,1,0.0,5,4.0,0.4166666666666667,2784,400.0,0.14367610175564313
CA-2020-124681,SV-20935,2020-07-18,US,Central,United States,Consumer,Medium,15.576,3,0.2,0.2,1,1,0,7,5,1,121.0,1,0.0,0.125,2785,401.0,0.14398280802292263
CA-2020-157763,KH-16330,2020-07-18,US,South,United States,Corporate,Medium,140.81,1,0.0,0.0,1,1,0,7,5,1,21.0,4,0.0,0.09090909090909091,2786,401.0,0.1439312567132116
CA-2020-161676,JP-15460,2020-07-18,US,West,United States,Corporate,Medium,33.8,5,0.2,0.2,1,1,0,7,5,1,290.0,4,3.0,0.36363636363636365,2787,401.0,0.14387974230493916
CA-2020-162110,NP-18670,2020-07-18,US,West,United States,Consumer,Medium,55.992,1,0.2,0.2,1,1,0,7,5,1,507.0,1,0.0,0.125,2788,401.0,0.1438282647584973
CA-2020-157217,TC-21535,2020-07-19,US,West,United States,Home Office,Medium,425.954,5,0.1,0.2,2,1,0,7,6,1,304.0,3,0.0,0.1,2789,401.0,0.14377682403433475
CA-2020-163776,JS-16030,2020-07-19,US,South,United States,Consumer,Medium,1110.5,24,0.0,0.0,6,2,0,7,6,1,873.0,1,0.0,0.125,2790,401.0,0.14372542009295675
CA-2020-137939,PJ-19015,2020-07-20,US,East,United States,Consumer,Medium,89.94999999999999,5,0.0,0.0,1,1,0,7,0,0,368.0,2,0.0,0.1111111111111111,2791,401.0,0.14367405289492494
CA-2020-141957,JG-15310,2020-07-21,US,East,United States,Corporate,Medium,195.92000000000002,12,0.325,0.7,4,1,0,7,1,0,52.0,2,0.0,0.1111111111111111,2792,401.0,0.14362272240085744
CA-2020-142895,BP-11290,2020-07-21,US,South,United States,Consumer,Medium,370.184,8,0.2,0.2,2,2,0,7,1,0,51.0,4,2.0,0.2727272727272727,2793,401.0,0.14357142857142857
CA-2020-146521,CC-12610,2020-07-21,US,East,United States,Corporate,Medium,1.9410000000000003,1,0.7,0.7,1,1,0,7,1,0,124.0,6,3.0,0.3076923076923077,2794,401.0,0.1435201713673688
CA-2020-160941,DK-12835,2020-07-21,US,West,United States,Corporate,Medium,423.05,6,0.0,0.0,2,1,0,7,1,0,118.0,5,0.0,0.08333333333333333,2795,401.0,0.14346895074946467
CA-2020-114307,MF-17665,2020-07-22,US,East,United States,Corporate,Medium,122.34,16,0.0,0.0,4,2,1,7,2,0,195.0,2,0.0,0.1111111111111111,2796,401.0,0.14341776667855868
CA-2020-114307,MF-17665,2020-07-22,US,East,United States,Corporate,Medium,122.34,16,0.0,0.0,4,2,1,7,2,0,0.0,3,1.0,0.2,2797,402.0,0.14372325249643367
CA-2020-114307,MF-17665,2020-07-22,US,East,United States,Corporate,Medium,122.34,16,0.0,0.0,4,2,1,7,2,0,0.0,4,2.0,0.2727272727272727,2798,403.0,0.14402852049910875
CA-2020-114307,MF-17665,2020-07-22,US,East,United States,Corporate,Medium,122.34,16,0.0,0.0,4,2,1,7,2,0,0.0,5,3.0,0.3333333333333333,2799,404.0,0.1443335709194583
CA-2020-122392,CJ-12010,2020-07-22,US,East,United States,Consumer,Medium,15.808000000000002,4,0.2,0.2,2,2,0,7,2,0,76.0,2,0.0,0.1111111111111111,2800,405.0,0.14463840399002495
CA-2020-140613,KN-16705,2020-07-22,US,West,United States,Home Office,Medium,86.19999999999999,5,0.0,0.0,1,1,0,7,2,0,278.0,6,3.0,0.3076923076923077,2801,405.0,0.14458689458689458
CA-2020-144855,DL-13495,2020-07-22,US,West,United States,Corporate,Medium,6.3,2,0.0,0.0,1,1,0,7,2,0,187.0,2,0.0,0.1111111111111111,2802,405.0,0.14453542185831256
US-2020-111290,DK-13375,2020-07-22,US,Central,United States,Consumer,Medium,1137.3999999999999,16,0.0,0.0,4,2,0,7,2,0,5.0,4,0.0,0.09090909090909091,2803,405.0,0.14448398576512456
CA-2020-111318,IL-15100,2020-07-23,US,Central,United States,Consumer,Medium,115.136,8,0.2,0.2,1,1,0,7,3,0,230.0,4,0.0,0.09090909090909091,2804,405.0,0.14443258626823194
CA-2020-112256,CK-12205,2020-07-23,US,Central,United States,Consumer,Medium,203.648,14,0.32,0.8,5,1,0,7,3,0,7.0,7,0.0,0.07142857142857142,2805,405.0,0.14438122332859174
CA-2020-162404,NF-18475,2020-07-23,US,Central,United States,Home Office,Medium,11.415999999999997,4,0.8,0.8,1,1,0,7,3,0,390.0,3,0.0,0.1,2806,405.0,0.14432989690721648
CA-2020-165316,JB-15400,2020-07-23,US,South,United States,Corporate,Medium,324.387,5,0.3,0.5,3,2,0,7,3,0,170.0,5,0.0,0.08333333333333333,2807,405.0,0.14427860696517414
CA-2020-102498,JG-15160,2020-07-24,US,South,United States,Consumer,Medium,73.2,5,0.0,0.0,1,1,0,7,4,0,218.0,4,0.0,0.09090909090909091,2808,405.0,0.14422735346358792
CA-2020-162943,DB-12970,2020-07-24,US,East,United States,Corporate,Medium,253.76399999999998,2,0.1,0.1,1,1,0,7,4,0,223.0,5,4.0,0.4166666666666667,2809,405.0,0.14417613636363635
CA-2020-103037,KH-16630,2020-07-25,US,Central,United States,Corporate,Medium,15.712000000000002,4,0.2,0.2,1,1,0,7,5,1,311.0,3,0.0,0.1,2810,405.0,0.14412495562655306
CA-2020-104157,MT-17815,2020-07-25,US,South,United States,Consumer,Medium,2503.47,14,0.0,0.0,3,2,0,7,5,1,228.0,2,0.0,0.1111111111111111,2811,405.0,0.1440738112136267
CA-2020-111115,LB-16735,2020-07-25,US,West,United States,Consumer,Medium,21.48,6,0.0,0.0,1,1,0,7,5,1,9999.0,0,0.0,0.14285714285714285,2812,405.0,0.14402270308620077
CA-2020-115525,RR-19525,2020-07-25,US,East,United States,Corporate,Medium,243.88000000000002,5,0.2,0.2,1,1,0,7,5,1,148.0,7,4.0,0.35714285714285715,2813,405.0,0.14397163120567377
CA-2020-126158,SC-20095,2020-07-25,US,West,United States,Consumer,Medium,686.244,23,0.1,0.2,4,2,0,7,5,1,70.0,11,6.0,0.3888888888888889,2814,405.0,0.14392059553349876
CA-2020-128307,BE-11335,2020-07-25,US,Central,United States,Home Office,Medium,20.936000000000003,1,0.2,0.2,1,1,0,7,5,1,192.0,1,0.0,0.125,2815,405.0,0.14386959603118354
CA-2020-147417,CB-12415,2020-07-25,US,East,United States,Consumer,Medium,1439.9759999999999,4,0.4,0.4,1,1,0,7,5,1,43.0,4,0.0,0.09090909090909091,2816,405.0,0.14381863266029046
CA-2020-149335,BC-11125,2020-07-25,US,West,United States,Home Office,Medium,37.17,9,0.0,0.0,1,1,0,7,5,1,112.0,4,0.0,0.09090909090909091,2817,405.0,0.14376770538243627
CA-2020-149454,KM-16375,2020-07-25,US,South,United States,Home Office,Medium,10.44,1,0.0,0.0,1,1,0,7,5,1,232.0,4,0.0,0.09090909090909091,2818,405.0,0.14371681415929202
US-2020-115441,SH-19975,2020-07-25,US,Central,United States,Corporate,Medium,941.18,23,0.0,0.0,5,3,0,7,5,1,65.0,3,0.0,0.1,2819,405.0,0.14366595895258316
CA-2020-107783,OT-18730,2020-07-28,US,East,United States,Consumer,Medium,1556.6940000000002,14,0.4666666666666666,0.7,3,2,0,7,1,0,48.0,2,0.0,0.1111111111111111,2820,405.0,0.14361513972408915
CA-2020-140046,KM-16660,2020-07-28,US,West,United States,Consumer,Medium,18.9,3,0.0,0.0,1,1,0,7,1,0,231.0,2,0.0,0.1111111111111111,2821,405.0,0.14356435643564355
CA-2020-143924,SC-20680,2020-07-28,US,Central,United States,Home Office,Medium,130.36,9,0.0,0.0,2,1,0,7,1,0,308.0,2,0.0,0.1111111111111111,2822,405.0,0.14351360904913396
US-2020-105452,BF-11005,2020-07-28,US,Central,United States,Home Office,Medium,327.42,10,0.6,0.6,2,1,0,7,1,0,84.0,2,0.0,0.1111111111111111,2823,405.0,0.14346289752650176
CA-2020-116344,JO-15145,2020-07-29,US,East,United States,Corporate,Medium,84.784,2,0.2,0.2,1,1,0,7,2,0,203.0,5,0.0,0.08333333333333333,2824,405.0,0.14341222182974214
CA-2020-164574,RH-19555,2020-07-29,US,South,United States,Consumer,Medium,732.156,8,0.44999999999999996,0.7,2,1,0,7,2,0,238.0,1,0.0,0.125,2825,405.0,0.14336158192090395
US-2020-131891,PW-19240,2020-07-29,US,South,United States,Consumer,Medium,2.2140000000000004,3,0.7,0.7,1,1,0,7,2,0,239.0,5,0.0,0.08333333333333333,2826,405.0,0.14331097776208965
CA-2020-112025,LS-16975,2020-07-30,US,Central,United States,Home Office,Medium,9.263999999999998,3,0.8,0.8,1,1,0,7,3,0,289.0,4,0.0,0.09090909090909091,2827,405.0,0.1432604093154552
CA-2020-112585,RW-19630,2020-07-30,US,West,United States,Corporate,Medium,715.64,2,0.0,0.0,1,1,0,7,3,0,147.0,3,0.0,0.1,2828,405.0,0.14320987654320988
CA-2020-137743,KH-16360,2020-07-30,US,Central,United States,Consumer,Medium,1045.872,6,0.2,0.2,2,1,0,7,3,0,28.0,3,0.0,0.1,2829,405.0,0.14315937940761636
CA-2020-133550,KL-16645,2020-07-31,US,Central,United States,Consumer,Medium,1311.03,12,0.025,0.1,4,3,0,7,4,0,57.0,7,0.0,0.07142857142857142,2830,405.0,0.14310891787099048
CA-2020-144148,AH-10690,2020-07-31,US,West,United States,Corporate,Medium,863.128,7,0.2,0.2,1,1,0,7,4,0,62.0,13,7.0,0.4,2831,405.0,0.1430584918957012
CA-2020-132990,KM-16660,2020-08-01,US,East,United States,Consumer,Medium,19.312,2,0.2,0.2,1,1,0,8,5,1,4.0,3,0.0,0.1,2832,405.0,0.14300810144417048
CA-2020-144337,SG-20890,2020-08-01,US,Central,United States,Corporate,Medium,19.648,2,0.2,0.2,1,1,0,8,5,1,855.0,1,0.0,0.125,2833,405.0,0.14295774647887324
CA-2020-155978,TS-21205,2020-08-01,US,West,United States,Corporate,Medium,1085.688,4,0.1,0.2,2,2,0,8,5,1,601.0,5,0.0,0.08333333333333333,2834,405.0,0.14290742696233721
CA-2020-156265,BF-11020,2020-08-02,US,West,United States,Corporate,Medium,482.58400000000006,7,0.20000000000000004,0.2,3,3,0,8,6,1,26.0,3,0.0,0.1,2835,405.0,0.14285714285714285
CA-2020-104150,AG-10330,2020-08-03,US,Central,United States,Consumer,Medium,248.82,15,0.0,0.0,2,2,0,8,0,0,9999.0,0,0.0,0.14285714285714285,2836,405.0,0.14280689412592332
CA-2020-110254,ML-17755,2020-08-04,US,South,United States,Home Office,Medium,158.81,14,0.0,0.0,4,2,0,8,1,0,9999.0,0,0.0,0.14285714285714285,2837,405.0,0.14275668073136427
CA-2020-111913,LC-16930,2020-08-04,US,West,United States,Corporate,Medium,335.12,8,0.20000000000000004,0.2,3,2,0,8,1,0,75.0,2,0.0,0.1111111111111111,2838,405.0,0.14270650263620388
US-2020-128195,RA-19285,2020-08-04,US,Central,United States,Consumer,Medium,3.979999999999999,5,0.8,0.8,1,1,0,8,1,0,223.0,4,0.0,0.09090909090909091,2839,405.0,0.1426563598032326
US-2020-102232,MF-17665,2020-08-05,US,South,United States,Corporate,Medium,197.04999999999998,7,0.0,0.0,1,1,0,8,2,0,14.0,6,4.0,0.38461538461538464,2840,405.0,0.1426062521952933
CA-2020-105263,LM-17065,2020-08-06,US,East,United States,Consumer,Medium,38.339999999999996,9,0.0,0.0,1,1,0,8,3,0,232.0,3,0.0,0.1,2841,405.0,0.1425561797752809
CA-2020-151092,VG-21790,2020-08-06,US,West,United States,Consumer,Medium,211.168,4,0.2,0.2,1,1,0,8,3,0,621.0,2,0.0,0.1111111111111111,2842,405.0,0.14250614250614252
CA-2020-158869,AH-10690,2020-08-06,US,East,United States,Corporate,Medium,70.88,2,0.0,0.0,1,1,0,8,3,0,6.0,14,7.0,0.38095238095238093,2843,405.0,0.1424561403508772
CA-2020-148516,DW-13585,2020-08-07,US,West,United States,Corporate,Medium,179.97,3,0.0,0.0,1,1,0,8,4,0,406.0,2,0.0,0.1111111111111111,2844,405.0,0.14240617327253596
CA-2020-107328,CA-12055,2020-08-08,US,West,United States,Home Office,Medium,1016.184,13,0.13333333333333333,0.2,3,2,0,8,5,1,106.0,2,0.0,0.1111111111111111,2845,405.0,0.1423562412342216
CA-2020-121034,JF-15565,2020-08-08,US,Central,United States,Consumer,Medium,65.12,7,0.2,0.2,2,1,0,8,5,1,174.0,4,0.0,0.09090909090909091,2846,405.0,0.1423063441990887
CA-2020-130078,CC-12145,2020-08-08,US,Central,United States,Consumer,Medium,10.56,2,0.0,0.0,1,1,0,8,5,1,333.0,7,4.0,0.35714285714285715,2847,405.0,0.14225648213034336
CA-2020-169026,CM-12655,2020-08-08,US,South,United States,Home Office,Medium,23.34,3,0.0,0.0,1,1,0,8,5,1,279.0,2,0.0,0.1111111111111111,2848,405.0,0.14220665499124344
CA-2020-118934,GH-14410,2020-08-09,US,South,United States,Home Office,Medium,16.218000000000004,8,0.7,0.7,2,1,0,8,6,1,376.0,3,0.0,0.1,2849,405.0,0.14215686274509803
US-2020-113649,HA-14920,2020-08-09,US,South,United States,Consumer,Medium,645.136,15,0.20000000000000004,0.2,3,2,0,8,6,1,337.0,5,2.0,0.25,2850,405.0,0.14210710535526777
CA-2020-128671,MT-18070,2020-08-11,US,Central,United States,Home Office,Medium,151.82,14,0.0,0.0,3,1,1,8,1,0,292.0,2,0.0,0.1111111111111111,2851,405.0,0.14205738278516444
CA-2020-128671,MT-18070,2020-08-11,US,Central,United States,Home Office,Medium,151.82,14,0.0,0.0,3,1,1,8,1,0,0.0,3,1.0,0.2,2852,406.0,0.14235746764603008
CA-2020-128671,MT-18070,2020-08-11,US,Central,United States,Home Office,Medium,151.82,14,0.0,0.0,3,1,1,8,1,0,0.0,4,2.0,0.2727272727272727,2853,407.0,0.14265734265734265
CA-2020-105459,NP-18700,2020-08-12,US,East,United States,Consumer,Medium,1800.168,8,0.2,0.4,2,2,0,8,2,0,599.0,3,0.0,0.1,2854,408.0,0.14295700803914715
CA-2020-118073,CS-12490,2020-08-12,US,South,United States,Corporate,Medium,562.2925000000001,7,0.45,0.45,1,1,0,8,2,0,116.0,2,0.0,0.1111111111111111,2855,408.0,0.14290705800139764
CA-2020-143910,BC-11125,2020-08-12,US,East,United States,Home Office,Medium,145.764,2,0.1,0.1,1,1,0,8,2,0,18.0,5,0.0,0.08333333333333333,2856,408.0,0.14285714285714285
CA-2020-155845,CM-12235,2020-08-12,US,Central,United States,Consumer,Medium,1399.9440000000002,7,0.2,0.2,1,1,0,8,2,0,78.0,2,0.0,0.1111111111111111,2857,408.0,0.1428072625698324
CA-2020-167584,LC-16870,2020-08-12,US,Central,United States,Consumer,Medium,6.48,1,0.0,0.0,1,1,0,8,2,0,159.0,7,4.0,0.35714285714285715,2858,408.0,0.14275741710296685
US-2020-144477,DB-13270,2020-08-12,US,East,United States,Home Office,Medium,37.312000000000005,4,0.2,0.2,1,1,0,8,2,0,256.0,3,0.0,0.1,2859,408.0,0.1427076064200977
CA-2020-125843,RF-19840,2020-08-13,US,South,United States,Consumer,Medium,125.92000000000002,11,0.0,0.0,2,1,0,8,3,0,117.0,4,0.0,0.09090909090909091,2860,408.0,0.14265783048482736
CA-2020-155670,EM-14065,2020-08-13,US,South,United States,Consumer,Medium,21.504000000000005,11,0.44999999999999996,0.7,2,1,0,8,3,0,753.0,1,0.0,0.125,2861,408.0,0.14260808926080892
CA-2020-156251,TS-21160,2020-08-13,US,Central,United States,Corporate,Medium,250.48000000000002,5,0.0,0.0,2,2,0,8,3,0,49.0,9,6.0,0.4375,2862,408.0,0.14255838271174626
US-2020-141264,CT-11995,2020-08-13,US,Central,United States,Consumer,Medium,244.29999999999998,3,0.5,0.8,2,1,0,8,3,0,333.0,3,0.0,0.1,2863,408.0,0.14250871080139374
US-2020-156692,HG-15025,2020-08-13,US,South,United States,Consumer,Medium,89.32000000000001,4,0.0,0.0,2,2,0,8,3,0,457.0,2,0.0,0.1111111111111111,2864,408.0,0.14245907349355624
CA-2020-119515,TR-21325,2020-08-14,US,South,United States,Consumer,Medium,15.552000000000003,3,0.2,0.2,1,1,0,8,4,0,622.0,1,0.0,0.125,2865,408.0,0.14240947075208912
CA-2020-136021,JM-15580,2020-08-14,US,West,United States,Consumer,Medium,121.09199999999998,9,0.1,0.2,2,2,0,8,4,0,94.0,2,0.0,0.1111111111111111,2866,408.0,0.142359902540898
CA-2020-136770,SP-20650,2020-08-14,US,East,United States,Corporate,Medium,787.044,9,0.3333333333333333,0.4,3,1,0,8,4,0,153.0,7,3.0,0.2857142857142857,2867,408.0,0.14231036882393877
CA-2020-118626,JC-15775,2020-08-15,US,South,United States,Consumer,Medium,705.544,7,0.2,0.2,1,1,0,8,5,1,302.0,3,0.0,0.1,2868,408.0,0.14226086956521738
CA-2020-154690,CC-12370,2020-08-15,US,South,United States,Consumer,Medium,225.29600000000002,2,0.2,0.2,1,1,0,8,5,1,39.0,2,0.0,0.1111111111111111,2869,408.0,0.14221140472879
CA-2020-166163,CY-12745,2020-08-15,US,West,United States,Corporate,Medium,75.126,4,0.1,0.2,2,2,0,8,5,1,414.0,4,2.0,0.2727272727272727,2870,408.0,0.1421619742787626
CA-2020-167241,BD-11320,2020-08-15,US,West,United States,Consumer,Medium,533.09,13,0.05,0.2,4,3,0,8,5,1,52.0,5,1.0,0.16666666666666666,2871,408.0,0.14211257817929118
US-2020-123470,ME-17725,2020-08-15,US,West,United States,Consumer,Medium,141.21,6,0.44999999999999996,0.7,2,1,0,8,5,1,326.0,3,0.0,0.1,2872,408.0,0.14206321639458144
CA-2020-113117,JP-15520,2020-08-16,US,West,United States,Consumer,Medium,32.400000000000006,5,0.0,0.0,1,1,0,8,6,1,564.0,3,0.0,0.1,2873,408.0,0.14201388888888888
CA-2020-148096,AO-10810,2020-08-16,US,West,United States,Corporate,Medium,161.28,2,0.2,0.2,1,1,0,8,6,1,9999.0,0,0.0,0.14285714285714285,2874,408.0,0.14196459562651856
CA-2020-150343,PK-19075,2020-08-16,US,West,United States,Consumer,Medium,10.86,3,0.0,0.0,1,1,0,8,6,1,122.0,2,0.0,0.1111111111111111,2875,408.0,0.14191533657182512
US-2020-157308,NM-18520,2020-08-17,US,West,United States,Consumer,Medium,15.712000000000002,4,0.2,0.2,1,1,0,8,0,0,78.0,6,2.0,0.23076923076923078,2876,408.0,0.14186611168921262
CA-2020-113551,NF-18385,2020-08-18,US,Central,United States,Consumer,Medium,85.908,9,0.5,0.8,2,1,0,8,1,0,247.0,2,0.0,0.1111111111111111,2877,408.0,0.14181692094313453
CA-2020-128916,MA-17560,2020-08-18,US,Central,United States,Home Office,Medium,14.896,7,0.6,0.6,2,1,0,8,1,0,252.0,6,0.0,0.07692307692307693,2878,408.0,0.1417677642980936
CA-2020-136133,HW-14935,2020-08-18,US,East,United States,Corporate,Medium,355.32,9,0.0,0.0,1,1,0,8,1,0,326.0,1,0.0,0.125,2879,408.0,0.1417186417186417
CA-2020-153353,GG-14650,2020-08-18,US,East,United States,Corporate,Medium,39.99,1,0.0,0.0,1,1,0,8,1,0,501.0,2,0.0,0.1111111111111111,2880,408.0,0.14166955316937999
CA-2020-101980,RP-19390,2020-08-19,US,East,United States,Consumer,Medium,448.79200000000003,13,0.20000000000000004,0.2,3,1,0,8,2,0,322.0,16,8.0,0.391304347826087,2881,408.0,0.14162049861495846
CA-2020-151141,DW-13480,2020-08-20,US,Central,United States,Home Office,Medium,14.78,2,0.0,0.0,1,1,0,8,3,0,226.0,2,0.0,0.1111111111111111,2882,408.0,0.14157147802007616
CA-2020-122581,JK-15370,2020-08-21,US,East,United States,Consumer,Medium,573.174,7,0.1,0.1,1,1,0,8,4,0,246.0,3,0.0,0.1,2883,408.0,0.14152249134948097
CA-2020-123414,SU-20665,2020-08-21,US,South,United States,Home Office,Medium,37.264,6,0.2,0.2,2,1,0,8,4,0,51.0,2,0.0,0.1111111111111111,2884,408.0,0.14147353856796957
CA-2020-167983,RP-19270,2020-08-21,US,West,United States,Corporate,Medium,33.44,10,0.2,0.2,1,1,0,8,4,0,252.0,3,0.0,0.1,2885,408.0,0.14142461964038727
US-2020-126452,SC-20230,2020-08-21,US,West,United States,Corporate,Medium,3339.1220000000003,32,0.1142857142857143,0.2,7,3,0,8,4,0,44.0,2,0.0,0.1111111111111111,2886,408.0,0.14137573453162808
US-2020-146066,RB-19465,2020-08-21,US,East,United States,Home Office,Medium,815.2919999999999,9,0.4,0.4,1,1,0,8,4,0,48.0,7,2.0,0.21428571428571427,2887,408.0,0.14132688320663442
CA-2020-130484,SG-20470,2020-08-22,US,West,United States,Consumer,Medium,26.352000000000004,8,0.7,0.7,1,1,0,8,5,1,325.0,6,0.0,0.07692307692307693,2888,408.0,0.14127806563039724
CA-2020-137239,CR-12730,2020-08-22,US,East,United States,Consumer,Medium,251.15800000000002,6,0.3666666666666667,0.7,3,1,0,8,5,1,71.0,2,0.0,0.1111111111111111,2889,408.0,0.1412292817679558
CA-2020-140256,PW-19030,2020-08-22,US,West,United States,Corporate,Medium,5.76,2,0.0,0.0,1,1,0,8,5,1,566.0,2,0.0,0.1111111111111111,2890,408.0,0.14118053158439764
US-2020-106313,DG-13300,2020-08-22,US,West,United States,Corporate,Medium,19.44,3,0.0,0.0,1,1,0,8,5,1,302.0,3,0.0,0.1,2891,408.0,0.14113181504485853
US-2020-141880,TC-21475,2020-08-22,US,West,United States,Home Office,Medium,98.328,3,0.2,0.2,1,1,0,8,5,1,277.0,3,0.0,0.1,2892,408.0,0.14108313211452225
US-2020-148334,DD-13570,2020-08-22,US,Central,United States,Consumer,Medium,4.3119999999999985,2,0.8,0.8,1,1,0,8,5,1,601.0,2,0.0,0.1111111111111111,2893,408.0,0.14103448275862068
CA-2020-150350,MS-17770,2020-08-23,US,West,United States,Consumer,Medium,1599.864,29,0.06666666666666667,0.2,6,3,0,8,6,1,308.0,6,0.0,0.07692307692307693,2894,408.0,0.14098586694243365
CA-2020-158001,JP-15460,2020-08-23,US,East,United States,Corporate,Medium,1091.44,16,0.0,0.0,3,1,0,8,6,1,36.0,5,3.0,0.3333333333333333,2895,408.0,0.14093728463128877
US-2020-117793,MA-17560,2020-08-23,US,Central,United States,Home Office,Medium,79.74,10,0.0,0.0,4,2,0,8,6,1,5.0,7,0.0,0.07142857142857142,2896,408.0,0.1408887357905615
US-2020-160528,MH-18115,2020-08-23,US,Central,United States,Home Office,Medium,1416.304,18,0.3333333333333333,0.6,3,3,0,8,6,1,9999.0,0,0.0,0.14285714285714285,2897,408.0,0.14084022038567492
CA-2020-105585,RF-19735,2020-08-26,US,West,United States,Consumer,Medium,165.13,8,0.0,0.0,2,1,1,8,2,0,59.0,4,0.0,0.09090909090909091,2898,408.0,0.14079173838209982
CA-2020-105585,RF-19735,2020-08-26,US,West,United States,Consumer,Medium,165.13,8,0.0,0.0,2,1,1,8,2,0,0.0,5,1.0,0.16666666666666666,2899,409.0,0.14108740536820372
CA-2020-114601,AA-10480,2020-08-26,US,Central,United States,Consumer,Medium,1157.98,15,0.0,0.0,5,3,0,8,2,0,40.0,2,0.0,0.1111111111111111,2900,410.0,0.14138286893704852
CA-2020-128594,DJ-13510,2020-08-26,US,West,United States,Corporate,Medium,1603.1360000000002,4,0.2,0.2,1,1,0,8,2,0,740.0,1,0.0,0.125,2901,410.0,0.14133425034387895
CA-2020-132094,VG-21805,2020-08-26,US,East,United States,Corporate,Medium,53.456,5,0.2,0.2,2,2,0,8,2,0,106.0,3,0.0,0.1,2902,410.0,0.14128566517703678
CA-2020-148201,CC-12145,2020-08-26,US,West,United States,Consumer,Medium,6.48,1,0.0,0.0,1,1,0,8,2,0,18.0,8,4.0,0.3333333333333333,2903,410.0,0.14123711340206185
CA-2020-152289,LC-16930,2020-08-26,US,Central,United States,Corporate,Medium,1184.6999999999998,8,0.25,0.3,2,2,0,8,2,0,22.0,3,0.0,0.1,2904,410.0,0.1411885949845414
CA-2020-160598,SV-20815,2020-08-26,US,South,United States,Corporate,Medium,31.008,1,0.2,0.2,1,1,0,8,2,0,340.0,2,0.0,0.1111111111111111,2905,410.0,0.1411401098901099
CA-2020-163174,XP-21865,2020-08-26,US,South,United States,Consumer,Medium,186.54,3,0.0,0.0,1,1,0,8,2,0,258.0,4,0.0,0.09090909090909091,2906,410.0,0.141091658084449
US-2020-100405,TS-21430,2020-08-26,US,West,United States,Corporate,Medium,8.26,2,0.0,0.0,1,1,0,8,2,0,654.0,2,0.0,0.1111111111111111,2907,410.0,0.14104323953328757
US-2020-102141,KD-16615,2020-08-26,US,East,United States,Corporate,Medium,146.68800000000002,8,0.2,0.2,1,1,0,8,2,0,118.0,2,0.0,0.1111111111111111,2908,410.0,0.14099485420240138
US-2020-127425,DR-12880,2020-08-26,US,East,United States,Corporate,Medium,282.95000000000005,11,0.0,0.0,2,1,1,8,2,0,43.0,4,0.0,0.09090909090909091,2909,410.0,0.14094650205761317
US-2020-127425,DR-12880,2020-08-26,US,East,United States,Corporate,Medium,282.95000000000005,11,0.0,0.0,2,1,1,8,2,0,0.0,5,1.0,0.16666666666666666,2910,411.0,0.14124100102845388
US-2020-163538,SS-20515,2020-08-26,US,Central,United States,Home Office,Medium,47.97,3,0.0,0.0,1,1,0,8,2,0,399.0,2,0.0,0.1111111111111111,2911,412.0,0.1415352981494174
CA-2020-116764,EM-13825,2020-08-27,US,South,United States,Corporate,Medium,9.216,4,0.2,0.2,1,1,0,8,3,0,454.0,3,0.0,0.1,2912,412.0,0.14148681055155876
CA-2020-117919,TB-21355,2020-08-27,US,Central,United States,Corporate,Medium,94.08000000000001,6,0.2,0.2,2,1,0,8,3,0,215.0,1,0.0,0.125,2913,412.0,0.14143835616438355
CA-2020-145982,TB-21055,2020-08-27,US,East,United States,Consumer,Medium,549.775,25,0.049999999999999996,0.3,6,3,1,8,3,0,71.0,7,7.0,0.5714285714285714,2914,412.0,0.14138993495378296
CA-2020-145982,TB-21055,2020-08-27,US,East,United States,Consumer,Medium,549.775,25,0.049999999999999996,0.3,6,3,1,8,3,0,0.0,8,8.0,0.6,2915,413.0,0.14168377823408623
CA-2020-145982,TB-21055,2020-08-27,US,East,United States,Consumer,Medium,549.775,25,0.049999999999999996,0.3,6,3,1,8,3,0,0.0,9,9.0,0.625,2916,414.0,0.14197742045843312
CA-2020-145982,TB-21055,2020-08-27,US,East,United States,Consumer,Medium,549.775,25,0.049999999999999996,0.3,6,3,1,8,3,0,0.0,10,10.0,0.6470588235294118,2917,415.0,0.14227086183310533
CA-2020-145982,TB-21055,2020-08-27,US,East,United States,Consumer,Medium,549.775,25,0.049999999999999996,0.3,6,3,1,8,3,0,0.0,11,11.0,0.6666666666666666,2918,416.0,0.14256410256410257
CA-2020-145982,TB-21055,2020-08-27,US,East,United States,Consumer,Medium,549.775,25,0.049999999999999996,0.3,6,3,1,8,3,0,0.0,12,12.0,0.6842105263157895,2919,417.0,0.14285714285714285
US-2020-146710,SS-20875,2020-08-27,US,Central,United States,Consumer,Medium,114.84,11,0.2,0.2,4,1,0,8,3,0,281.0,3,0.0,0.1,2920,418.0,0.14314998291766315
CA-2020-137652,EB-13750,2020-08-28,US,East,United States,Corporate,Medium,18.432000000000002,8,0.7,0.7,1,1,0,8,4,0,90.0,4,0.0,0.09090909090909091,2921,418.0,0.14310109289617487
CA-2020-145303,TP-21415,2020-08-28,US,Central,United States,Consumer,Medium,179.53679999999997,15,0.64,0.8,3,2,0,8,4,0,274.0,1,0.0,0.125,2922,418.0,0.14305223625810856
US-2020-144211,CS-12130,2020-08-28,US,West,United States,Consumer,Medium,124.056,6,0.2,0.2,2,2,0,8,4,0,252.0,3,0.0,0.1,2923,418.0,0.1430034129692833
CA-2020-128727,MO-17800,2020-08-29,US,East,United States,Home Office,Medium,22.0,4,0.0,0.0,1,1,0,8,5,1,281.0,2,0.0,0.1111111111111111,2924,418.0,0.14295462299556466
CA-2020-158568,RB-19465,2020-08-29,US,Central,United States,Home Office,Medium,162.388,13,0.4000000000000001,0.8,3,2,0,8,5,1,8.0,8,2.0,0.2,2925,418.0,0.14290586630286495
CA-2020-159912,GB-14530,2020-08-29,US,East,United States,Corporate,Medium,419.87,17,0.45,0.7,4,2,0,8,5,1,58.0,7,0.0,0.07142857142857142,2926,418.0,0.14285714285714285
CA-2020-161207,AB-10060,2020-08-29,US,East,United States,Home Office,Medium,27.93,3,0.0,0.0,1,1,0,8,5,1,169.0,2,0.0,0.1111111111111111,2927,418.0,0.14280845262440353
CA-2020-165995,BG-11740,2020-08-30,US,West,United States,Consumer,Medium,387.00000000000006,9,0.1,0.2,2,2,0,8,6,1,439.0,2,0.0,0.1111111111111111,2928,418.0,0.14275979557069846
US-2020-141544,PO-18850,2020-08-30,US,East,United States,Consumer,Medium,1269.8700000000001,25,0.36,0.7,5,3,0,8,6,1,291.0,4,0.0,0.09090909090909091,2929,418.0,0.14271117166212535
CA-2020-117408,TP-21130,2020-08-31,US,Central,United States,Consumer,Medium,23.968000000000004,2,0.2,0.2,1,1,0,8,0,0,48.0,3,0.0,0.1,2930,418.0,0.14266258086482805
CA-2020-116526,JA-15970,2020-09-01,US,Central,United States,Consumer,Medium,477.5,21,0.016666666666666666,0.1,6,2,0,9,1,0,659.0,2,0.0,0.1111111111111111,2931,418.0,0.1426140231449966
CA-2020-120859,CV-12805,2020-09-01,US,West,United States,Corporate,Medium,21.88,2,0.0,0.0,1,1,0,9,1,0,115.0,5,5.0,0.5,2932,418.0,0.14256549846886696
CA-2020-124583,LB-16795,2020-09-01,US,West,United States,Home Office,Medium,12.78,1,0.0,0.0,1,1,0,9,1,0,862.0,1,0.0,0.125,2933,418.0,0.14251700680272109
CA-2020-129714,AB-10060,2020-09-01,US,East,United States,Home Office,Medium,4438.686000000001,12,0.08,0.2,5,2,0,9,1,0,3.0,3,0.0,0.1,2934,418.0,0.14246854811288678
CA-2020-151561,PG-18820,2020-09-01,US,East,United States,Consumer,Medium,744.15,14,0.0,0.0,4,3,0,9,1,0,146.0,7,0.0,0.07142857142857142,2935,418.0,0.1424201223657376
CA-2020-155481,DK-13225,2020-09-01,US,East,United States,Corporate,Medium,71.15599999999999,15,0.26666666666666666,0.4,3,2,0,9,1,0,60.0,5,0.0,0.08333333333333333,2936,418.0,0.14237172952769284
CA-2020-106278,BM-11140,2020-09-02,US,West,United States,Consumer,Medium,281.916,6,0.1,0.2,2,2,0,9,2,0,725.0,1,0.0,0.125,2937,418.0,0.14232336956521738
CA-2020-106950,JE-15715,2020-09-02,US,South,United States,Consumer,Medium,1854.2410000000002,31,0.39999999999999997,0.7,6,3,1,9,2,0,56.0,4,0.0,0.09090909090909091,2938,418.0,0.14227504244482173
CA-2020-106950,JE-15715,2020-09-02,US,South,United States,Consumer,Medium,1854.2410000000002,31,0.39999999999999997,0.7,6,3,1,9,2,0,0.0,5,1.0,0.16666666666666666,2939,419.0,0.1425661914460285
CA-2020-106950,JE-15715,2020-09-02,US,South,United States,Consumer,Medium,1854.2410000000002,31,0.39999999999999997,0.7,6,3,1,9,2,0,0.0,6,2.0,0.23076923076923078,2940,420.0,0.14285714285714285
CA-2020-106950,JE-15715,2020-09-02,US,South,United States,Consumer,Medium,1854.2410000000002,31,0.39999999999999997,0.7,6,3,1,9,2,0,0.0,7,3.0,0.2857142857142857,2941,421.0,0.14314789687924015
CA-2020-106950,JE-15715,2020-09-02,US,South,United States,Consumer,Medium,1854.2410000000002,31,0.39999999999999997,0.7,6,3,1,9,2,0,0.0,8,4.0,0.3333333333333333,2942,422.0,0.14343845371312308
CA-2020-106950,JE-15715,2020-09-02,US,South,United States,Consumer,Medium,1854.2410000000002,31,0.39999999999999997,0.7,6,3,1,9,2,0,0.0,9,5.0,0.375,2943,423.0,0.14372881355932204
CA-2020-112739,RD-19810,2020-09-02,US,Central,United States,Home Office,Medium,168.168,13,0.5,0.8,2,2,0,9,2,0,87.0,3,0.0,0.1,2944,424.0,0.14401897661809557
CA-2020-113096,SZ-20035,2020-09-02,US,West,United States,Home Office,Medium,46.53,3,0.0,0.0,1,1,0,9,2,0,256.0,4,0.0,0.09090909090909091,2945,424.0,0.143970189701897
CA-2020-116540,SS-20590,2020-09-02,US,Central,United States,Consumer,Medium,10.07,3,0.0,0.0,2,1,0,9,2,0,81.0,4,0.0,0.09090909090909091,2946,424.0,0.14392143582797157
CA-2020-126732,LR-16915,2020-09-02,US,West,United States,Consumer,Medium,1804.2480000000003,27,0.10000000000000002,0.2,6,3,1,9,2,0,243.0,3,0.0,0.1,2947,424.0,0.14387271496276235
CA-2020-126732,LR-16915,2020-09-02,US,West,United States,Consumer,Medium,1804.2480000000003,27,0.10000000000000002,0.2,6,3,1,9,2,0,0.0,4,1.0,0.18181818181818182,2948,425.0,0.14416243654822336
CA-2020-126732,LR-16915,2020-09-02,US,West,United States,Consumer,Medium,1804.2480000000003,27,0.10000000000000002,0.2,6,3,1,9,2,0,0.0,5,2.0,0.25,2949,426.0,0.14445196211096076
CA-2020-126732,LR-16915,2020-09-02,US,West,United States,Consumer,Medium,1804.2480000000003,27,0.10000000000000002,0.2,6,3,1,9,2,0,0.0,6,3.0,0.3076923076923077,2950,427.0,0.14474129184984783
CA-2020-126732,LR-16915,2020-09-02,US,West,United States,Consumer,Medium,1804.2480000000003,27,0.10000000000000002,0.2,6,3,1,9,2,0,0.0,7,4.0,0.35714285714285715,2951,428.0,0.14503042596348883
CA-2020-126732,LR-16915,2020-09-02,US,West,United States,Consumer,Medium,1804.2480000000003,27,0.10000000000000002,0.2,6,3,1,9,2,0,0.0,8,5.0,0.4,2952,429.0,0.14531936465021966
CA-2020-129847,TA-21385,2020-09-02,US,Central,United States,Home Office,Medium,84.272,2,0.6,0.6,1,1,0,9,2,0,721.0,1,0.0,0.125,2953,430.0,0.14560810810810812
CA-2020-130407,KD-16270,2020-09-02,US,East,United States,Consumer,Medium,115.46000000000001,4,0.0,0.0,2,2,0,9,2,0,90.0,4,0.0,0.09090909090909091,2954,430.0,0.14555893279297535
CA-2020-144764,RL-19615,2020-09-02,US,Central,United States,Consumer,Medium,1427.3079999999998,10,0.2333333333333333,0.3,3,2,0,9,2,0,96.0,3,0.0,0.1,2955,430.0,0.14550979068197165
CA-2020-166429,TG-21310,2020-09-02,US,West,United States,Consumer,Medium,999.98,2,0.0,0.0,1,1,0,9,2,0,416.0,2,0.0,0.1111111111111111,2956,430.0,0.14546068174147822
CA-2020-132143,FM-14215,2020-09-03,US,East,United States,Corporate,Medium,48.16,7,0.0,0.0,1,1,0,9,3,0,62.0,5,0.0,0.08333333333333333,2957,430.0,0.14541160593792174
CA-2020-153185,MH-17620,2020-09-03,US,East,United States,Corporate,Medium,30.96,6,0.2,0.2,1,1,0,9,3,0,273.0,1,1.0,0.25,2958,430.0,0.14536256323777402
CA-2020-158099,PK-18910,2020-09-03,US,East,United States,Home Office,Medium,1422.2520000000004,8,0.55,0.7,2,2,0,9,3,0,883.0,1,0.0,0.125,2959,430.0,0.14531355360755227
CA-2020-159737,CS-11950,2020-09-03,US,Central,United States,Consumer,Medium,8.807999999999998,3,0.8,0.8,1,1,0,9,3,0,153.0,6,2.0,0.23076923076923078,2960,430.0,0.14526457701381867
CA-2020-163986,JJ-15445,2020-09-03,US,Central,United States,Consumer,Medium,54.5,5,0.0,0.0,1,1,0,9,3,0,79.0,4,0.0,0.09090909090909091,2961,430.0,0.14521563342318058
US-2020-100566,JK-16120,2020-09-03,US,Central,United States,Home Office,Medium,83.952,3,0.6,0.6,1,1,0,9,3,0,141.0,4,0.0,0.09090909090909091,2962,430.0,0.14516672280229034
US-2020-101616,CY-12745,2020-09-03,US,South,United States,Corporate,Medium,87.28,8,0.0,0.0,1,1,0,9,3,0,19.0,5,2.0,0.25,2963,430.0,0.14511784511784512
US-2020-104815,RB-19570,2020-09-03,US,Central,United States,Consumer,Medium,198.744,4,0.3,0.3,1,1,0,9,3,0,128.0,1,0.0,0.125,2964,430.0,0.145069000336587
US-2020-147711,HF-14995,2020-09-03,US,East,United States,Consumer,Medium,430.94,15,0.0,0.0,4,2,0,9,3,0,125.0,4,0.0,0.09090909090909091,2965,430.0,0.14502018842530282
CA-2020-117604,JP-15520,2020-09-04,US,South,United States,Consumer,Medium,239.5,5,0.0,0.0,1,1,0,9,4,0,19.0,4,0.0,0.09090909090909091,2966,430.0,0.1449714093508241
CA-2020-123120,CV-12295,2020-09-04,US,East,United States,Consumer,Medium,147.26,10,0.06666666666666667,0.2,3,2,0,9,4,0,733.0,2,0.0,0.1111111111111111,2967,430.0,0.1449226630800269
CA-2020-129630,IM-15055,2020-09-04,US,West,United States,Consumer,Medium,2824.2300000000005,8,0.1,0.2,2,2,0,9,4,0,955.0,1,0.0,0.125,2968,430.0,0.14487394957983193
CA-2020-131205,AA-10645,2020-09-04,US,South,United States,Consumer,Medium,291.73999999999995,16,0.0,0.0,4,2,0,9,4,0,62.0,4,0.0,0.09090909090909091,2969,430.0,0.1448252688172043
CA-2020-142524,MB-18085,2020-09-04,US,Central,United States,Consumer,Medium,296.51,7,0.0,0.0,2,2,0,9,4,0,118.0,3,0.0,0.1,2970,430.0,0.1447766207591535
CA-2020-149783,DL-13315,2020-09-04,US,South,United States,Consumer,Medium,131.104,7,0.20000000000000004,0.2,3,1,0,9,4,0,930.0,3,0.0,0.1,2971,430.0,0.14472800537273336
CA-2020-168774,RP-19855,2020-09-04,US,Central,United States,Corporate,Medium,535.41,3,0.0,0.0,1,1,0,9,4,0,108.0,5,0.0,0.08333333333333333,2972,430.0,0.14467942262504196
CA-2020-169971,IL-15100,2020-09-04,US,Central,United States,Consumer,Medium,66.28800000000001,4,0.2,0.2,2,1,0,9,4,0,43.0,5,0.0,0.08333333333333333,2973,430.0,0.14463087248322148
CA-2020-110366,JD-15895,2020-09-05,US,East,United States,Corporate,Medium,82.80000000000001,2,0.2,0.2,1,1,0,9,5,1,51.0,7,0.0,0.07142857142857142,2974,430.0,0.14458235491445823
CA-2020-115756,PK-19075,2020-09-05,US,Central,United States,Consumer,Medium,634.46,21,0.0,0.0,6,2,0,9,5,1,20.0,3,0.0,0.1,2975,430.0,0.14453386988598257
CA-2020-133319,MV-17485,2020-09-05,US,East,United States,Consumer,Medium,192.16,4,0.0,0.0,1,1,1,9,5,1,163.0,5,2.0,0.25,2976,430.0,0.14448541736506873
CA-2020-136231,DM-13015,2020-09-05,US,South,United States,Consumer,Medium,228.586,15,0.325,0.7,4,2,0,9,5,1,123.0,9,7.0,0.5,2977,431.0,0.1447721179624665
CA-2020-136595,EM-13825,2020-09-05,US,Central,United States,Corporate,Medium,21.204000000000004,3,0.6,0.6,1,1,0,9,5,1,9.0,4,0.0,0.09090909090909091,2978,431.0,0.14472361809045226
CA-2020-137673,ML-17395,2020-09-05,US,West,United States,Corporate,Medium,116.0,8,0.0,0.0,1,1,0,9,5,1,346.0,7,3.0,0.2857142857142857,2979,431.0,0.144675150703282
CA-2020-139409,FW-14395,2020-09-05,US,East,United States,Corporate,Medium,43.6,4,0.0,0.0,1,1,0,9,5,1,533.0,1,0.0,0.125,2980,431.0,0.14462671576832942
CA-2020-140774,BE-11455,2020-09-05,US,Central,United States,Home Office,Medium,107.94,3,0.0,0.0,1,1,0,9,5,1,122.0,4,0.0,0.09090909090909091,2981,431.0,0.14457831325301204
CA-2020-144540,GH-14410,2020-09-05,US,Central,United States,Home Office,Medium,91.22999999999999,12,0.5,0.8,2,1,0,9,5,1,27.0,4,0.0,0.09090909090909091,2982,431.0,0.1445299431247909
CA-2020-149195,DM-13525,2020-09-05,US,Central,United States,Corporate,Medium,52.09600000000001,15,0.20000000000000004,0.2,3,1,0,9,5,1,360.0,2,0.0,0.1111111111111111,2983,431.0,0.14448160535117058
CA-2020-151372,JH-15985,2020-09-05,US,West,United States,Consumer,Medium,112.12,6,0.06666666666666667,0.2,3,1,1,9,5,1,265.0,3,0.0,0.1,2984,431.0,0.1444332998996991
CA-2020-151372,JH-15985,2020-09-05,US,West,United States,Consumer,Medium,112.12,6,0.06666666666666667,0.2,3,1,1,9,5,1,0.0,4,1.0,0.18181818181818182,2985,432.0,0.1447192513368984
CA-2020-151372,JH-15985,2020-09-05,US,West,United States,Consumer,Medium,112.12,6,0.06666666666666667,0.2,3,1,1,9,5,1,0.0,5,2.0,0.25,2986,433.0,0.14500501169395255
CA-2020-154536,JC-15340,2020-09-05,US,East,United States,Consumer,Medium,9.555000000000001,5,0.7,0.7,1,1,0,9,5,1,951.0,1,0.0,0.125,2987,434.0,0.14529058116232466
CA-2020-158778,DB-13210,2020-09-05,US,East,United States,Consumer,Medium,1024.637,17,0.25,0.3,4,2,0,9,5,1,88.0,6,3.0,0.3076923076923077,2988,434.0,0.14524207011686144
CA-2020-160815,TR-21325,2020-09-05,US,Central,United States,Consumer,Medium,278.4,3,0.0,0.0,1,1,0,9,5,1,22.0,2,0.0,0.1111111111111111,2989,434.0,0.1451935914552737
CA-2020-162383,MD-17350,2020-09-05,US,East,United States,Consumer,Medium,103.054,10,0.5666666666666667,0.7,3,2,0,9,5,1,253.0,3,0.0,0.1,2990,434.0,0.14514514514514515
CA-2020-164490,SU-20665,2020-09-05,US,Central,United States,Home Office,Medium,9.248000000000001,2,0.2,0.2,1,1,0,9,5,1,15.0,3,0.0,0.1,2991,434.0,0.14509673115410274
US-2020-121013,MM-17920,2020-09-05,US,South,United States,Consumer,Medium,1678.0,5,0.0,0.0,2,2,0,9,5,1,136.0,5,0.0,0.08333333333333333,2992,434.0,0.1450483494498166
US-2020-148110,AR-10825,2020-09-05,US,Central,United States,Corporate,Medium,347.802,7,0.3,0.3,1,1,0,9,5,1,83.0,3,0.0,0.1,2993,434.0,0.145
US-2020-152373,PT-19090,2020-09-05,US,Central,United States,Consumer,Medium,93.456,3,0.2,0.2,1,1,0,9,5,1,724.0,1,0.0,0.125,2994,434.0,0.1449516827724092
CA-2020-102981,MO-17500,2020-09-06,US,East,United States,Consumer,Medium,754.2120000000001,5,0.1,0.2,2,2,0,9,6,1,648.0,1,0.0,0.125,2995,434.0,0.14490339773484343
CA-2020-123932,YC-21895,2020-09-06,US,Central,United States,Corporate,Medium,371.5040000000001,6,0.2,0.2,2,2,0,9,6,1,152.0,3,1.0,0.2,2996,434.0,0.14485514485514486
CA-2020-133123,KB-16315,2020-09-06,US,South,United States,Consumer,Medium,99.15599999999999,5,0.44999999999999996,0.7,2,1,0,9,6,1,432.0,7,0.0,0.07142857142857142,2997,434.0,0.14480692410119841
CA-2020-145240,BG-11740,2020-09-06,US,Central,United States,Consumer,Medium,10.784,1,0.2,0.2,1,1,0,9,6,1,7.0,3,0.0,0.1,2998,434.0,0.1447587354409318
CA-2020-149223,ER-13855,2020-09-06,US,Central,United States,Corporate,Medium,77.88,6,0.0,0.0,1,1,0,9,6,1,260.0,1,0.0,0.125,2999,434.0,0.14471057884231536
CA-2020-103709,LP-17095,2020-09-08,US,West,United States,Consumer,Medium,310.86,12,0.0,0.0,3,1,0,9,1,0,94.0,1,0.0,0.125,3000,434.0,0.14466245427336216
CA-2020-108868,KB-16585,2020-09-08,US,Central,United States,Corporate,Medium,130.328,7,0.2,0.2,2,2,0,9,1,0,242.0,12,7.0,0.42105263157894735,3001,434.0,0.14461436170212766
CA-2020-108987,AG-10675,2020-09-08,US,Central,United States,Consumer,Medium,2620.9375999999997,13,0.23,0.32,4,3,0,9,1,0,238.0,3,2.0,0.3,3002,434.0,0.14456630109670987
CA-2020-110009,TR-21325,2020-09-08,US,West,United States,Consumer,Medium,74.0,8,0.0,0.0,2,2,0,9,1,0,3.0,3,0.0,0.1,3003,434.0,0.14451827242524917
CA-2020-113516,VM-21685,2020-09-08,US,West,United States,Home Office,Medium,100.16000000000001,6,0.2,0.2,2,1,0,9,1,0,155.0,3,0.0,0.1,3004,434.0,0.14447027565592827
CA-2020-131499,MG-17875,2020-09-08,US,East,United States,Home Office,Medium,207.48,1,0.0,0.0,1,1,0,9,1,0,352.0,4,2.0,0.2727272727272727,3005,434.0,0.14442231075697212
CA-2020-153101,PJ-19015,2020-09-08,US,West,United States,Consumer,Medium,146.04000000000002,1,0.2,0.2,1,1,0,9,1,0,50.0,3,0.0,0.1,3006,434.0,0.14437437769664785
CA-2020-155138,JM-15580,2020-09-08,US,South,United States,Consumer,Medium,99.87200000000001,7,0.2,0.2,2,2,0,9,1,0,25.0,3,0.0,0.1,3007,434.0,0.14432647644326477
US-2020-114174,AP-10720,2020-09-08,US,East,United States,Home Office,Medium,188.7,7,0.0,0.0,2,2,0,9,1,0,108.0,3,0.0,0.1,3008,434.0,0.14427860696517414
US-2020-115455,SE-20110,2020-09-08,US,Central,United States,Consumer,Medium,615.606,5,0.55,0.6,2,1,0,9,1,0,89.0,6,0.0,0.07692307692307693,3009,434.0,0.14423076923076922
CA-2020-110023,TS-21610,2020-09-09,US,East,United States,Consumer,Medium,14.624000000000002,2,0.2,0.2,1,1,0,9,2,0,755.0,1,0.0,0.125,3010,434.0,0.14418296320848525
CA-2020-112893,AT-10735,2020-09-09,US,West,United States,Consumer,Medium,55.36000000000001,4,0.2,0.2,1,1,0,9,2,0,54.0,5,0.0,0.08333333333333333,3011,434.0,0.1441351888667992
CA-2020-137176,DB-12910,2020-09-09,US,Central,United States,Home Office,Medium,15.008000000000003,4,0.6,0.6,1,1,0,9,2,0,161.0,2,0.0,0.1111111111111111,3012,434.0,0.1440874461742299
CA-2020-112277,SC-20695,2020-09-10,US,South,United States,Corporate,Medium,519.68,7,0.2,0.2,1,1,0,9,3,0,65.0,4,0.0,0.09090909090909091,3013,434.0,0.14403973509933773
CA-2020-126102,DV-13465,2020-09-10,US,West,United States,Consumer,Medium,276.78400000000005,2,0.2,0.2,1,1,0,9,3,0,306.0,6,4.0,0.38461538461538464,3014,434.0,0.14399205561072492
CA-2020-146206,KT-16480,2020-09-10,US,Central,United States,Consumer,Medium,1020.8900000000001,10,0.25,0.3,2,2,0,9,3,0,315.0,4,0.0,0.09090909090909091,3015,434.0,0.14394440767703506
CA-2020-164350,CG-12040,2020-09-10,US,South,United States,Home Office,Medium,67.56,3,0.2,0.2,1,1,0,9,3,0,82.0,2,0.0,0.1111111111111111,3016,434.0,0.14389679126695334
CA-2020-165918,BD-11770,2020-09-10,US,West,United States,Consumer,Medium,143.24,10,0.1,0.2,4,1,0,9,3,0,131.0,2,0.0,0.1111111111111111,3017,434.0,0.14384920634920634
US-2020-118780,PN-18775,2020-09-10,US,East,United States,Home Office,Medium,66.17,3,0.0,0.0,2,1,0,9,3,0,400.0,1,0.0,0.125,3018,434.0,0.14380165289256197
CA-2020-102162,JF-15565,2020-09-11,US,South,United States,Consumer,Medium,1611.01,9,0.0,0.0,2,2,0,9,4,0,34.0,5,0.0,0.08333333333333333,3019,434.0,0.14375413086582947
CA-2020-116561,EB-14110,2020-09-11,US,West,United States,Consumer,Medium,372.812,5,0.1,0.2,2,1,0,9,4,0,288.0,3,0.0,0.1,3020,434.0,0.14370664023785926
CA-2020-121223,GD-14590,2020-09-11,US,East,United States,Corporate,Medium,737.394,11,0.30000000000000004,0.4,2,2,0,9,4,0,860.0,1,0.0,0.125,3021,434.0,0.14365918097754293
CA-2020-130225,RC-19960,2020-09-11,US,Central,United States,Consumer,Medium,99.568,2,0.2,0.2,1,1,0,9,4,0,645.0,2,0.0,0.1111111111111111,3022,434.0,0.14361175305381313
CA-2020-143476,LC-16930,2020-09-11,US,West,United States,Corporate,Medium,33.21600000000001,8,0.20000000000000004,0.2,3,1,0,9,4,0,16.0,4,0.0,0.09090909090909091,3023,434.0,0.14356435643564355
CA-2020-145625,KC-16540,2020-09-11,US,West,United States,Consumer,Medium,3354.98,14,0.0,0.0,2,2,0,9,4,0,314.0,1,0.0,0.125,3024,434.0,0.14351699109204882
CA-2020-150007,AS-10090,2020-09-11,US,Central,United States,Consumer,Medium,7.9079999999999995,5,0.5,0.8,2,1,0,9,4,0,82.0,5,0.0,0.08333333333333333,3025,434.0,0.14346965699208444
CA-2020-153157,TB-21625,2020-09-11,US,Central,United States,Consumer,Medium,224.75,5,0.0,0.0,1,1,0,9,4,0,126.0,5,0.0,0.08333333333333333,3026,434.0,0.1434223541048467
CA-2020-164154,NZ-18565,2020-09-11,US,East,United States,Home Office,Medium,59.948000000000015,8,0.44999999999999996,0.7,2,1,0,9,4,0,63.0,7,4.0,0.35714285714285715,3027,434.0,0.14337508239947264
CA-2020-113082,MC-17590,2020-09-12,US,East,United States,Corporate,Medium,40.48,2,0.0,0.0,1,1,0,9,5,1,57.0,3,0.0,0.1,3028,434.0,0.14332784184514002
CA-2020-123946,AJ-10795,2020-09-12,US,South,United States,Corporate,Medium,1159.06,15,0.0,0.0,4,3,0,9,5,1,234.0,10,7.0,0.47058823529411764,3029,434.0,0.1432806324110672
CA-2020-128811,SF-20200,2020-09-12,US,West,United States,Consumer,Medium,42.244,10,0.06666666666666667,0.2,3,1,0,9,5,1,158.0,4,0.0,0.09090909090909091,3030,434.0,0.143233454066513
CA-2020-142902,BP-11185,2020-09-12,US,West,United States,Corporate,Medium,503.40000000000003,10,0.2,0.2,4,2,0,9,5,1,252.0,3,0.0,0.1,3031,434.0,0.14318630678077682
CA-2020-151148,PO-19180,2020-09-12,US,West,United States,Home Office,Medium,230.08800000000002,7,0.2,0.2,2,2,0,9,5,1,92.0,5,2.0,0.25,3032,434.0,0.14313919052319843
CA-2020-152457,SC-20695,2020-09-12,US,Central,United States,Corporate,Medium,68.52,3,0.0,0.0,1,1,0,9,5,1,2.0,5,0.0,0.08333333333333333,3033,434.0,0.14309210526315788
CA-2020-105732,AG-10270,2020-09-13,US,Central,United States,Consumer,Medium,2374.73,46,0.0,0.0,10,3,0,9,6,1,359.0,3,0.0,0.1,3034,434.0,0.14304505097007564
CA-2020-153178,CL-12565,2020-09-14,US,East,United States,Consumer,Medium,1111.4180000000001,5,0.1,0.2,2,2,0,9,0,0,109.0,15,10.0,0.5,3035,434.0,0.14299802761341224
CA-2020-155439,PN-18775,2020-09-14,US,South,United States,Home Office,Medium,25.92,4,0.0,0.0,1,1,0,9,0,0,4.0,2,0.0,0.1111111111111111,3036,434.0,0.1429510351626684
CA-2020-116911,JD-16150,2020-09-15,US,West,United States,Corporate,Medium,1148.8059999999998,7,0.1,0.2,2,2,0,9,1,0,265.0,4,0.0,0.09090909090909091,3037,434.0,0.14290407358738502
CA-2020-149370,DB-13210,2020-09-15,US,East,United States,Consumer,Medium,5.344,1,0.2,0.2,1,1,0,9,1,0,10.0,7,3.0,0.2857142857142857,3038,434.0,0.14285714285714285
CA-2020-149797,AH-10075,2020-09-15,US,East,United States,Corporate,Medium,841.5680000000001,2,0.2,0.2,1,1,0,9,1,0,81.0,3,0.0,0.1,3039,434.0,0.1428102429415627
CA-2020-160479,AH-10585,2020-09-15,US,West,United States,Consumer,Medium,35.4,5,0.0,0.0,1,1,0,9,1,0,690.0,1,0.0,0.125,3040,434.0,0.1427633738103052
US-2020-128678,RB-19570,2020-09-15,US,West,United States,Consumer,Medium,70.06400000000001,12,0.1,0.2,2,1,0,9,1,0,12.0,2,0.0,0.1111111111111111,3041,434.0,0.14271653543307086
CA-2020-123337,KD-16495,2020-09-16,US,West,United States,Corporate,Medium,291.146,6,0.075,0.15,2,2,0,9,2,0,277.0,5,0.0,0.08333333333333333,3042,434.0,0.14266972777959988
CA-2020-162159,CR-12625,2020-09-16,US,South,United States,Home Office,Medium,121.78,2,0.0,0.0,1,1,1,9,2,0,755.0,2,0.0,0.1111111111111111,3043,434.0,0.14262295081967213
US-2020-134369,BC-11125,2020-09-16,US,West,United States,Home Office,Medium,12.96,2,0.0,0.0,1,1,0,9,2,0,35.0,6,0.0,0.07692307692307693,3044,435.0,0.14290396591281548
CA-2020-105900,BS-11590,2020-09-17,US,Central,United States,Corporate,Medium,33.4,5,0.0,0.0,1,1,0,9,3,0,377.0,4,0.0,0.09090909090909091,3045,435.0,0.14285714285714285
CA-2020-109806,JS-15685,2020-09-17,US,West,United States,Corporate,Medium,100.164,6,0.06666666666666667,0.2,3,2,1,9,3,0,95.0,1,0.0,0.125,3046,435.0,0.14281035047494267
CA-2020-109806,JS-15685,2020-09-17,US,West,United States,Corporate,Medium,100.164,6,0.06666666666666667,0.2,3,2,1,9,3,0,0.0,2,1.0,0.2222222222222222,3047,436.0,0.14309102815979044
CA-2020-109806,JS-15685,2020-09-17,US,West,United States,Corporate,Medium,100.164,6,0.06666666666666667,0.2,3,2,1,9,3,0,0.0,3,2.0,0.3,3048,437.0,0.14337152209492635
CA-2020-111416,LW-17215,2020-09-17,US,East,United States,Consumer,Medium,232.40000000000003,5,0.2,0.2,1,1,0,9,3,0,123.0,2,0.0,0.1111111111111111,3049,438.0,0.143651832460733
CA-2020-131093,TS-21610,2020-09-17,US,East,United States,Consumer,Medium,295.4,5,0.2,0.2,1,1,0,9,3,0,8.0,2,0.0,0.1111111111111111,3050,438.0,0.14360484134772653
CA-2020-134208,CS-12505,2020-09-17,US,South,United States,Consumer,Medium,396.0,4,0.0,0.0,1,1,0,9,3,0,494.0,2,0.0,0.1111111111111111,3051,438.0,0.1435578809679529
CA-2020-159730,SJ-20125,2020-09-17,US,West,United States,Home Office,Medium,219.47200000000004,4,0.2,0.2,2,2,0,9,3,0,186.0,3,0.0,0.1,3052,438.0,0.14351095129127167
CA-2020-164091,LA-16780,2020-09-17,US,East,United States,Corporate,Medium,547.3299999999999,5,0.0,0.0,2,2,0,9,3,0,113.0,6,0.0,0.07692307692307693,3053,438.0,0.1434640522875817
US-2020-148957,CC-12430,2020-09-17,US,West,United States,Home Office,Medium,12.32,4,0.0,0.0,1,1,1,9,3,0,244.0,4,3.0,0.36363636363636365,3054,438.0,0.1434171839268213
US-2020-152415,PO-18865,2020-09-17,US,East,United States,Consumer,Medium,206.64,6,0.0,0.0,2,1,0,9,3,0,698.0,2,0.0,0.1111111111111111,3055,439.0,0.14369693011103854
CA-2020-106075,HM-14980,2020-09-18,US,East,United States,Consumer,Medium,4.616,1,0.2,0.2,1,1,0,9,4,0,352.0,1,0.0,0.125,3056,439.0,0.14365001632386548
CA-2020-110086,BD-11320,2020-09-18,US,West,United States,Consumer,Medium,239.98400000000004,2,0.2,0.2,1,1,0,9,4,0,34.0,6,1.0,0.15384615384615385,3057,439.0,0.14360313315926893
CA-2020-111409,PO-18850,2020-09-18,US,South,United States,Consumer,Medium,3.0,1,0.2,0.2,1,1,0,9,4,0,19.0,5,0.0,0.08333333333333333,3058,439.0,0.14355628058727568
CA-2020-120355,MM-17260,2020-09-18,US,East,United States,Consumer,Medium,692.5020000000001,5,0.05,0.1,2,1,0,9,4,0,844.0,1,1.0,0.25,3059,439.0,0.14350945857795172
CA-2020-133935,JW-15220,2020-09-18,US,West,United States,Corporate,Medium,2056.0060000000003,20,0.13333333333333333,0.2,3,2,0,9,4,0,507.0,1,0.0,0.125,3060,439.0,0.143462667101402
CA-2020-140928,NB-18655,2020-09-18,US,South,United States,Corporate,Medium,383.438,4,0.45,0.45,1,1,0,9,4,0,143.0,4,0.0,0.09090909090909091,3061,439.0,0.14341590612777053
CA-2020-145905,AM-10705,2020-09-18,US,South,United States,Consumer,Medium,1264.14,7,0.0,0.0,3,2,0,9,4,0,359.0,4,0.0,0.09090909090909091,3062,439.0,0.14336917562724014
CA-2020-157511,SV-20365,2020-09-18,US,East,United States,Consumer,Medium,107.396,6,0.2333333333333333,0.3,3,2,0,9,4,0,99.0,4,0.0,0.09090909090909091,3063,439.0,0.14332247557003258
CA-2020-102932,SD-20485,2020-09-19,US,East,United States,Home Office,Medium,53.370000000000005,9,0.0,0.0,2,1,0,9,5,1,385.0,6,0.0,0.07692307692307693,3064,439.0,0.14327580592640835
CA-2020-120250,AP-10720,2020-09-19,US,East,United States,Home Office,Medium,25.632,3,0.2,0.2,1,1,0,9,5,1,11.0,4,0.0,0.09090909090909091,3065,439.0,0.14322916666666666
CA-2020-130267,SW-20245,2020-09-19,US,West,United States,Consumer,Medium,159.88,7,0.0,0.0,1,1,0,9,5,1,191.0,4,0.0,0.09090909090909091,3066,439.0,0.14318255776114547
CA-2020-142370,TP-21130,2020-09-19,US,South,United States,Consumer,Medium,254.99,7,0.0,0.0,2,2,0,9,5,1,19.0,4,0.0,0.09090909090909091,3067,439.0,0.14313597918022122
CA-2020-158610,CK-12595,2020-09-19,US,East,United States,Consumer,Medium,69.52,2,0.0,0.0,1,1,0,9,5,1,105.0,6,0.0,0.07692307692307693,3068,439.0,0.14308943089430895
CA-2020-168354,RH-19510,2020-09-19,US,East,United States,Home Office,Medium,2545.12,19,0.0,0.0,4,2,0,9,5,1,66.0,5,0.0,0.08333333333333333,3069,439.0,0.14304291287386217
CA-2020-168557,FH-14275,2020-09-19,US,West,United States,Corporate,Medium,8.928,2,0.2,0.2,1,1,0,9,5,1,699.0,2,0.0,0.1111111111111111,3070,439.0,0.14299642508937277
US-2020-114888,CC-12430,2020-09-19,US,West,United States,Home Office,Medium,18.192,6,0.1,0.2,2,1,0,9,5,1,2.0,5,4.0,0.4166666666666667,3071,439.0,0.142949967511371
US-2020-156097,EH-14125,2020-09-19,US,Central,United States,Home Office,Medium,703.68,4,0.55,0.8,2,2,0,9,5,1,118.0,7,3.0,0.2857142857142857,3072,439.0,0.14290354011042547
CA-2020-100244,GM-14695,2020-09-20,US,West,United States,Corporate,Medium,475.694,19,0.08,0.2,5,1,0,9,6,1,899.0,1,0.0,0.125,3073,439.0,0.14285714285714285
CA-2020-126284,EN-13780,2020-09-20,US,Central,United States,Consumer,Medium,83.69999999999999,5,0.0,0.0,1,1,0,9,6,1,108.0,2,0.0,0.1111111111111111,3074,439.0,0.14281077572216813
CA-2020-134516,FM-14215,2020-09-20,US,South,United States,Corporate,Medium,115.47999999999999,3,0.2,0.2,2,1,0,9,6,1,17.0,6,0.0,0.07692307692307693,3075,439.0,0.1427644386761843
CA-2020-145611,HA-14905,2020-09-20,US,East,United States,Consumer,Medium,393.25,5,0.0,0.0,1,1,0,9,6,1,283.0,5,2.0,0.25,3076,439.0,0.14271813168991243
CA-2020-166772,HJ-14875,2020-09-20,US,West,United States,Home Office,Medium,163.88,2,0.0,0.0,1,1,0,9,6,1,526.0,1,0.0,0.125,3077,439.0,0.14267185473411154
CA-2020-109743,SH-19975,2020-09-22,US,South,United States,Corporate,Medium,104.712,11,0.2,0.2,2,2,0,9,1,0,59.0,4,0.0,0.09090909090909091,3078,439.0,0.1426256077795786
CA-2020-116232,AC-10450,2020-09-22,US,South,United States,Consumer,Medium,24.066,11,0.44999999999999996,0.7,2,1,0,9,1,0,319.0,3,0.0,0.1,3079,439.0,0.1425793907971484
CA-2020-119641,CS-12250,2020-09-22,US,Central,United States,Corporate,Medium,18.96,2,0.0,0.0,1,1,0,9,1,0,86.0,7,0.0,0.07142857142857142,3080,439.0,0.14253320375769354
CA-2020-120257,PW-19240,2020-09-22,US,East,United States,Consumer,Medium,7.872,3,0.2,0.2,1,1,0,9,1,0,55.0,6,0.0,0.07692307692307693,3081,439.0,0.14248704663212436
CA-2020-125724,SM-20950,2020-09-22,US,West,United States,Corporate,Medium,68.43200000000002,7,0.2,0.2,1,1,0,9,1,0,234.0,7,0.0,0.07142857142857142,3082,439.0,0.1424409193913888
CA-2020-135965,SZ-20035,2020-09-22,US,East,United States,Home Office,Medium,128.34,6,0.0,0.0,1,1,0,9,1,0,20.0,5,0.0,0.08333333333333333,3083,439.0,0.1423948220064725
CA-2020-151974,RD-19660,2020-09-22,US,East,United States,Home Office,Medium,16.520000000000003,5,0.2,0.2,1,1,0,9,1,0,186.0,3,1.0,0.2,3084,439.0,0.1423487544483986
CA-2020-158617,AC-10660,2020-09-22,US,Central,United States,Consumer,Medium,35.88,6,0.0,0.0,1,1,0,9,1,0,87.0,3,0.0,0.1,3085,439.0,0.1423027166882277
CA-2020-166653,NP-18685,2020-09-22,US,East,United States,Home Office,Medium,63.967999999999996,2,0.2,0.2,1,1,0,9,1,0,291.0,4,0.0,0.09090909090909091,3086,439.0,0.14225670869705787
US-2020-155404,AS-10630,2020-09-22,US,South,United States,Home Office,Medium,13.28,2,0.0,0.0,1,1,0,9,1,0,385.0,3,0.0,0.1,3087,439.0,0.14221073044602456
US-2020-157728,RC-19960,2020-09-22,US,Central,United States,Consumer,Medium,133.54000000000002,9,0.0,0.0,2,2,0,9,1,0,11.0,3,0.0,0.1,3088,439.0,0.1421647819063005
CA-2020-101742,CR-12580,2020-09-23,US,East,United States,Home Office,Medium,10.528,7,0.2,0.2,1,1,0,9,2,0,158.0,1,0.0,0.125,3089,439.0,0.1421188630490956
CA-2020-106656,DV-13045,2020-09-23,US,West,United States,Corporate,Medium,22.979999999999997,5,0.0,0.0,2,1,0,9,2,0,103.0,1,0.0,0.125,3090,439.0,0.1420729738456571
CA-2020-110730,CM-11815,2020-09-23,US,West,United States,Corporate,Medium,13.68,2,0.0,0.0,1,1,0,9,2,0,632.0,2,0.0,0.1111111111111111,3091,439.0,0.14202711426726922
CA-2020-124016,JS-15940,2020-09-23,US,East,United States,Home Office,Medium,52.153000000000006,14,0.3666666666666667,0.7,3,2,0,9,2,0,110.0,4,0.0,0.09090909090909091,3092,439.0,0.1419812842852533
CA-2020-149979,RA-19915,2020-09-23,US,South,United States,Consumer,Medium,487.21999999999997,8,0.0,0.0,2,2,0,9,2,0,315.0,6,0.0,0.07692307692307693,3093,439.0,0.14193548387096774
CA-2020-159009,DP-13105,2020-09-23,US,West,United States,Corporate,Medium,197.96800000000002,7,0.2,0.2,2,2,0,9,2,0,95.0,2,0.0,0.1111111111111111,3094,439.0,0.1418897129958078
US-2020-129469,KL-16555,2020-09-23,US,East,United States,Corporate,Medium,537.6160000000001,8,0.2,0.2,2,2,0,9,2,0,637.0,2,0.0,0.1111111111111111,3095,439.0,0.14184397163120568
CA-2020-100944,EH-13765,2020-09-24,US,West,United States,Corporate,Medium,868.14,10,0.1,0.2,2,2,0,9,3,0,114.0,9,3.0,0.25,3096,439.0,0.14179825974863036
CA-2020-108875,CL-12700,2020-09-24,US,West,United States,Home Office,Medium,532.4960000000001,11,0.2,0.2,2,2,0,9,3,0,153.0,1,0.0,0.125,3097,439.0,0.14175257731958762
CA-2020-132479,MK-17905,2020-09-24,US,Central,United States,Corporate,Medium,442.37199999999996,7,0.8,0.8,1,1,0,9,3,0,133.0,3,0.0,0.1,3098,439.0,0.14170692431561996
CA-2020-141551,BP-11230,2020-09-24,US,Central,United States,Consumer,Medium,12.86,2,0.0,0.0,2,1,0,9,3,0,513.0,2,0.0,0.1111111111111111,3099,439.0,0.14166130070830651
CA-2020-154235,RD-19900,2020-09-24,US,Central,United States,Consumer,Medium,127.94999999999999,3,0.0,0.0,1,1,0,9,3,0,93.0,6,0.0,0.07692307692307693,3100,439.0,0.14161570646926294
CA-2020-155187,LA-16780,2020-09-24,US,West,United States,Corporate,Medium,83.66,7,0.0,0.0,2,1,0,9,3,0,7.0,7,0.0,0.07142857142857142,3101,439.0,0.14157014157014158
US-2020-134488,PK-19075,2020-09-24,US,East,United States,Consumer,Medium,155.37199999999999,2,0.3,0.3,1,1,0,9,3,0,19.0,4,0.0,0.09090909090909091,3102,439.0,0.14152460598263106
US-2020-147340,EB-13750,2020-09-24,US,West,United States,Corporate,Medium,63.2,5,0.0,0.0,1,1,0,9,3,0,27.0,5,0.0,0.08333333333333333,3103,439.0,0.1414790996784566
CA-2020-101385,JW-16075,2020-09-25,US,West,United States,Consumer,Medium,16.56,4,0.0,0.0,1,1,0,9,4,0,139.0,3,0.0,0.1,3104,439.0,0.1414336226293796
CA-2020-113978,TS-21505,2020-09-25,US,East,United States,Consumer,Medium,642.0160000000001,6,0.20000000000000004,0.2,3,1,0,9,4,0,645.0,1,0.0,0.125,3105,439.0,0.14138817480719795
CA-2020-123722,NH-18610,2020-09-25,US,Central,United States,Corporate,Medium,15.936000000000002,4,0.2,0.2,1,1,0,9,4,0,342.0,3,0.0,0.1,3106,439.0,0.1413427561837456
CA-2020-140417,KE-16420,2020-09-25,US,West,United States,Corporate,Medium,65.07000000000001,10,0.44999999999999996,0.7,2,1,0,9,4,0,437.0,5,0.0,0.08333333333333333,3107,439.0,0.14129736673089274
CA-2020-148747,AS-10045,2020-09-25,US,West,United States,Corporate,Medium,477.666,2,0.15,0.15,1,1,0,9,4,0,181.0,2,0.0,0.1111111111111111,3108,439.0,0.14125200642054575
US-2020-122245,AB-10105,2020-09-25,US,West,United States,Consumer,Medium,393.165,3,0.5,0.5,1,1,0,9,4,0,236.0,3,0.0,0.1,3109,439.0,0.14120667522464697
US-2020-124163,SC-20695,2020-09-25,US,Central,United States,Corporate,Medium,773.59,19,0.0,0.0,4,3,0,9,4,0,13.0,6,0.0,0.07692307692307693,3110,439.0,0.14116137311517485
US-2020-125402,DL-12865,2020-09-25,US,West,United States,Consumer,Medium,1059.088,25,0.08571428571428573,0.2,7,3,0,9,4,0,146.0,5,0.0,0.08333333333333333,3111,439.0,0.14111610006414368
CA-2020-132017,MH-17620,2020-09-26,US,Central,United States,Corporate,Medium,6.815999999999998,2,0.8,0.8,1,1,0,9,5,1,23.0,2,1.0,0.2222222222222222,3112,439.0,0.14107085604360373
CA-2020-143406,LR-17035,2020-09-26,US,Central,United States,Corporate,Medium,547.997,7,0.55,0.8,2,2,0,9,5,1,385.0,4,3.0,0.36363636363636365,3113,439.0,0.14102564102564102
CA-2020-145898,CM-12445,2020-09-26,US,West,United States,Consumer,Medium,124.58,16,0.0,0.0,4,1,0,9,5,1,840.0,1,0.0,0.125,3114,439.0,0.14098045498237743
CA-2020-157714,CS-12175,2020-09-26,US,Central,United States,Corporate,Medium,9.99,1,0.0,0.0,1,1,0,9,5,1,162.0,2,0.0,0.1111111111111111,3115,439.0,0.14093529788597053
CA-2020-165820,DW-13585,2020-09-26,US,West,United States,Corporate,Medium,12.96,2,0.0,0.0,1,1,0,9,5,1,50.0,3,0.0,0.1,3116,439.0,0.1408901697086135
CA-2020-169957,SN-20710,2020-09-26,US,West,United States,Home Office,Medium,366.78,15,0.0,0.0,3,2,0,9,5,1,134.0,4,0.0,0.09090909090909091,3117,439.0,0.14084507042253522
US-2020-109260,TN-21040,2020-09-26,US,South,United States,Home Office,Medium,431.97600000000006,3,0.2,0.2,1,1,0,9,5,1,121.0,8,5.0,0.4,3118,439.0,0.1408
US-2020-146794,SH-19975,2020-09-26,US,West,United States,Corporate,Medium,424.9574999999999,5,0.15,0.15,1,1,0,9,5,1,4.0,5,0.0,0.08333333333333333,3119,439.0,0.14075495841330773
US-2020-149790,SC-20380,2020-09-26,US,Central,United States,Consumer,Medium,15.623999999999997,2,0.8,0.8,1,1,0,9,5,1,399.0,3,0.0,0.1,3120,439.0,0.14070994563479372
US-2020-157945,NF-18385,2020-09-26,US,Central,United States,Consumer,Medium,756.486,5,0.25,0.3,2,2,0,9,5,1,39.0,3,0.0,0.1,3121,439.0,0.14066496163682865
CA-2020-123176,JG-15160,2020-09-27,US,South,United States,Consumer,Medium,31.830000000000002,6,0.0,0.0,2,1,0,9,6,1,65.0,5,0.0,0.08333333333333333,3122,439.0,0.1406200063918185
CA-2020-140249,SW-20455,2020-09-27,US,West,United States,Consumer,Medium,1001.5840000000001,2,0.2,0.2,1,1,0,9,6,1,291.0,4,0.0,0.09090909090909091,3123,439.0,0.14057507987220447
CA-2020-163202,BM-11650,2020-09-27,US,East,United States,Corporate,Medium,2.907,3,0.7,0.7,1,1,0,9,6,1,312.0,5,0.0,0.08333333333333333,3124,439.0,0.1405301820504631
US-2020-110170,HM-14860,2020-09-27,US,Central,United States,Corporate,Medium,956.6647999999999,7,0.32,0.32,1,1,0,9,6,1,138.0,4,0.0,0.09090909090909091,3125,439.0,0.140485312899106
US-2020-134656,MM-18280,2020-09-28,US,Central,United States,Corporate,Medium,99.13600000000001,4,0.2,0.2,1,1,0,9,0,0,198.0,7,3.0,0.2857142857142857,3126,439.0,0.14044047239067986
CA-2020-106621,DM-12955,2020-09-29,US,West,United States,Corporate,Medium,10.496,4,0.2,0.2,1,1,0,9,1,0,192.0,6,2.0,0.23076923076923078,3127,439.0,0.14039566049776644
CA-2020-108056,ES-14080,2020-09-29,US,West,United States,Corporate,Medium,859.2,3,0.2,0.2,1,1,0,9,1,0,77.0,5,3.0,0.3333333333333333,3128,439.0,0.14035087719298245
CA-2020-108616,JK-15730,2020-09-29,US,South,United States,Consumer,Medium,298.83,15,0.0,0.0,3,2,0,9,1,0,132.0,5,0.0,0.08333333333333333,3129,439.0,0.14030612244897958
CA-2020-125794,ML-17410,2020-09-29,US,West,United States,Consumer,Medium,36.24,1,0.0,0.0,1,1,0,9,1,0,685.0,1,0.0,0.125,3130,439.0,0.14026139623844439
CA-2020-134362,LS-16945,2020-09-29,US,East,United States,Corporate,Medium,15.936000000000002,4,0.2,0.2,1,1,0,9,1,0,73.0,6,5.0,0.46153846153846156,3131,439.0,0.14021669853409816
CA-2020-138037,AR-10540,2020-09-29,US,West,United States,Consumer,Medium,27.240000000000002,5,0.2,0.2,1,1,0,9,1,0,312.0,4,2.0,0.2727272727272727,3132,439.0,0.14017202930869704
CA-2020-161781,CC-12100,2020-09-29,US,Central,United States,Home Office,Medium,40.879999999999995,7,0.0,0.0,1,1,0,9,1,0,84.0,5,0.0,0.08333333333333333,3133,439.0,0.14012738853503184
US-2020-101497,PS-18760,2020-09-29,US,West,United States,Consumer,Medium,18.97,1,0.0,0.0,1,1,0,9,1,0,204.0,3,0.0,0.1,3134,439.0,0.14008277618592804
CA-2020-106243,GM-14680,2020-09-30,US,East,United States,Consumer,Medium,523.92,5,0.2,0.2,1,1,0,9,2,0,113.0,5,3.0,0.3333333333333333,3135,439.0,0.1400381922342457
CA-2020-108644,SJ-20215,2020-09-30,US,Central,United States,Consumer,Medium,1.9639999999999995,2,0.8,0.8,1,1,0,9,2,0,452.0,2,1.0,0.2222222222222222,3136,439.0,0.13999363665287942
CA-2020-111794,HG-15025,2020-10-01,US,Central,United States,Consumer,Medium,107.86400000000002,4,0.2,0.2,2,2,0,10,3,0,49.0,3,0.0,0.1,3137,439.0,0.13994910941475827
CA-2020-116918,JK-15205,2020-10-01,US,South,United States,Consumer,Medium,36.364,12,0.44999999999999996,0.7,2,1,0,10,3,0,316.0,3,0.0,0.1,3138,439.0,0.13990461049284578
CA-2020-139157,GM-14680,2020-10-01,US,East,United States,Consumer,Medium,330.588,1,0.4,0.4,1,1,0,10,3,0,1.0,6,3.0,0.3076923076923077,3139,439.0,0.13986013986013987
CA-2020-155992,CC-12220,2020-10-01,US,Central,United States,Consumer,Medium,111.75,7,0.0,0.0,2,2,0,10,3,0,85.0,7,0.0,0.07142857142857142,3140,439.0,0.1398156974896727
CA-2020-157686,BD-11620,2020-10-01,US,West,United States,Consumer,Medium,194.848,4,0.2,0.2,1,1,0,10,3,0,207.0,2,0.0,0.1111111111111111,3141,439.0,0.1397712833545108
CA-2020-118689,TC-20980,2020-10-02,US,Central,United States,Corporate,Medium,18336.739999999998,18,0.0,0.0,5,2,0,10,4,0,378.0,4,2.0,0.2727272727272727,3142,439.0,0.13972689742775485
CA-2020-118969,LP-17095,2020-10-02,US,West,United States,Consumer,Medium,54.79200000000001,6,0.7,0.7,1,1,0,10,4,0,24.0,2,0.0,0.1111111111111111,3143,439.0,0.13968253968253969
CA-2020-134376,TT-21265,2020-10-02,US,East,United States,Corporate,Medium,61.44,3,0.0,0.0,1,1,0,10,4,0,414.0,1,0.0,0.125,3144,439.0,0.13963821009203428
CA-2020-101672,DB-12910,2020-10-03,US,West,United States,Home Office,Medium,1027.6760000000002,10,0.05,0.2,4,2,0,10,5,1,24.0,3,0.0,0.1,3145,439.0,0.13959390862944163
CA-2020-103919,TP-21565,2020-10-03,US,Central,United States,Corporate,Medium,38.08,5,0.6,0.6,1,1,0,10,5,1,582.0,1,0.0,0.125,3146,439.0,0.13954963526799874
CA-2020-140634,HL-15040,2020-10-03,US,Central,United States,Consumer,Medium,15.648,2,0.2,0.2,1,1,0,10,5,1,101.0,3,0.0,0.1,3147,439.0,0.13950538998097653
CA-2020-144939,EB-13870,2020-10-03,US,East,United States,Consumer,Medium,599.292,6,0.1,0.1,1,1,0,10,5,1,374.0,6,2.0,0.23076923076923078,3148,439.0,0.13946117274167988
CA-2020-121601,MO-17500,2020-10-04,US,Central,United States,Consumer,Medium,59.751999999999995,7,0.2,0.2,1,1,0,10,6,1,28.0,2,0.0,0.1111111111111111,3149,439.0,0.1394169835234474
CA-2020-131296,MS-17830,2020-10-04,US,East,United States,Consumer,Medium,239.37199999999996,2,0.3,0.3,1,1,0,10,6,1,302.0,3,0.0,0.1,3150,439.0,0.13937282229965156
CA-2020-145709,AH-10690,2020-10-04,US,South,United States,Corporate,Medium,64.24799999999999,6,0.2,0.2,2,2,0,10,6,1,59.0,15,7.0,0.36363636363636365,3151,439.0,0.13932868904369855
US-2020-140158,DR-12940,2020-10-04,US,East,United States,Home Office,Medium,5549.41,13,0.0,0.0,3,2,0,10,6,1,282.0,4,0.0,0.09090909090909091,3152,439.0,0.13928458372902816
US-2020-115952,JH-15910,2020-10-06,US,Central,United States,Consumer,Medium,28.849999999999998,5,0.0,0.0,1,1,1,10,1,0,389.0,2,0.0,0.1111111111111111,3153,439.0,0.13924050632911392
US-2020-157490,LB-16795,2020-10-06,US,West,United States,Home Office,Medium,801.5500000000001,19,0.575,0.7,4,2,1,10,1,0,35.0,2,0.0,0.1111111111111111,3154,440.0,0.13951281240113889
US-2020-157490,LB-16795,2020-10-06,US,West,United States,Home Office,Medium,801.5500000000001,19,0.575,0.7,4,2,1,10,1,0,0.0,3,1.0,0.2,3155,441.0,0.13978494623655913
US-2020-157490,LB-16795,2020-10-06,US,West,United States,Home Office,Medium,801.5500000000001,19,0.575,0.7,4,2,1,10,1,0,0.0,4,2.0,0.2727272727272727,3156,442.0,0.14005690799873538
US-2020-157490,LB-16795,2020-10-06,US,West,United States,Home Office,Medium,801.5500000000001,19,0.575,0.7,4,2,1,10,1,0,0.0,5,3.0,0.3333333333333333,3157,443.0,0.14032869785082175
CA-2020-127649,DL-13495,2020-10-07,US,West,United States,Corporate,Medium,837.5999999999999,3,0.2,0.2,1,1,0,10,2,0,77.0,3,0.0,0.1,3158,444.0,0.1406003159557662
CA-2020-139808,MC-18100,2020-10-07,US,West,United States,Consumer,Medium,93.36,12,0.0,0.0,1,1,0,10,2,0,286.0,6,0.0,0.07692307692307693,3159,444.0,0.14055590650663297
CA-2020-155033,CC-12475,2020-10-07,US,West,United States,Consumer,Medium,10.56,2,0.0,0.0,1,1,0,10,2,0,158.0,2,0.0,0.1111111111111111,3160,444.0,0.14051152510262077
CA-2020-162614,TB-21250,2020-10-07,US,West,United States,Consumer,Medium,27.264,2,0.2,0.2,1,1,0,10,2,0,251.0,4,0.0,0.09090909090909091,3161,444.0,0.1404671717171717
CA-2020-163216,AW-10930,2020-10-07,US,East,United States,Home Office,Medium,4.928000000000001,2,0.2,0.2,1,1,0,10,2,0,117.0,3,0.0,0.1,3162,444.0,0.14042284632376145
CA-2020-135636,DB-13615,2020-10-08,US,South,United States,Consumer,Medium,387.72,5,0.2,0.2,1,1,0,10,3,0,403.0,2,0.0,0.1111111111111111,3163,444.0,0.14037854889589904
CA-2020-149685,PM-19135,2020-10-08,US,Central,United States,Home Office,Medium,60.144000000000005,6,0.2,0.2,1,1,0,10,3,0,294.0,1,0.0,0.125,3164,444.0,0.1403342794071271
US-2020-126844,BW-11110,2020-10-08,US,Central,United States,Corporate,Medium,51.712,8,0.6,0.6,1,1,0,10,3,0,531.0,2,0.0,0.1111111111111111,3165,444.0,0.14029003783102142
US-2020-162026,JE-15745,2020-10-08,US,West,United States,Consumer,Medium,61.96,2,0.0,0.0,1,1,0,10,3,0,322.0,7,2.0,0.21428571428571427,3166,444.0,0.1402458241411913
CA-2020-114748,MZ-17335,2020-10-09,US,West,United States,Home Office,Medium,170.976,3,0.2,0.2,2,2,0,10,4,0,336.0,1,0.0,0.125,3167,444.0,0.14020163831127913
CA-2020-116974,MP-17965,2020-10-09,US,East,United States,Corporate,Medium,23.976,4,0.4,0.4,1,1,0,10,4,0,359.0,4,0.0,0.09090909090909091,3168,444.0,0.14015748031496064
US-2020-128909,SP-20545,2020-10-09,US,East,United States,Corporate,Medium,351.9680000000001,8,0.2,0.2,2,2,0,10,4,0,171.0,4,0.0,0.09090909090909091,3169,444.0,0.14011335012594459
CA-2020-126627,WB-21850,2020-10-10,US,Central,United States,Consumer,Medium,30.391999999999996,6,0.7,0.8,2,2,0,10,5,1,269.0,6,0.0,0.07692307692307693,3170,444.0,0.14006924771797294
CA-2020-157707,CC-12610,2020-10-10,US,West,United States,Corporate,Medium,227.658,5,0.3666666666666667,0.7,3,2,0,10,5,1,81.0,7,3.0,0.2857142857142857,3171,444.0,0.14002517306482065
US-2020-150357,EB-13975,2020-10-10,US,South,United States,Corporate,Medium,24.703000000000003,5,0.44999999999999996,0.7,2,1,0,10,5,1,246.0,2,0.0,0.1111111111111111,3172,444.0,0.1399811261402957
CA-2020-113390,EP-13915,2020-10-11,US,Central,United States,Consumer,Medium,33.064,5,0.2,0.2,2,1,0,10,6,1,478.0,3,0.0,0.1,3173,444.0,0.139937106918239
CA-2020-101161,BW-11110,2020-10-13,US,East,United States,Corporate,Medium,279.67,18,0.0,0.0,5,2,0,10,1,0,5.0,3,0.0,0.1,3174,444.0,0.13989311537252436
CA-2020-145583,LC-16885,2020-10-13,US,West,United States,Consumer,Medium,256.196,33,0.028571428571428574,0.2,7,2,1,10,1,0,118.0,8,2.0,0.2,3175,444.0,0.13984915147705845
CA-2020-145583,LC-16885,2020-10-13,US,West,United States,Consumer,Medium,256.196,33,0.028571428571428574,0.2,7,2,1,10,1,0,0.0,9,3.0,0.25,3176,445.0,0.14011938422871506
CA-2020-145583,LC-16885,2020-10-13,US,West,United States,Consumer,Medium,256.196,33,0.028571428571428574,0.2,7,2,1,10,1,0,0.0,10,4.0,0.29411764705882354,3177,446.0,0.1403894472361809
CA-2020-145583,LC-16885,2020-10-13,US,West,United States,Consumer,Medium,256.196,33,0.028571428571428574,0.2,7,2,1,10,1,0,0.0,11,5.0,0.3333333333333333,3178,447.0,0.14065934065934066
CA-2020-145583,LC-16885,2020-10-13,US,West,United States,Consumer,Medium,256.196,33,0.028571428571428574,0.2,7,2,1,10,1,0,0.0,12,6.0,0.3684210526315789,3179,448.0,0.14092906465787822
CA-2020-145583,LC-16885,2020-10-13,US,West,United States,Consumer,Medium,256.196,33,0.028571428571428574,0.2,7,2,1,10,1,0,0.0,13,7.0,0.4,3180,449.0,0.14119861939127706
CA-2020-145583,LC-16885,2020-10-13,US,West,United States,Consumer,Medium,256.196,33,0.028571428571428574,0.2,7,2,1,10,1,0,0.0,14,8.0,0.42857142857142855,3181,450.0,0.14146800501882056
CA-2020-154018,HA-14920,2020-10-13,US,Central,United States,Consumer,Medium,362.342,18,0.4,0.8,5,3,0,10,1,0,65.0,6,2.0,0.23076923076923078,3182,451.0,0.14173722169959235
US-2020-100839,NC-18625,2020-10-13,US,West,United States,Corporate,Medium,752.4100000000001,8,0.35,0.5,2,1,0,10,1,0,530.0,2,0.0,0.1111111111111111,3183,451.0,0.14169278996865203
CA-2020-113607,PW-19030,2020-10-14,US,East,United States,Corporate,Medium,1203.89,9,0.0,0.0,2,2,0,10,2,0,53.0,3,0.0,0.1,3184,451.0,0.1416483860858665
CA-2020-125220,BE-11410,2020-10-14,US,Central,United States,Consumer,Medium,1649.75,5,0.0,0.0,1,1,0,10,2,0,250.0,1,0.0,0.125,3185,451.0,0.14160401002506265
CA-2020-156503,NC-18415,2020-10-14,US,South,United States,Consumer,Medium,305.24800000000005,12,0.20000000000000004,0.2,6,3,0,10,2,0,493.0,4,0.0,0.09090909090909091,3186,451.0,0.1415596617601002
US-2020-108098,CP-12340,2020-10-14,US,West,United States,Corporate,Medium,177.0,3,0.0,0.0,1,1,0,10,2,0,119.0,5,0.0,0.08333333333333333,3187,451.0,0.14151534126487164
CA-2020-124352,CD-12790,2020-10-15,US,Central,United States,Home Office,Medium,1058.27,23,0.0,0.0,6,2,0,10,3,0,390.0,3,0.0,0.1,3188,451.0,0.14147104851330203
CA-2020-125738,PB-18805,2020-10-15,US,West,United States,Home Office,Medium,219.12,24,0.05,0.2,4,1,0,10,3,0,330.0,1,0.0,0.125,3189,451.0,0.1414267834793492
CA-2020-142097,QJ-19255,2020-10-15,US,South,United States,Corporate,Medium,342.76,16,0.0,0.0,3,1,0,10,3,0,188.0,5,0.0,0.08333333333333333,3190,451.0,0.14138254613700343
CA-2020-132066,NB-18655,2020-10-16,US,East,United States,Corporate,Medium,142.182,1,0.4,0.4,1,1,0,10,4,0,28.0,5,0.0,0.08333333333333333,3191,451.0,0.14133833646028768
CA-2020-141586,NK-18490,2020-10-17,US,West,United States,Home Office,Medium,18.16,5,0.2,0.2,1,1,0,10,5,1,91.0,2,0.0,0.1111111111111111,3192,451.0,0.14129415442325727
CA-2020-147256,FC-14245,2020-10-17,US,Central,United States,Home Office,Medium,2377.5600000000004,10,0.0,0.0,2,2,0,10,5,1,312.0,3,0.0,0.1,3193,451.0,0.14125
CA-2020-152688,NR-18550,2020-10-17,US,East,United States,Consumer,Medium,436.96000000000004,2,0.0,0.0,2,2,0,10,5,1,168.0,3,0.0,0.1,3194,451.0,0.14120587316463606
CA-2020-163972,MG-17890,2020-10-17,US,West,United States,Home Office,Medium,120.666,2,0.15,0.15,1,1,0,10,5,1,227.0,3,0.0,0.1,3195,451.0,0.14116177389131793
US-2020-159856,EP-13915,2020-10-18,US,West,United States,Consumer,Medium,307.92,5,0.2,0.2,1,1,0,10,6,1,7.0,4,0.0,0.09090909090909091,3196,451.0,0.14111770215423042
CA-2020-105753,LC-16960,2020-10-20,US,South,United States,Home Office,Medium,61.1,5,0.0,0.0,1,1,0,10,1,0,242.0,3,0.0,0.1,3197,451.0,0.14107365792759052
CA-2020-106341,LF-17185,2020-10-20,US,East,United States,Consumer,Medium,7.151999999999999,3,0.2,0.2,1,1,0,10,1,0,595.0,9,6.0,0.4375,3198,451.0,0.14102964118564743
CA-2020-133697,CM-12445,2020-10-20,US,Central,United States,Consumer,Medium,132.95000000000002,12,0.2333333333333333,0.3,3,2,0,10,1,0,24.0,2,0.0,0.1111111111111111,3199,451.0,0.14098565190268247
CA-2020-139549,MY-18295,2020-10-20,US,West,United States,Corporate,Medium,387.136,4,0.2,0.2,1,1,0,10,1,0,188.0,5,0.0,0.08333333333333333,3200,451.0,0.14094169005300905
CA-2020-160220,JS-16030,2020-10-20,US,Central,United States,Consumer,Medium,338.53999999999996,15,0.0,0.0,3,2,0,10,1,0,93.0,2,0.0,0.1111111111111111,3201,451.0,0.14089775561097256
CA-2020-168921,AG-10495,2020-10-20,US,West,United States,Corporate,Medium,19.296,3,0.2,0.2,1,1,1,10,1,0,344.0,7,2.0,0.21428571428571427,3202,451.0,0.14085384855095046
CA-2020-111493,CM-12160,2020-10-21,US,East,United States,Consumer,Medium,98.16,6,0.0,0.0,1,1,0,10,2,0,9999.0,0,0.0,0.14285714285714285,3203,452.0,0.1411214953271028
CA-2020-112340,NM-18520,2020-10-21,US,West,United States,Consumer,Medium,22.919999999999998,3,0.0,0.0,1,1,1,10,2,0,65.0,7,2.0,0.21428571428571427,3204,452.0,0.14107754593584554
CA-2020-125080,VW-21775,2020-10-21,US,East,United States,Corporate,Medium,661.176,2,0.4,0.4,1,1,0,10,2,0,409.0,9,5.0,0.375,3205,453.0,0.14134495641344957
CA-2020-133669,SV-20935,2020-10-21,US,East,United States,Consumer,Medium,235.152,8,0.4,0.4,1,1,0,10,2,0,95.0,2,0.0,0.1111111111111111,3206,453.0,0.1413009648303766
CA-2020-136322,AP-10720,2020-10-21,US,South,United States,Home Office,Medium,74.32000000000001,10,0.44999999999999996,0.7,2,2,0,10,2,0,32.0,5,0.0,0.08333333333333333,3207,453.0,0.14125700062227753
CA-2020-138478,DP-13390,2020-10-21,US,West,United States,Home Office,Medium,4685.076000000001,12,0.06666666666666667,0.2,3,1,0,10,2,0,150.0,6,0.0,0.07692307692307693,3208,453.0,0.1412130637636081
CA-2020-144729,JE-15745,2020-10-21,US,West,United States,Consumer,Medium,154.44,3,0.0,0.0,1,1,0,10,2,0,13.0,8,2.0,0.2,3209,453.0,0.14116915422885573
CA-2020-151169,MY-18295,2020-10-21,US,East,United States,Corporate,Medium,7.92,4,0.0,0.0,1,1,0,10,2,0,1.0,6,0.0,0.07692307692307693,3210,453.0,0.14112527199253963
CA-2020-155516,MK-17905,2020-10-21,US,East,United States,Corporate,Medium,1179.27,17,0.0,0.0,4,2,0,10,2,0,27.0,4,0.0,0.09090909090909091,3211,453.0,0.14108141702921068
CA-2020-161746,CS-11950,2020-10-21,US,West,United States,Consumer,Medium,615.4060000000001,11,0.05,0.2,4,2,1,10,2,0,48.0,7,2.0,0.21428571428571427,3212,453.0,0.1410375893134514
CA-2020-161746,CS-11950,2020-10-21,US,West,United States,Consumer,Medium,615.4060000000001,11,0.05,0.2,4,2,1,10,2,0,0.0,8,3.0,0.26666666666666666,3213,454.0,0.14130434782608695
CA-2020-161746,CS-11950,2020-10-21,US,West,United States,Consumer,Medium,615.4060000000001,11,0.05,0.2,4,2,1,10,2,0,0.0,9,4.0,0.3125,3214,455.0,0.14157094070164544
CA-2020-161746,CS-11950,2020-10-21,US,West,United States,Consumer,Medium,615.4060000000001,11,0.05,0.2,4,2,1,10,2,0,0.0,10,5.0,0.35294117647058826,3215,456.0,0.14183736809435132
CA-2020-166373,JF-15565,2020-10-21,US,Central,United States,Consumer,Medium,106.08000000000001,6,0.2,0.2,1,1,0,10,2,0,40.0,6,0.0,0.07692307692307693,3216,457.0,0.14210363015823765
CA-2020-169334,GW-14605,2020-10-21,US,South,United States,Consumer,Medium,111.67200000000001,9,0.2,0.2,1,1,0,10,2,0,248.0,4,0.0,0.09090909090909091,3217,457.0,0.14205955334987594
CA-2020-165148,PM-19135,2020-10-22,US,Central,United States,Home Office,Medium,31.400000000000002,5,0.0,0.0,1,1,0,10,3,0,14.0,2,0.0,0.1111111111111111,3218,457.0,0.14201550387596898
CA-2020-169887,MS-17530,2020-10-22,US,West,United States,Consumer,Medium,116.96,7,0.0,0.0,3,2,0,10,3,0,356.0,3,0.0,0.1,3219,457.0,0.14197148171109733
US-2020-116400,EB-13930,2020-10-22,US,South,United States,Consumer,Medium,39.92,4,0.0,0.0,1,1,0,10,3,0,157.0,3,0.0,0.1,3220,457.0,0.14192748682987294
CA-2020-132661,SR-20740,2020-10-23,US,East,United States,Home Office,Medium,379.4,10,0.0,0.0,1,1,0,10,4,0,203.0,6,1.0,0.15384615384615385,3221,457.0,0.14188351920693928
CA-2020-151323,AB-10255,2020-10-23,US,West,United States,Home Office,Medium,17.05,5,0.0,0.0,1,1,1,10,4,0,119.0,4,0.0,0.09090909090909091,3222,457.0,0.1418395788169712
CA-2020-165484,HK-14890,2020-10-23,US,Central,United States,Corporate,Medium,70.97200000000001,10,0.4,0.6,2,2,0,10,4,0,183.0,5,2.0,0.25,3223,458.0,0.14210526315789473
CA-2020-118311,ED-13885,2020-10-24,US,West,United States,Home Office,Medium,450.0,5,0.0,0.0,1,1,1,10,5,1,309.0,4,0.0,0.09090909090909091,3224,458.0,0.14206128133704735
CA-2020-121020,CG-12040,2020-10-24,US,South,United States,Home Office,Medium,239.976,3,0.2,0.2,1,1,0,10,5,1,44.0,3,0.0,0.1,3225,459.0,0.14232673267326731
CA-2020-121748,VW-21775,2020-10-24,US,West,United States,Corporate,Medium,459.98,6,0.0,0.0,2,1,0,10,5,1,3.0,10,5.0,0.35294117647058826,3226,459.0,0.14228270955768635
CA-2020-158925,JP-15460,2020-10-24,US,Central,United States,Corporate,Medium,15.552000000000003,3,0.2,0.2,1,1,0,10,5,1,62.0,6,3.0,0.3076923076923077,3227,459.0,0.1422387136672851
CA-2020-166275,SS-20590,2020-10-24,US,West,United States,Consumer,Medium,199.99,1,0.0,0.0,1,1,1,10,5,1,52.0,5,0.0,0.08333333333333333,3228,459.0,0.14219474497681608
CA-2020-153318,JS-15595,2020-10-25,US,South,United States,Corporate,Medium,783.9600000000002,5,0.2,0.2,1,1,0,10,6,1,549.0,2,1.0,0.2222222222222222,3229,460.0,0.14245982694684797
CA-2020-116596,BW-11200,2020-10-27,US,East,United States,Consumer,Medium,511.522,25,0.07500000000000001,0.2,4,2,0,10,1,0,758.0,2,0.0,0.1111111111111111,3230,460.0,0.1424158171146123
CA-2020-120873,BW-11200,2020-10-27,US,South,United States,Consumer,Medium,290.98,1,0.0,0.0,1,1,1,10,1,0,0.0,3,0.0,0.1,3231,460.0,0.14237183446571958
CA-2020-152632,JE-15475,2020-10-27,US,East,United States,Consumer,Medium,40.2,3,0.0,0.0,1,1,0,10,1,0,335.0,2,0.0,0.1111111111111111,3232,461.0,0.14263661623958013
CA-2020-156811,BP-11095,2020-10-27,US,West,United States,Corporate,Medium,68.952,7,0.1,0.2,2,1,0,10,1,0,459.0,6,0.0,0.07692307692307693,3233,461.0,0.1425925925925926
US-2020-117387,PA-19060,2020-10-27,US,West,United States,Home Office,Medium,67.13600000000001,4,0.2,0.2,1,1,0,10,1,0,378.0,3,0.0,0.1,3234,461.0,0.14254859611231102
CA-2020-120369,VB-21745,2020-10-28,US,East,United States,Corporate,Medium,756.8000000000001,5,0.0,0.0,1,1,0,10,2,0,340.0,2,0.0,0.1111111111111111,3235,461.0,0.14250462677359654
CA-2020-125815,DL-13330,2020-10-28,US,East,United States,Consumer,Medium,12.419999999999998,3,0.0,0.0,1,1,0,10,2,0,342.0,2,0.0,0.1111111111111111,3236,461.0,0.14246068455134134
CA-2020-130162,JH-15910,2020-10-28,US,West,United States,Consumer,Medium,395.436,9,0.1,0.2,2,2,0,10,2,0,22.0,3,1.0,0.2,3237,461.0,0.14241676942046855
CA-2020-134775,AS-10285,2020-10-28,US,West,United States,Corporate,Medium,100.49600000000001,10,0.1,0.2,2,1,1,10,2,0,160.0,1,0.0,0.125,3238,461.0,0.1423728813559322
CA-2020-134775,AS-10285,2020-10-28,US,West,United States,Corporate,Medium,100.49600000000001,10,0.1,0.2,2,1,1,10,2,0,0.0,2,1.0,0.2222222222222222,3239,462.0,0.14263709180529882
CA-2020-140641,EP-13915,2020-10-28,US,South,United States,Consumer,Medium,38.19000000000001,5,0.7,0.7,1,1,0,10,2,0,10.0,5,0.0,0.08333333333333333,3240,463.0,0.14290113951339697
CA-2020-142545,JD-15895,2020-10-28,US,East,United States,Corporate,Medium,1263.67,21,0.0,0.0,5,2,0,10,2,0,53.0,8,0.0,0.06666666666666667,3241,463.0,0.14285714285714285
CA-2020-144344,PG-18820,2020-10-28,US,South,United States,Consumer,Medium,314.39300000000003,13,0.325,0.7,4,2,0,10,2,0,57.0,8,0.0,0.06666666666666667,3242,463.0,0.1428131732840874
US-2020-144393,SM-20950,2020-10-28,US,South,United States,Corporate,Medium,17.616000000000003,4,0.7,0.7,1,1,0,10,2,0,36.0,8,0.0,0.06666666666666667,3243,463.0,0.14276923076923076
CA-2020-112389,JM-15655,2020-10-29,US,East,United States,Corporate,Medium,52.410000000000004,6,0.0,0.0,2,1,0,10,3,0,935.0,1,0.0,0.125,3244,463.0,0.14272531528760382
CA-2020-146682,KW-16435,2020-10-29,US,Central,United States,Consumer,Medium,67.0,5,0.0,0.0,1,1,0,10,3,0,328.0,2,0.0,0.1111111111111111,3245,463.0,0.14268142681426815
US-2020-131912,LH-17155,2020-10-29,US,West,United States,Consumer,Medium,11.744,1,0.2,0.2,1,1,0,10,3,0,111.0,6,2.0,0.23076923076923078,3246,463.0,0.142637565324316
CA-2020-105291,SP-20920,2020-10-30,US,West,United States,Consumer,Medium,3.62,2,0.0,0.0,1,1,1,10,4,0,200.0,2,0.0,0.1111111111111111,3247,463.0,0.14259373079287033
CA-2020-153836,EH-13765,2020-10-30,US,East,United States,Corporate,Medium,143.702,8,0.1,0.2,2,1,0,10,4,0,36.0,10,3.0,0.23529411764705882,3248,464.0,0.14285714285714285
CA-2020-167290,JF-15295,2020-10-30,US,Central,United States,Consumer,Medium,11.68,2,0.0,0.0,1,1,0,10,4,0,201.0,2,0.0,0.1111111111111111,3249,464.0,0.1428132678132678
CA-2020-119165,BD-11320,2020-10-31,US,East,United States,Consumer,Medium,492.835,5,0.3,0.3,1,1,0,10,5,1,43.0,7,1.0,0.14285714285714285,3250,464.0,0.14276941971139084
CA-2020-140130,HW-14935,2020-10-31,US,Central,United States,Corporate,Medium,736.26,11,0.0,0.0,4,2,0,10,5,1,74.0,2,0.0,0.1111111111111111,3251,464.0,0.1427255985267035
CA-2020-144218,JD-15895,2020-10-31,US,West,United States,Corporate,Medium,1085.42,7,0.0,0.0,1,1,0,10,5,1,3.0,9,0.0,0.0625,3252,464.0,0.14268180423442775
CA-2020-146913,SF-20965,2020-10-31,US,West,United States,Corporate,Medium,1403.9200000000003,5,0.2,0.2,1,1,0,10,5,1,337.0,5,0.0,0.08333333333333333,3253,464.0,0.14263803680981596
US-2020-142251,FO-14305,2020-10-31,US,South,United States,Consumer,Medium,32.064,6,0.2,0.2,1,1,0,10,5,1,405.0,4,0.0,0.09090909090909091,3254,464.0,0.14259429622815087
CA-2020-100671,CS-12490,2020-11-01,US,Central,United States,Corporate,Medium,111.67200000000001,9,0.2,0.2,1,1,0,11,6,1,81.0,3,0.0,0.1,3255,464.0,0.14255058246474556
CA-2020-129196,XP-21865,2020-11-01,US,Central,United States,Consumer,Medium,68.112,3,0.2,0.2,1,1,0,11,6,1,67.0,5,0.0,0.08333333333333333,3256,464.0,0.1425068954949433
CA-2020-159212,KM-16375,2020-11-01,US,South,United States,Home Office,Medium,273.59000000000003,5,0.0,0.0,2,2,1,11,6,1,99.0,5,0.0,0.08333333333333333,3257,464.0,0.14246323529411764
CA-2020-159212,KM-16375,2020-11-01,US,South,United States,Home Office,Medium,273.59000000000003,5,0.0,0.0,2,2,1,11,6,1,0.0,6,1.0,0.15384615384615385,3258,465.0,0.1427258805513017
CA-2020-109365,XP-21865,2020-11-03,US,West,United States,Consumer,Medium,561.73,32,0.05714285714285715,0.2,7,1,0,11,1,0,2.0,6,0.0,0.07692307692307693,3259,466.0,0.14298836497244335
CA-2020-114972,PF-19225,2020-11-03,US,West,United States,Consumer,Medium,1489.7240000000002,18,0.05,0.2,4,3,0,11,1,0,130.0,1,0.0,0.125,3260,466.0,0.14294459749005203
CA-2020-127250,SF-20200,2020-11-03,US,West,United States,Consumer,Medium,8.82,3,0.0,0.0,1,1,0,11,1,0,52.0,5,0.0,0.08333333333333333,3261,466.0,0.14290085679314565
CA-2020-128867,CL-12565,2020-11-03,US,Central,United States,Consumer,Medium,103.19999999999999,8,0.0,0.0,2,1,0,11,1,0,50.0,16,10.0,0.4782608695652174,3262,466.0,0.14285714285714285
CA-2020-134180,JP-16135,2020-11-03,US,East,United States,Home Office,Medium,542.155,8,0.25,0.3,2,2,0,11,1,0,237.0,3,0.0,0.1,3263,466.0,0.14281345565749234
CA-2020-159023,NW-18400,2020-11-03,US,West,United States,Consumer,Medium,184.14900000000003,10,0.7,0.7,2,2,1,11,1,0,348.0,9,5.0,0.375,3264,466.0,0.1427697951696729
CA-2020-159023,NW-18400,2020-11-03,US,West,United States,Consumer,Medium,184.14900000000003,10,0.7,0.7,2,2,1,11,1,0,0.0,10,6.0,0.4117647058823529,3265,467.0,0.1430317848410758
CA-2020-160136,PJ-18835,2020-11-03,US,Central,United States,Corporate,Medium,9.248000000000001,2,0.2,0.2,1,1,0,11,1,0,182.0,4,0.0,0.09090909090909091,3266,468.0,0.14329361442102048
CA-2020-168893,AP-10915,2020-11-03,US,South,United States,Consumer,Medium,903.7700000000001,16,0.0,0.0,5,2,0,11,1,0,201.0,6,2.0,0.23076923076923078,3267,468.0,0.14324984728161272
CA-2020-119018,CW-11905,2020-11-04,US,West,United States,Home Office,Medium,50.768,9,0.13333333333333333,0.2,3,1,0,11,2,0,523.0,4,2.0,0.2727272727272727,3268,468.0,0.143206106870229
CA-2020-143308,RC-19825,2020-11-04,US,South,United States,Consumer,Medium,10.74,3,0.0,0.0,1,1,0,11,2,0,137.0,4,0.0,0.09090909090909091,3269,468.0,0.14316239316239315
CA-2020-146766,TT-21220,2020-11-04,US,West,United States,Consumer,Medium,192.8,4,0.0,0.0,1,1,0,11,2,0,173.0,7,3.0,0.2857142857142857,3270,468.0,0.14311870613365885
CA-2020-158260,CC-12475,2020-11-04,US,West,United States,Consumer,Medium,686.4000000000001,2,0.2,0.2,1,1,0,11,2,0,28.0,3,0.0,0.1,3271,468.0,0.14307504575960953
CA-2020-162236,ER-13855,2020-11-04,US,South,United States,Corporate,Medium,1106.924,14,0.26666666666666666,0.4,3,2,0,11,2,0,59.0,2,0.0,0.1111111111111111,3272,468.0,0.1430314120158585
CA-2020-163328,TP-21565,2020-11-04,US,West,United States,Corporate,Medium,1465.0320000000002,23,0.20000000000000004,0.2,6,2,0,11,2,0,32.0,2,0.0,0.1111111111111111,3273,468.0,0.14298780487804877
CA-2020-163755,AS-10285,2020-11-04,US,West,United States,Corporate,Medium,209.88,3,0.0,0.0,1,1,0,11,2,0,7.0,3,2.0,0.3,3274,468.0,0.14294422432185308
CA-2020-165827,MF-17665,2020-11-04,US,South,United States,Corporate,Medium,50.496,6,0.2,0.2,1,1,0,11,2,0,91.0,7,4.0,0.35714285714285715,3275,468.0,0.1429006703229738
CA-2020-166443,LH-17020,2020-11-04,US,West,United States,Consumer,Medium,38.29,7,0.0,0.0,1,1,0,11,2,0,635.0,2,0.0,0.1111111111111111,3276,468.0,0.14285714285714285
US-2020-111563,SM-20005,2020-11-04,US,Central,United States,Consumer,Medium,77.48800000000001,7,0.6,0.6,2,1,0,11,2,0,134.0,3,0.0,0.1,3277,468.0,0.1428136419001218
CA-2020-125094,NP-18700,2020-11-05,US,West,United States,Consumer,Medium,479.72,4,0.0,0.0,1,1,0,11,3,0,85.0,4,0.0,0.09090909090909091,3278,468.0,0.14277016742770168
CA-2020-140207,CS-12400,2020-11-05,US,West,United States,Home Office,Medium,29.120000000000005,5,0.2,0.2,1,1,0,11,3,0,179.0,3,0.0,0.1,3279,468.0,0.14272671941570297
CA-2020-143441,EB-14170,2020-11-05,US,Central,United States,Consumer,Medium,11.840000000000002,1,0.2,0.2,1,1,0,11,3,0,343.0,4,0.0,0.09090909090909091,3280,468.0,0.14268329783997566
CA-2020-144092,LH-17155,2020-11-05,US,West,United States,Consumer,Medium,344.01800000000003,9,0.06666666666666667,0.2,3,3,0,11,3,0,7.0,7,2.0,0.21428571428571427,3281,468.0,0.14263990267639903
CA-2020-148908,JH-15985,2020-11-05,US,West,United States,Consumer,Medium,53.248000000000005,2,0.2,0.2,1,1,0,11,3,0,61.0,6,3.0,0.3076923076923077,3282,468.0,0.14259653390088173
CA-2020-157280,LW-17125,2020-11-05,US,South,United States,Consumer,Medium,1120.73,10,0.0,0.0,3,2,1,11,3,0,786.0,1,0.0,0.125,3283,468.0,0.1425531914893617
CA-2020-157280,LW-17125,2020-11-05,US,South,United States,Consumer,Medium,1120.73,10,0.0,0.0,3,2,1,11,3,0,0.0,2,1.0,0.2222222222222222,3284,469.0,0.14281373442722578
CA-2020-157280,LW-17125,2020-11-05,US,South,United States,Consumer,Medium,1120.73,10,0.0,0.0,3,2,1,11,3,0,0.0,3,2.0,0.3,3285,470.0,0.1430741190765492
US-2020-106677,AS-10285,2020-11-05,US,East,United States,Corporate,Medium,23.987999999999996,2,0.4,0.4,1,1,0,11,3,0,1.0,4,2.0,0.2727272727272727,3286,471.0,0.1433343455815366
US-2020-131611,EP-13915,2020-11-05,US,Central,United States,Consumer,Medium,2007.9047999999998,26,0.484,0.8,5,3,0,11,3,0,8.0,6,0.0,0.07692307692307693,3287,471.0,0.143290831815422
US-2020-165078,MA-17995,2020-11-05,US,Central,United States,Home Office,Medium,196.33,12,0.0,0.0,3,1,0,11,3,0,343.0,3,0.0,0.1,3288,471.0,0.14324734446130502
CA-2020-109925,IM-15070,2020-11-06,US,West,United States,Consumer,Medium,84.84,3,0.0,0.0,1,1,0,11,4,0,136.0,5,0.0,0.08333333333333333,3289,471.0,0.14320388349514562
US-2020-125969,LS-16975,2020-11-06,US,West,United States,Home Office,Medium,319.98400000000004,5,0.1,0.2,2,1,0,11,4,0,99.0,5,0.0,0.08333333333333333,3290,471.0,0.14316044889293297
US-2020-153815,KL-16555,2020-11-06,US,South,United States,Corporate,Medium,368.432,8,0.2,0.2,4,2,0,11,4,0,44.0,3,0.0,0.1,3291,471.0,0.14311704063068525
CA-2020-113817,MJ-17740,2020-11-07,US,West,United States,Consumer,Medium,27.680000000000003,2,0.2,0.2,1,1,0,11,5,1,123.0,4,0.0,0.09090909090909091,3292,471.0,0.14307365868444982
CA-2020-116337,MC-17845,2020-11-07,US,Central,United States,Consumer,Medium,358.548,8,0.4,0.6,2,2,0,11,5,1,688.0,2,0.0,0.1111111111111111,3293,471.0,0.14303030303030304
CA-2020-116379,LD-17005,2020-11-07,US,West,United States,Consumer,Medium,57.584,2,0.2,0.2,1,1,0,11,5,1,168.0,2,0.0,0.1111111111111111,3294,471.0,0.1429869736443502
CA-2020-132997,LW-17215,2020-11-07,US,East,United States,Consumer,Medium,1030.494,14,0.04,0.2,5,2,0,11,5,1,51.0,3,0.0,0.1,3295,471.0,0.14294367050272563
CA-2020-144554,DM-13345,2020-11-07,US,East,United States,Corporate,Medium,119.97600000000001,3,0.2,0.2,1,1,0,11,5,1,143.0,4,0.0,0.09090909090909091,3296,471.0,0.14290039358159248
CA-2020-147585,CB-12535,2020-11-07,US,West,United States,Corporate,Medium,14.82,3,0.0,0.0,1,1,0,11,5,1,289.0,5,0.0,0.08333333333333333,3297,471.0,0.14285714285714285
CA-2020-152247,MA-17995,2020-11-07,US,West,United States,Home Office,Medium,1603.1360000000002,4,0.2,0.2,1,1,0,11,5,1,2.0,4,0.0,0.09090909090909091,3298,471.0,0.1428139183055976
CA-2020-161669,EM-14095,2020-11-07,US,West,United States,Corporate,Medium,90.396,12,0.1,0.2,4,1,0,11,5,1,352.0,2,0.0,0.1111111111111111,3299,471.0,0.14277071990320628
CA-2020-164896,PS-19045,2020-11-07,US,West,United States,Home Office,Medium,12.9,2,0.0,0.0,1,1,0,11,5,1,513.0,3,1.0,0.2,3300,471.0,0.14272754762624734
CA-2020-168830,ML-17395,2020-11-07,US,West,United States,Corporate,Medium,479.97,3,0.0,0.0,1,1,0,11,5,1,63.0,8,3.0,0.26666666666666666,3301,471.0,0.14268440145102781
US-2020-139388,CC-12475,2020-11-07,US,East,United States,Consumer,Medium,14.96,4,0.0,0.0,1,1,0,11,5,1,3.0,4,0.0,0.09090909090909091,3302,471.0,0.14264128135388335
CA-2020-152156,CG-12520,2020-11-08,US,South,United States,Consumer,Medium,993.8999999999999,5,0.0,0.0,2,1,0,11,6,1,390.0,1,0.0,0.125,3303,471.0,0.14259818731117824
CA-2020-138233,PF-19165,2020-11-09,US,West,United States,Consumer,Medium,479.97,3,0.0,0.0,1,1,0,11,0,0,132.0,4,0.0,0.09090909090909091,3304,471.0,0.14255511929930534
CA-2020-105494,PC-18745,2020-11-10,US,West,United States,Corporate,Medium,225.82800000000003,10,0.1,0.2,2,1,0,11,1,0,680.0,1,0.0,0.125,3305,471.0,0.14251207729468598
CA-2020-115588,AF-10885,2020-11-10,US,East,United States,Consumer,Medium,53.696,8,0.2,0.2,2,1,0,11,1,0,394.0,3,0.0,0.1,3306,471.0,0.14246906127377
CA-2020-119935,KM-16225,2020-11-10,US,Central,United States,Corporate,Medium,119.25999999999999,4,0.0,0.0,2,2,0,11,1,0,336.0,2,0.0,0.1111111111111111,3307,471.0,0.1424260712130356
CA-2020-125164,SH-19975,2020-11-10,US,East,United States,Corporate,Medium,70.21600000000001,4,0.2,0.2,2,1,0,11,1,0,45.0,6,0.0,0.07692307692307693,3308,471.0,0.14238310708898944
CA-2020-127761,SW-20275,2020-11-10,US,East,United States,Consumer,Medium,885.5699999999999,8,0.1,0.2,2,2,0,11,1,0,976.0,1,0.0,0.125,3309,471.0,0.14234016887816647
CA-2020-137736,DC-13285,2020-11-10,US,South,United States,Consumer,Medium,41.86,7,0.0,0.0,1,1,0,11,1,0,599.0,2,0.0,0.1111111111111111,3310,471.0,0.14229725655712994
CA-2020-140935,AB-10015,2020-11-10,US,Central,United States,Consumer,Medium,563.9399999999999,4,0.0,0.0,2,2,0,11,1,0,979.0,2,0.0,0.1111111111111111,3311,471.0,0.14225437010247136
CA-2020-145177,PP-18955,2020-11-10,US,East,United States,Home Office,Medium,899.59,42,0.2777777777777778,0.7,9,3,0,11,1,0,279.0,7,0.0,0.07142857142857142,3312,471.0,0.1422115094908105
CA-2020-152940,RO-19780,2020-11-10,US,West,United States,Consumer,Medium,29.74,1,0.0,0.0,1,1,0,11,1,0,237.0,4,0.0,0.09090909090909091,3313,471.0,0.14216867469879518
CA-2020-158694,AI-10855,2020-11-10,US,West,United States,Consumer,Medium,1467.134,33,0.028571428571428574,0.2,7,2,0,11,1,0,326.0,5,0.0,0.08333333333333333,3314,471.0,0.14212586570310148
CA-2020-162348,BF-11170,2020-11-10,US,West,United States,Home Office,Medium,9.98,1,0.0,0.0,1,1,0,11,1,0,194.0,8,0.0,0.06666666666666667,3315,471.0,0.14208308248043347
CA-2020-163384,CC-12430,2020-11-10,US,West,United States,Home Office,Medium,45.61600000000001,9,0.1,0.2,2,1,0,11,1,0,52.0,6,4.0,0.38461538461538464,3316,471.0,0.1420403250075233
US-2020-136581,SV-20365,2020-11-10,US,East,United States,Consumer,Medium,31.104000000000006,6,0.2,0.2,1,1,0,11,1,0,53.0,5,0.0,0.08333333333333333,3317,471.0,0.14199759326113118
US-2020-144547,MS-17770,2020-11-10,US,Central,United States,Consumer,Medium,279.944,7,0.2,0.2,1,1,0,11,1,0,79.0,7,0.0,0.07142857142857142,3318,471.0,0.1419548872180451
CA-2020-103128,SC-20845,2020-11-11,US,Central,United States,Consumer,Medium,14.111999999999998,6,0.2,0.2,1,1,0,11,2,0,9999.0,0,0.0,0.14285714285714285,3319,471.0,0.14191220685508119
CA-2020-116722,LP-17080,2020-11-11,US,West,United States,Consumer,Medium,524.616,16,0.13333333333333333,0.2,3,2,0,11,2,0,871.0,1,0.0,0.125,3320,471.0,0.14186955214908326
CA-2020-124506,BB-11545,2020-11-11,US,Central,United States,Corporate,Medium,143.96,6,0.25,0.3,2,2,0,11,2,0,356.0,2,0.0,0.1111111111111111,3321,471.0,0.14182692307692307
CA-2020-124667,BD-11770,2020-11-11,US,East,United States,Consumer,Medium,143.32999999999998,4,0.0,0.0,2,2,0,11,2,0,62.0,3,0.0,0.1,3322,471.0,0.14178431961550014
CA-2020-130799,BK-11260,2020-11-11,US,West,United States,Consumer,Medium,6.96,4,0.0,0.0,1,1,0,11,2,0,603.0,8,6.0,0.4666666666666667,3323,471.0,0.14174174174174173
CA-2020-131968,LB-16795,2020-11-11,US,South,United States,Home Office,Medium,681.4320000000001,5,0.44999999999999996,0.7,2,1,0,11,2,0,36.0,6,4.0,0.38461538461538464,3324,471.0,0.14169918943260282
CA-2020-139878,LD-17005,2020-11-11,US,Central,United States,Consumer,Medium,257.98,2,0.0,0.0,1,1,0,11,2,0,4.0,3,0.0,0.1,3325,471.0,0.14165666266506602
CA-2020-145548,EB-13750,2020-11-11,US,East,United States,Corporate,Medium,492.966,17,0.08333333333333333,0.2,6,3,0,11,2,0,48.0,6,0.0,0.07692307692307693,3326,471.0,0.1416141614161416
US-2020-164196,AS-10285,2020-11-11,US,Central,United States,Corporate,Medium,2678.94,6,0.0,0.0,1,1,0,11,2,0,6.0,5,2.0,0.25,3327,471.0,0.14157168566286743
CA-2020-124590,SP-20920,2020-11-12,US,East,United States,Consumer,Medium,3588.096,26,0.26,0.3,5,2,0,11,3,0,13.0,3,1.0,0.2,3328,471.0,0.14152923538230885
CA-2020-134348,MS-17710,2020-11-12,US,West,United States,Consumer,Medium,42.622,14,0.5333333333333333,0.7,3,2,0,11,3,0,170.0,5,0.0,0.08333333333333333,3329,471.0,0.14148681055155876
CA-2020-149349,SP-20650,2020-11-12,US,Central,United States,Corporate,Medium,22.752000000000002,6,0.6,0.6,1,1,0,11,3,0,90.0,8,3.0,0.26666666666666666,3330,471.0,0.14144441114773748
CA-2020-152170,FH-14275,2020-11-12,US,Central,United States,Corporate,Medium,383.14,21,0.0,0.0,5,1,0,11,3,0,54.0,3,0.0,0.1,3331,471.0,0.14140203714799282
CA-2020-164399,DW-13480,2020-11-12,US,West,United States,Home Office,Medium,878.3280000000001,6,0.2,0.2,2,2,0,11,3,0,84.0,3,0.0,0.1,3332,471.0,0.14135968852949984
CA-2020-101336,CK-12760,2020-11-13,US,East,United States,Corporate,Medium,279.81,15,0.0,0.0,4,1,0,11,4,0,268.0,6,0.0,0.07692307692307693,3333,471.0,0.14131736526946106
CA-2020-118570,CC-12430,2020-11-13,US,East,United States,Home Office,Medium,217.05599999999998,7,0.2,0.2,1,1,0,11,4,0,3.0,7,4.0,0.35714285714285715,3334,471.0,0.14127506734510625
CA-2020-121958,CS-12505,2020-11-13,US,South,United States,Consumer,Medium,52.136,7,0.2,0.2,1,1,0,11,4,0,57.0,3,0.0,0.1,3335,471.0,0.1412327947336924
CA-2020-128972,TS-21430,2020-11-13,US,Central,United States,Corporate,Medium,30.36,4,0.0,0.0,1,1,0,11,4,0,79.0,3,0.0,0.1,3336,471.0,0.14119054741250375
CA-2020-147683,PO-19180,2020-11-13,US,West,United States,Home Office,Medium,19.54,2,0.0,0.0,1,1,0,11,4,0,62.0,6,2.0,0.23076923076923078,3337,471.0,0.14114832535885166
CA-2020-149461,AS-10135,2020-11-13,US,West,United States,Home Office,Medium,4.18,1,0.0,0.0,1,1,0,11,4,0,9999.0,0,0.0,0.14285714285714285,3338,471.0,0.14110612855007473
CA-2020-155488,FM-14290,2020-11-13,US,West,United States,Home Office,Medium,44.02,2,0.0,0.0,1,1,0,11,4,0,159.0,3,0.0,0.1,3339,471.0,0.14106395696353854
US-2020-113677,CM-12655,2020-11-13,US,East,United States,Home Office,Medium,2294.9,7,0.0,0.0,2,2,0,11,4,0,97.0,3,0.0,0.1,3340,471.0,0.1410218105766358
US-2020-162103,LB-16795,2020-11-13,US,Central,United States,Home Office,Medium,3.1359999999999992,2,0.8,0.8,1,1,0,11,4,0,2.0,7,4.0,0.35714285714285715,3341,471.0,0.14097968936678615
CA-2020-118759,MB-17305,2020-11-14,US,East,United States,Consumer,Medium,448.44599999999997,5,0.05,0.1,2,2,0,11,5,1,325.0,5,0.0,0.08333333333333333,3342,471.0,0.14093759331143624
CA-2020-121370,EB-14110,2020-11-14,US,East,United States,Consumer,Medium,1628.61,10,0.3,0.4,3,2,0,11,5,1,64.0,4,0.0,0.09090909090909091,3343,471.0,0.1408955223880597
CA-2020-131065,AA-10375,2020-11-14,US,South,United States,Consumer,Medium,513.52,5,0.0,0.0,3,2,0,11,5,1,127.0,6,0.0,0.07692307692307693,3344,471.0,0.14085347657415698
CA-2020-134691,KC-16540,2020-11-14,US,Central,United States,Consumer,Medium,2.2959999999999994,2,0.8,0.8,1,1,0,11,5,1,64.0,2,0.0,0.1111111111111111,3345,471.0,0.14081145584725538
CA-2020-149482,RR-19315,2020-11-14,US,West,United States,Consumer,Medium,7.38,2,0.0,0.0,1,1,0,11,5,1,9999.0,0,0.0,0.14285714285714285,3346,471.0,0.14076946018490905
CA-2020-166618,DP-13000,2020-11-14,US,East,United States,Consumer,Medium,37.629999999999995,3,0.0,0.0,2,2,0,11,5,1,183.0,5,0.0,0.08333333333333333,3347,471.0,0.14072748956469885
US-2020-112970,TB-21250,2020-11-14,US,West,United States,Consumer,Medium,9.84,3,0.0,0.0,1,1,0,11,5,1,38.0,5,0.0,0.08333333333333333,3348,471.0,0.1406855439642325
US-2020-117541,JM-16195,2020-11-14,US,East,United States,Consumer,Medium,36.370000000000005,9,0.0,0.0,2,2,0,11,5,1,168.0,10,5.0,0.35294117647058826,3349,471.0,0.14064362336114422
US-2020-144351,RC-19960,2020-11-14,US,East,United States,Consumer,Medium,89.97,3,0.0,0.0,1,1,0,11,5,1,53.0,4,0.0,0.09090909090909091,3350,471.0,0.14060172773309504
CA-2020-105963,SC-20770,2020-11-15,US,West,United States,Corporate,Medium,99.39000000000001,3,0.0,0.0,1,1,0,11,6,1,150.0,4,0.0,0.09090909090909091,3351,471.0,0.1405598570577725
CA-2020-130820,ON-18715,2020-11-15,US,South,United States,Corporate,Medium,630.024,4,0.4,0.4,1,1,0,11,6,1,249.0,8,0.0,0.06666666666666667,3352,471.0,0.14051801131289074
CA-2020-146633,TG-21310,2020-11-15,US,West,United States,Consumer,Medium,1054.928,8,0.2,0.2,2,1,0,11,6,1,74.0,3,0.0,0.1,3353,471.0,0.14047619047619048
CA-2020-148740,AH-10690,2020-11-15,US,West,United States,Corporate,Medium,361.37600000000003,2,0.2,0.2,1,1,0,11,6,1,42.0,16,7.0,0.34782608695652173,3354,471.0,0.14043439452543885
CA-2020-124527,IM-15055,2020-11-16,US,West,United States,Consumer,Medium,8.32,5,0.2,0.2,1,1,1,11,0,0,73.0,2,0.0,0.1111111111111111,3355,471.0,0.1403926234384295
CA-2020-154508,RD-19900,2020-11-16,US,West,United States,Consumer,Medium,28.4,5,0.0,0.0,1,1,0,11,0,0,53.0,7,0.0,0.07142857142857142,3356,472.0,0.1406482307463574
CA-2020-118500,HJ-14875,2020-11-17,US,West,United States,Home Office,Medium,49.5,5,0.0,0.0,1,1,1,11,1,0,58.0,2,0.0,0.1111111111111111,3357,472.0,0.1406064209274673
CA-2020-134110,BG-11035,2020-11-17,US,Central,United States,Consumer,Medium,82.408,7,0.2,0.2,2,2,0,11,1,0,322.0,4,0.0,0.09090909090909091,3358,473.0,0.14086181277860327
CA-2020-150658,MS-17365,2020-11-17,US,West,United States,Consumer,Medium,10.776000000000002,3,0.2,0.2,1,1,0,11,1,0,287.0,7,1.0,0.14285714285714285,3359,473.0,0.1408199643493761
CA-2020-103464,PG-18820,2020-11-18,US,West,United States,Consumer,Medium,595.0,5,0.0,0.0,1,1,0,11,2,0,21.0,9,0.0,0.0625,3360,473.0,0.14077814077814077
CA-2020-108630,BE-11410,2020-11-18,US,West,United States,Consumer,Medium,61.120000000000005,5,0.2,0.2,1,1,0,11,2,0,35.0,2,0.0,0.1111111111111111,3361,473.0,0.14073634204275534
CA-2020-115378,AJ-10945,2020-11-18,US,Central,United States,Consumer,Medium,301.96,2,0.0,0.0,1,1,0,11,2,0,340.0,4,0.0,0.09090909090909091,3362,473.0,0.14069456812110417
CA-2020-119963,SN-20710,2020-11-18,US,Central,United States,Home Office,Medium,329.97200000000004,12,0.225,0.3,4,2,0,11,2,0,53.0,5,0.0,0.08333333333333333,3363,473.0,0.1406528189910979
CA-2020-136812,AW-10930,2020-11-18,US,Central,United States,Home Office,Medium,1117.92,4,0.0,0.0,1,1,0,11,2,0,42.0,4,0.0,0.09090909090909091,3364,473.0,0.1406110946306734
CA-2020-158575,SB-20290,2020-11-18,US,East,United States,Corporate,Medium,103.96799999999999,6,0.2,0.2,1,1,0,11,2,0,434.0,4,0.0,0.09090909090909091,3365,473.0,0.14056939501779359
CA-2020-166226,TC-21535,2020-11-18,US,West,United States,Home Office,Medium,129.032,2,0.1,0.2,2,2,0,11,2,0,122.0,4,0.0,0.09090909090909091,3366,473.0,0.14052772013044768
US-2020-138408,KC-16255,2020-11-18,US,South,United States,Corporate,Medium,1319.96,4,0.0,0.0,1,1,0,11,2,0,152.0,5,0.0,0.08333333333333333,3367,473.0,0.14048606994665086
CA-2020-111143,TT-21265,2020-11-19,US,Central,United States,Corporate,Medium,54.96,3,0.0,0.0,1,1,0,11,3,0,48.0,2,0.0,0.1111111111111111,3368,473.0,0.14044444444444446
CA-2020-113138,NP-18685,2020-11-19,US,East,United States,Home Office,Medium,34.992000000000004,9,0.1,0.2,2,1,0,11,3,0,58.0,5,0.0,0.08333333333333333,3369,473.0,0.14040284360189573
CA-2020-126858,JM-15265,2020-11-19,US,West,United States,Corporate,Medium,31.96,2,0.0,0.0,1,1,0,11,3,0,538.0,2,0.0,0.1111111111111111,3370,473.0,0.140361267397098
CA-2020-130778,ND-18370,2020-11-19,US,East,United States,Consumer,Medium,53.49,7,0.0,0.0,2,1,0,11,3,0,198.0,4,0.0,0.09090909090909091,3371,473.0,0.14031971580817051
CA-2020-157364,LT-17110,2020-11-19,US,South,United States,Consumer,Medium,18.48,2,0.2,0.2,1,1,0,11,3,0,251.0,5,0.0,0.08333333333333333,3372,473.0,0.14027818881325835
CA-2020-164511,DJ-13630,2020-11-19,US,East,United States,Consumer,Medium,147.91199999999998,9,0.06666666666666667,0.2,3,1,0,11,3,0,341.0,1,0.0,0.125,3373,473.0,0.14023668639053255
US-2020-110156,EH-13945,2020-11-19,US,Central,United States,Consumer,Medium,296.668,37,0.4,0.8,8,3,0,11,3,0,308.0,4,1.0,0.18181818181818182,3374,473.0,0.1401952085181899
CA-2020-100041,BF-10975,2020-11-20,US,Central,United States,Corporate,Medium,328.53999999999996,6,0.0,0.0,3,1,0,11,4,0,503.0,5,0.0,0.08333333333333333,3375,473.0,0.140153755174453
CA-2020-107790,EH-13990,2020-11-20,US,Central,United States,Consumer,Medium,151.192,1,0.2,0.2,1,1,0,11,4,0,234.0,5,0.0,0.08333333333333333,3376,473.0,0.1401123263375702
CA-2020-109820,AG-10390,2020-11-20,US,East,United States,Consumer,Medium,32.751000000000005,8,0.5333333333333333,0.7,3,1,0,11,4,0,809.0,2,0.0,0.1111111111111111,3377,473.0,0.1400709219858156
CA-2020-110772,NZ-18565,2020-11-20,US,East,United States,Home Office,Medium,380.54600000000005,20,0.275,0.5,4,3,0,11,4,0,70.0,8,4.0,0.3333333333333333,3378,473.0,0.1400295420974889
CA-2020-113845,FA-14230,2020-11-20,US,South,United States,Corporate,Medium,574.056,11,0.20000000000000004,0.2,3,3,0,11,4,0,387.0,5,0.0,0.08333333333333333,3379,473.0,0.13998818665091553
CA-2020-114104,NP-18670,2020-11-20,US,Central,United States,Consumer,Medium,959.5500000000001,9,0.0,0.0,2,2,0,11,4,0,125.0,2,0.0,0.1111111111111111,3380,473.0,0.13994685562444642
CA-2020-121356,SJ-20500,2020-11-20,US,East,United States,Consumer,Medium,128.39999999999998,3,0.0,0.0,1,1,0,11,4,0,773.0,2,0.0,0.1111111111111111,3381,473.0,0.1399055489964581
CA-2020-142615,BM-11575,2020-11-20,US,West,United States,Corporate,Medium,27.88,2,0.0,0.0,1,1,0,11,4,0,323.0,2,0.0,0.1111111111111111,3382,473.0,0.1398642667453526
CA-2020-145492,MC-17605,2020-11-20,US,West,United States,Corporate,Medium,39.0,12,0.0,0.0,1,1,1,11,4,0,370.0,3,0.0,0.1,3383,473.0,0.13982300884955753
US-2020-127971,DW-13195,2020-11-20,US,Central,United States,Corporate,Medium,448.418,15,0.3666666666666667,0.6,3,2,0,11,4,0,824.0,3,0.0,0.1,3384,474.0,0.14007667354762607
CA-2020-113425,JK-16120,2020-11-21,US,East,United States,Home Office,Medium,113.56800000000001,2,0.2,0.2,1,1,0,11,5,1,79.0,5,0.0,0.08333333333333333,3385,474.0,0.14003537735849056
CA-2020-114482,DM-13345,2020-11-21,US,Central,United States,Corporate,Medium,445.3999999999999,10,0.0,0.0,2,2,0,11,5,1,14.0,5,0.0,0.08333333333333333,3386,474.0,0.1399941055113469
CA-2020-114895,MV-18190,2020-11-21,US,East,United States,Consumer,Medium,12.96,2,0.0,0.0,1,1,0,11,5,1,157.0,4,0.0,0.09090909090909091,3387,474.0,0.13995285798467885
CA-2020-140018,CK-12205,2020-11-21,US,East,United States,Consumer,Medium,235.851,13,0.39999999999999997,0.7,3,2,0,11,5,1,121.0,8,0.0,0.06666666666666667,3388,474.0,0.13991163475699558
CA-2020-146157,RD-19720,2020-11-21,US,Central,United States,Consumer,Medium,141.57600000000002,6,0.20000000000000004,0.2,3,2,0,11,5,1,195.0,5,0.0,0.08333333333333333,3389,474.0,0.13987043580683156
CA-2020-152646,TH-21235,2020-11-21,US,West,United States,Corporate,Medium,32.400000000000006,5,0.0,0.0,1,1,0,11,5,1,179.0,4,0.0,0.09090909090909091,3390,474.0,0.13982926111274654
US-2020-114293,JH-16180,2020-11-21,US,West,United States,Consumer,Medium,195.136,4,0.2,0.2,1,1,1,11,5,1,230.0,3,0.0,0.1,3391,474.0,0.1397881106533255
CA-2020-131576,RD-19585,2020-11-22,US,Central,United States,Consumer,Medium,49.44,3,0.0,0.0,1,1,0,11,6,1,345.0,9,4.0,0.3125,3392,475.0,0.1400411885848779
CA-2020-154711,TB-21355,2020-11-22,US,East,United States,Corporate,Medium,72.892,9,0.06666666666666667,0.2,3,2,0,11,6,1,87.0,2,0.0,0.1111111111111111,3393,475.0,0.14
US-2020-132577,JE-15475,2020-11-22,US,Central,United States,Consumer,Medium,60.44,24,0.44000000000000006,0.8,5,2,0,11,6,1,26.0,3,0.0,0.1,3394,475.0,0.1399588356365775
US-2020-164945,CA-12055,2020-11-22,US,East,United States,Home Office,Medium,134.27200000000002,8,0.2,0.2,1,1,0,11,6,1,106.0,3,0.0,0.1,3395,475.0,0.13991769547325103
CA-2020-160129,LS-17200,2020-11-23,US,East,United States,Corporate,Medium,100.61600000000001,14,0.20000000000000004,0.2,3,2,0,11,0,0,728.0,2,0.0,0.1111111111111111,3396,475.0,0.13987657948868645
CA-2020-100083,CD-11980,2020-11-24,US,West,United States,Consumer,Medium,24.784000000000002,1,0.2,0.2,1,1,0,11,1,0,9999.0,0,0.0,0.14285714285714285,3397,475.0,0.1398354876615746
CA-2020-100468,AT-10435,2020-11-24,US,West,United States,Home Office,Medium,43.46,4,0.1,0.2,2,2,0,11,1,0,445.0,3,0.0,0.1,3398,475.0,0.1397944199706314
CA-2020-105284,MG-17650,2020-11-24,US,East,United States,Home Office,Medium,4.416,3,0.2,0.2,1,1,0,11,1,0,838.0,1,0.0,0.125,3399,475.0,0.13975337639459776
CA-2020-113726,SC-20680,2020-11-24,US,West,United States,Home Office,Medium,82.26,3,0.0,0.0,1,1,0,11,1,0,119.0,3,0.0,0.1,3400,475.0,0.13971235691223952
CA-2020-123533,SC-20050,2020-11-24,US,South,United States,Home Office,Medium,392.83200000000005,11,0.20000000000000004,0.2,3,2,0,11,1,0,164.0,4,0.0,0.09090909090909091,3401,475.0,0.1396713615023474
CA-2020-123806,LA-16780,2020-11-24,US,East,United States,Corporate,Medium,207.76,4,0.0,0.0,1,1,0,11,1,0,61.0,8,0.0,0.06666666666666667,3402,475.0,0.13963039014373715
CA-2020-124485,NC-18340,2020-11-24,US,East,United States,Consumer,Medium,123.656,11,0.05,0.2,4,2,0,11,1,0,600.0,3,0.0,0.1,3403,475.0,0.13958944281524927
CA-2020-125661,CA-12055,2020-11-24,US,East,United States,Home Office,Medium,180.71200000000005,8,0.2,0.2,2,2,0,11,1,0,2.0,4,0.0,0.09090909090909091,3404,475.0,0.13954851949574903
CA-2020-128531,NS-18505,2020-11-24,US,Central,United States,Consumer,Medium,527.224,19,0.20000000000000004,0.2,6,2,0,11,1,0,9999.0,0,0.0,0.14285714285714285,3405,475.0,0.1395076201641266
CA-2020-132731,GA-14515,2020-11-24,US,Central,United States,Consumer,Medium,657.5520000000001,6,0.2,0.2,1,1,0,11,1,0,587.0,3,0.0,0.1,3406,475.0,0.1394667447992968
CA-2020-163573,AC-10450,2020-11-24,US,West,United States,Consumer,Medium,1219.96,5,0.2,0.2,1,1,0,11,1,0,63.0,4,0.0,0.09090909090909091,3407,475.0,0.13942589338019917
CA-2020-165561,CR-12580,2020-11-24,US,West,United States,Home Office,Medium,25.349999999999998,3,0.0,0.0,1,1,0,11,1,0,62.0,2,0.0,0.1111111111111111,3408,475.0,0.13938506588579794
US-2020-163881,SP-20860,2020-11-24,US,West,United States,Corporate,Medium,2904.572,16,0.06666666666666667,0.2,3,2,0,11,1,0,333.0,7,2.0,0.21428571428571427,3409,475.0,0.13934426229508196
CA-2020-108196,CS-12505,2020-11-25,US,East,United States,Consumer,Medium,5016.549000000001,10,0.5333333333333333,0.7,3,2,0,11,2,0,12.0,4,0.0,0.09090909090909091,3410,475.0,0.13930348258706468
CA-2020-113341,MH-17455,2020-11-25,US,West,United States,Consumer,Medium,194.35200000000003,3,0.2,0.2,1,1,1,11,2,0,599.0,3,0.0,0.1,3411,475.0,0.13926272674078408
CA-2020-132549,JK-15370,2020-11-25,US,South,United States,Consumer,Medium,73.36,7,0.0,0.0,1,1,0,11,2,0,96.0,4,0.0,0.09090909090909091,3412,476.0,0.13951447791751975
CA-2020-160535,BP-11050,2020-11-25,US,East,United States,Corporate,Medium,883.3199999999999,12,0.0,0.0,2,2,0,11,2,0,775.0,1,0.0,0.125,3413,476.0,0.1394736842105263
CA-2020-165470,HJ-14875,2020-11-25,US,South,United States,Home Office,Medium,5.08,1,0.2,0.2,1,1,0,11,2,0,8.0,3,1.0,0.2,3414,476.0,0.1394329143525285
CA-2020-169838,BB-11545,2020-11-25,US,Central,United States,Corporate,Medium,1745.9099999999999,18,0.0,0.0,3,3,0,11,2,0,14.0,3,0.0,0.1,3415,476.0,0.13939216832261836
US-2020-119298,EP-13915,2020-11-25,US,South,United States,Consumer,Medium,59.98,2,0.0,0.0,1,1,0,11,2,0,20.0,7,0.0,0.07142857142857142,3416,476.0,0.13935144609991235
CA-2020-106915,GA-14515,2020-11-26,US,Central,United States,Consumer,Medium,17.856,4,0.2,0.2,1,1,0,11,3,0,2.0,4,0.0,0.09090909090909091,3417,476.0,0.1393107476635514
CA-2020-107104,MS-17365,2020-11-26,US,West,United States,Consumer,Medium,4104.174,25,0.0375,0.15,4,2,0,11,3,0,9.0,8,1.0,0.13333333333333333,3418,476.0,0.13927007299270072
CA-2020-129693,TC-20980,2020-11-26,US,West,United States,Corporate,Medium,7.312000000000001,2,0.2,0.2,1,1,0,11,3,0,55.0,5,2.0,0.25,3419,476.0,0.13922942206654992
CA-2020-130288,DK-13225,2020-11-26,US,East,United States,Corporate,Medium,313.176,2,0.4,0.4,1,1,0,11,3,0,86.0,6,0.0,0.07692307692307693,3420,476.0,0.13918879486431282
CA-2020-133711,MC-17425,2020-11-26,US,South,United States,Corporate,Medium,3236.41,23,0.0,0.0,4,2,0,11,3,0,133.0,4,0.0,0.09090909090909091,3421,476.0,0.13914819136522755
CA-2020-145135,CD-12790,2020-11-26,US,East,United States,Home Office,Medium,73.33,5,0.0,0.0,2,2,0,11,3,0,42.0,4,0.0,0.09090909090909091,3422,476.0,0.13910761154855644
US-2020-126893,CT-11995,2020-11-26,US,East,United States,Consumer,Medium,494.98199999999997,3,0.4,0.4,1,1,0,11,3,0,105.0,4,0.0,0.09090909090909091,3423,476.0,0.139067055393586
US-2020-158288,EH-13945,2020-11-26,US,East,United States,Consumer,Medium,78.75900000000001,9,0.7,0.7,1,1,0,11,3,0,7.0,5,1.0,0.16666666666666666,3424,476.0,0.13902652287962694
US-2020-158309,PA-19060,2020-11-26,US,South,United States,Home Office,Medium,3.7440000000000007,4,0.7,0.7,1,1,0,11,3,0,30.0,4,0.0,0.09090909090909091,3425,476.0,0.13898601398601398
CA-2020-104276,HF-14995,2020-11-27,US,South,United States,Consumer,Medium,447.7830000000001,8,0.325,0.45,2,2,0,11,4,0,85.0,5,0.0,0.08333333333333333,3426,476.0,0.13894552869210602
CA-2020-117583,CB-12025,2020-11-27,US,East,United States,Consumer,Medium,345.47,17,0.0,0.0,4,1,0,11,4,0,457.0,4,0.0,0.09090909090909091,3427,476.0,0.13890506697728597
CA-2020-129686,GG-14650,2020-11-27,US,Central,United States,Corporate,Medium,160.38400000000001,8,0.2,0.2,2,2,0,11,4,0,101.0,3,0.0,0.1,3428,476.0,0.1388646288209607
CA-2020-144911,RW-19630,2020-11-27,US,Central,United States,Corporate,Medium,186.95,10,0.0,0.0,2,2,0,11,4,0,120.0,4,0.0,0.09090909090909091,3429,476.0,0.1388242142025611
CA-2020-152121,CC-12670,2020-11-27,US,West,United States,Consumer,Medium,271.992,1,0.2,0.2,1,1,0,11,4,0,269.0,3,1.0,0.2,3430,476.0,0.13878382310154205
CA-2020-159639,PC-18745,2020-11-27,US,East,United States,Corporate,Medium,31.56,3,0.0,0.0,1,1,0,11,4,0,17.0,2,0.0,0.1111111111111111,3431,476.0,0.1387434554973822
CA-2020-162313,VB-21745,2020-11-27,US,Central,United States,Corporate,Medium,167.292,6,0.1,0.1,1,1,0,11,4,0,30.0,3,0.0,0.1,3432,476.0,0.1387031113695842
US-2020-114230,CM-12235,2020-11-27,US,West,United States,Consumer,Medium,39.808,4,0.2,0.2,1,1,1,11,4,0,107.0,3,0.0,0.1,3433,476.0,0.13866279069767443
CA-2020-105018,SK-19990,2020-11-28,US,East,United States,Consumer,Medium,7.16,2,0.0,0.0,1,1,0,11,5,1,9999.0,0,0.0,0.14285714285714285,3434,477.0,0.13891310665504214
CA-2020-123617,AJ-10780,2020-11-28,US,South,United States,Corporate,Medium,7.434000000000001,6,0.7,0.7,1,1,0,11,5,1,560.0,4,1.0,0.18181818181818182,3435,477.0,0.1388727484020918
CA-2020-127243,DS-13180,2020-11-28,US,East,United States,Corporate,Medium,740.0880000000001,22,0.36,0.7,5,3,0,11,5,1,246.0,6,2.0,0.23076923076923078,3436,477.0,0.13883241359279697
CA-2020-163167,RF-19345,2020-11-28,US,South,United States,Corporate,Medium,2673.69,18,0.0,0.0,4,3,0,11,5,1,269.0,6,0.0,0.07692307692307693,3437,477.0,0.13879210220673635
CA-2020-160241,DR-12940,2020-11-29,US,Central,United States,Home Office,Medium,242.17600000000004,4,0.6,0.6,1,1,0,11,6,1,56.0,5,0.0,0.08333333333333333,3438,477.0,0.13875181422351235
US-2020-131674,NC-18535,2020-11-29,US,Central,United States,Corporate,Medium,58.416,2,0.2,0.2,1,1,0,11,6,1,832.0,2,0.0,0.1111111111111111,3439,477.0,0.138711549622751
CA-2020-156748,BS-11755,2020-11-30,US,Central,United States,Consumer,Medium,933.95,16,0.0,0.0,4,2,0,11,0,0,424.0,4,3.0,0.36363636363636365,3440,477.0,0.1386713083841021
US-2020-134761,DB-13210,2020-11-30,US,South,United States,Consumer,Medium,36.192,1,0.2,0.2,1,1,0,11,0,0,76.0,8,3.0,0.26666666666666666,3441,477.0,0.13863109048723898
CA-2020-104689,FH-14365,2020-12-01,US,West,United States,Corporate,Medium,23.04,8,0.0,0.0,1,1,1,12,1,0,394.0,3,0.0,0.1,3442,477.0,0.1385908959118585
CA-2020-113621,JE-15745,2020-12-01,US,East,United States,Consumer,Medium,352.47,5,0.0,0.0,2,2,0,12,1,0,41.0,9,2.0,0.1875,3443,478.0,0.13884057971014493
CA-2020-127698,MV-18190,2020-12-01,US,South,United States,Consumer,Medium,863.928,9,0.2,0.2,1,1,0,12,1,0,10.0,5,0.0,0.08333333333333333,3444,478.0,0.138800347725297
CA-2020-129903,GZ-14470,2020-12-01,US,Central,United States,Consumer,Medium,23.92,4,0.0,0.0,1,1,0,12,1,0,259.0,5,0.0,0.08333333333333333,3445,478.0,0.13876013904982618
CA-2020-130393,JM-15865,2020-12-01,US,Central,United States,Consumer,Medium,345.324,11,0.4666666666666666,0.8,3,2,0,12,1,0,347.0,7,4.0,0.35714285714285715,3446,478.0,0.13871995366348103
CA-2020-136434,RD-19480,2020-12-01,US,Central,United States,Consumer,Medium,17.31,3,0.0,0.0,1,1,0,12,1,0,272.0,4,0.0,0.09090909090909091,3447,478.0,0.13867979154603358
CA-2020-136483,AG-10390,2020-12-01,US,South,United States,Consumer,Medium,4.704,2,0.2,0.2,1,1,1,12,1,0,11.0,3,0.0,0.1,3448,478.0,0.13863965267727932
CA-2020-142594,EJ-14155,2020-12-01,US,East,United States,Consumer,Medium,1517.049,14,0.075,0.3,4,3,0,12,1,0,1004.0,1,0.0,0.125,3449,479.0,0.1388888888888889
CA-2020-143805,JD-15895,2020-12-01,US,South,United States,Corporate,Medium,2145.2499999999995,12,0.0,0.0,2,1,0,12,1,0,31.0,10,0.0,0.058823529411764705,3450,479.0,0.13884871275672547
CA-2020-157336,SJ-20500,2020-12-01,US,East,United States,Consumer,Medium,840.0,10,0.0,0.0,2,2,0,12,1,0,11.0,3,0.0,0.1,3451,479.0,0.13880855986119145
US-2020-150035,CL-11890,2020-12-01,US,West,United States,Consumer,Medium,16.74,2,0.0,0.0,1,1,0,12,1,0,859.0,1,0.0,0.125,3452,479.0,0.13876843018213356
US-2020-155768,LB-16795,2020-12-01,US,West,United States,Home Office,Medium,1215.72,9,0.0,0.0,4,2,0,12,1,0,18.0,8,4.0,0.3333333333333333,3453,479.0,0.13872832369942195
CA-2020-105354,PW-19030,2020-12-02,US,Central,United States,Corporate,Medium,115.84,8,0.0,0.0,1,1,0,12,2,0,49.0,4,0.0,0.09090909090909091,3454,479.0,0.13868824039295002
CA-2020-143154,AS-10225,2020-12-02,US,West,United States,Corporate,Medium,165.60000000000002,3,0.2,0.2,1,1,0,12,2,0,578.0,2,0.0,0.1111111111111111,3455,479.0,0.1386481802426343
CA-2020-163804,DB-13270,2020-12-02,US,East,United States,Home Office,Medium,2781.77,16,0.0,0.0,3,3,0,12,2,0,112.0,4,0.0,0.09090909090909091,3456,479.0,0.13860814322841467
CA-2020-164770,MY-18295,2020-12-02,US,Central,United States,Corporate,Medium,812.68,19,0.26,0.32,2,2,0,12,2,0,42.0,7,0.0,0.07142857142857142,3457,479.0,0.13856812933025403
US-2020-108455,MK-18160,2020-12-02,US,West,United States,Consumer,Medium,100.25,14,0.0,0.0,3,1,1,12,2,0,714.0,2,2.0,0.3333333333333333,3458,479.0,0.13852813852813853
US-2020-108455,MK-18160,2020-12-02,US,West,United States,Consumer,Medium,100.25,14,0.0,0.0,3,1,1,12,2,0,0.0,3,3.0,0.4,3459,480.0,0.13877668782458166
US-2020-108455,MK-18160,2020-12-02,US,West,United States,Consumer,Medium,100.25,14,0.0,0.0,3,1,1,12,2,0,0.0,4,4.0,0.45454545454545453,3460,481.0,0.13902509374098646
US-2020-113985,KD-16495,2020-12-02,US,West,United States,Corporate,Medium,203.108,11,0.1,0.2,4,2,0,12,2,0,77.0,6,0.0,0.07692307692307693,3461,482.0,0.13927335640138408
US-2020-155103,JF-15190,2020-12-02,US,East,United States,Consumer,Medium,505.36800000000005,7,0.13333333333333333,0.2,3,1,0,12,2,0,435.0,2,0.0,0.1111111111111111,3462,482.0,0.13923320841741135
CA-2020-122063,MM-17920,2020-12-03,US,Central,United States,Consumer,Medium,611.94,3,0.0,0.0,2,1,0,12,3,0,89.0,6,0.0,0.07692307692307693,3463,482.0,0.13919308357348703
CA-2020-149762,RD-19720,2020-12-03,US,West,United States,Consumer,Medium,545.01,16,0.0875,0.2,4,2,0,12,3,0,12.0,6,0.0,0.07692307692307693,3464,482.0,0.13915298184961106
CA-2020-153598,NM-18520,2020-12-03,US,West,United States,Consumer,Medium,1761.8500000000001,11,0.0,0.0,2,2,0,12,3,0,43.0,8,3.0,0.26666666666666666,3465,482.0,0.13911290322580644
CA-2020-161025,GM-14440,2020-12-03,US,West,United States,Consumer,Medium,772.68,4,0.0,0.0,1,1,0,12,3,0,713.0,2,0.0,0.1111111111111111,3466,482.0,0.1390728476821192
US-2020-150861,EG-13900,2020-12-03,US,East,United States,Consumer,Medium,1165.328,18,0.1,0.4,5,2,0,12,3,0,397.0,1,0.0,0.125,3467,482.0,0.13903281519861832
US-2020-161683,CJ-12010,2020-12-03,US,East,United States,Consumer,Medium,413.00800000000004,8,0.44999999999999996,0.7,2,1,0,12,3,0,134.0,3,0.0,0.1,3468,482.0,0.1389928057553957
CA-2020-105277,LM-17065,2020-12-04,US,East,United States,Consumer,Medium,15.528,3,0.2,0.2,1,1,0,12,4,0,120.0,4,0.0,0.09090909090909091,3469,482.0,0.13895281933256617
CA-2020-112060,KT-16465,2020-12-04,US,West,United States,Consumer,Medium,104.85,1,0.0,0.0,1,1,0,12,4,0,234.0,6,0.0,0.07692307692307693,3470,482.0,0.13891285591026747
CA-2020-126004,BM-11140,2020-12-04,US,East,United States,Consumer,Medium,611.028,14,0.03333333333333333,0.2,6,3,0,12,4,0,93.0,2,0.0,0.1111111111111111,3471,482.0,0.13887291546866015
CA-2020-139885,EB-13840,2020-12-04,US,East,United States,Corporate,Medium,212.88,6,0.0,0.0,1,1,0,12,4,0,619.0,3,0.0,0.1,3472,482.0,0.13883299798792756
CA-2020-108434,JG-15160,2020-12-05,US,East,United States,Consumer,Medium,465.18,3,0.0,0.0,1,1,0,12,5,1,69.0,6,0.0,0.07692307692307693,3473,482.0,0.13879310344827586
CA-2020-109722,TP-21130,2020-12-05,US,South,United States,Consumer,Medium,1284.8000000000002,11,0.0,0.0,2,2,0,12,5,1,77.0,5,0.0,0.08333333333333333,3474,482.0,0.13875323182993393
CA-2020-114489,JE-16165,2020-12-05,US,Central,United States,Corporate,Medium,2657.81,27,0.0,0.0,4,3,0,12,5,1,9999.0,0,0.0,0.14285714285714285,3475,482.0,0.13871338311315337
CA-2020-124772,JG-15160,2020-12-05,US,South,United States,Consumer,Medium,191.82,3,0.0,0.0,1,1,0,12,5,1,0.0,7,0.0,0.07142857142857142,3476,482.0,0.13867355727820843
CA-2020-140564,TC-21475,2020-12-05,US,East,United States,Home Office,Medium,33.92,8,0.0,0.0,1,1,0,12,5,1,105.0,4,0.0,0.09090909090909091,3477,482.0,0.1386337543053961
CA-2020-143749,AG-10300,2020-12-05,US,East,United States,Corporate,Medium,81.94,1,0.0,0.0,1,1,0,12,5,1,382.0,2,0.0,0.1111111111111111,3478,482.0,0.13859397417503586
CA-2020-145009,RF-19345,2020-12-05,US,Central,United States,Corporate,Medium,11.952000000000002,3,0.2,0.2,1,1,0,12,5,1,7.0,7,0.0,0.07142857142857142,3479,482.0,0.13855421686746988
CA-2020-146374,HE-14800,2020-12-05,US,East,United States,Corporate,Medium,128.07,9,0.0,0.0,3,2,0,12,5,1,310.0,1,0.0,0.125,3480,482.0,0.1385144823630628
CA-2020-161389,IM-15070,2020-12-05,US,West,United States,Consumer,Medium,407.97600000000006,3,0.2,0.2,1,1,0,12,5,1,29.0,6,0.0,0.07692307692307693,3481,482.0,0.13847477064220184
CA-2020-163636,MP-18175,2020-12-05,US,Central,United States,Home Office,Medium,3.536,2,0.2,0.2,1,1,0,12,5,1,365.0,4,0.0,0.09090909090909091,3482,482.0,0.13843508168529664
CA-2020-162390,DP-13105,2020-12-06,US,East,United States,Corporate,Medium,1671.0800000000002,22,0.20000000000000004,0.2,3,2,0,12,6,1,74.0,3,0.0,0.1,3483,482.0,0.13839541547277937
US-2020-103674,AP-10720,2020-12-06,US,West,United States,Home Office,Medium,1018.3020000000001,41,0.1142857142857143,0.2,7,2,0,12,6,1,46.0,6,0.0,0.07692307692307693,3484,482.0,0.13835577198510454
US-2020-114776,GG-14650,2020-12-06,US,West,United States,Corporate,Medium,19.44,3,0.0,0.0,1,1,0,12,6,1,9.0,4,0.0,0.09090909090909091,3485,482.0,0.13831615120274915
US-2020-169040,GT-14710,2020-12-06,US,West,United States,Consumer,Medium,1169.4540000000002,27,0.1142857142857143,0.2,7,2,0,12,6,1,176.0,6,0.0,0.07692307692307693,3486,482.0,0.13827655310621242
CA-2020-113733,LH-16900,2020-12-08,US,South,United States,Consumer,Medium,334.25600000000003,8,0.20000000000000004,0.2,3,1,0,12,1,0,171.0,7,2.0,0.21428571428571427,3487,482.0,0.13823697767601603
CA-2020-115224,DB-13615,2020-12-08,US,West,United States,Consumer,Medium,386.43,5,0.0,0.0,2,1,0,12,1,0,61.0,3,0.0,0.1,3488,482.0,0.13819742489270387
CA-2020-117590,GH-14485,2020-12-08,US,Central,United States,Corporate,Medium,1288.4640000000004,12,0.4,0.6,2,2,0,12,1,0,427.0,1,0.0,0.125,3489,482.0,0.13815789473684212
CA-2020-124562,JP-16135,2020-12-08,US,East,United States,Home Office,Medium,12.957,7,0.7,0.7,1,1,0,12,1,0,35.0,4,0.0,0.09090909090909091,3490,482.0,0.13811838718901917
CA-2020-131289,SP-20620,2020-12-08,US,West,United States,Corporate,Medium,1475.5840000000003,15,0.06666666666666667,0.2,3,2,0,12,1,0,451.0,5,2.0,0.25,3491,482.0,0.13807890222984562
CA-2020-134425,QJ-19255,2020-12-08,US,Central,United States,Corporate,Medium,114.94999999999999,5,0.0,0.0,1,1,0,12,1,0,54.0,6,0.0,0.07692307692307693,3492,482.0,0.13803943983995426
CA-2020-158302,JB-16045,2020-12-08,US,East,United States,Home Office,Medium,10.584000000000001,3,0.2,0.2,1,1,0,12,1,0,197.0,5,3.0,0.3333333333333333,3493,482.0,0.138
CA-2020-160108,AG-10900,2020-12-08,US,Central,United States,Consumer,Medium,1085.87,10,0.0,0.0,2,1,0,12,1,0,205.0,8,3.0,0.26666666666666666,3494,482.0,0.1379605826906598
CA-2020-102092,PM-18940,2020-12-09,US,South,United States,Consumer,Medium,1056.86,7,0.0,0.0,1,1,0,12,2,0,690.0,2,0.0,0.1111111111111111,3495,482.0,0.13792118789263277
CA-2020-128923,GB-14530,2020-12-09,US,Central,United States,Corporate,Medium,18.720000000000002,3,0.2,0.2,2,1,0,12,2,0,102.0,8,0.0,0.06666666666666667,3496,482.0,0.13788181558664003
CA-2020-133340,LH-17155,2020-12-09,US,Central,United States,Consumer,Medium,132.809,4,0.03333333333333333,0.1,3,2,0,12,2,0,34.0,8,2.0,0.2,3497,482.0,0.13784246575342465
CA-2020-137330,KB-16585,2020-12-09,US,Central,United States,Corporate,Medium,79.8,14,0.0,0.0,2,1,0,12,2,0,92.0,13,7.0,0.4,3498,482.0,0.13780313837375177
CA-2020-141082,FM-14380,2020-12-09,US,East,United States,Consumer,Medium,125.81,5,0.0,0.0,2,1,0,12,2,0,175.0,5,0.0,0.08333333333333333,3499,482.0,0.13776383342840845
CA-2020-149503,SP-20650,2020-12-09,US,West,United States,Corporate,Medium,273.92,8,0.2,0.2,1,1,0,12,2,0,27.0,9,3.0,0.25,3500,482.0,0.1377245508982036
CA-2020-159989,EB-13870,2020-12-09,US,South,United States,Consumer,Medium,40.68,3,0.2,0.2,1,1,0,12,2,0,67.0,7,2.0,0.21428571428571427,3501,482.0,0.13768529076396807
US-2020-131114,RW-19630,2020-12-09,US,Central,United States,Corporate,Medium,43.964000000000006,9,0.4000000000000001,0.8,3,2,0,12,2,0,12.0,5,0.0,0.08333333333333333,3502,482.0,0.13764605300655458
US-2020-161844,DK-12835,2020-12-09,US,South,United States,Corporate,Medium,82.91999999999999,5,0.55,0.7,2,2,0,12,2,0,141.0,6,0.0,0.07692307692307693,3503,482.0,0.13760683760683762
CA-2020-100587,SL-20155,2020-12-10,US,East,United States,Home Office,Medium,6.48,1,0.0,0.0,1,1,0,12,3,0,516.0,4,0.0,0.09090909090909091,3504,482.0,0.13756764454571346
CA-2020-127194,BW-11110,2020-12-10,US,East,United States,Corporate,Medium,62.82000000000001,9,0.0,0.0,1,1,0,12,3,0,58.0,4,0.0,0.09090909090909091,3505,482.0,0.13752847380410022
CA-2020-128412,AP-10915,2020-12-10,US,West,United States,Consumer,Medium,422.662,18,0.04,0.2,5,2,0,12,3,0,37.0,7,2.0,0.21428571428571427,3506,482.0,0.13748932536293765
CA-2020-144309,CM-12235,2020-12-10,US,East,United States,Consumer,Medium,698.5,7,0.1,0.2,2,1,0,12,3,0,13.0,4,1.0,0.18181818181818182,3507,482.0,0.13745019920318724
CA-2020-146941,DL-13315,2020-12-10,US,East,United States,Consumer,Medium,442.5,10,0.0,0.0,2,1,0,12,3,0,97.0,4,0.0,0.09090909090909091,3508,482.0,0.13741109530583215
CA-2020-147123,SJ-20125,2020-12-10,US,West,United States,Home Office,Medium,80.28,12,0.0,0.0,1,1,0,12,3,0,84.0,4,0.0,0.09090909090909091,3509,482.0,0.13737201365187712
CA-2020-154739,LH-17155,2020-12-10,US,West,United States,Consumer,Medium,321.568,2,0.2,0.2,1,1,0,12,3,0,1.0,9,2.0,0.1875,3510,482.0,0.1373329542223486
US-2020-143448,MH-17455,2020-12-10,US,Central,United States,Consumer,Medium,1424.9,5,0.0,0.0,1,1,0,12,3,0,15.0,4,1.0,0.18181818181818182,3511,482.0,0.1372939169982945
CA-2020-105816,JM-15265,2020-12-11,US,East,United States,Corporate,Medium,1045.21,12,0.0,0.0,2,2,0,12,4,0,22.0,3,0.0,0.1,3512,482.0,0.13725490196078433
CA-2020-143609,DB-13270,2020-12-11,US,West,United States,Home Office,Medium,403.92,5,0.2,0.2,1,1,0,12,4,0,9.0,5,0.0,0.08333333333333333,3513,482.0,0.13721590909090908
CA-2020-160745,AR-10825,2020-12-11,US,West,United States,Corporate,Medium,633.1759999999999,11,0.06666666666666667,0.2,3,2,0,12,4,0,97.0,4,0.0,0.09090909090909091,3514,482.0,0.13717693836978131
CA-2020-162187,NS-18640,2020-12-11,US,East,United States,Corporate,Medium,1252.636,19,0.26,0.4,5,2,0,12,4,0,313.0,7,1.0,0.14285714285714285,3515,482.0,0.13713798977853492
CA-2020-165330,WB-21850,2020-12-11,US,West,United States,Consumer,Medium,1937.9240000000002,43,0.10909090909090911,0.2,11,3,1,12,4,0,62.0,7,0.0,0.07142857142857142,3516,482.0,0.1370990632983253
CA-2020-165330,WB-21850,2020-12-11,US,West,United States,Consumer,Medium,1937.9240000000002,43,0.10909090909090911,0.2,11,3,1,12,4,0,0.0,8,1.0,0.13333333333333333,3517,483.0,0.1373439273552781
CA-2020-165330,WB-21850,2020-12-11,US,West,United States,Consumer,Medium,1937.9240000000002,43,0.10909090909090911,0.2,11,3,1,12,4,0,0.0,9,2.0,0.1875,3518,484.0,0.1375886524822695
CA-2020-165330,WB-21850,2020-12-11,US,West,United States,Consumer,Medium,1937.9240000000002,43,0.10909090909090911,0.2,11,3,1,12,4,0,0.0,10,3.0,0.23529411764705882,3519,485.0,0.13783323879750425
CA-2020-165330,WB-21850,2020-12-11,US,West,United States,Consumer,Medium,1937.9240000000002,43,0.10909090909090911,0.2,11,3,1,12,4,0,0.0,11,4.0,0.2777777777777778,3520,486.0,0.13807768641905302
CA-2020-165330,WB-21850,2020-12-11,US,West,United States,Consumer,Medium,1937.9240000000002,43,0.10909090909090911,0.2,11,3,1,12,4,0,0.0,12,5.0,0.3157894736842105,3521,487.0,0.1383219954648526
CA-2020-165330,WB-21850,2020-12-11,US,West,United States,Consumer,Medium,1937.9240000000002,43,0.10909090909090911,0.2,11,3,1,12,4,0,0.0,13,6.0,0.35,3522,488.0,0.13856616605270614
CA-2020-165330,WB-21850,2020-12-11,US,West,United States,Consumer,Medium,1937.9240000000002,43,0.10909090909090911,0.2,11,3,1,12,4,0,0.0,14,7.0,0.38095238095238093,3523,489.0,0.1388101983002833
CA-2020-165330,WB-21850,2020-12-11,US,West,United States,Consumer,Medium,1937.9240000000002,43,0.10909090909090911,0.2,11,3,1,12,4,0,0.0,15,8.0,0.4090909090909091,3524,490.0,0.13905409232512037
CA-2020-165330,WB-21850,2020-12-11,US,West,United States,Consumer,Medium,1937.9240000000002,43,0.10909090909090911,0.2,11,3,1,12,4,0,0.0,16,9.0,0.43478260869565216,3525,491.0,0.1392978482446206
CA-2020-165330,WB-21850,2020-12-11,US,West,United States,Consumer,Medium,1937.9240000000002,43,0.10909090909090911,0.2,11,3,1,12,4,0,0.0,17,10.0,0.4583333333333333,3526,492.0,0.13954146617605434
US-2020-132857,CA-12775,2020-12-11,US,South,United States,Consumer,Medium,6.671999999999999,3,0.2,0.2,1,1,0,12,4,0,366.0,4,0.0,0.09090909090909091,3527,493.0,0.13978494623655913
US-2020-135720,FM-14380,2020-12-11,US,West,United States,Consumer,Medium,663.952,12,0.20000000000000004,0.2,3,2,1,12,4,0,2.0,6,0.0,0.07692307692307693,3528,493.0,0.13974540311173975
US-2020-135720,FM-14380,2020-12-11,US,West,United States,Consumer,Medium,663.952,12,0.20000000000000004,0.2,3,2,1,12,4,0,0.0,7,1.0,0.14285714285714285,3529,494.0,0.13998868778280543
US-2020-135720,FM-14380,2020-12-11,US,West,United States,Consumer,Medium,663.952,12,0.20000000000000004,0.2,3,2,1,12,4,0,0.0,8,2.0,0.2,3530,495.0,0.14023183488832344
US-2020-148803,LR-16915,2020-12-11,US,South,United States,Consumer,Medium,85.224,3,0.2,0.2,1,1,0,12,4,0,100.0,9,6.0,0.4375,3531,496.0,0.14047484454494064
US-2020-151260,SC-20695,2020-12-11,US,East,United States,Corporate,Medium,73.536,4,0.2,0.2,1,1,0,12,4,0,77.0,7,0.0,0.07142857142857142,3532,496.0,0.14043515117264765
CA-2020-136686,RF-19840,2020-12-12,US,West,United States,Consumer,Medium,440.15999999999997,9,0.0,0.0,2,2,0,12,5,1,121.0,5,0.0,0.08333333333333333,3533,496.0,0.1403954802259887
CA-2020-139395,MG-17650,2020-12-12,US,Central,United States,Home Office,Medium,732.17,18,0.0,0.0,4,3,0,12,5,1,18.0,2,0.0,0.1111111111111111,3534,496.0,0.1403558316859644
CA-2020-169824,NS-18640,2020-12-12,US,East,United States,Corporate,Medium,107.07000000000001,16,0.0,0.0,3,2,0,12,5,1,1.0,8,1.0,0.13333333333333333,3535,496.0,0.14031620553359683
US-2020-108777,JM-15655,2020-12-12,US,East,United States,Corporate,Medium,402.645,9,0.44999999999999996,0.7,2,2,0,12,5,1,44.0,2,0.0,0.1111111111111111,3536,496.0,0.14027660174992942
US-2020-169369,EC-14050,2020-12-12,US,South,United States,Consumer,Medium,299.07,9,0.0,0.0,2,2,0,12,5,1,726.0,1,0.0,0.125,3537,496.0,0.14023702031602708
CA-2020-100153,KH-16630,2020-12-13,US,Central,United States,Corporate,Medium,63.88,4,0.0,0.0,1,1,0,12,6,1,141.0,4,0.0,0.09090909090909091,3538,496.0,0.14019746121297602
CA-2020-102792,JC-15340,2020-12-13,US,West,United States,Consumer,Medium,9.84,3,0.0,0.0,1,1,0,12,6,1,99.0,2,0.0,0.1111111111111111,3539,496.0,0.14015792442188382
CA-2020-142958,RW-19630,2020-12-13,US,West,United States,Corporate,Medium,1120.368,6,0.2,0.2,2,2,0,12,6,1,4.0,6,0.0,0.07692307692307693,3540,496.0,0.14011840992387933
CA-2020-129126,PK-19075,2020-12-14,US,East,United States,Consumer,Medium,479.05,17,0.03333333333333333,0.2,6,2,0,12,0,0,81.0,5,0.0,0.08333333333333333,3541,496.0,0.14007891770011274
CA-2020-146143,MC-17845,2020-12-14,US,South,United States,Consumer,Medium,133.38,6,0.0,0.0,1,1,0,12,0,0,37.0,3,0.0,0.1,3542,496.0,0.14003944773175542
CA-2020-146325,DS-13180,2020-12-14,US,West,United States,Corporate,Medium,216.22400000000002,12,0.1,0.2,2,2,0,12,0,0,16.0,7,2.0,0.21428571428571427,3543,496.0,0.14
CA-2020-100307,TC-21475,2020-12-15,US,South,United States,Home Office,Medium,19.44,3,0.0,0.0,1,1,0,12,1,0,10.0,5,0.0,0.08333333333333333,3544,496.0,0.13996057448606025
CA-2020-113600,SH-20395,2020-12-15,US,East,United States,Consumer,Medium,2.2140000000000004,3,0.7,0.7,1,1,0,12,1,0,431.0,3,0.0,0.1,3545,496.0,0.13992117117117117
CA-2020-142335,MP-17965,2020-12-15,US,Central,United States,Corporate,Medium,1949.31,6,0.0,0.0,2,2,0,12,1,0,67.0,5,0.0,0.08333333333333333,3546,496.0,0.1398817900365888
US-2020-116442,BP-11230,2020-12-15,US,West,United States,Consumer,Medium,14.76,2,0.0,0.0,1,1,0,12,1,0,82.0,3,0.0,0.1,3547,496.0,0.13984243106359032
US-2020-127334,MP-18175,2020-12-15,US,West,United States,Home Office,Medium,651.3629999999999,5,0.35,0.5,2,2,0,12,1,0,10.0,5,0.0,0.08333333333333333,3548,496.0,0.13980309423347398
CA-2020-118332,PK-19075,2020-12-16,US,West,United States,Consumer,Medium,563.92,5,0.2,0.2,1,1,0,12,2,0,2.0,6,0.0,0.07692307692307693,3549,496.0,0.13976377952755906
CA-2020-130442,SF-20065,2020-12-16,US,South,United States,Consumer,Medium,34.944,3,0.2,0.2,1,1,0,12,2,0,377.0,4,0.0,0.09090909090909091,3550,496.0,0.13972448692718584
CA-2020-155446,TN-21040,2020-12-16,US,West,United States,Home Office,Medium,21.209999999999997,7,0.0,0.0,1,1,0,12,2,0,81.0,9,5.0,0.375,3551,496.0,0.13968521641371556
US-2020-100419,CC-12670,2020-12-16,US,Central,United States,Consumer,Medium,4.7879999999999985,3,0.8,0.8,1,1,0,12,2,0,19.0,4,1.0,0.18181818181818182,3552,496.0,0.1396459679685305
US-2020-104794,KD-16495,2020-12-16,US,East,United States,Corporate,Medium,3.68,2,0.0,0.0,1,1,0,12,2,0,14.0,7,0.0,0.07142857142857142,3553,496.0,0.1396067415730337
CA-2020-117121,AB-10105,2020-12-17,US,Central,United States,Consumer,Medium,9892.74,13,0.0,0.0,1,1,0,12,3,0,83.0,4,0.0,0.09090909090909091,3554,496.0,0.13956753720864926
CA-2020-131639,NS-18640,2020-12-17,US,West,United States,Corporate,Medium,24.904,3,0.2,0.2,2,1,0,12,3,0,5.0,9,1.0,0.125,3555,496.0,0.13952835485682202
CA-2020-147109,AH-10075,2020-12-17,US,Central,United States,Corporate,Medium,217.44000000000003,13,0.2,0.2,2,2,0,12,3,0,93.0,4,0.0,0.09090909090909091,3556,496.0,0.13948919449901767
CA-2020-155383,SC-20680,2020-12-17,US,West,United States,Home Office,Medium,46.53,3,0.0,0.0,1,1,0,12,3,0,23.0,4,0.0,0.09090909090909091,3557,496.0,0.1394500561167228
CA-2020-155530,CM-12160,2020-12-17,US,West,United States,Consumer,Medium,2003.52,6,0.2,0.2,1,1,0,12,3,0,57.0,1,0.0,0.125,3558,496.0,0.1394109396914446
CA-2020-101546,GK-14620,2020-12-18,US,East,United States,Corporate,Medium,1793.98,2,0.0,0.0,1,1,0,12,4,0,239.0,7,2.0,0.21428571428571427,3559,496.0,0.13937184520471116
CA-2020-112697,AH-10195,2020-12-18,US,South,United States,Corporate,Medium,1410.0660000000003,14,0.3666666666666667,0.7,3,1,0,12,4,0,654.0,1,0.0,0.125,3560,496.0,0.1393327726380712
CA-2020-133795,JE-15475,2020-12-18,US,West,United States,Consumer,Medium,885.03,9,0.0,0.0,3,2,0,12,4,0,26.0,4,0.0,0.09090909090909091,3561,496.0,0.13929372197309417
CA-2020-138597,PN-18775,2020-12-18,US,Central,United States,Home Office,Medium,563.9399999999999,3,0.0,0.0,1,1,0,12,4,0,95.0,3,0.0,0.1,3562,496.0,0.13925469319137013
CA-2020-139934,AY-10555,2020-12-18,US,West,United States,Corporate,Medium,66.97600000000001,7,0.2,0.2,1,1,0,12,4,0,723.0,5,4.0,0.4166666666666667,3563,496.0,0.1392156862745098
CA-2020-145261,AH-10120,2020-12-18,US,West,United States,Home Office,Medium,610.418,25,0.31428571428571433,0.7,7,3,1,12,4,0,171.0,2,0.0,0.1111111111111111,3564,496.0,0.1391767012041445
CA-2020-145261,AH-10120,2020-12-18,US,West,United States,Home Office,Medium,610.418,25,0.31428571428571433,0.7,7,3,1,12,4,0,0.0,3,1.0,0.2,3565,497.0,0.13941769316909294
CA-2020-145261,AH-10120,2020-12-18,US,West,United States,Home Office,Medium,610.418,25,0.31428571428571433,0.7,7,3,1,12,4,0,0.0,4,2.0,0.2727272727272727,3566,498.0,0.13965855023789533
CA-2020-145261,AH-10120,2020-12-18,US,West,United States,Home Office,Medium,610.418,25,0.31428571428571433,0.7,7,3,1,12,4,0,0.0,5,3.0,0.3333333333333333,3567,499.0,0.13989927252378287
CA-2020-145261,AH-10120,2020-12-18,US,West,United States,Home Office,Medium,610.418,25,0.31428571428571433,0.7,7,3,1,12,4,0,0.0,6,4.0,0.38461538461538464,3568,500.0,0.14013986013986013
CA-2020-145261,AH-10120,2020-12-18,US,West,United States,Home Office,Medium,610.418,25,0.31428571428571433,0.7,7,3,1,12,4,0,0.0,7,5.0,0.42857142857142855,3569,501.0,0.14038031319910516
CA-2020-145261,AH-10120,2020-12-18,US,West,United States,Home Office,Medium,610.418,25,0.31428571428571433,0.7,7,3,1,12,4,0,0.0,8,6.0,0.4666666666666667,3570,502.0,0.1406206318143696
CA-2020-145919,HG-14965,2020-12-18,US,West,United States,Corporate,Medium,802.02,19,0.0,0.0,3,2,1,12,4,0,325.0,8,0.0,0.06666666666666667,3571,503.0,0.14086081609837897
CA-2020-145919,HG-14965,2020-12-18,US,West,United States,Corporate,Medium,802.02,19,0.0,0.0,3,2,1,12,4,0,0.0,9,1.0,0.125,3572,504.0,0.14110086616373288
CA-2020-145919,HG-14965,2020-12-18,US,West,United States,Corporate,Medium,802.02,19,0.0,0.0,3,2,1,12,4,0,0.0,10,2.0,0.17647058823529413,3573,505.0,0.14134078212290502
CA-2020-147067,JD-16150,2020-12-18,US,Central,United States,Corporate,Medium,18.84,3,0.0,0.0,1,1,0,12,4,0,94.0,5,0.0,0.08333333333333333,3574,506.0,0.14158056408824352
CA-2020-150945,JK-16120,2020-12-18,US,East,United States,Home Office,Medium,900.08,4,0.0,0.0,1,1,0,12,4,0,27.0,6,0.0,0.07692307692307693,3575,506.0,0.14154103852596314
CA-2020-108364,BP-11050,2020-12-19,US,Central,United States,Corporate,Medium,1.7999999999999996,5,0.8,0.8,1,1,0,12,5,1,24.0,2,0.0,0.1111111111111111,3576,506.0,0.1415015350265141
CA-2020-118129,CL-12565,2020-12-19,US,East,United States,Consumer,Medium,303.92,5,0.2,0.2,1,1,0,12,5,1,46.0,17,10.0,0.4583333333333333,3577,506.0,0.14146205357142858
CA-2020-134936,ES-14080,2020-12-19,US,West,United States,Corporate,Medium,471.624,14,0.6333333333333333,0.7,3,2,0,12,5,1,81.0,6,3.0,0.3076923076923077,3578,506.0,0.1414225941422594
CA-2020-141523,MH-17440,2020-12-19,US,East,United States,Corporate,Medium,37.76800000000001,5,0.1,0.2,2,1,0,12,5,1,315.0,7,5.0,0.42857142857142855,3579,506.0,0.14138315672058002
CA-2020-151155,AB-10255,2020-12-20,US,South,United States,Home Office,Medium,34.34,6,0.0,0.0,2,2,0,12,6,1,58.0,5,1.0,0.16666666666666666,3580,506.0,0.14134374128798438
CA-2020-168536,SC-20800,2020-12-20,US,South,United States,Consumer,Medium,66.30000000000001,3,0.0,0.0,1,1,0,12,6,1,375.0,2,2.0,0.3333333333333333,3581,506.0,0.14130434782608695
US-2020-157840,MC-17575,2020-12-20,US,Central,United States,Consumer,Medium,33.9,5,0.0,0.0,1,1,0,12,6,1,373.0,4,0.0,0.09090909090909091,3582,506.0,0.1412649763165227
CA-2020-103359,LC-16885,2020-12-22,US,East,United States,Consumer,Medium,25.584000000000003,2,0.2,0.2,1,1,0,12,1,0,70.0,15,9.0,0.45454545454545453,3583,506.0,0.14122562674094707
CA-2020-114860,DN-13690,2020-12-22,US,West,United States,Consumer,Medium,884.6800000000001,10,0.0,0.0,2,1,0,12,1,0,179.0,7,3.0,0.2857142857142857,3584,506.0,0.14118629908103592
CA-2020-149916,ED-13885,2020-12-22,US,West,United States,Home Office,Medium,66.92,5,0.2,0.2,2,2,0,12,1,0,59.0,5,1.0,0.16666666666666666,3585,506.0,0.14114699331848551
CA-2020-167507,SA-20830,2020-12-22,US,West,United States,Consumer,Medium,65.944,15,0.3666666666666667,0.7,3,2,0,12,1,0,545.0,4,0.0,0.09090909090909091,3586,506.0,0.14110770943501252
CA-2020-114867,FM-14290,2020-12-23,US,East,United States,Home Office,Medium,1507.9379999999999,7,0.30000000000000004,0.4,2,2,0,12,2,0,40.0,4,0.0,0.09090909090909091,3587,506.0,0.14106844741235391
CA-2020-115574,BP-11185,2020-12-23,US,Central,United States,Corporate,Medium,141.37199999999999,2,0.3,0.3,1,1,0,12,2,0,102.0,4,0.0,0.09090909090909091,3588,506.0,0.14102920723226703
CA-2020-132829,LA-16780,2020-12-23,US,Central,United States,Corporate,Medium,921.024,20,0.27999999999999997,0.6,5,3,0,12,2,0,29.0,9,0.0,0.0625,3589,506.0,0.14098998887652947
CA-2020-135776,EH-13765,2020-12-23,US,West,United States,Corporate,Medium,1506.02,16,0.0,0.0,7,1,0,12,2,0,54.0,11,3.0,0.2222222222222222,3590,506.0,0.1409507923269391
CA-2020-136049,NM-18520,2020-12-23,US,East,United States,Consumer,Medium,5.553000000000001,3,0.7,0.7,1,1,0,12,2,0,20.0,9,3.0,0.25,3591,506.0,0.14091161756531406
CA-2020-137043,LC-17140,2020-12-23,US,South,United States,Consumer,Medium,859.14,9,0.0,0.0,2,1,0,12,2,0,181.0,6,4.0,0.38461538461538464,3592,506.0,0.14087246457349265
CA-2020-157791,CA-11965,2020-12-23,US,East,United States,Corporate,Medium,1999.96,4,0.0,0.0,1,1,0,12,2,0,398.0,3,0.0,0.1,3593,506.0,0.14083333333333334
CA-2020-157868,MC-17590,2020-12-23,US,Central,United States,Corporate,Medium,24.849999999999998,7,0.0,0.0,1,1,0,12,2,0,102.0,4,0.0,0.09090909090909091,3594,506.0,0.1407942238267148
CA-2020-101651,SC-20305,2020-12-24,US,West,United States,Consumer,Medium,83.72,14,0.0,0.0,2,2,0,12,3,0,697.0,2,0.0,0.1111111111111111,3595,506.0,0.14075513603553583
CA-2020-123526,BV-11245,2020-12-24,US,West,United States,Corporate,Medium,33.4,5,0.0,0.0,1,1,1,12,3,0,307.0,3,0.0,0.1,3596,506.0,0.14071606994171523
CA-2020-140438,PW-19030,2020-12-24,US,East,United States,Corporate,Medium,197.96999999999997,3,0.0,0.0,1,1,0,12,3,0,22.0,5,0.0,0.08333333333333333,3597,507.0,0.14095449500554938
CA-2020-157259,JM-15535,2020-12-24,US,East,United States,Consumer,Medium,799.5600000000001,9,0.0,0.0,1,1,0,12,3,0,251.0,4,0.0,0.09090909090909091,3598,507.0,0.1409153952843273
US-2020-168620,RB-19795,2020-12-24,US,South,United States,Home Office,Medium,823.61,14,0.3666666666666667,0.7,3,2,0,12,3,0,201.0,4,0.0,0.09090909090909091,3599,507.0,0.1408763172490294
CA-2020-101168,SS-20140,2020-12-25,US,East,United States,Corporate,Medium,21.12,4,0.0,0.0,1,1,0,12,4,0,455.0,2,0.0,0.1111111111111111,3600,507.0,0.14083726088161908
CA-2020-105081,JE-15715,2020-12-25,US,West,United States,Consumer,Medium,2445.602,8,0.1,0.2,2,1,1,12,4,0,114.0,10,6.0,0.4117647058823529,3601,507.0,0.14079822616407983
CA-2020-105081,JE-15715,2020-12-25,US,West,United States,Consumer,Medium,2445.602,8,0.1,0.2,2,1,1,12,4,0,0.0,11,7.0,0.4444444444444444,3602,508.0,0.14103629814353005
CA-2020-109827,LW-16825,2020-12-25,US,West,United States,Corporate,Medium,499.30300000000005,10,0.36,0.7,5,2,0,12,4,0,761.0,6,5.0,0.46153846153846156,3603,509.0,0.14127423822714683
CA-2020-110975,DB-12970,2020-12-25,US,East,United States,Corporate,Medium,1179.822,5,0.25,0.4,2,1,0,12,4,0,154.0,6,4.0,0.38461538461538464,3604,509.0,0.14123511492661311
CA-2020-111941,BD-11620,2020-12-25,US,East,United States,Consumer,Medium,33.568000000000005,2,0.2,0.2,1,1,0,12,4,0,85.0,3,0.0,0.1,3605,509.0,0.14119601328903655
CA-2020-148684,TS-21655,2020-12-25,US,South,United States,Consumer,Medium,870.04,19,0.0,0.0,4,3,0,12,4,0,610.0,2,0.0,0.1111111111111111,3606,509.0,0.14115693329642956
CA-2020-169670,JE-15715,2020-12-25,US,East,United States,Consumer,Medium,2563.056,8,0.1,0.1,1,1,0,12,4,0,0.0,12,8.0,0.47368421052631576,3607,509.0,0.14111787493082456
US-2020-116729,GK-14620,2020-12-25,US,West,United States,Corporate,Medium,2875.544,21,0.06666666666666667,0.2,3,2,0,12,4,0,7.0,8,2.0,0.2,3608,509.0,0.14107883817427386
CA-2020-114538,RC-19825,2020-12-26,US,West,United States,Consumer,Medium,11.328000000000001,2,0.2,0.2,1,1,0,12,5,1,52.0,5,0.0,0.08333333333333333,3609,509.0,0.14103982300884957
CA-2020-123015,AJ-10795,2020-12-26,US,East,United States,Corporate,Medium,4.992000000000001,3,0.2,0.2,1,1,0,12,5,1,105.0,11,7.0,0.4444444444444444,3610,509.0,0.14100082941664363
CA-2020-129868,MC-18130,2020-12-26,US,West,United States,Corporate,Medium,1431.078,15,0.10000000000000002,0.2,6,3,0,12,5,1,289.0,4,0.0,0.09090909090909091,3611,509.0,0.14096185737976782
CA-2020-147536,AR-10510,2020-12-26,US,East,United States,Consumer,Medium,89.97,3,0.0,0.0,1,1,0,12,5,1,483.0,3,0.0,0.1,3612,509.0,0.1409229068803537
CA-2020-151512,SH-19975,2020-12-26,US,West,United States,Corporate,Medium,18.72,2,0.2,0.2,1,1,0,12,5,1,46.0,7,0.0,0.07142857142857142,3613,509.0,0.1408839779005525
CA-2020-155166,BB-11545,2020-12-26,US,East,United States,Corporate,Medium,239.43,4,0.0,0.0,2,2,0,12,5,1,31.0,4,0.0,0.09090909090909091,3614,509.0,0.14084507042253522
US-2020-153129,FP-14320,2020-12-26,US,West,United States,Consumer,Medium,33.9,5,0.0,0.0,1,1,0,12,5,1,269.0,5,0.0,0.08333333333333333,3615,509.0,0.14080618442849255
CA-2020-102596,RD-19810,2020-12-27,US,East,United States,Home Office,Medium,17.184,6,0.2,0.2,1,1,0,12,6,1,116.0,4,0.0,0.09090909090909091,3616,509.0,0.14076731990063485
CA-2020-111605,JW-15955,2020-12-27,US,South,United States,Consumer,Medium,2.61,1,0.0,0.0,1,1,0,12,6,1,499.0,1,0.0,0.125,3617,509.0,0.14072847682119205
CA-2020-138667,MW-18220,2020-12-27,US,East,United States,Consumer,Medium,40.0,2,0.2,0.2,1,1,0,12,6,1,375.0,5,0.0,0.08333333333333333,3618,509.0,0.1406896551724138
CA-2020-162726,MT-17815,2020-12-27,US,Central,United States,Consumer,Medium,34.048,6,0.2,0.2,2,1,0,12,6,1,155.0,3,0.0,0.1,3619,509.0,0.14065085493656923
US-2020-131058,EM-14140,2020-12-27,US,West,United States,Home Office,Medium,20.16,7,0.0,0.0,1,1,0,12,6,1,179.0,7,4.0,0.35714285714285715,3620,509.0,0.14061207609594706
US-2020-162852,BG-11695,2020-12-27,US,Central,United States,Corporate,Medium,845.4879999999999,8,0.3,0.3,1,1,0,12,6,1,211.0,3,0.0,0.1,3621,509.0,0.14057331863285558
CA-2020-112578,FO-14305,2020-12-29,US,West,United States,Consumer,Medium,41.99,3,0.0,0.0,2,1,0,12,1,0,59.0,5,0.0,0.08333333333333333,3622,509.0,0.14053458252962248
CA-2020-122017,CD-11920,2020-12-29,US,Central,United States,Consumer,Medium,152.51999999999998,8,0.0,0.0,2,2,0,12,1,0,398.0,2,1.0,0.2222222222222222,3623,509.0,0.14049586776859505
CA-2020-124051,KA-16525,2020-12-29,US,Central,United States,Consumer,Medium,186.048,6,0.2,0.2,1,1,0,12,1,0,444.0,3,0.0,0.1,3624,509.0,0.14045717433213992
CA-2020-139689,MP-17965,2020-12-29,US,South,United States,Corporate,Medium,40.896,7,0.7,0.7,2,1,0,12,1,0,14.0,6,0.0,0.07692307692307693,3625,509.0,0.14041850220264318
CA-2020-156300,TB-21595,2020-12-29,US,Central,United States,Consumer,Medium,754.4499999999999,5,0.0,0.0,1,1,0,12,1,0,275.0,3,0.0,0.1,3626,509.0,0.14037985136251033
CA-2020-157742,KL-16645,2020-12-29,US,West,United States,Consumer,Medium,27.792,3,0.2,0.2,1,1,0,12,1,0,151.0,8,0.0,0.06666666666666667,3627,509.0,0.14034122179416622
US-2020-135209,MH-17290,2020-12-29,US,South,United States,Home Office,Medium,62.752,13,0.2,0.2,2,1,0,12,1,0,198.0,4,2.0,0.2727272727272727,3628,509.0,0.14030261348005502
US-2020-163258,PF-19225,2020-12-29,US,West,United States,Consumer,Medium,11.232,3,0.2,0.2,1,1,0,12,1,0,56.0,2,0.0,0.1111111111111111,3629,509.0,0.14026402640264027
CA-2020-105746,BD-11605,2020-12-30,US,East,United States,Consumer,Medium,170.78599999999997,1,0.3,0.3,1,1,0,12,2,0,262.0,9,5.0,0.375,3630,509.0,0.14022546054440474
CA-2020-117226,KD-16495,2020-12-30,US,Central,United States,Corporate,Medium,6.923999999999998,6,0.8,0.8,1,1,0,12,2,0,14.0,8,0.0,0.06666666666666667,3631,509.0,0.14018691588785046
CA-2020-117660,BM-11785,2020-12-30,US,East,United States,Consumer,Medium,19.616,4,0.2,0.2,2,1,0,12,2,0,169.0,8,0.0,0.06666666666666667,3632,509.0,0.14014839241549876
CA-2020-160486,EH-14185,2020-12-30,US,South,United States,Consumer,Medium,72.224,4,0.2,0.2,1,1,0,12,2,0,270.0,5,2.0,0.25,3633,509.0,0.1401098901098901
CA-2020-163951,CJ-11875,2020-12-30,US,East,United States,Corporate,Medium,16.520000000000003,5,0.2,0.2,1,1,0,12,2,0,9999.0,0,0.0,0.14285714285714285,3634,509.0,0.1400714089535842
US-2020-111528,JP-16135,2020-12-30,US,West,United States,Home Office,Medium,487.704,5,0.1,0.2,2,1,1,12,2,0,22.0,5,0.0,0.08333333333333333,3635,509.0,0.1400329489291598
US-2020-111528,JP-16135,2020-12-30,US,West,United States,Home Office,Medium,487.704,5,0.1,0.2,2,1,1,12,2,0,0.0,6,1.0,0.15384615384615385,3636,510.0,0.14026900905846829
CA-2020-100202,BD-11620,2020-12-31,US,West,United States,Consumer,Medium,302.376,3,0.2,0.2,1,1,0,12,3,0,6.0,4,0.0,0.09090909090909091,3637,511.0,0.14050493962678376
CA-2020-156139,BP-11155,2020-12-31,US,West,United States,Consumer,Medium,38.376000000000005,3,0.2,0.2,1,1,0,12,3,0,186.0,2,0.0,0.1111111111111111,3638,511.0,0.14046639231824418
CA-2020-160395,KL-16555,2020-12-31,US,West,United States,Corporate,Medium,163.408,9,0.1,0.2,2,1,0,12,3,0,55.0,4,0.0,0.09090909090909091,3639,511.0,0.14042786615469008
US-2020-105830,DB-13660,2020-12-31,US,East,United States,Consumer,Medium,156.512,4,0.2,0.2,1,1,0,12,3,0,419.0,2,0.0,0.1111111111111111,3640,511.0,0.1403893611187277
US-2020-165953,EP-13915,2020-12-31,US,South,United States,Consumer,Medium,71.096,8,0.2,0.2,2,1,0,12,3,0,36.0,8,0.0,0.06666666666666667,3641,511.0,0.14035087719298245
CA-2021-107503,GA-14725,2021-01-01,US,East,United States,Consumer,Medium,48.896,4,0.2,0.2,1,1,0,1,4,0,427.0,6,0.0,0.07692307692307693,3642,511.0,0.14031241436009867
CA-2021-144463,SC-20725,2021-01-01,US,West,United States,Consumer,Medium,474.43,11,0.0,0.0,1,1,0,1,4,0,203.0,8,1.0,0.13333333333333333,3643,511.0,0.14027397260273972
CA-2021-151750,JM-15250,2021-01-01,US,Central,United States,Consumer,Medium,954.902,39,0.5285714285714286,0.8,7,2,0,1,4,0,278.0,1,0.0,0.125,3644,511.0,0.14023555190358805
CA-2021-154466,DP-13390,2021-01-01,US,Central,United States,Home Office,Medium,3.6,2,0.0,0.0,1,1,0,1,4,0,72.0,7,0.0,0.07142857142857142,3645,511.0,0.140197152245345
CA-2021-113481,AS-10045,2021-01-02,US,South,United States,Corporate,Medium,740.214,13,0.6333333333333333,0.7,3,2,0,1,5,1,99.0,3,0.0,0.1,3646,511.0,0.1401587736107309
CA-2021-118668,FW-14395,2021-01-02,US,West,United States,Corporate,Medium,16.59,1,0.0,0.0,1,1,0,1,5,1,119.0,2,0.0,0.1111111111111111,3647,511.0,0.14012041598248495
CA-2021-147207,TS-21655,2021-01-02,US,Central,United States,Consumer,Medium,1322.75,12,0.375,0.8,4,2,0,1,5,1,8.0,3,0.0,0.1,3648,511.0,0.14008207934336525
CA-2021-111738,CM-12385,2021-01-03,US,West,United States,Consumer,Medium,2031.392,11,0.1,0.2,2,1,0,1,6,1,477.0,2,0.0,0.1111111111111111,3649,511.0,0.1400437636761488
US-2021-114034,DL-13315,2021-01-03,US,West,United States,Consumer,Medium,38.88,6,0.0,0.0,1,1,0,1,6,1,24.0,5,0.0,0.08333333333333333,3650,511.0,0.1400054689636314
CA-2021-150931,DP-13390,2021-01-06,US,South,United States,Home Office,Medium,33.74,7,0.0,0.0,1,1,0,1,2,0,5.0,8,0.0,0.06666666666666667,3651,511.0,0.13996719518862766
CA-2021-159366,BW-11110,2021-01-07,US,Central,United States,Corporate,Medium,3059.982,2,0.1,0.1,1,1,0,1,3,0,28.0,5,0.0,0.08333333333333333,3652,511.0,0.13992894233397102
US-2021-123862,JF-15190,2021-01-07,US,West,United States,Consumer,Medium,332.8,22,0.0,0.0,4,1,0,1,3,0,36.0,3,0.0,0.1,3653,511.0,0.13989071038251366
US-2021-168690,TS-21085,2021-01-07,US,South,United States,Consumer,Medium,2.8080000000000007,3,0.7,0.7,1,1,0,1,3,0,538.0,1,0.0,0.125,3654,511.0,0.13985249931712646
CA-2021-115154,RS-19420,2021-01-08,US,West,United States,Corporate,Medium,892.98,2,0.0,0.0,1,1,0,1,4,0,244.0,2,0.0,0.1111111111111111,3655,511.0,0.13981430912069906
CA-2021-154760,BP-11290,2021-01-09,US,East,United States,Consumer,Medium,274.49100000000004,3,0.7,0.7,1,1,0,1,5,1,172.0,5,2.0,0.25,3656,511.0,0.13977613977613979
CA-2021-108000,LS-16945,2021-01-12,US,West,United States,Corporate,Medium,9.78,1,0.0,0.0,1,1,0,1,1,0,105.0,7,5.0,0.42857142857142855,3657,511.0,0.13973799126637554
US-2021-148551,DB-13120,2021-01-12,US,Central,United States,Corporate,Medium,760.9799999999998,5,0.8,0.8,1,1,0,1,1,0,382.0,5,0.0,0.08333333333333333,3658,511.0,0.139699863574352
US-2021-158512,DA-13450,2021-01-12,US,East,United States,Home Office,Medium,77.75999999999999,8,0.0,0.0,2,2,0,1,1,0,839.0,3,0.0,0.1,3659,511.0,0.13966175668303327
US-2021-167402,CP-12085,2021-01-13,US,Central,United States,Corporate,Medium,4619.329999999999,19,0.0,0.0,4,2,0,1,2,0,232.0,5,0.0,0.08333333333333333,3660,511.0,0.13962367057540223
CA-2021-113278,HR-14770,2021-01-14,US,Central,United States,Home Office,Medium,358.7,24,0.0,0.0,8,3,0,1,3,0,524.0,2,0.0,0.1111111111111111,3661,511.0,0.1395856052344602
CA-2021-127306,BH-11710,2021-01-14,US,South,United States,Consumer,Medium,175.086,19,0.4,0.7,5,2,1,1,3,0,317.0,7,3.0,0.2857142857142857,3662,511.0,0.13954756064322704
CA-2021-127306,BH-11710,2021-01-14,US,South,United States,Consumer,Medium,175.086,19,0.4,0.7,5,2,1,1,3,0,0.0,8,4.0,0.3333333333333333,3663,512.0,0.13978201634877385
CA-2021-127306,BH-11710,2021-01-14,US,South,United States,Consumer,Medium,175.086,19,0.4,0.7,5,2,1,1,3,0,0.0,9,5.0,0.375,3664,513.0,0.14001634432034868
CA-2021-127306,BH-11710,2021-01-14,US,South,United States,Consumer,Medium,175.086,19,0.4,0.7,5,2,1,1,3,0,0.0,10,6.0,0.4117647058823529,3665,514.0,0.14025054466230938
CA-2021-127306,BH-11710,2021-01-14,US,South,United States,Consumer,Medium,175.086,19,0.4,0.7,5,2,1,1,3,0,0.0,11,7.0,0.4444444444444444,3666,515.0,0.1404846174789001
CA-2021-138779,RB-19570,2021-01-14,US,South,United States,Consumer,Medium,29.664,6,0.2,0.2,2,2,0,1,3,0,121.0,3,0.0,0.1,3667,516.0,0.1407185628742515
CA-2021-149076,SO-20335,2021-01-14,US,West,United States,Consumer,Medium,154.9,5,0.0,0.0,1,1,0,1,3,0,407.0,2,0.0,0.1111111111111111,3668,516.0,0.14068027210884354
US-2021-106131,TP-21565,2021-01-14,US,West,United States,Corporate,Medium,337.688,16,0.2,0.2,2,2,0,1,3,0,71.0,3,0.0,0.1,3669,516.0,0.14064200217627856
CA-2021-152961,SC-20095,2021-01-15,US,East,United States,Consumer,Medium,12.7,2,0.0,0.0,1,1,0,1,4,0,174.0,12,6.0,0.3684210526315789,3670,516.0,0.1406037530595594
CA-2021-160934,TT-21460,2021-01-15,US,West,United States,Home Office,Medium,21.400000000000002,5,0.0,0.0,1,1,0,1,4,0,268.0,2,0.0,0.1111111111111111,3671,516.0,0.14056552474170744
CA-2021-167752,RW-19690,2021-01-15,US,East,United States,Consumer,Medium,1958.5439999999999,9,0.2,0.2,2,1,0,1,4,0,230.0,1,0.0,0.125,3672,516.0,0.14052731720576245
US-2021-104661,TB-21250,2021-01-15,US,Central,United States,Consumer,Medium,147.636,15,0.5,0.8,4,2,0,1,4,0,62.0,6,0.0,0.07692307692307693,3673,516.0,0.14048913043478262
CA-2021-125913,JO-15145,2021-01-16,US,West,United States,Corporate,Medium,427.59200000000004,11,0.1,0.2,2,1,0,1,5,1,171.0,6,0.0,0.07692307692307693,3674,516.0,0.1404509644118446
CA-2021-138289,AR-10540,2021-01-16,US,Central,United States,Consumer,Medium,5802.7,14,0.0,0.0,3,2,0,1,5,1,109.0,5,2.0,0.25,3675,516.0,0.14041281912004344
CA-2021-153045,NS-18505,2021-01-19,US,East,United States,Consumer,Medium,1370.5349999999999,11,0.275,0.4,4,3,0,1,1,0,56.0,1,0.0,0.125,3676,516.0,0.14037469454249255
CA-2021-154718,DL-12865,2021-01-19,US,Central,United States,Consumer,Medium,6.0,2,0.2,0.2,1,1,0,1,1,0,116.0,6,0.0,0.07692307692307693,3677,516.0,0.14033659066232357
US-2021-127292,RM-19375,2021-01-19,US,East,United States,Consumer,Medium,637.18,9,0.0,0.0,4,1,0,1,1,0,196.0,5,0.0,0.08333333333333333,3678,516.0,0.14029850746268657
CA-2021-144589,TM-21010,2021-01-20,US,West,United States,Consumer,Medium,384.17600000000004,8,0.1,0.2,2,2,0,1,2,0,496.0,5,0.0,0.08333333333333333,3679,516.0,0.14026044492674986
CA-2021-152079,ML-17410,2021-01-20,US,Central,United States,Consumer,Medium,11.52,5,0.2,0.2,1,1,0,1,2,0,113.0,2,0.0,0.1111111111111111,3680,516.0,0.14022240303770003
CA-2021-157252,CV-12805,2021-01-20,US,East,United States,Corporate,Medium,207.84600000000003,3,0.1,0.1,1,1,0,1,2,0,141.0,6,5.0,0.46153846153846156,3681,516.0,0.14018438177874187
CA-2021-161809,TH-21100,2021-01-20,US,West,United States,Consumer,Medium,160.776,3,0.2,0.2,1,1,0,1,2,0,256.0,4,0.0,0.09090909090909091,3682,516.0,0.1401463811330984
US-2021-120649,JF-15490,2021-01-20,US,East,United States,Consumer,Medium,3.52,2,0.0,0.0,1,1,0,1,2,0,243.0,7,0.0,0.07142857142857142,3683,516.0,0.14010840108401085
CA-2021-127026,MH-18115,2021-01-21,US,Central,United States,Home Office,Medium,1239.833,18,0.02,0.1,5,2,0,1,3,0,151.0,1,0.0,0.125,3684,516.0,0.14007044161473856
CA-2021-131954,DS-13030,2021-01-21,US,West,United States,Home Office,Medium,654.242,22,0.10000000000000002,0.2,6,3,0,1,3,0,927.0,1,0.0,0.125,3685,516.0,0.14003250270855905
CA-2021-141782,BE-11410,2021-01-21,US,Central,United States,Consumer,Medium,268.576,4,0.2,0.2,1,1,0,1,3,0,64.0,3,0.0,0.1,3686,516.0,0.13999458434876794
CA-2021-160423,PS-19045,2021-01-21,US,South,United States,Home Office,Medium,383.99199999999996,14,0.44999999999999996,0.7,2,1,0,1,3,0,75.0,4,1.0,0.18181818181818182,3687,516.0,0.13995668651867893
CA-2021-127432,AD-10180,2021-01-22,US,West,United States,Home Office,Medium,4189.38,13,0.0,0.0,4,2,0,1,4,0,568.0,4,0.0,0.09090909090909091,3688,516.0,0.1399188092016238
CA-2021-152499,EH-13765,2021-01-22,US,Central,United States,Corporate,Medium,22.992,8,0.2,0.2,2,1,0,1,4,0,30.0,12,3.0,0.21052631578947367,3689,516.0,0.13988095238095238
CA-2021-139080,CS-12250,2021-01-23,US,West,United States,Corporate,Medium,138.43200000000002,16,0.1,0.2,4,2,0,1,5,1,123.0,8,0.0,0.06666666666666667,3690,516.0,0.13984311604003247
CA-2021-145142,MC-17605,2021-01-23,US,Central,United States,Corporate,Medium,210.98,2,0.0,0.0,1,1,0,1,5,1,64.0,4,1.0,0.18181818181818182,3691,516.0,0.13980530016224987
CA-2021-161893,HP-14815,2021-01-23,US,West,United States,Home Office,Medium,100.92200000000001,4,0.44999999999999996,0.7,2,2,0,1,5,1,417.0,5,0.0,0.08333333333333333,3692,516.0,0.13976750473100838
CA-2021-104619,KD-16495,2021-01-24,US,West,United States,Corporate,Medium,412.99600000000004,8,0.13333333333333333,0.2,3,2,0,1,6,1,25.0,9,0.0,0.0625,3693,516.0,0.13972972972972972
CA-2021-119669,TP-21130,2021-01-24,US,South,United States,Consumer,Medium,5.67,3,0.0,0.0,1,1,0,1,6,1,50.0,6,0.0,0.07692307692307693,3694,516.0,0.13969197514185355
CA-2021-134649,CA-11965,2021-01-26,US,South,United States,Corporate,Medium,22.63,9,0.0,0.0,2,1,0,1,1,0,34.0,4,0.0,0.09090909090909091,3695,516.0,0.1396542409508374
CA-2021-150469,CJ-12010,2021-01-26,US,West,United States,Consumer,Medium,11.84,8,0.0,0.0,1,1,0,1,1,0,54.0,4,0.0,0.09090909090909091,3696,516.0,0.13961652714015663
CA-2021-164098,CG-12520,2021-01-26,US,Central,United States,Consumer,Medium,18.16,2,0.2,0.2,1,1,0,1,1,0,79.0,2,0.0,0.1111111111111111,3697,516.0,0.13957883369330454
US-2021-105935,BD-11500,2021-01-26,US,South,United States,Consumer,Medium,3002.65,11,0.0,0.0,2,2,0,1,1,0,400.0,4,0.0,0.09090909090909091,3698,516.0,0.13954116059379218
CA-2021-117870,JH-15820,2021-01-27,US,East,United States,Consumer,Medium,193.974,9,0.26666666666666666,0.4,3,2,0,1,2,0,433.0,4,0.0,0.09090909090909091,3699,516.0,0.13950350782514842
US-2021-104437,TG-21310,2021-01-27,US,East,United States,Consumer,Medium,137.94,3,0.0,0.0,1,1,0,1,2,0,73.0,4,0.0,0.09090909090909091,3700,516.0,0.1394658753709199
CA-2021-115994,BT-11305,2021-01-28,US,West,United States,Home Office,Medium,277.71,6,0.0,0.0,2,2,1,1,3,0,403.0,4,0.0,0.09090909090909091,3701,516.0,0.13942826321467097
CA-2021-115994,BT-11305,2021-01-28,US,West,United States,Home Office,Medium,277.71,6,0.0,0.0,2,2,1,1,3,0,0.0,5,1.0,0.16666666666666666,3702,517.0,0.13966028579131842
US-2021-147984,GB-14575,2021-01-28,US,Central,United States,Consumer,Medium,279.9,5,0.0,0.0,1,1,0,1,3,0,326.0,3,0.0,0.1,3703,518.0,0.13989218328840972
US-2021-166037,CL-12700,2021-01-28,US,East,United States,Home Office,Medium,449.91,9,0.0,0.0,1,1,0,1,3,0,126.0,2,0.0,0.1111111111111111,3704,518.0,0.13985448666127728
CA-2021-131653,RD-19585,2021-01-29,US,East,United States,Consumer,Medium,5.22,2,0.0,0.0,1,1,0,1,4,0,68.0,10,4.0,0.29411764705882354,3705,518.0,0.1398168103448276
CA-2021-139304,VG-21790,2021-01-29,US,West,United States,Consumer,Medium,136.526,12,0.06666666666666667,0.2,3,1,0,1,4,0,176.0,3,0.0,0.1,3706,518.0,0.13977915432265015
CA-2021-145338,BD-11770,2021-01-29,US,East,United States,Consumer,Medium,4.768,2,0.2,0.2,1,1,0,1,4,0,79.0,4,0.0,0.09090909090909091,3707,518.0,0.13974151857835218
CA-2021-160927,TM-21010,2021-01-29,US,Central,United States,Consumer,Medium,136.2,11,0.0,0.0,4,2,0,1,4,0,9.0,6,0.0,0.07692307692307693,3708,518.0,0.13970390309555855
US-2021-127341,CK-12595,2021-01-29,US,Central,United States,Consumer,Medium,12.127999999999997,4,0.8,0.8,1,1,0,1,4,0,132.0,7,0.0,0.07142857142857142,3709,518.0,0.13966630785791173
CA-2021-104220,BV-11245,2021-01-30,US,Central,United States,Corporate,Medium,340.22,20,0.0,0.0,6,3,0,1,5,1,37.0,4,1.0,0.18181818181818182,3710,518.0,0.13962873284907182
CA-2021-112725,EH-14125,2021-01-30,US,West,United States,Home Office,Medium,142.344,11,0.06666666666666667,0.2,3,2,1,1,5,1,133.0,8,3.0,0.26666666666666666,3711,518.0,0.1395911780527165
CA-2021-112725,EH-14125,2021-01-30,US,West,United States,Home Office,Medium,142.344,11,0.06666666666666667,0.2,3,2,1,1,5,1,0.0,9,4.0,0.3125,3712,519.0,0.13982253293896207
CA-2021-112725,EH-14125,2021-01-30,US,West,United States,Home Office,Medium,142.344,11,0.06666666666666667,0.2,3,2,1,1,5,1,0.0,10,5.0,0.35294117647058826,3713,520.0,0.1400537634408602
CA-2021-121790,LP-17095,2021-01-30,US,Central,United States,Consumer,Medium,2113.567,11,0.275,0.5,4,3,0,1,5,1,120.0,3,0.0,0.1,3714,521.0,0.1402848696586939
CA-2021-148999,EB-13870,2021-01-30,US,South,United States,Consumer,Medium,419.13599999999997,4,0.2,0.2,1,1,0,1,5,1,52.0,8,2.0,0.2,3715,521.0,0.14024717893605587
CA-2021-157273,SZ-20035,2021-01-30,US,West,United States,Home Office,Medium,604.768,4,0.2,0.2,1,1,0,1,5,1,130.0,6,0.0,0.07692307692307693,3716,521.0,0.14020950846091862
CA-2021-164329,MM-17920,2021-01-30,US,West,United States,Consumer,Medium,129.3,2,0.0,0.0,1,1,0,1,5,1,58.0,7,0.0,0.07142857142857142,3717,521.0,0.140171858216971
CA-2021-128076,BO-11350,2021-02-02,US,West,United States,Corporate,Medium,481.52400000000006,6,0.13333333333333333,0.2,3,3,0,2,1,0,280.0,2,0.0,0.1111111111111111,3718,521.0,0.14013422818791946
CA-2021-161333,JL-15835,2021-02-02,US,West,United States,Consumer,Medium,272.1,10,0.0,0.0,3,2,0,2,1,0,278.0,6,2.0,0.23076923076923078,3719,521.0,0.14009661835748793
US-2021-164147,DW-13585,2021-02-02,US,East,United States,Corporate,Medium,159.73,16,0.26666666666666666,0.4,3,2,0,2,1,0,129.0,4,0.0,0.09090909090909091,3720,521.0,0.14005902870941775
CA-2021-126354,SC-20380,2021-02-03,US,South,United States,Consumer,Medium,119.17800000000001,5,0.44999999999999996,0.7,2,1,0,2,2,0,130.0,4,0.0,0.09090909090909091,3721,521.0,0.1400214592274678
CA-2021-127474,RD-19810,2021-02-03,US,Central,United States,Home Office,Medium,512.3679999999999,9,0.3,0.6,4,2,0,2,2,0,38.0,5,0.0,0.08333333333333333,3722,521.0,0.13998390989541432
CA-2021-167703,MC-17575,2021-02-03,US,East,United States,Consumer,Medium,290.781,5,0.44999999999999996,0.7,2,1,0,2,2,0,45.0,5,0.0,0.08333333333333333,3723,521.0,0.13994638069705093
CA-2021-169474,JF-15355,2021-02-04,US,East,United States,Consumer,Medium,32.67,3,0.0,0.0,1,1,0,2,3,0,218.0,2,0.0,0.1111111111111111,3724,521.0,0.1399088716161887
CA-2021-107517,FC-14335,2021-02-05,US,West,United States,Corporate,Medium,2011.8999999999999,10,0.1,0.2,2,2,0,2,4,0,327.0,5,0.0,0.08333333333333333,3725,521.0,0.13987138263665594
CA-2021-131282,CB-12025,2021-02-05,US,Central,United States,Consumer,Medium,251.11199999999997,9,0.5,0.8,2,1,0,2,4,0,70.0,5,0.0,0.08333333333333333,3726,521.0,0.13983391374229842
CA-2021-115105,BD-11770,2021-02-06,US,East,United States,Consumer,Medium,240.78400000000002,1,0.2,0.2,1,1,0,2,5,1,8.0,5,0.0,0.08333333333333333,3727,521.0,0.1397964649169791
CA-2021-122994,MV-17485,2021-02-06,US,South,United States,Consumer,Medium,359.96999999999997,3,0.0,0.0,1,1,0,2,5,1,154.0,6,3.0,0.3076923076923077,3728,521.0,0.13975903614457832
CA-2021-154102,SN-20560,2021-02-06,US,West,United States,Home Office,Medium,29.900000000000002,5,0.0,0.0,1,1,0,2,5,1,225.0,4,0.0,0.09090909090909091,3729,521.0,0.13972162740899358
US-2021-101840,SP-20545,2021-02-06,US,East,United States,Corporate,Medium,273.7,10,0.1,0.2,2,2,0,2,5,1,120.0,5,0.0,0.08333333333333333,3730,521.0,0.13968423869413968
CA-2021-118773,TP-21415,2021-02-09,US,Central,United States,Consumer,Medium,397.74399999999997,10,0.6,0.8,4,3,0,2,1,0,165.0,2,0.0,0.1111111111111111,3731,521.0,0.13964686998394862
CA-2021-145807,SB-20170,2021-02-09,US,West,United States,Consumer,Medium,354.90000000000003,5,0.0,0.0,1,1,0,2,1,0,979.0,1,0.0,0.125,3732,521.0,0.1396095212623696
CA-2021-150602,ML-17395,2021-02-09,US,West,United States,Corporate,Medium,21.12,4,0.0,0.0,1,1,0,2,1,0,94.0,9,3.0,0.25,3733,521.0,0.139572192513369
CA-2021-123659,MN-17935,2021-02-10,US,East,United States,Consumer,Medium,23.12,4,0.0,0.0,1,1,0,2,2,0,271.0,4,2.0,0.2727272727272727,3734,521.0,0.13953488372093023
CA-2021-124086,MP-18175,2021-02-10,US,West,United States,Home Office,Medium,203.98299999999998,2,0.15,0.15,1,1,0,2,2,0,57.0,6,0.0,0.07692307692307693,3735,521.0,0.13949759486905397
CA-2021-116204,VW-21775,2021-02-11,US,West,United States,Corporate,Medium,21.336,7,0.2,0.2,1,1,0,2,3,0,110.0,11,5.0,0.3333333333333333,3736,521.0,0.13946032594175795
CA-2021-131828,CS-11845,2021-02-11,US,West,United States,Corporate,Medium,1051.912,7,0.2,0.2,2,2,1,2,3,0,513.0,3,0.0,0.1,3737,521.0,0.13942307692307693
CA-2021-131828,CS-11845,2021-02-11,US,West,United States,Corporate,Medium,1051.912,7,0.2,0.2,2,2,1,2,3,0,0.0,4,1.0,0.18181818181818182,3738,522.0,0.139652870493992
CA-2021-138156,MM-17260,2021-02-11,US,East,United States,Consumer,Medium,147.568,2,0.2,0.2,1,1,0,2,3,0,146.0,2,1.0,0.2222222222222222,3739,523.0,0.1398825413774693
US-2021-118535,DJ-13510,2021-02-11,US,East,United States,Corporate,Medium,20.7,2,0.0,0.0,1,1,0,2,3,0,169.0,2,0.0,0.1111111111111111,3740,523.0,0.13984520950093407
CA-2021-104801,FH-14350,2021-02-13,US,West,United States,Consumer,Medium,914.12,8,0.0,0.0,3,3,0,2,5,1,413.0,2,0.0,0.1111111111111111,3741,523.0,0.13980789754535752
CA-2021-104906,JP-15460,2021-02-13,US,East,United States,Corporate,Medium,17.94,3,0.0,0.0,1,1,0,2,5,1,112.0,7,3.0,0.2857142857142857,3742,523.0,0.1397706054947986
CA-2021-151176,SV-20785,2021-02-13,US,East,United States,Consumer,Medium,35.73,6,0.0,0.0,2,1,0,2,5,1,263.0,8,0.0,0.06666666666666667,3743,523.0,0.13973333333333332
CA-2021-154809,MH-17455,2021-02-13,US,Central,United States,Consumer,Medium,90.64,8,0.0,0.0,1,1,0,2,5,1,65.0,5,1.0,0.16666666666666666,3744,523.0,0.13969608104505465
CA-2021-118521,LF-17185,2021-02-16,US,East,United States,Consumer,Medium,37.94,2,0.0,0.0,1,1,0,2,1,0,119.0,10,6.0,0.4117647058823529,3745,523.0,0.1396588486140725
CA-2021-120019,NG-18355,2021-02-16,US,East,United States,Corporate,Medium,594.5,4,0.0,0.0,2,2,0,2,1,0,520.0,5,4.0,0.4166666666666667,3746,523.0,0.13962163602451372
CA-2021-163265,JS-16030,2021-02-16,US,Central,United States,Consumer,Medium,705.002,15,0.3,0.6,5,2,0,2,1,0,119.0,3,0.0,0.1,3747,523.0,0.1395844432605221
CA-2021-109085,CK-12325,2021-02-17,US,East,United States,Home Office,Medium,1448.853,18,0.4,0.7,5,3,1,2,2,0,315.0,3,0.0,0.1,3748,523.0,0.13954727030625833
CA-2021-109085,CK-12325,2021-02-17,US,East,United States,Home Office,Medium,1448.853,18,0.4,0.7,5,3,1,2,2,0,0.0,4,1.0,0.18181818181818182,3749,524.0,0.13977635782747605
CA-2021-109085,CK-12325,2021-02-17,US,East,United States,Home Office,Medium,1448.853,18,0.4,0.7,5,3,1,2,2,0,0.0,5,2.0,0.25,3750,525.0,0.14000532339632685
CA-2021-109085,CK-12325,2021-02-17,US,East,United States,Home Office,Medium,1448.853,18,0.4,0.7,5,3,1,2,2,0,0.0,6,3.0,0.3076923076923077,3751,526.0,0.14023416711016498
CA-2021-109085,CK-12325,2021-02-17,US,East,United States,Home Office,Medium,1448.853,18,0.4,0.7,5,3,1,2,2,0,0.0,7,4.0,0.35714285714285715,3752,527.0,0.14046288906624102
CA-2021-132647,GH-14410,2021-02-17,US,East,United States,Home Office,Medium,178.20999999999998,7,0.0,0.0,2,1,0,2,2,0,165.0,5,0.0,0.08333333333333333,3753,528.0,0.14069148936170212
CA-2021-154039,JK-16120,2021-02-17,US,Central,United States,Home Office,Medium,605.752,4,0.35,0.5,2,2,0,2,2,0,61.0,7,0.0,0.07142857142857142,3754,528.0,0.14065408136134006
CA-2021-159149,CR-12820,2021-02-17,US,Central,United States,Home Office,Medium,702.8424,11,0.24,0.32,3,3,0,2,2,0,755.0,1,0.0,0.125,3755,528.0,0.1406166932482722
US-2021-163195,LL-16840,2021-02-17,US,South,United States,Consumer,Medium,29.160000000000004,3,0.0,0.0,1,1,0,2,2,0,624.0,4,0.0,0.09090909090909091,3756,528.0,0.14057932500664364
CA-2021-164707,CV-12805,2021-02-18,US,West,United States,Corporate,Medium,287.326,8,0.06666666666666667,0.2,3,2,0,2,3,0,29.0,7,5.0,0.42857142857142855,3757,528.0,0.14054197662061638
CA-2021-122693,NH-18610,2021-02-19,US,South,United States,Corporate,Medium,1245.86,7,0.0,0.0,1,1,0,2,4,0,147.0,4,0.0,0.09090909090909091,3758,528.0,0.1405046480743692
CA-2021-134838,ED-13885,2021-02-19,US,West,United States,Home Office,Medium,57.510000000000005,6,0.0,0.0,2,2,0,2,4,0,59.0,6,1.0,0.15384615384615385,3759,528.0,0.1404673393520977
CA-2021-166415,ME-17725,2021-02-19,US,West,United States,Consumer,Medium,11.22,3,0.0,0.0,1,1,0,2,4,0,188.0,4,0.0,0.09090909090909091,3760,528.0,0.14043005043801435
CA-2021-105445,BP-11095,2021-02-20,US,West,United States,Corporate,Medium,9.432,3,0.2,0.2,1,1,0,2,5,1,116.0,7,0.0,0.07142857142857142,3761,528.0,0.1403927813163482
CA-2021-105809,HW-14935,2021-02-20,US,West,United States,Corporate,Medium,238.19799999999998,3,0.1,0.2,2,2,0,2,5,1,112.0,3,0.0,0.1,3762,528.0,0.14035553197134518
CA-2021-135937,KM-16375,2021-02-20,US,West,United States,Home Office,Medium,882.99,22,0.25,0.5,6,3,0,2,5,1,111.0,7,2.0,0.21428571428571427,3763,528.0,0.14031830238726792
CA-2021-150525,JP-16135,2021-02-20,US,Central,United States,Home Office,Medium,19.669999999999998,5,0.0,0.0,2,1,0,2,5,1,52.0,7,2.0,0.21428571428571427,3764,528.0,0.14028109254839566
CA-2021-124940,DK-13090,2021-02-21,US,Central,United States,Consumer,Medium,47.904,1,0.2,0.2,1,1,0,2,6,1,373.0,3,0.0,0.1,3765,528.0,0.1402439024390244
CA-2021-104647,CK-12595,2021-02-23,US,West,United States,Consumer,Medium,37.44,6,0.0,0.0,1,1,0,2,1,0,25.0,8,0.0,0.06666666666666667,3766,528.0,0.14020673204346673
CA-2021-136007,AC-10615,2021-02-23,US,West,United States,Corporate,Medium,80.36,10,0.1,0.2,2,2,0,2,1,0,527.0,1,0.0,0.125,3767,528.0,0.14016958134605192
CA-2021-111374,CB-12415,2021-02-24,US,East,United States,Consumer,Medium,4.956,4,0.7,0.7,1,1,0,2,2,0,214.0,5,0.0,0.08333333333333333,3768,528.0,0.14013245033112584
CA-2021-127397,ES-14080,2021-02-24,US,East,United States,Corporate,Medium,1443.72,10,0.2,0.2,2,2,0,2,2,0,67.0,7,3.0,0.2857142857142857,3769,528.0,0.14009533898305085
CA-2021-125878,MH-18025,2021-02-25,US,Central,United States,Consumer,Medium,1.7879999999999996,3,0.8,0.8,1,1,0,2,3,0,581.0,2,0.0,0.1111111111111111,3770,528.0,0.14005824728620597
US-2021-134642,SW-20245,2021-02-25,US,South,United States,Consumer,Medium,428.704,7,0.2,0.2,2,1,0,2,3,0,159.0,5,0.0,0.08333333333333333,3771,528.0,0.14002117522498678
CA-2021-117212,BT-11530,2021-02-26,US,West,United States,Home Office,Medium,2110.7200000000003,23,0.08,0.2,5,3,1,2,4,0,401.0,3,0.0,0.1,3772,528.0,0.13998412278380523
CA-2021-117212,BT-11530,2021-02-26,US,West,United States,Home Office,Medium,2110.7200000000003,23,0.08,0.2,5,3,1,2,4,0,0.0,4,1.0,0.18181818181818182,3773,529.0,0.1402116402116402
CA-2021-117212,BT-11530,2021-02-26,US,West,United States,Home Office,Medium,2110.7200000000003,23,0.08,0.2,5,3,1,2,4,0,0.0,5,2.0,0.25,3774,530.0,0.14043903729172177
CA-2021-117212,BT-11530,2021-02-26,US,West,United States,Home Office,Medium,2110.7200000000003,23,0.08,0.2,5,3,1,2,4,0,0.0,6,3.0,0.3076923076923077,3775,531.0,0.1406663141195135
CA-2021-117212,BT-11530,2021-02-26,US,West,United States,Home Office,Medium,2110.7200000000003,23,0.08,0.2,5,3,1,2,4,0,0.0,7,4.0,0.35714285714285715,3776,532.0,0.140893470790378
CA-2021-121258,DB-13060,2021-02-26,US,West,United States,Consumer,Medium,380.136,8,0.06666666666666667,0.2,3,3,1,2,4,0,265.0,4,0.0,0.09090909090909091,3777,533.0,0.14112050739957716
CA-2021-121258,DB-13060,2021-02-26,US,West,United States,Consumer,Medium,380.136,8,0.06666666666666667,0.2,3,3,1,2,4,0,0.0,5,1.0,0.16666666666666666,3778,534.0,0.14134742404227213
CA-2021-121258,DB-13060,2021-02-26,US,West,United States,Consumer,Medium,380.136,8,0.06666666666666667,0.2,3,3,1,2,4,0,0.0,6,2.0,0.23076923076923078,3779,535.0,0.1415742208135235
CA-2021-121706,BM-11140,2021-02-26,US,West,United States,Consumer,Medium,356.78999999999996,7,0.0,0.0,1,1,0,2,4,0,84.0,3,0.0,0.1,3780,536.0,0.14180089780829153
CA-2021-101959,DB-13660,2021-02-28,US,East,United States,Consumer,Medium,17.62,3,0.0,0.0,2,1,0,2,6,1,59.0,3,0.0,0.1,3781,536.0,0.14176346356916578
CA-2021-104885,DB-13555,2021-03-02,US,East,United States,Corporate,Medium,627.48,18,0.0,0.0,4,2,0,3,1,0,873.0,3,0.0,0.1,3782,536.0,0.1417260490894695
CA-2021-124114,RS-19765,2021-03-02,US,Central,United States,Corporate,Medium,0.5559999999999998,1,0.8,0.8,1,1,0,3,1,0,606.0,3,0.0,0.1,3783,536.0,0.141688654353562
CA-2021-146024,SC-20770,2021-03-02,US,Central,United States,Corporate,Medium,19.198,11,0.5,0.8,2,1,0,3,1,0,107.0,5,0.0,0.08333333333333333,3784,536.0,0.14165127934581906
CA-2021-152261,JA-15970,2021-03-02,US,East,United States,Consumer,Medium,18.528000000000002,4,0.7,0.7,1,1,0,3,1,0,182.0,3,0.0,0.1,3785,536.0,0.14161392405063292
CA-2021-155712,KD-16615,2021-03-02,US,West,United States,Corporate,Medium,107.64800000000001,2,0.2,0.2,1,1,1,3,1,0,188.0,3,0.0,0.1,3786,536.0,0.14157658845241233
CA-2021-163902,MY-17380,2021-03-02,US,West,United States,Corporate,Medium,676.7159999999999,9,0.1,0.2,2,1,0,3,1,0,276.0,6,5.0,0.46153846153846156,3787,537.0,0.14180284659989456
CA-2021-111815,EP-13915,2021-03-03,US,Central,United States,Consumer,Medium,280.96,3,0.0,0.0,2,2,0,3,2,0,62.0,9,0.0,0.0625,3788,537.0,0.14176548089591567
CA-2021-117513,BT-11395,2021-03-03,US,West,United States,Corporate,Medium,399.672,7,0.2,0.2,1,1,1,3,2,0,288.0,5,0.0,0.08333333333333333,3789,537.0,0.1417281348788198
CA-2021-121804,LP-17095,2021-03-03,US,South,United States,Consumer,Medium,72.8,5,0.0,0.0,1,1,0,3,2,0,32.0,4,0.0,0.09090909090909091,3790,538.0,0.14195417434816962
CA-2021-123085,EJ-13720,2021-03-03,US,West,United States,Consumer,Medium,1219.7920000000001,11,0.1,0.2,2,2,1,3,2,0,568.0,3,0.0,0.1,3791,538.0,0.1419167983149026
CA-2021-123085,EJ-13720,2021-03-03,US,West,United States,Consumer,Medium,1219.7920000000001,11,0.1,0.2,2,2,1,3,2,0,0.0,4,1.0,0.18181818181818182,3792,539.0,0.14214266912345355
CA-2021-127621,RE-19450,2021-03-03,US,Central,United States,Consumer,Medium,26.880000000000003,8,0.2,0.2,1,1,0,3,2,0,232.0,4,0.0,0.09090909090909091,3793,540.0,0.1423684210526316
CA-2021-110478,SP-20860,2021-03-04,US,West,United States,Corporate,Medium,24.57,5,0.0,0.0,2,1,0,3,3,0,100.0,8,2.0,0.2,3794,540.0,0.14233096553538543
CA-2021-142174,DP-13000,2021-03-04,US,Central,United States,Consumer,Medium,89.568,2,0.2,0.2,1,1,0,3,3,0,110.0,6,0.0,0.07692307692307693,3795,540.0,0.14229352972119938
US-2021-119816,TT-21460,2021-03-04,US,Central,United States,Home Office,Medium,114.68400000000001,7,0.3333333333333333,0.6,3,2,0,3,3,0,48.0,3,0.0,0.1,3796,540.0,0.14225611359453064
CA-2021-147753,PK-19075,2021-03-05,US,Central,United States,Consumer,Medium,25.06,2,0.0,0.0,1,1,0,3,4,0,79.0,7,0.0,0.07142857142857142,3797,540.0,0.1422187171398528
CA-2021-161046,CB-12535,2021-03-05,US,South,United States,Corporate,Medium,839.25,15,0.0,0.0,4,2,0,3,4,0,118.0,6,0.0,0.07692307692307693,3798,540.0,0.14218134034165572
CA-2021-168123,JD-16060,2021-03-05,US,Central,United States,Consumer,Medium,375.71,11,0.0,0.0,4,1,0,3,4,0,713.0,2,0.0,0.1111111111111111,3799,540.0,0.1421439831844456
CA-2021-125101,SH-19975,2021-03-06,US,West,United States,Corporate,Medium,67.78,2,0.0,0.0,1,1,0,3,5,1,70.0,8,0.0,0.06666666666666667,3800,540.0,0.14210664565274495
CA-2021-148642,DW-13540,2021-03-06,US,Central,United States,Consumer,Medium,68.416,6,0.2,0.2,2,1,0,3,5,1,339.0,2,0.0,0.1111111111111111,3801,540.0,0.14206932773109243
CA-2021-167640,FC-14245,2021-03-06,US,West,United States,Home Office,Medium,528.714,19,0.05,0.2,4,2,0,3,5,1,140.0,4,0.0,0.09090909090909091,3802,540.0,0.14203202940404305
CA-2021-168193,RM-19750,2021-03-06,US,East,United States,Consumer,Medium,98.35,4,0.0,0.0,2,2,1,3,5,1,9999.0,0,0.0,0.14285714285714285,3803,540.0,0.14199475065616798
CA-2021-168193,RM-19750,2021-03-06,US,East,United States,Consumer,Medium,98.35,4,0.0,0.0,2,2,1,3,5,1,0.0,1,1.0,0.25,3804,541.0,0.14221988979270533
US-2021-119039,BF-11170,2021-03-06,US,West,United States,Home Office,Medium,14.976,9,0.2,0.2,1,1,0,3,5,1,116.0,9,0.0,0.0625,3805,542.0,0.1424449108079748
CA-2021-110884,SH-20395,2021-03-07,US,East,United States,Consumer,Medium,117.51,9,0.1,0.2,2,1,0,3,6,1,82.0,4,0.0,0.09090909090909091,3806,542.0,0.14240755310778913
CA-2021-136672,MG-17890,2021-03-07,US,East,United States,Home Office,Medium,49.08,3,0.0,0.0,1,1,0,3,6,1,141.0,4,0.0,0.09090909090909091,3807,542.0,0.1423702149973781
CA-2021-104080,AH-10210,2021-03-08,US,West,United States,Consumer,Medium,174.56000000000003,7,0.1,0.2,2,1,0,3,0,0,382.0,4,0.0,0.09090909090909091,3808,542.0,0.14233289646133682
CA-2021-155698,VB-21745,2021-03-08,US,South,United States,Corporate,Medium,668.5400000000001,10,0.0,0.0,2,1,0,3,0,0,101.0,4,0.0,0.09090909090909091,3809,542.0,0.14229559748427673
CA-2021-102834,LW-16990,2021-03-09,US,West,United States,Corporate,Medium,199.98,2,0.0,0.0,1,1,0,3,1,0,308.0,1,0.0,0.125,3810,542.0,0.14225831805082526
CA-2021-147354,KB-16315,2021-03-09,US,West,United States,Consumer,Medium,510.824,7,0.2,0.2,2,2,0,3,1,0,184.0,8,0.0,0.06666666666666667,3811,542.0,0.142221058145626
CA-2021-130967,EB-13870,2021-03-10,US,East,United States,Consumer,Medium,53.982,3,0.4,0.4,1,1,0,3,2,0,39.0,9,2.0,0.1875,3812,542.0,0.14218381775333858
CA-2021-132290,MD-17350,2021-03-10,US,Central,United States,Consumer,Medium,933.408,4,0.3,0.3,1,1,0,3,2,0,186.0,4,0.0,0.09090909090909091,3813,542.0,0.14214659685863873
CA-2021-140494,CM-11815,2021-03-10,US,West,United States,Corporate,Medium,111.96,4,0.0,0.0,1,1,0,3,2,0,168.0,3,0.0,0.1,3814,542.0,0.14210939544621826
CA-2021-144638,MH-18115,2021-03-10,US,East,United States,Home Office,Medium,91.726,8,0.25,0.4,4,3,0,3,2,0,48.0,2,0.0,0.1111111111111111,3815,542.0,0.14207221350078492
CA-2021-155824,KS-16300,2021-03-10,US,South,United States,Corporate,Medium,61.876000000000005,5,0.44999999999999996,0.7,2,1,0,3,2,0,726.0,2,0.0,0.1111111111111111,3816,542.0,0.1420350510070625
CA-2021-147291,MJ-17740,2021-03-11,US,Central,United States,Consumer,Medium,895.92,4,0.0,0.0,1,1,0,3,3,0,124.0,5,0.0,0.08333333333333333,3817,542.0,0.1419979079497908
US-2021-133081,PV-18985,2021-03-11,US,East,United States,Home Office,Medium,90.6,5,0.0,0.0,2,2,0,3,3,0,270.0,3,0.0,0.1,3818,542.0,0.1419607843137255
US-2021-141558,MH-17290,2021-03-11,US,East,United States,Home Office,Medium,987.1879999999999,10,0.425,0.7,4,3,0,3,3,0,72.0,5,2.0,0.25,3819,542.0,0.14192368008363826
CA-2021-116288,BS-11380,2021-03-12,US,West,United States,Corporate,Medium,242.94,3,0.0,0.0,1,1,0,3,4,0,465.0,2,0.0,0.1111111111111111,3820,542.0,0.1418865952443167
CA-2021-152786,GA-14725,2021-03-12,US,South,United States,Consumer,Medium,40.410000000000004,9,0.0,0.0,1,1,0,3,4,0,70.0,7,0.0,0.07142857142857142,3821,542.0,0.14184952978056425
CA-2021-159352,KB-16585,2021-03-12,US,East,United States,Corporate,Medium,69.93,7,0.0,0.0,1,1,0,3,4,0,93.0,14,7.0,0.38095238095238093,3822,542.0,0.1418124836772003
CA-2021-105851,SE-20110,2021-03-13,US,West,United States,Consumer,Medium,1332.496,2,0.2,0.2,1,1,0,3,5,1,186.0,7,0.0,0.07142857142857142,3823,542.0,0.14177545691906004
CA-2021-106859,BF-11215,2021-03-13,US,West,United States,Home Office,Medium,780.086,34,0.04,0.2,5,2,0,3,5,1,277.0,2,0.0,0.1111111111111111,3824,542.0,0.1417384494909945
CA-2021-107713,JB-16000,2021-03-13,US,East,United States,Consumer,Medium,174.3,3,0.0,0.0,1,1,0,3,5,1,276.0,2,0.0,0.1111111111111111,3825,542.0,0.14170146137787057
CA-2021-153843,SC-20380,2021-03-13,US,East,United States,Consumer,Medium,523.1600000000001,8,0.0,0.0,3,1,0,3,5,1,38.0,5,0.0,0.08333333333333333,3826,542.0,0.14166449256457084
CA-2021-157966,SU-20665,2021-03-13,US,Central,United States,Home Office,Medium,1358.866,18,0.2285714285714286,0.3,7,3,0,3,5,1,189.0,4,0.0,0.09090909090909091,3827,542.0,0.14162754303599373
CA-2021-162474,FH-14275,2021-03-13,US,Central,United States,Corporate,Medium,7.992000000000001,1,0.2,0.2,1,1,0,3,5,1,121.0,4,0.0,0.09090909090909091,3828,542.0,0.14159061277705345
CA-2021-166296,KF-16285,2021-03-13,US,West,United States,Home Office,Medium,314.54999999999995,3,0.0,0.0,1,1,0,3,5,1,368.0,2,0.0,0.1111111111111111,3829,542.0,0.14155370177267987
US-2021-146906,MT-17815,2021-03-13,US,East,United States,Consumer,Medium,299.9,2,0.0,0.0,1,1,0,3,5,1,76.0,4,0.0,0.09090909090909091,3830,542.0,0.1415168100078186
CA-2021-114370,BN-11470,2021-03-14,US,Central,United States,Corporate,Medium,49.61600000000001,2,0.2,0.2,1,1,0,3,6,1,698.0,2,0.0,0.1111111111111111,3831,542.0,0.14147993746743096
CA-2021-129294,KD-16615,2021-03-16,US,West,United States,Corporate,Medium,540.934,16,0.1,0.2,4,1,0,3,1,0,14.0,4,1.0,0.18181818181818182,3832,542.0,0.14144308413649387
CA-2021-152135,MG-17650,2021-03-16,US,East,United States,Home Office,Medium,445.44,8,0.4,0.4,1,1,0,3,1,0,94.0,3,0.0,0.1,3833,542.0,0.14140625
CA-2021-161172,SP-20920,2021-03-16,US,East,United States,Consumer,Medium,315.041,15,0.33999999999999997,0.7,5,3,0,3,1,0,124.0,4,1.0,0.18181818181818182,3834,542.0,0.14136943504295757
US-2021-101539,VM-21685,2021-03-16,US,West,United States,Home Office,Medium,712.9660000000001,5,0.06666666666666667,0.2,3,2,0,3,1,0,189.0,4,0.0,0.09090909090909091,3835,542.0,0.1413326392503904
CA-2021-129567,CL-12565,2021-03-17,US,West,United States,Consumer,Medium,17.456,2,0.2,0.2,1,1,0,3,2,0,88.0,18,10.0,0.44,3836,542.0,0.141295862607338
CA-2021-140949,DB-13405,2021-03-17,US,East,United States,Consumer,Medium,496.63399999999996,43,0.022222222222222223,0.2,9,2,0,3,2,0,547.0,2,0.0,0.1111111111111111,3837,542.0,0.14125910509885536
CA-2021-142867,PO-19180,2021-03-17,US,Central,United States,Home Office,Medium,24.048,9,0.5,0.8,2,1,1,3,2,0,124.0,7,2.0,0.21428571428571427,3838,542.0,0.141222366710013
CA-2021-142867,PO-19180,2021-03-17,US,Central,United States,Home Office,Medium,24.048,9,0.5,0.8,2,1,1,3,2,0,0.0,8,3.0,0.26666666666666666,3839,543.0,0.14144565782631305
US-2021-129224,AS-10630,2021-03-17,US,South,United States,Home Office,Medium,4.608,2,0.2,0.2,1,1,0,3,2,0,176.0,4,0.0,0.09090909090909091,3840,544.0,0.1416688328567715
CA-2021-122007,JK-15325,2021-03-18,US,West,United States,Corporate,Medium,90.86,7,0.0,0.0,1,1,1,3,3,0,412.0,2,0.0,0.1111111111111111,3841,544.0,0.14163201663201663
CA-2021-143084,BP-11050,2021-03-18,US,West,United States,Corporate,Medium,33.3,10,0.0,0.0,2,1,1,3,3,0,89.0,3,0.0,0.1,3842,545.0,0.14185502727981295
CA-2021-143084,BP-11050,2021-03-18,US,West,United States,Corporate,Medium,33.3,10,0.0,0.0,2,1,1,3,3,0,0.0,4,1.0,0.18181818181818182,3843,546.0,0.14207792207792208
CA-2021-148145,SW-20275,2021-03-18,US,West,United States,Consumer,Medium,46.2,4,0.0,0.0,1,1,0,3,3,0,128.0,2,0.0,0.1111111111111111,3844,547.0,0.1423007011165931
CA-2021-160087,EN-13780,2021-03-18,US,Central,United States,Consumer,Medium,23.832,3,0.2,0.2,1,1,0,3,3,0,179.0,3,0.0,0.1,3845,547.0,0.142263759086189
CA-2021-162075,TT-21220,2021-03-18,US,Central,United States,Consumer,Medium,537.544,7,0.2,0.2,1,1,0,3,3,0,134.0,8,3.0,0.26666666666666666,3846,547.0,0.14222683623150792
US-2021-119438,CD-11980,2021-03-18,US,Central,United States,Consumer,Medium,296.022,12,0.6,0.8,4,3,0,3,3,0,114.0,1,0.0,0.125,3847,547.0,0.14218993253762324
CA-2021-105410,ND-18370,2021-03-19,US,West,United States,Consumer,Medium,976.8280000000001,18,0.1,0.2,4,2,0,3,4,0,120.0,5,0.0,0.08333333333333333,3848,547.0,0.14215304798962386
CA-2021-124436,SA-20830,2021-03-19,US,West,United States,Consumer,Medium,770.2099999999999,15,0.15000000000000002,0.2,4,2,0,3,4,0,87.0,5,0.0,0.08333333333333333,3849,547.0,0.1421161825726141
CA-2021-140515,GZ-14545,2021-03-19,US,West,United States,Corporate,Medium,381.35999999999996,7,0.0,0.0,1,1,0,3,4,0,903.0,1,0.0,0.125,3850,547.0,0.14207933627171376
CA-2021-166499,VG-21805,2021-03-19,US,East,United States,Corporate,Medium,8.94,3,0.0,0.0,1,1,0,3,4,0,205.0,4,0.0,0.09090909090909091,3851,547.0,0.14204250907205807
US-2021-104955,CG-12040,2021-03-19,US,East,United States,Home Office,Medium,28.91,7,0.0,0.0,1,1,0,3,4,0,146.0,4,0.0,0.09090909090909091,3852,547.0,0.1420057009587976
CA-2021-122763,HG-14845,2021-03-20,US,Central,United States,Consumer,Medium,330.76800000000003,9,0.2,0.2,2,1,0,3,5,1,554.0,2,0.0,0.1111111111111111,3853,547.0,0.14196891191709846
CA-2021-154214,TB-21595,2021-03-20,US,Central,United States,Consumer,Medium,2.91,1,0.0,0.0,1,1,1,3,5,1,81.0,4,0.0,0.09090909090909091,3854,547.0,0.14193214193214193
CA-2021-165491,HW-14935,2021-03-20,US,West,United States,Corporate,Medium,265.93,7,0.0,0.0,1,1,1,3,5,1,28.0,4,0.0,0.09090909090909091,3855,548.0,0.14215432418436044
US-2021-143770,RD-19720,2021-03-20,US,East,United States,Consumer,Medium,299.96,4,0.0,0.0,2,2,0,3,5,1,107.0,7,0.0,0.07142857142857142,3856,549.0,0.1423763914056433
CA-2021-108539,SC-20725,2021-03-21,US,West,United States,Consumer,Medium,745.2800000000001,9,0.13333333333333333,0.2,3,1,0,3,6,1,79.0,9,1.0,0.125,3857,549.0,0.14233954451345757
CA-2021-111591,PS-18970,2021-03-21,US,West,United States,Home Office,Medium,425.056,20,0.05,0.2,4,2,0,3,6,1,316.0,5,0.0,0.08333333333333333,3858,549.0,0.1423027166882277
CA-2021-117156,TB-21055,2021-03-21,US,East,United States,Consumer,Medium,8.856,3,0.2,0.2,1,1,0,3,6,1,206.0,13,13.0,0.7,3859,549.0,0.14226590791515778
CA-2021-119452,CL-12565,2021-03-21,US,Central,United States,Consumer,Medium,1805.88,6,0.0,0.0,1,1,0,3,6,1,4.0,19,10.0,0.4230769230769231,3860,549.0,0.1422291181794673
CA-2021-156272,PW-19030,2021-03-21,US,South,United States,Corporate,Medium,64.384,1,0.2,0.2,1,1,0,3,6,1,87.0,6,0.0,0.07692307692307693,3861,549.0,0.1421923474663909
CA-2021-169285,RW-19690,2021-03-21,US,Central,United States,Consumer,Medium,283.17999999999995,6,0.0,0.0,2,1,0,3,6,1,65.0,2,0.0,0.1111111111111111,3862,549.0,0.1421555957611786
CA-2021-120719,SJ-20125,2021-03-23,US,West,United States,Home Office,Medium,34.76,5,0.2,0.2,1,1,0,3,1,0,103.0,5,0.0,0.08333333333333333,3863,549.0,0.1421188630490956
CA-2021-135650,AC-10660,2021-03-23,US,Central,United States,Consumer,Medium,143.728,2,0.2,0.2,1,1,0,3,1,0,182.0,4,0.0,0.09090909090909091,3864,549.0,0.14208214931542237
CA-2021-136511,MZ-17515,2021-03-23,US,East,United States,Corporate,Medium,347.58,3,0.0,0.0,1,1,0,3,1,0,285.0,5,0.0,0.08333333333333333,3865,549.0,0.14204545454545456
CA-2021-140151,RB-19360,2021-03-23,US,West,United States,Consumer,Medium,14052.48,9,0.0,0.0,3,2,1,3,1,0,252.0,3,0.0,0.1,3866,549.0,0.14200877872450296
CA-2021-140151,RB-19360,2021-03-23,US,West,United States,Consumer,Medium,14052.48,9,0.0,0.0,3,2,1,3,1,0,0.0,4,1.0,0.18181818181818182,3867,550.0,0.142230252968508
CA-2021-140151,RB-19360,2021-03-23,US,West,United States,Consumer,Medium,14052.48,9,0.0,0.0,3,2,1,3,1,0,0.0,5,2.0,0.25,3868,551.0,0.1424516129032258
CA-2021-155985,BE-11335,2021-03-23,US,West,United States,Home Office,Medium,211.84,8,0.0,0.0,1,1,0,3,1,0,241.0,2,0.0,0.1111111111111111,3869,552.0,0.14267285861713105
US-2021-140074,EC-14050,2021-03-23,US,East,United States,Consumer,Medium,25.68,6,0.0,0.0,1,1,0,3,1,0,101.0,2,0.0,0.1111111111111111,3870,552.0,0.14263605880835697
CA-2021-101637,AC-10615,2021-03-24,US,Central,United States,Corporate,Medium,12.768,2,0.2,0.2,1,1,0,3,2,0,29.0,2,0.0,0.1111111111111111,3871,552.0,0.14259927797833935
CA-2021-122308,MV-17485,2021-03-24,US,East,United States,Consumer,Medium,271.764,2,0.1,0.1,1,1,0,3,2,0,46.0,7,3.0,0.2857142857142857,3872,552.0,0.1425625161124001
CA-2021-166184,HR-14830,2021-03-24,US,East,United States,Corporate,Medium,724.846,7,0.03333333333333333,0.1,3,3,0,3,2,0,456.0,8,4.0,0.3333333333333333,3873,552.0,0.14252577319587628
CA-2021-167101,BM-11650,2021-03-24,US,East,United States,Corporate,Medium,247.92,6,0.0,0.0,2,2,0,3,2,0,178.0,6,0.0,0.07692307692307693,3874,552.0,0.14248904921412006
CA-2021-101077,DB-13660,2021-03-25,US,Central,United States,Consumer,Medium,6.848000000000001,2,0.2,0.2,1,1,0,3,3,0,25.0,4,0.0,0.09090909090909091,3875,552.0,0.14245234415249872
CA-2021-105193,JL-15835,2021-03-25,US,East,United States,Consumer,Medium,11.05,5,0.0,0.0,1,1,0,3,3,0,51.0,7,2.0,0.21428571428571427,3876,552.0,0.14241565799639455
CA-2021-112039,JC-15775,2021-03-25,US,Central,United States,Consumer,Medium,470.3760000000001,3,0.2,0.2,1,1,0,3,3,0,222.0,4,0.0,0.09090909090909091,3877,552.0,0.14237899073120494
CA-2021-143651,FM-14215,2021-03-25,US,West,United States,Corporate,Medium,23.1,2,0.0,0.0,1,1,0,3,3,0,186.0,7,0.0,0.07142857142857142,3878,552.0,0.14234234234234233
CA-2021-155880,JD-16150,2021-03-25,US,Central,United States,Corporate,Medium,1986.5200000000002,11,0.0,0.0,3,1,0,3,3,0,97.0,6,0.0,0.07692307692307693,3879,552.0,0.1423057128152342
US-2021-117534,CV-12295,2021-03-25,US,West,United States,Consumer,Medium,1069.132,23,0.12000000000000002,0.2,5,2,0,3,3,0,202.0,3,0.0,0.1,3880,552.0,0.14226910213532287
CA-2021-113208,ML-18040,2021-03-26,US,Central,United States,Corporate,Medium,60.84,3,0.0,0.0,1,1,0,3,4,0,9999.0,0,0.0,0.14285714285714285,3881,552.0,0.14223251028806586
CA-2021-147144,MZ-17335,2021-03-26,US,West,United States,Home Office,Medium,19.83,1,0.0,0.0,1,1,0,3,4,0,168.0,2,0.0,0.1111111111111111,3882,552.0,0.14219593725893545
CA-2021-162033,EM-14200,2021-03-26,US,South,United States,Home Office,Medium,57.01,5,0.0,0.0,2,2,0,3,4,0,462.0,1,0.0,0.125,3883,552.0,0.14215938303341902
US-2021-121251,GM-14440,2021-03-26,US,East,United States,Consumer,Medium,377.52799999999996,6,0.1,0.2,2,2,0,3,4,0,113.0,3,0.0,0.1,3884,552.0,0.14212284759701876
US-2021-141677,HK-14890,2021-03-26,US,Central,United States,Corporate,Medium,2737.672,24,0.32,0.8,5,2,0,3,4,0,154.0,6,2.0,0.23076923076923078,3885,552.0,0.1420863309352518
CA-2021-113705,LC-16870,2021-03-27,US,South,United States,Consumer,Medium,874.8000000000001,18,0.0,0.0,6,3,0,3,5,1,227.0,8,4.0,0.3333333333333333,3886,552.0,0.14204983303365015
CA-2021-124716,BD-11560,2021-03-27,US,West,United States,Home Office,Medium,168.57999999999998,7,0.0,0.0,3,1,0,3,5,1,667.0,1,0.0,0.125,3887,552.0,0.14201335387776065
CA-2021-139416,AG-10270,2021-03-27,US,East,United States,Consumer,Medium,15.008000000000003,2,0.2,0.2,1,1,0,3,5,1,195.0,4,0.0,0.09090909090909091,3888,552.0,0.14197689345314507
CA-2021-144491,CJ-12010,2021-03-27,US,Central,United States,Consumer,Medium,1875.128,11,0.28,0.32,4,2,0,3,5,1,60.0,5,0.0,0.08333333333333333,3889,552.0,0.14194045174537986
US-2021-147886,DH-13075,2021-03-28,US,West,United States,Corporate,Medium,1435.96,26,0.028571428571428574,0.2,7,3,1,3,6,1,277.0,5,0.0,0.08333333333333333,3890,552.0,0.14190402874005645
US-2021-147886,DH-13075,2021-03-28,US,West,United States,Corporate,Medium,1435.96,26,0.028571428571428574,0.2,7,3,1,3,6,1,0.0,6,1.0,0.15384615384615385,3891,553.0,0.14212416623909696
US-2021-147886,DH-13075,2021-03-28,US,West,United States,Corporate,Medium,1435.96,26,0.028571428571428574,0.2,7,3,1,3,6,1,0.0,7,2.0,0.21428571428571427,3892,554.0,0.1423441908181585
US-2021-147886,DH-13075,2021-03-28,US,West,United States,Corporate,Medium,1435.96,26,0.028571428571428574,0.2,7,3,1,3,6,1,0.0,8,3.0,0.26666666666666666,3893,555.0,0.14256410256410257
US-2021-147886,DH-13075,2021-03-28,US,West,United States,Corporate,Medium,1435.96,26,0.028571428571428574,0.2,7,3,1,3,6,1,0.0,9,4.0,0.3125,3894,556.0,0.1427839015637016
US-2021-147886,DH-13075,2021-03-28,US,West,United States,Corporate,Medium,1435.96,26,0.028571428571428574,0.2,7,3,1,3,6,1,0.0,10,5.0,0.35294117647058826,3895,557.0,0.14300358790363915
US-2021-147886,DH-13075,2021-03-28,US,West,United States,Corporate,Medium,1435.96,26,0.028571428571428574,0.2,7,3,1,3,6,1,0.0,11,6.0,0.3888888888888889,3896,558.0,0.14322316167050986
US-2021-166611,CK-12760,2021-03-28,US,South,United States,Corporate,Medium,68.74200000000002,9,0.7,0.7,1,1,0,3,6,1,135.0,7,0.0,0.07142857142857142,3897,559.0,0.14344262295081966
CA-2021-126550,RD-19720,2021-03-29,US,Central,United States,Consumer,Medium,81.4,5,0.0,0.0,1,1,0,3,0,0,9.0,8,0.0,0.06666666666666667,3898,559.0,0.14340588988476313
CA-2021-113474,TM-21490,2021-03-30,US,Central,United States,Consumer,Medium,325.86,2,0.0,0.0,1,1,0,3,1,0,9999.0,0,0.0,0.14285714285714285,3899,559.0,0.14336917562724014
CA-2021-126634,AB-10165,2021-03-30,US,West,United States,Consumer,Medium,94.2,5,0.0,0.0,1,1,0,3,1,0,644.0,4,0.0,0.09090909090909091,3900,559.0,0.14333248016380856
CA-2021-129910,ME-17320,2021-03-30,US,South,United States,Home Office,Medium,59.76,1,0.0,0.0,1,1,0,3,1,0,297.0,5,0.0,0.08333333333333333,3901,559.0,0.14329580348004095
US-2021-120147,TB-21400,2021-03-30,US,West,United States,Consumer,Medium,170.87200000000004,3,0.1,0.2,2,2,0,3,1,0,350.0,5,0.0,0.08333333333333333,3902,559.0,0.1432591455615247
US-2021-154851,BP-11155,2021-03-30,US,East,United States,Consumer,Medium,5.715000000000002,5,0.7,0.7,1,1,0,3,1,0,89.0,3,0.0,0.1,3903,559.0,0.1432225063938619
CA-2021-100524,CM-12115,2021-03-31,US,East,United States,Consumer,Medium,782.4000000000001,13,0.0,0.0,3,3,0,3,2,0,733.0,1,0.0,0.125,3904,559.0,0.1431858859626694
CA-2021-102771,DO-13435,2021-03-31,US,East,United States,Consumer,Medium,84.94999999999999,5,0.0,0.0,1,1,0,3,2,0,319.0,5,0.0,0.08333333333333333,3905,559.0,0.14314928425357873
CA-2021-114524,EG-13900,2021-03-31,US,Central,United States,Consumer,Medium,13.467999999999998,13,0.8,0.8,1,1,0,3,2,0,118.0,2,0.0,0.1111111111111111,3906,559.0,0.14311270125223613
CA-2021-133263,JE-15610,2021-03-31,US,South,United States,Corporate,Medium,3098.6099999999997,10,0.0,0.0,3,2,0,3,2,0,313.0,3,0.0,0.1,3907,559.0,0.1430761369443025
CA-2021-144680,SC-20260,2021-03-31,US,Central,United States,Corporate,Medium,33.61999999999999,5,0.8,0.8,1,1,0,3,2,0,578.0,6,0.0,0.07692307692307693,3908,559.0,0.14303959131545338
CA-2021-154907,DS-13180,2021-03-31,US,Central,United States,Corporate,Medium,205.33279999999996,2,0.32,0.32,1,1,0,3,2,0,107.0,8,2.0,0.2,3909,559.0,0.14300306435137897
US-2021-159205,DB-12910,2021-03-31,US,South,United States,Home Office,Medium,732.93,12,0.0,0.0,2,2,0,3,2,0,179.0,4,0.0,0.09090909090909091,3910,559.0,0.14296655603778402
US-2021-160143,HG-14965,2021-03-31,US,West,United States,Corporate,Medium,29.700000000000003,3,0.0,0.0,1,1,0,3,2,0,103.0,11,3.0,0.2222222222222222,3911,559.0,0.14293006636038796
CA-2021-118360,JC-15775,2021-04-01,US,East,United States,Consumer,Medium,42.92999999999999,9,0.0,0.0,1,1,0,4,3,0,7.0,5,0.0,0.08333333333333333,3912,559.0,0.14289359530492474
CA-2021-129028,GB-14530,2021-04-01,US,South,United States,Corporate,Medium,127.94999999999999,3,0.0,0.0,1,1,0,4,3,0,113.0,9,0.0,0.0625,3913,559.0,0.14285714285714285
CA-2021-134495,BF-11020,2021-04-01,US,South,United States,Corporate,Medium,269.40000000000003,12,0.2,0.2,4,3,0,4,3,0,242.0,4,0.0,0.09090909090909091,3914,559.0,0.1428207090028054
CA-2021-145877,AS-10090,2021-04-01,US,Central,United States,Consumer,Medium,122.6,11,0.0,0.0,2,1,0,4,3,0,202.0,6,0.0,0.07692307692307693,3915,559.0,0.14278429372768994
CA-2021-147942,MS-17365,2021-04-01,US,West,United States,Consumer,Medium,127.46,15,0.1,0.2,2,1,0,4,3,0,126.0,9,1.0,0.125,3916,559.0,0.14274789701758858
CA-2021-149881,NC-18535,2021-04-01,US,West,United States,Corporate,Medium,5282.647999999999,10,0.175,0.2,2,2,0,4,3,0,123.0,3,0.0,0.1,3917,559.0,0.14271151885830785
CA-2021-106355,AT-10435,2021-04-02,US,East,United States,Home Office,Medium,11.12,4,0.0,0.0,1,1,0,4,4,0,129.0,4,0.0,0.09090909090909091,3918,559.0,0.14267515923566879
CA-2021-121419,TC-21475,2021-04-02,US,South,United States,Home Office,Medium,771.8,6,0.0,0.0,2,2,0,4,4,0,108.0,6,0.0,0.07692307692307693,3919,559.0,0.14263881813550688
CA-2021-145275,AH-10465,2021-04-02,US,South,United States,Consumer,Medium,14.940000000000001,3,0.0,0.0,1,1,0,4,4,0,332.0,3,1.0,0.2,3920,559.0,0.14260249554367202
US-2021-123281,JF-15190,2021-04-02,US,West,United States,Consumer,Medium,25.11,3,0.0,0.0,1,1,0,4,4,0,85.0,4,0.0,0.09090909090909091,3921,559.0,0.1425661914460285
CA-2021-127264,SA-20830,2021-04-03,US,Central,United States,Consumer,Medium,7.055999999999999,3,0.2,0.2,1,1,0,4,5,1,15.0,6,0.0,0.07692307692307693,3922,559.0,0.14252990582845507
CA-2021-131156,KH-16360,2021-04-03,US,East,United States,Consumer,Medium,25.472,4,0.2,0.2,1,1,0,4,5,1,247.0,4,0.0,0.09090909090909091,3923,559.0,0.14249363867684478
CA-2021-109211,PS-19045,2021-04-04,US,East,United States,Home Office,Medium,16.98,1,0.0,0.0,1,1,0,4,6,1,73.0,5,1.0,0.16666666666666666,3924,559.0,0.14245738997710505
CA-2021-140536,TA-21385,2021-04-04,US,East,United States,Home Office,Medium,7.04,4,0.0,0.0,1,1,0,4,6,1,214.0,2,0.0,0.1111111111111111,3925,559.0,0.14242115971515767
CA-2021-144848,DS-13030,2021-04-04,US,East,United States,Home Office,Medium,400.61,4,0.0,0.0,3,2,0,4,6,1,73.0,2,0.0,0.1111111111111111,3926,559.0,0.14238494787693873
CA-2021-157903,AM-10705,2021-04-04,US,Central,United States,Consumer,Medium,383.84000000000003,4,0.2,0.2,1,1,0,4,6,1,198.0,5,0.0,0.08333333333333333,3927,559.0,0.1423487544483986
CA-2021-107265,ML-17755,2021-04-06,US,Central,United States,Home Office,Medium,106.32,3,0.0,0.0,1,1,0,4,1,0,245.0,1,0.0,0.125,3928,559.0,0.1423125794155019
CA-2021-161592,CS-12175,2021-04-06,US,South,United States,Corporate,Medium,8.100000000000001,5,0.7,0.7,1,1,0,4,1,0,192.0,3,0.0,0.1,3929,559.0,0.14227642276422764
CA-2021-165904,HR-14770,2021-04-07,US,South,United States,Home Office,Medium,235.44000000000003,4,0.2,0.2,2,2,0,4,2,0,83.0,3,0.0,0.1,3930,559.0,0.14224028448056897
US-2021-100930,CS-12400,2021-04-07,US,South,United States,Home Office,Medium,1735.8505000000002,13,0.4,0.7,5,3,0,4,2,0,153.0,4,0.0,0.09090909090909091,3931,559.0,0.14220416455053325
CA-2021-112333,KF-16285,2021-04-08,US,East,United States,Home Office,Medium,2633.5099999999998,9,0.0,0.0,2,1,0,4,3,0,26.0,3,0.0,0.1,3932,559.0,0.14216806296014217
CA-2021-150987,AH-10120,2021-04-08,US,West,United States,Home Office,Medium,440.30999999999995,9,0.0,0.0,2,1,0,4,3,0,111.0,9,7.0,0.5,3933,559.0,0.14213197969543148
CA-2021-157854,DM-13345,2021-04-08,US,South,United States,Corporate,Medium,2747.2500000000005,9,0.0,0.0,2,2,0,4,3,0,138.0,6,0.0,0.07692307692307693,3934,559.0,0.14209591474245115
US-2021-136721,NH-18610,2021-04-08,US,Central,United States,Corporate,Medium,580.8599999999999,5,0.0,0.0,2,1,0,4,3,0,48.0,5,0.0,0.08333333333333333,3935,559.0,0.14205986808726534
CA-2021-112900,KL-16645,2021-04-09,US,Central,United States,Consumer,Medium,478.24,8,0.0,0.0,1,1,0,4,4,0,101.0,9,0.0,0.0625,3936,559.0,0.1420238397159523
CA-2021-122154,SA-20830,2021-04-09,US,South,United States,Consumer,Medium,284.19,7,0.3666666666666667,0.7,3,1,0,4,4,0,6.0,7,0.0,0.07142857142857142,3937,559.0,0.14198782961460446
CA-2021-135279,BS-11800,2021-04-09,US,East,United States,Home Office,Medium,760.8000000000001,17,0.0,0.0,6,1,0,4,4,0,561.0,1,0.0,0.125,3938,559.0,0.14195183776932827
CA-2021-169404,NC-18625,2021-04-09,US,East,United States,Corporate,Medium,103.48,6,0.44999999999999996,0.7,2,1,0,4,4,0,178.0,3,0.0,0.1,3939,559.0,0.1419158641662443
CA-2021-115070,MG-18205,2021-04-10,US,South,United States,Corporate,Medium,16.739000000000004,8,0.44999999999999996,0.7,2,2,0,4,5,1,9999.0,0,0.0,0.14285714285714285,3940,559.0,0.1418799087914872
CA-2021-125115,RD-19930,2021-04-10,US,Central,United States,Consumer,Medium,106.10400000000001,5,0.2,0.2,2,2,0,4,5,1,625.0,2,0.0,0.1111111111111111,3941,559.0,0.14184397163120568
CA-2021-135069,BS-11755,2021-04-10,US,East,United States,Consumer,Medium,231.776,7,0.2,0.2,2,2,0,4,5,1,131.0,5,3.0,0.3333333333333333,3942,559.0,0.14180805267156243
CA-2021-150623,DB-13360,2021-04-10,US,East,United States,Home Office,Medium,386.14,6,0.0,0.0,2,2,0,4,5,1,349.0,4,0.0,0.09090909090909091,3943,559.0,0.14177215189873418
CA-2021-161984,SJ-20125,2021-04-10,US,East,United States,Home Office,Medium,14.77,3,0.0,0.0,2,1,0,4,5,1,18.0,6,0.0,0.07692307692307693,3944,559.0,0.14173626929891167
CA-2021-130904,HM-14980,2021-04-11,US,South,United States,Consumer,Medium,22.744,9,0.2,0.2,2,1,0,4,6,1,205.0,2,0.0,0.1111111111111111,3945,559.0,0.1417004048582996
CA-2021-166128,LW-17215,2021-04-11,US,West,United States,Consumer,Medium,241.81,12,0.0,0.0,2,2,0,4,6,1,155.0,4,0.0,0.09090909090909091,3946,559.0,0.14166455856311663
US-2021-100482,JL-15130,2021-04-11,US,East,United States,Consumer,Medium,43.888000000000005,4,0.2,0.2,2,2,0,4,6,1,352.0,3,0.0,0.1,3947,559.0,0.14162873039959534
US-2021-143028,SC-20050,2021-04-11,US,Central,United States,Home Office,Medium,11.363999999999997,3,0.8,0.8,1,1,0,4,6,1,138.0,5,0.0,0.08333333333333333,3948,559.0,0.1415929203539823
CA-2021-122735,BD-11320,2021-04-12,US,East,United States,Consumer,Medium,69.66,9,0.0,0.0,2,1,0,4,0,0,163.0,8,1.0,0.13333333333333333,3949,559.0,0.14155712841253792
CA-2021-135076,YS-21880,2021-04-13,US,West,United States,Corporate,Medium,436.70400000000006,6,0.2,0.2,1,1,0,4,1,0,492.0,3,0.0,0.1,3950,559.0,0.14152135456153653
CA-2021-141663,DP-13105,2021-04-13,US,East,United States,Corporate,Medium,7.92,5,0.2,0.2,1,1,0,4,1,0,128.0,4,0.0,0.09090909090909091,3951,559.0,0.1414855987872663
CA-2021-155460,RW-19630,2021-04-13,US,West,United States,Corporate,Medium,901.1999999999999,6,0.1,0.2,2,1,0,4,1,0,121.0,7,0.0,0.07142857142857142,3952,559.0,0.1414498610760293
CA-2021-127117,HM-14860,2021-04-14,US,East,United States,Corporate,Medium,74.45,5,0.0,0.0,1,1,0,4,2,0,199.0,5,0.0,0.08333333333333333,3953,559.0,0.1414141414141414
CA-2021-131233,CS-12355,2021-04-14,US,East,United States,Consumer,Medium,253.12800000000004,6,0.2,0.2,2,2,0,4,2,0,393.0,5,0.0,0.08333333333333333,3954,559.0,0.14137843978793235
CA-2021-144932,AB-10165,2021-04-14,US,East,United States,Consumer,Medium,118.32,9,0.20000000000000004,0.2,3,1,0,4,2,0,15.0,5,0.0,0.08333333333333333,3955,559.0,0.1413427561837456
CA-2021-159604,CL-12700,2021-04-14,US,Central,United States,Home Office,Medium,8.76,2,0.0,0.0,1,1,0,4,2,0,76.0,3,0.0,0.1,3956,559.0,0.14130709058793844
US-2021-126060,DW-13585,2021-04-14,US,South,United States,Corporate,Medium,198.27200000000002,8,0.2,0.2,1,1,0,4,2,0,71.0,5,0.0,0.08333333333333333,3957,559.0,0.14127144298688193
CA-2021-114412,AA-10480,2021-04-15,US,South,United States,Consumer,Medium,15.552000000000003,3,0.2,0.2,1,1,0,4,3,0,232.0,3,0.0,0.1,3958,559.0,0.14123581336696092
CA-2021-118857,AH-10075,2021-04-15,US,West,United States,Corporate,Medium,196.45,5,0.0,0.0,1,1,0,4,3,0,119.0,5,0.0,0.08333333333333333,3959,559.0,0.14120020171457387
CA-2021-126774,SH-20395,2021-04-15,US,South,United States,Consumer,Medium,4.89,1,0.0,0.0,1,1,0,4,3,0,39.0,5,0.0,0.08333333333333333,3960,559.0,0.1411646080161331
CA-2021-134635,NS-18640,2021-04-15,US,West,United States,Corporate,Medium,79.14,3,0.0,0.0,1,1,0,4,3,0,119.0,10,1.0,0.11764705882352941,3961,559.0,0.14112903225806453
CA-2021-161851,BP-11095,2021-04-15,US,South,United States,Corporate,Medium,15.570000000000004,3,0.7,0.7,1,1,0,4,3,0,54.0,8,0.0,0.06666666666666667,3962,559.0,0.14109347442680775
US-2021-141698,SD-20485,2021-04-15,US,Central,United States,Home Office,Medium,20.736000000000004,4,0.2,0.2,1,1,0,4,3,0,208.0,7,0.0,0.07142857142857142,3963,559.0,0.14105793450881612
CA-2021-108070,JE-15745,2021-04-16,US,West,United States,Consumer,Medium,308.753,5,0.075,0.15,2,2,0,4,4,0,136.0,10,2.0,0.17647058823529413,3964,559.0,0.14102241249055653
CA-2021-109946,PL-18925,2021-04-16,US,Central,United States,Home Office,Medium,16.520000000000003,5,0.2,0.2,1,1,0,4,4,0,397.0,2,0.0,0.1111111111111111,3965,559.0,0.14098690835850958
CA-2021-122707,EB-13750,2021-04-16,US,South,United States,Corporate,Medium,503.22,6,0.0,0.0,2,2,0,4,4,0,156.0,7,0.0,0.07142857142857142,3966,559.0,0.1409514220991694
CA-2021-136497,RF-19840,2021-04-16,US,East,United States,Consumer,Medium,13.710000000000003,5,0.7,0.7,1,1,0,4,4,0,125.0,6,0.0,0.07692307692307693,3967,559.0,0.14091595369904378
US-2021-138086,JO-15550,2021-04-16,US,West,United States,Home Office,Medium,40.74,3,0.0,0.0,1,1,0,4,4,0,524.0,3,0.0,0.1,3968,559.0,0.14088050314465408
US-2021-156356,ND-18370,2021-04-16,US,Central,United States,Consumer,Medium,61.486,6,0.6,0.8,3,1,0,4,4,0,28.0,6,0.0,0.07692307692307693,3969,559.0,0.14084507042253522
CA-2021-119389,BG-11740,2021-04-17,US,East,United States,Consumer,Medium,60.312,3,0.2,0.2,1,1,0,4,5,1,223.0,4,0.0,0.09090909090909091,3970,559.0,0.1408096555192356
CA-2021-128965,PS-18760,2021-04-17,US,West,United States,Consumer,Medium,562.702,32,0.03333333333333333,0.2,6,3,1,4,5,1,200.0,4,0.0,0.09090909090909091,3971,559.0,0.14077425842131724
CA-2021-128965,PS-18760,2021-04-17,US,West,United States,Consumer,Medium,562.702,32,0.03333333333333333,0.2,6,3,1,4,5,1,0.0,5,1.0,0.16666666666666666,3972,560.0,0.14099019854234732
CA-2021-128965,PS-18760,2021-04-17,US,West,United States,Consumer,Medium,562.702,32,0.03333333333333333,0.2,6,3,1,4,5,1,0.0,6,2.0,0.23076923076923078,3973,561.0,0.14120603015075378
CA-2021-128965,PS-18760,2021-04-17,US,West,United States,Consumer,Medium,562.702,32,0.03333333333333333,0.2,6,3,1,4,5,1,0.0,7,3.0,0.2857142857142857,3974,562.0,0.14142175332830947
CA-2021-128965,PS-18760,2021-04-17,US,West,United States,Consumer,Medium,562.702,32,0.03333333333333333,0.2,6,3,1,4,5,1,0.0,8,4.0,0.3333333333333333,3975,563.0,0.14163736815670516
CA-2021-128965,PS-18760,2021-04-17,US,West,United States,Consumer,Medium,562.702,32,0.03333333333333333,0.2,6,3,1,4,5,1,0.0,9,5.0,0.375,3976,564.0,0.1418528747175496
CA-2021-134845,SR-20425,2021-04-17,US,West,United States,Home Office,Medium,2613.3090000000007,22,0.6,0.7,5,2,0,4,5,1,1038.0,1,0.0,0.125,3977,565.0,0.14206827309236947
US-2021-129203,BM-11575,2021-04-17,US,Central,United States,Corporate,Medium,195.136,4,0.2,0.2,1,1,0,4,5,1,148.0,3,0.0,0.1,3978,565.0,0.14203262233375158
CA-2021-100615,SJ-20215,2021-04-20,US,Central,United States,Consumer,Medium,347.378,10,0.3666666666666667,0.6,3,2,0,4,1,0,202.0,3,1.0,0.2,3979,565.0,0.14199698946312092
CA-2021-119655,CV-12295,2021-04-20,US,Central,United States,Consumer,Medium,183.42000000000002,11,0.0,0.0,2,1,0,4,1,0,26.0,4,0.0,0.09090909090909091,3980,565.0,0.14196137446701781
CA-2021-151484,CV-12805,2021-04-20,US,East,United States,Corporate,Medium,478.416,9,0.2,0.2,4,2,0,4,1,0,61.0,8,5.0,0.4,3981,565.0,0.141925777331996
CA-2021-166849,SJ-20125,2021-04-20,US,Central,United States,Home Office,Medium,44.400000000000006,2,0.6,0.6,1,1,0,4,1,0,10.0,7,0.0,0.07142857142857142,3982,565.0,0.14189019804462272
US-2021-166324,BE-11455,2021-04-20,US,East,United States,Home Office,Medium,979.6260000000001,12,0.43333333333333335,0.7,3,2,0,4,1,0,227.0,5,0.0,0.08333333333333333,3983,565.0,0.1418546365914787
CA-2021-128853,JM-15250,2021-04-21,US,East,United States,Consumer,Medium,908.82,9,0.0,0.0,1,1,0,4,2,0,110.0,2,0.0,0.1111111111111111,3984,565.0,0.1418190929591581
CA-2021-140802,KN-16390,2021-04-21,US,Central,United States,Corporate,Medium,68.712,7,0.2,0.2,2,2,0,4,2,0,559.0,4,0.0,0.09090909090909091,3985,565.0,0.14178356713426854
CA-2021-166198,JW-15955,2021-04-21,US,West,United States,Consumer,Medium,174.14000000000001,4,0.0,0.0,2,2,0,4,2,0,115.0,2,0.0,0.1111111111111111,3986,565.0,0.141748059103431
US-2021-145863,RP-19390,2021-04-21,US,Central,United States,Consumer,Medium,5.627999999999998,6,0.8,0.8,2,1,0,4,2,0,245.0,17,8.0,0.375,3987,565.0,0.14171256885327993
US-2021-152366,SJ-20500,2021-04-21,US,Central,United States,Consumer,Medium,97.26399999999998,4,0.8,0.8,1,1,0,4,2,0,141.0,4,0.0,0.09090909090909091,3988,565.0,0.14167709637046308
CA-2021-135783,GM-14440,2021-04-22,US,West,United States,Consumer,Medium,18.28,2,0.0,0.0,1,1,0,4,3,0,27.0,4,0.0,0.09090909090909091,3989,565.0,0.14164164164164164
CA-2021-146192,BD-11725,2021-04-22,US,South,United States,Consumer,Medium,675.0600000000001,3,0.0,0.0,1,1,0,4,3,0,422.0,2,0.0,0.1111111111111111,3990,565.0,0.1416062046534901
CA-2021-169054,MO-17800,2021-04-22,US,East,United States,Home Office,Medium,254.35200000000003,3,0.2,0.2,1,1,0,4,3,0,236.0,3,0.0,0.1,3991,565.0,0.14157078539269635
CA-2021-101700,SO-20335,2021-04-23,US,West,United States,Consumer,Medium,30.352,5,0.2,0.2,2,2,1,4,4,0,99.0,3,0.0,0.1,3992,565.0,0.14153538384596148
CA-2021-101700,SO-20335,2021-04-23,US,West,United States,Consumer,Medium,30.352,5,0.2,0.2,2,2,1,4,4,0,0.0,4,1.0,0.18181818181818182,3993,566.0,0.14175
CA-2021-104010,TD-20995,2021-04-23,US,East,United States,Consumer,Medium,54.900000000000006,5,0.0,0.0,1,1,0,4,4,0,458.0,3,0.0,0.1,3994,567.0,0.1419645088727818
CA-2021-108553,SK-19990,2021-04-23,US,East,United States,Consumer,Medium,244.65,9,0.0,0.0,2,1,0,4,4,0,146.0,1,0.0,0.125,3995,567.0,0.14192903548225888
CA-2021-136651,JF-15355,2021-04-23,US,West,United States,Consumer,Medium,183.38,15,0.06666666666666667,0.2,3,2,1,4,4,0,78.0,3,0.0,0.1,3996,567.0,0.14189357981513864
CA-2021-136651,JF-15355,2021-04-23,US,West,United States,Consumer,Medium,183.38,15,0.06666666666666667,0.2,3,2,1,4,4,0,0.0,4,1.0,0.18181818181818182,3997,568.0,0.1421078921078921
CA-2021-136651,JF-15355,2021-04-23,US,West,United States,Consumer,Medium,183.38,15,0.06666666666666667,0.2,3,2,1,4,4,0,0.0,5,2.0,0.25,3998,569.0,0.14232209737827714
CA-2021-146360,SC-20305,2021-04-23,US,Central,United States,Consumer,Medium,155.34,6,0.0,0.0,1,1,0,4,4,0,120.0,3,0.0,0.1,3999,570.0,0.14253619570644033
CA-2021-157112,GG-14650,2021-04-23,US,East,United States,Corporate,Medium,17.104000000000003,6,0.44999999999999996,0.7,2,1,0,4,4,0,138.0,5,0.0,0.08333333333333333,4000,570.0,0.1425006239081607
US-2021-132031,PN-18775,2021-04-23,US,South,United States,Home Office,Medium,513.496,10,0.2,0.2,4,3,0,4,4,0,126.0,4,0.0,0.09090909090909091,4001,570.0,0.14246506986027943
CA-2021-116953,SV-20935,2021-04-24,US,West,United States,Consumer,Medium,552.0,10,0.2,0.2,1,1,0,4,5,1,185.0,3,0.0,0.1,4002,570.0,0.1424295335495136
CA-2021-125269,AF-10870,2021-04-24,US,Central,United States,Consumer,Medium,83.214,6,0.5,0.8,2,1,0,4,5,1,337.0,4,0.0,0.09090909090909091,4003,570.0,0.14239401496259352
CA-2021-149489,DK-12835,2021-04-24,US,East,United States,Corporate,Medium,107.986,6,0.5333333333333333,0.7,3,1,0,4,5,1,136.0,7,0.0,0.07142857142857142,4004,570.0,0.14235851408626277
CA-2021-166933,MG-17890,2021-04-24,US,West,United States,Home Office,Medium,1.81,1,0.0,0.0,1,1,0,4,5,1,48.0,5,0.0,0.08333333333333333,4005,570.0,0.14232303090727816
CA-2021-168102,CP-12340,2021-04-24,US,South,United States,Corporate,Medium,113.56800000000001,2,0.2,0.2,1,1,0,4,5,1,192.0,6,0.0,0.07692307692307693,4006,570.0,0.14228756541240967
US-2021-128832,LS-16945,2021-04-24,US,East,United States,Corporate,Medium,69.98,2,0.0,0.0,1,1,0,4,5,1,102.0,8,5.0,0.4,4007,570.0,0.14225211758844045
CA-2021-120222,LL-16840,2021-04-25,US,West,United States,Consumer,Medium,92.39399999999999,6,0.1,0.2,2,1,0,4,6,1,67.0,5,0.0,0.08333333333333333,4008,570.0,0.14221668742216687
CA-2021-125381,SG-20605,2021-04-25,US,West,United States,Consumer,Medium,107.97,3,0.0,0.0,1,1,0,4,6,1,506.0,4,0.0,0.09090909090909091,4009,570.0,0.14218127490039842
CA-2021-129707,LH-16750,2021-04-25,US,West,United States,Consumer,Medium,8.895999999999999,4,0.2,0.2,1,1,1,4,6,1,947.0,1,0.0,0.125,4010,570.0,0.14214588000995768
CA-2021-132213,PN-18775,2021-04-25,US,South,United States,Home Office,Medium,109.96799999999999,14,0.2,0.2,2,1,0,4,6,1,2.0,5,0.0,0.08333333333333333,4011,571.0,0.14235938277750124
CA-2021-151071,MB-18085,2021-04-25,US,West,United States,Consumer,Medium,13.904,2,0.2,0.2,1,1,0,4,6,1,233.0,4,0.0,0.09090909090909091,4012,571.0,0.1423239611843742
CA-2021-159226,RL-19615,2021-04-25,US,West,United States,Consumer,Medium,344.98099999999994,7,0.15,0.15,1,1,0,4,6,1,235.0,4,0.0,0.09090909090909091,4013,571.0,0.14228855721393036
CA-2021-143665,PO-19180,2021-04-26,US,West,United States,Home Office,Medium,59.620000000000005,11,0.0,0.0,2,1,0,4,0,0,40.0,9,4.0,0.3125,4014,571.0,0.14225317085302164
CA-2021-160045,LB-16735,2021-04-26,US,Central,United States,Consumer,Medium,1.988,1,0.6,0.6,1,1,0,4,0,0,275.0,1,0.0,0.125,4015,571.0,0.14221780208851317
CA-2021-135692,CV-12805,2021-04-27,US,Central,United States,Corporate,Medium,253.38559999999998,8,0.26,0.32,2,2,1,4,1,0,7.0,9,5.0,0.375,4016,571.0,0.14218245090728313
CA-2021-135692,CV-12805,2021-04-27,US,Central,United States,Corporate,Medium,253.38559999999998,8,0.26,0.32,2,2,1,4,1,0,0.0,10,6.0,0.4117647058823529,4017,572.0,0.14239562624254473
CA-2021-151281,HM-14980,2021-04-27,US,West,United States,Consumer,Medium,139.58,7,0.0,0.0,1,1,0,4,1,0,16.0,3,0.0,0.1,4018,573.0,0.1426086956521739
CA-2021-168228,AP-10915,2021-04-27,US,West,United States,Consumer,Medium,183.61,9,0.0,0.0,3,1,0,4,1,0,138.0,8,2.0,0.2,4019,573.0,0.1425732737208147
CA-2021-120894,JL-15130,2021-04-28,US,South,United States,Consumer,Medium,28.08,3,0.2,0.2,1,1,0,4,2,0,17.0,4,0.0,0.09090909090909091,4020,573.0,0.1425378693816737
CA-2021-137631,JL-15235,2021-04-28,US,South,United States,Consumer,Medium,751.984,2,0.2,0.2,1,1,0,4,2,0,327.0,3,0.0,0.1,4021,573.0,0.14250248262164847
CA-2021-160962,MC-17605,2021-04-28,US,East,United States,Corporate,Medium,15.232000000000001,3,0.2,0.2,2,1,0,4,2,0,95.0,5,1.0,0.16666666666666666,4022,573.0,0.14246711342764953
CA-2021-126718,KT-16480,2021-04-29,US,East,United States,Consumer,Medium,4.91,1,0.0,0.0,1,1,0,4,3,0,231.0,5,0.0,0.08333333333333333,4023,573.0,0.1424317617866005
US-2021-164056,FM-14215,2021-04-29,US,East,United States,Corporate,Medium,1048.35,5,0.4,0.4,1,1,0,4,3,0,35.0,8,0.0,0.06666666666666667,4024,573.0,0.14239642768543787
CA-2021-108322,SS-20140,2021-04-30,US,South,United States,Corporate,Medium,26.056000000000004,11,0.2,0.2,2,2,0,4,4,0,126.0,3,0.0,0.1,4025,573.0,0.1423611111111111
CA-2021-124597,AS-10630,2021-04-30,US,South,United States,Home Office,Medium,32.088,8,0.20000000000000004,0.2,3,1,0,4,4,0,44.0,5,0.0,0.08333333333333333,4026,573.0,0.1423258120505827
CA-2021-137876,DJ-13510,2021-04-30,US,West,United States,Corporate,Medium,95.52,6,0.0,0.0,2,2,0,4,4,0,78.0,3,0.0,0.1,4027,573.0,0.14229053049082796
CA-2021-144526,QJ-19255,2021-04-30,US,East,United States,Corporate,Medium,691.4759999999999,8,0.55,0.7,2,2,0,4,4,0,143.0,7,0.0,0.07142857142857142,4028,573.0,0.14225526641883518
CA-2021-150609,NZ-18565,2021-04-30,US,West,United States,Home Office,Medium,23.24,5,0.2,0.2,1,1,1,4,4,0,161.0,9,4.0,0.3125,4029,573.0,0.14222001982160554
CA-2021-151911,DL-13495,2021-04-30,US,East,United States,Corporate,Medium,62.96,4,0.0,0.0,1,1,0,4,4,0,205.0,4,0.0,0.09090909090909091,4030,574.0,0.14243249938072827
CA-2021-154501,EA-14035,2021-04-30,US,West,United States,Corporate,Medium,9.78,2,0.0,0.0,1,1,0,4,4,0,294.0,15,5.0,0.2727272727272727,4031,574.0,0.14239722634967805
US-2021-107636,NM-18520,2021-04-30,US,East,United States,Consumer,Medium,5.76,2,0.0,0.0,1,1,0,4,4,0,128.0,10,3.0,0.23529411764705882,4032,574.0,0.14236197078484775
US-2021-108315,MH-18115,2021-04-30,US,South,United States,Home Office,Medium,225.54600000000002,9,0.44999999999999996,0.7,2,2,0,4,4,0,51.0,3,0.0,0.1,4033,574.0,0.14232673267326731
US-2021-136784,AD-10180,2021-04-30,US,West,United States,Home Office,Medium,163.96,4,0.0,0.0,1,1,0,4,4,0,98.0,5,0.0,0.08333333333333333,4034,574.0,0.1422915120019797
US-2021-144582,TC-21475,2021-04-30,US,Central,United States,Home Office,Medium,43.37199999999999,7,0.8,0.8,1,1,0,4,4,0,28.0,7,0.0,0.07142857142857142,4035,574.0,0.14225630875804057
US-2021-150847,JF-15490,2021-04-30,US,East,United States,Consumer,Medium,10.368000000000002,2,0.2,0.2,1,1,0,4,4,0,100.0,8,0.0,0.06666666666666667,4036,574.0,0.14222112292851843
CA-2021-102204,CJ-12010,2021-05-01,US,South,United States,Consumer,Medium,3740.51,11,0.2833333333333334,0.45,3,2,0,5,5,1,35.0,6,0.0,0.07692307692307693,4037,574.0,0.14218595450049457
CA-2021-110198,AG-10900,2021-05-01,US,South,United States,Consumer,Medium,318.96,5,0.2,0.2,2,2,0,5,5,1,144.0,9,3.0,0.25,4038,574.0,0.14215080346106304
CA-2021-110212,SJ-20125,2021-05-01,US,South,United States,Home Office,Medium,48.9,5,0.0,0.0,1,1,0,5,5,1,11.0,8,0.0,0.06666666666666667,4039,574.0,0.1421156697973307
CA-2021-123134,DW-13585,2021-05-02,US,East,United States,Corporate,Medium,129.93,3,0.0,0.0,1,1,0,5,6,1,18.0,6,0.0,0.07692307692307693,4040,574.0,0.1420805534964171
CA-2021-147844,DD-13570,2021-05-02,US,West,United States,Consumer,Medium,109.61999999999999,13,0.0,0.0,3,1,0,5,6,1,253.0,3,0.0,0.1,4041,574.0,0.14204545454545456
US-2021-128398,EM-13825,2021-05-02,US,West,United States,Corporate,Medium,159.56,4,0.0,0.0,1,1,0,5,6,1,239.0,5,0.0,0.08333333333333333,4042,574.0,0.14201037293158805
CA-2021-132178,DB-12970,2021-05-03,US,West,United States,Corporate,Medium,832.96,10,0.0,0.0,2,1,0,5,0,0,129.0,7,4.0,0.35714285714285715,4043,574.0,0.1419753086419753
CA-2021-132199,BO-11350,2021-05-03,US,East,United States,Corporate,Medium,504.5059999999999,18,0.44000000000000006,0.7,5,2,0,5,0,0,90.0,3,0.0,0.1,4044,574.0,0.14194026166378673
CA-2021-163209,MK-18160,2021-05-03,US,West,United States,Consumer,Medium,48.879999999999995,11,0.0,0.0,2,1,0,5,0,0,152.0,5,5.0,0.5,4045,574.0,0.14190523198420532
CA-2021-119914,CC-12220,2021-05-04,US,West,United States,Consumer,Medium,243.16,2,0.0,0.0,1,1,0,5,1,0,215.0,8,0.0,0.06666666666666667,4046,574.0,0.14187021959042684
CA-2021-128755,MK-18160,2021-05-04,US,South,United States,Consumer,Medium,629.86,11,0.0,0.0,4,1,0,5,1,0,1.0,6,5.0,0.46153846153846156,4047,574.0,0.1418352244696596
CA-2021-133067,MY-18295,2021-05-04,US,East,United States,Corporate,Medium,11.598,5,0.7,0.7,2,1,0,5,1,0,153.0,8,0.0,0.06666666666666667,4048,574.0,0.14180024660912455
CA-2021-162978,LW-16990,2021-05-04,US,West,United States,Corporate,Medium,502.474,9,0.13333333333333333,0.2,3,3,0,5,1,0,56.0,2,0.0,0.1111111111111111,4049,574.0,0.14176528599605523
CA-2021-168900,SH-20395,2021-05-04,US,East,United States,Consumer,Medium,2.313,1,0.7,0.7,1,1,0,5,1,0,19.0,6,0.0,0.07692307692307693,4050,574.0,0.14173034261769782
CA-2021-105991,LH-17020,2021-05-05,US,West,United States,Consumer,Medium,120.78300000000002,20,0.5333333333333333,0.7,3,2,0,5,2,0,182.0,3,0.0,0.1,4051,574.0,0.14169541646131098
CA-2021-107552,AI-10855,2021-05-05,US,East,United States,Consumer,Medium,6.68,1,0.0,0.0,1,1,0,5,2,0,176.0,6,0.0,0.07692307692307693,4052,574.0,0.14166050751416606
CA-2021-160724,YS-21880,2021-05-05,US,South,United States,Corporate,Medium,34.5,3,0.0,0.0,1,1,0,5,2,0,22.0,4,0.0,0.09090909090909091,4053,574.0,0.1416256157635468
US-2021-141943,DK-12985,2021-05-05,US,West,United States,Consumer,Medium,23.16,2,0.0,0.0,1,1,0,5,2,0,515.0,3,0.0,0.1,4054,574.0,0.14159074119674958
CA-2021-133487,TS-21655,2021-05-06,US,West,United States,Consumer,Medium,152.94,3,0.0,0.0,1,1,0,5,3,0,124.0,4,0.0,0.09090909090909091,4055,574.0,0.14155588380108322
CA-2021-140242,ML-17755,2021-05-06,US,Central,United States,Home Office,Medium,415.152,10,0.2,0.2,2,2,0,5,3,0,30.0,2,0.0,0.1111111111111111,4056,574.0,0.14152104356386908
CA-2021-144498,MB-18085,2021-05-06,US,South,United States,Consumer,Medium,817.8290000000002,20,0.3666666666666667,0.7,3,2,0,5,3,0,11.0,5,0.0,0.08333333333333333,4057,574.0,0.14148622047244094
CA-2021-145779,DB-13615,2021-05-06,US,West,United States,Consumer,Medium,84.416,4,0.2,0.2,1,1,0,5,3,0,149.0,4,0.0,0.09090909090909091,4058,574.0,0.14145141451414514
CA-2021-156769,GZ-14470,2021-05-06,US,South,United States,Consumer,Medium,54.66,6,0.0,0.0,1,1,0,5,3,0,156.0,6,0.0,0.07692307692307693,4059,574.0,0.1414166256763404
CA-2021-167668,TC-21295,2021-05-06,US,East,United States,Consumer,Medium,59.2,4,0.0,0.0,1,1,0,5,3,0,331.0,3,1.0,0.2,4060,574.0,0.14138185394639782
US-2021-133200,DB-13555,2021-05-06,US,Central,United States,Corporate,Medium,1407.2048,22,0.44,0.8,3,2,0,5,3,0,65.0,4,0.0,0.09090909090909091,4061,574.0,0.14134709931170109
US-2021-162124,JF-15490,2021-05-06,US,Central,United States,Consumer,Medium,191.96800000000002,4,0.2,0.2,1,1,0,5,3,0,6.0,9,0.0,0.0625,4062,574.0,0.1413123617596461
CA-2021-102820,CS-11950,2021-05-07,US,West,United States,Consumer,Medium,419.94399999999996,7,0.2,0.2,1,1,0,5,4,0,198.0,11,6.0,0.3888888888888889,4063,574.0,0.14127764127764128
CA-2021-141733,RW-19540,2021-05-07,US,Central,United States,Corporate,Medium,2049.534,10,0.025,0.1,4,2,0,5,4,0,589.0,3,0.0,0.1,4064,574.0,0.14124293785310735
CA-2021-159688,AB-10060,2021-05-07,US,West,United States,Home Office,Medium,79.99,1,0.0,0.0,1,1,0,5,4,0,248.0,4,0.0,0.09090909090909091,4065,574.0,0.1412082514734774
CA-2021-107797,EB-13705,2021-05-08,US,Central,United States,Corporate,Medium,41.47200000000001,8,0.2,0.2,1,1,0,5,5,1,328.0,6,0.0,0.07692307692307693,4066,574.0,0.1411735821261969
CA-2021-133865,PS-19045,2021-05-08,US,West,United States,Home Office,Medium,3359.952,6,0.2,0.2,1,1,0,5,5,1,34.0,6,1.0,0.15384615384615385,4067,574.0,0.1411389297987236
CA-2021-149181,MD-17350,2021-05-08,US,East,United States,Consumer,Medium,47.992,2,0.3,0.3,1,1,0,5,5,1,59.0,5,0.0,0.08333333333333333,4068,574.0,0.1411042944785276
CA-2021-156895,DJ-13510,2021-05-08,US,East,United States,Corporate,Medium,128.058,3,0.3,0.3,1,1,0,5,5,1,8.0,4,0.0,0.09090909090909091,4069,574.0,0.14106967615309127
US-2021-104451,MM-18055,2021-05-08,US,West,United States,Consumer,Medium,81.08,4,0.0,0.0,1,1,0,5,5,1,535.0,4,0.0,0.09090909090909091,4070,574.0,0.14103507480990923
CA-2021-118199,LB-16795,2021-05-09,US,West,United States,Home Office,Medium,805.99,15,0.04,0.2,5,3,0,5,6,1,159.0,9,4.0,0.3125,4071,574.0,0.14100049043648846
CA-2021-134810,MC-17605,2021-05-09,US,South,United States,Corporate,Medium,272.23199999999997,6,0.2,0.2,2,2,0,5,6,1,11.0,6,1.0,0.15384615384615385,4072,574.0,0.14096592302034813
CA-2021-115322,ZC-21910,2021-05-11,US,East,United States,Consumer,Medium,43.92,3,0.0,0.0,1,1,0,5,1,0,398.0,12,4.0,0.2631578947368421,4073,574.0,0.1409313725490196
CA-2021-133823,LP-17080,2021-05-11,US,West,United States,Consumer,Medium,101.062,11,0.06666666666666667,0.2,3,1,0,5,1,0,181.0,2,0.0,0.1111111111111111,4074,574.0,0.14089683901004657
CA-2021-140298,JK-16120,2021-05-11,US,Central,United States,Home Office,Medium,94.508,7,0.3,0.6,4,2,0,5,1,0,83.0,8,0.0,0.06666666666666667,4075,574.0,0.1408623223909848
US-2021-139647,TS-21370,2021-05-11,US,West,United States,Corporate,Medium,209.979,7,0.7,0.7,1,1,0,5,1,0,622.0,3,0.0,0.1,4076,574.0,0.1408278226794024
CA-2021-104577,CK-12205,2021-05-12,US,East,United States,Consumer,Medium,87.6,5,0.0,0.0,1,1,0,5,2,0,172.0,9,0.0,0.0625,4077,574.0,0.14079333986287954
CA-2021-117632,CS-12175,2021-05-12,US,West,United States,Corporate,Medium,551.038,12,0.1,0.2,4,2,0,5,2,0,36.0,4,0.0,0.09090909090909091,4078,574.0,0.14075887392900857
CA-2021-122175,CA-12775,2021-05-12,US,East,United States,Consumer,Medium,153.41,14,0.0,0.0,4,3,0,5,2,0,152.0,5,0.0,0.08333333333333333,4079,574.0,0.14072442486539402
CA-2021-152226,JH-15910,2021-05-12,US,East,United States,Consumer,Medium,5.904,2,0.2,0.2,1,1,0,5,2,0,196.0,4,1.0,0.18181818181818182,4080,574.0,0.14068999265965257
US-2021-106796,JP-16135,2021-05-12,US,East,United States,Home Office,Medium,10.272000000000002,3,0.2,0.2,1,1,0,5,2,0,81.0,8,2.0,0.2,4081,574.0,0.14065557729941291
US-2021-158218,AC-10420,2021-05-12,US,Central,United States,Corporate,Medium,162.16,9,0.5,0.8,2,1,0,5,2,0,444.0,2,0.0,0.1111111111111111,4082,574.0,0.14062117877231597
CA-2021-100748,RB-19795,2021-05-13,US,West,United States,Home Office,Medium,58.48,8,0.0,0.0,1,1,0,5,3,0,140.0,5,0.0,0.08333333333333333,4083,574.0,0.14058679706601468
CA-2021-104318,FH-14275,2021-05-13,US,South,United States,Corporate,Medium,20.768,2,0.2,0.2,1,1,0,5,3,0,61.0,5,0.0,0.08333333333333333,4084,574.0,0.14055243216817404
CA-2021-137785,MH-18115,2021-05-13,US,East,United States,Home Office,Medium,458.42999999999995,5,0.3,0.3,1,1,0,5,3,0,13.0,4,0.0,0.09090909090909091,4085,574.0,0.14051808406647115
CA-2021-149048,BM-11650,2021-05-13,US,Central,United States,Corporate,Medium,2229.1800000000003,13,0.0,0.0,5,2,0,5,3,0,50.0,7,0.0,0.07142857142857142,4086,574.0,0.14048375274859518
CA-2021-161655,CW-11905,2021-05-13,US,East,United States,Home Office,Medium,299.52,9,0.0,0.0,1,1,0,5,3,0,190.0,5,2.0,0.25,4087,574.0,0.1404494382022472
CA-2021-115546,AH-10465,2021-05-14,US,East,United States,Consumer,Medium,562.5500000000001,5,0.0,0.0,2,2,0,5,4,0,42.0,4,1.0,0.18181818181818182,4088,574.0,0.14041514041514042
CA-2021-129357,KB-16585,2021-05-14,US,West,United States,Corporate,Medium,504.5899999999999,14,0.0,0.0,2,1,0,5,4,0,63.0,15,7.0,0.36363636363636365,4089,574.0,0.140380859375
CA-2021-133641,EJ-14155,2021-05-14,US,South,United States,Consumer,Medium,48.69,9,0.0,0.0,1,1,0,5,4,0,164.0,2,0.0,0.1111111111111111,4090,574.0,0.1403465950695631
CA-2021-143686,PJ-19015,2021-05-14,US,West,United States,Consumer,Medium,1418.21,9,0.0,0.0,2,2,0,5,4,0,248.0,4,0.0,0.09090909090909091,4091,574.0,0.1403123474865788
CA-2021-161774,GT-14710,2021-05-14,US,Central,United States,Consumer,Medium,1078.4379999999999,16,0.22000000000000003,0.3,5,3,0,5,4,0,159.0,7,0.0,0.07142857142857142,4092,574.0,0.14027811661380823
US-2021-133361,AJ-10780,2021-05-14,US,East,United States,Corporate,Medium,481.59,22,0.0,0.0,6,3,0,5,4,0,167.0,5,1.0,0.16666666666666666,4093,574.0,0.1402439024390244
US-2021-154872,DP-13000,2021-05-14,US,East,United States,Consumer,Medium,87.99400000000001,8,0.3666666666666667,0.7,3,1,0,5,4,0,71.0,7,0.0,0.07142857142857142,4094,574.0,0.1402097049500122
CA-2021-102414,JA-15970,2021-05-15,US,West,United States,Consumer,Medium,49.89600000000001,6,0.3666666666666667,0.7,3,2,0,5,5,1,74.0,4,0.0,0.09090909090909091,4095,574.0,0.1401755241345685
US-2021-110604,JF-15295,2021-05-15,US,West,United States,Consumer,Medium,303.544,5,0.13333333333333333,0.2,3,1,0,5,5,1,197.0,3,0.0,0.1,4096,574.0,0.14014135998050206
US-2021-152569,JD-16015,2021-05-15,US,Central,United States,Consumer,Medium,67.824,4,0.2,0.2,2,2,0,5,5,1,883.0,5,3.0,0.3333333333333333,4097,574.0,0.14010721247563354
CA-2021-166576,JM-15865,2021-05-16,US,East,United States,Consumer,Medium,221.024,2,0.2,0.2,1,1,0,5,6,1,166.0,8,4.0,0.3333333333333333,4098,574.0,0.14007308160779536
CA-2021-112536,SG-20890,2021-05-18,US,Central,United States,Corporate,Medium,17.798,10,0.6,0.8,3,1,0,5,1,0,290.0,2,0.0,0.1111111111111111,4099,574.0,0.14003896736483196
CA-2021-112865,BH-11710,2021-05-18,US,East,United States,Consumer,Medium,36.048,3,0.2,0.2,1,1,1,5,1,0,124.0,12,8.0,0.47368421052631576,4100,574.0,0.14000486973459947
CA-2021-117401,PP-18955,2021-05-18,US,Central,United States,Home Office,Medium,865.0,19,0.0,0.0,3,2,0,5,1,0,189.0,8,0.0,0.06666666666666667,4101,575.0,0.14021421616358326
CA-2021-117863,TS-21340,2021-05-18,US,East,United States,Consumer,Medium,17.608,3,0.1,0.2,2,2,0,5,1,0,541.0,4,0.0,0.09090909090909091,4102,575.0,0.14018009247992214
CA-2021-121643,AB-10105,2021-05-18,US,West,United States,Consumer,Medium,344.704,2,0.2,0.2,1,1,0,5,1,0,152.0,5,0.0,0.08333333333333333,4103,575.0,0.14014598540145987
CA-2021-155642,BM-11575,2021-05-18,US,Central,United States,Corporate,Medium,24.5,4,0.6,0.6,2,1,0,5,1,0,31.0,4,0.0,0.09090909090909091,4104,575.0,0.1401118949160788
CA-2021-159464,TB-21355,2021-05-18,US,South,United States,Corporate,Medium,524.85,18,0.0,0.0,5,3,0,5,1,0,177.0,3,0.0,0.1,4105,575.0,0.14007782101167315
CA-2021-113530,BC-11125,2021-05-19,US,West,United States,Home Office,Medium,726.8280000000001,16,0.05,0.2,4,3,0,5,2,0,245.0,7,0.0,0.07142857142857142,4106,575.0,0.1400437636761488
CA-2021-122077,JF-15295,2021-05-19,US,Central,United States,Consumer,Medium,109.208,5,0.2,0.2,2,2,0,5,2,0,4.0,4,0.0,0.09090909090909091,4107,575.0,0.14000972289742344
CA-2021-127803,ND-18460,2021-05-19,US,South,United States,Corporate,Medium,26.16,4,0.0,0.0,1,1,0,5,2,0,676.0,3,0.0,0.1,4108,575.0,0.1399756986634265
CA-2021-138975,SC-20380,2021-05-19,US,South,United States,Consumer,Medium,2361.52,23,0.0,0.0,4,3,0,5,2,0,67.0,6,0.0,0.07692307692307693,4109,575.0,0.13994169096209913
CA-2021-145702,AH-10075,2021-05-19,US,South,United States,Corporate,Medium,342.23999999999995,10,0.2,0.2,2,2,0,5,2,0,34.0,6,0.0,0.07692307692307693,4110,575.0,0.13990769978139422
CA-2021-153787,AT-10735,2021-05-19,US,West,United States,Consumer,Medium,97.16,2,0.0,0.0,1,1,0,5,2,0,252.0,6,0.0,0.07692307692307693,4111,575.0,0.13987372510927634
US-2021-100048,RS-19765,2021-05-19,US,East,United States,Corporate,Medium,889.29,11,0.0,0.0,3,2,0,5,2,0,78.0,4,0.0,0.09090909090909091,4112,575.0,0.13983976693372177
US-2021-108700,PJ-18835,2021-05-19,US,Central,United States,Corporate,Medium,38.016000000000005,6,0.2,0.2,1,1,0,5,2,0,197.0,5,0.0,0.08333333333333333,4113,575.0,0.13980582524271845
US-2021-120607,JC-15775,2021-05-19,US,South,United States,Consumer,Medium,195.64,4,0.0,0.0,1,1,0,5,2,0,48.0,6,0.0,0.07692307692307693,4114,575.0,0.13977190002426595
US-2021-147998,SA-20830,2021-05-19,US,West,United States,Consumer,Medium,133.12,5,0.2,0.2,1,1,1,5,2,0,40.0,8,0.0,0.06666666666666667,4115,575.0,0.13973799126637554
CA-2021-111332,NC-18340,2021-05-20,US,Central,United States,Consumer,Medium,891.53,24,0.0,0.0,5,1,0,5,3,0,177.0,4,0.0,0.09090909090909091,4116,576.0,0.13994664079553723
CA-2021-149468,AR-10405,2021-05-20,US,Central,United States,Corporate,Medium,41.28,2,0.0,0.0,1,1,0,5,3,0,659.0,2,0.0,0.1111111111111111,4117,576.0,0.13991270611057227
CA-2021-166695,CC-12430,2021-05-20,US,West,United States,Home Office,Medium,868.4520000000001,10,0.13333333333333333,0.2,3,2,0,5,3,0,188.0,8,4.0,0.3333333333333333,4118,576.0,0.13987878787878788
US-2021-166688,RD-19480,2021-05-20,US,West,United States,Consumer,Medium,1196.3160000000003,16,0.13333333333333333,0.2,3,2,0,5,3,0,170.0,5,0.0,0.08333333333333333,4119,576.0,0.13984488608822104
CA-2021-167899,JG-15805,2021-05-21,US,East,United States,Corporate,Medium,538.0200000000001,8,0.0,0.0,2,2,0,5,4,0,329.0,5,1.0,0.16666666666666666,4120,576.0,0.1398110007269203
CA-2021-130106,VF-21715,2021-05-22,US,West,United States,Home Office,Medium,12.62,4,0.0,0.0,2,1,0,5,5,1,1032.0,2,0.0,0.1111111111111111,4121,576.0,0.13977713178294573
CA-2021-153080,EH-13945,2021-05-22,US,West,United States,Consumer,Medium,68.46,7,0.0,0.0,1,1,0,5,5,1,177.0,6,1.0,0.15384615384615385,4122,576.0,0.1397432792443691
US-2021-150595,LE-16810,2021-05-22,US,Central,United States,Consumer,Medium,205.922,7,0.43333333333333335,0.8,3,2,0,5,5,1,368.0,4,0.0,0.09090909090909091,4123,576.0,0.1397094430992736
US-2021-151127,RL-19615,2021-05-22,US,West,United States,Consumer,Medium,49.56,7,0.0,0.0,1,1,1,5,5,1,27.0,5,0.0,0.08333333333333333,4124,576.0,0.13967562333575406
CA-2021-164042,KL-16645,2021-05-23,US,Central,United States,Consumer,Medium,70.148,11,0.5,0.8,4,1,0,5,6,1,44.0,10,0.0,0.058823529411764705,4125,577.0,0.1398838334946757
CA-2021-167003,VS-21820,2021-05-23,US,West,United States,Consumer,Medium,171.288,3,0.2,0.2,1,1,1,5,6,1,501.0,3,0.0,0.1,4126,577.0,0.13984998790225017
CA-2021-112473,JL-15505,2021-05-25,US,Central,United States,Consumer,Medium,50.135999999999996,3,0.2,0.2,1,1,0,5,1,0,412.0,3,0.0,0.1,4127,578.0,0.14005805515239478
CA-2021-120168,TB-21625,2021-05-25,US,East,United States,Consumer,Medium,806.05,17,0.05,0.2,4,3,0,5,1,0,256.0,6,0.0,0.07692307692307693,4128,578.0,0.1400241837968561
CA-2021-161088,MH-18115,2021-05-25,US,South,United States,Home Office,Medium,29.84,2,0.0,0.0,1,1,0,5,1,0,12.0,5,0.0,0.08333333333333333,4129,578.0,0.13999032882011606
CA-2021-107853,CD-11920,2021-05-26,US,West,United States,Consumer,Medium,12.96,2,0.0,0.0,1,1,0,5,2,0,148.0,3,1.0,0.2,4130,578.0,0.13995649021029732
CA-2021-123687,KC-16675,2021-05-26,US,South,United States,Corporate,Medium,234.2,5,0.0,0.0,2,1,0,5,2,0,363.0,2,0.0,0.1111111111111111,4131,578.0,0.13992266795553407
CA-2021-152968,BM-11785,2021-05-26,US,South,United States,Consumer,Medium,23.08,2,0.0,0.0,1,1,0,5,2,0,147.0,9,0.0,0.0625,4132,578.0,0.13988886204397197
CA-2021-134152,RP-19855,2021-05-27,US,West,United States,Corporate,Medium,129.6,9,0.0,0.0,2,2,0,5,3,0,265.0,6,0.0,0.07692307692307693,4133,578.0,0.1398550724637681
CA-2021-136882,DN-13690,2021-05-27,US,Central,United States,Consumer,Medium,477.29999999999995,5,0.0,0.0,1,1,0,5,3,0,156.0,8,3.0,0.26666666666666666,4134,578.0,0.13982129920309105
CA-2021-151855,BW-11110,2021-05-27,US,South,United States,Corporate,Medium,39.251999999999995,8,0.44999999999999996,0.7,2,2,0,5,3,0,140.0,6,0.0,0.07692307692307693,4135,578.0,0.13978754225012072
CA-2021-160458,EH-13945,2021-05-27,US,South,United States,Consumer,Medium,25.920000000000005,5,0.2,0.2,1,1,0,5,3,0,5.0,7,1.0,0.14285714285714285,4136,578.0,0.1397538015930485
US-2021-116897,JG-15160,2021-05-27,US,West,United States,Consumer,Medium,814.5260000000001,12,0.06666666666666667,0.2,3,3,0,5,3,0,173.0,8,0.0,0.06666666666666667,4137,578.0,0.13972007722007723
US-2021-132297,DW-13480,2021-05-27,US,South,United States,Home Office,Medium,598.3100000000001,5,0.0,0.0,2,2,0,5,3,0,196.0,4,0.0,0.09090909090909091,4138,578.0,0.13968636911942098
CA-2021-100055,MD-17860,2021-05-28,US,East,United States,Corporate,Medium,152.59,5,0.0,0.0,2,2,0,5,4,0,908.0,1,0.0,0.125,4139,578.0,0.13965267727930536
CA-2021-140088,PO-18865,2021-05-28,US,South,United States,Consumer,Medium,301.96,2,0.0,0.0,1,1,0,5,4,0,253.0,3,0.0,0.1,4140,578.0,0.1396190016879672
CA-2021-141572,LO-17170,2021-05-28,US,East,United States,Corporate,Medium,247.44,8,0.0,0.0,1,1,0,5,4,0,630.0,2,1.0,0.2222222222222222,4141,578.0,0.13958534233365477
CA-2021-145765,CM-11815,2021-05-28,US,West,United States,Corporate,Medium,483.4800000000001,12,0.20000000000000004,0.2,3,2,0,5,4,0,79.0,4,0.0,0.09090909090909091,4142,578.0,0.13955169920462762
CA-2021-161340,AM-10360,2021-05-28,US,East,United States,Corporate,Medium,129.832,7,0.35,0.5,2,2,0,5,4,0,316.0,3,0.0,0.1,4143,578.0,0.13951807228915664
US-2021-112613,JH-15910,2021-05-28,US,Central,United States,Consumer,Medium,54.367999999999995,4,0.2,0.2,1,1,0,5,4,0,16.0,5,1.0,0.16666666666666666,4144,578.0,0.13948446157552397
US-2021-118556,TH-21235,2021-05-28,US,Central,United States,Corporate,Medium,110.43299999999999,6,0.55,0.8,2,2,0,5,4,0,188.0,5,0.0,0.08333333333333333,4145,578.0,0.13945086705202311
CA-2021-104745,GT-14755,2021-05-29,US,Central,United States,Consumer,Medium,79.34400000000001,8,0.2,0.2,2,1,0,5,5,1,330.0,2,0.0,0.1111111111111111,4146,578.0,0.13941728870695883
CA-2021-121580,ML-17410,2021-05-29,US,Central,United States,Consumer,Medium,522.7900000000001,7,0.0,0.0,4,2,0,5,5,1,129.0,3,0.0,0.1,4147,578.0,0.13938372652864708
CA-2021-144568,JO-15550,2021-05-29,US,Central,United States,Home Office,Medium,23.55,5,0.0,0.0,1,1,0,5,5,1,43.0,4,0.0,0.09090909090909091,4148,578.0,0.13935018050541517
CA-2021-168739,HZ-14950,2021-05-29,US,Central,United States,Consumer,Medium,65.424,4,0.6,0.6,1,1,0,5,5,1,441.0,1,0.0,0.125,4149,578.0,0.13931665062560153
CA-2021-116498,KA-16525,2021-05-30,US,West,United States,Consumer,Medium,35.099999999999994,6,0.0,0.0,1,1,0,5,6,1,152.0,4,0.0,0.09090909090909091,4150,578.0,0.13928313687755592
CA-2021-120614,SM-20950,2021-05-30,US,West,United States,Corporate,Medium,37.52,4,0.0,0.0,1,1,0,5,6,1,214.0,9,0.0,0.0625,4151,578.0,0.13924963924963926
CA-2021-121125,MG-17890,2021-05-30,US,West,United States,Home Office,Medium,205.74400000000003,4,0.20000000000000004,0.2,3,2,0,5,6,1,36.0,6,0.0,0.07692307692307693,4152,578.0,0.1392161577302236
CA-2021-125472,BD-11725,2021-05-30,US,South,United States,Consumer,Medium,253.86,6,0.0,0.0,3,2,0,5,6,1,38.0,3,0.0,0.1,4153,578.0,0.1391826923076923
CA-2021-142461,KT-16480,2021-05-30,US,Central,United States,Consumer,Medium,204.66639999999998,1,0.32,0.32,1,1,0,5,6,1,31.0,6,0.0,0.07692307692307693,4154,578.0,0.1391492429704398
CA-2021-106831,FH-14350,2021-06-01,US,East,United States,Consumer,Medium,189.91799999999998,12,0.43333333333333335,0.7,3,2,0,6,1,0,108.0,3,0.0,0.1,4155,578.0,0.1391158097068717
CA-2021-121559,HW-14935,2021-06-01,US,Central,United States,Corporate,Medium,4472.32,20,0.0,0.0,5,3,0,6,1,0,73.0,5,1.0,0.16666666666666666,4156,578.0,0.13908239250540474
CA-2021-146493,CV-12805,2021-06-01,US,Central,United States,Corporate,Medium,53.9,5,0.0,0.0,1,1,0,6,1,0,35.0,11,7.0,0.4444444444444444,4157,578.0,0.13904899135446686
CA-2021-157413,BW-11065,2021-06-01,US,East,United States,Consumer,Medium,324.744,3,0.2,0.2,1,1,0,6,1,0,660.0,2,0.0,0.1111111111111111,4158,578.0,0.139015606242497
US-2021-112928,BB-10990,2021-06-01,US,East,United States,Corporate,Medium,17.480000000000004,5,0.2,0.2,1,1,0,6,1,0,426.0,3,0.0,0.1,4159,578.0,0.13898223715794528
CA-2021-127705,AB-10255,2021-06-02,US,East,United States,Home Office,Medium,30.409999999999997,3,0.30000000000000004,0.4,2,2,0,6,2,0,164.0,6,1.0,0.15384615384615385,4160,578.0,0.13894888408927286
CA-2021-140760,DO-13435,2021-06-02,US,West,United States,Consumer,Medium,69.26400000000001,11,0.2,0.2,2,1,0,6,2,0,63.0,6,0.0,0.07692307692307693,4161,578.0,0.138915547024952
CA-2021-143294,JD-15790,2021-06-02,US,Central,United States,Consumer,Medium,10.688,2,0.2,0.2,1,1,0,6,2,0,472.0,3,0.0,0.1,4162,578.0,0.13888222595346605
CA-2021-158883,CS-11860,2021-06-02,US,South,United States,Consumer,Medium,25.344,4,0.2,0.2,1,1,0,6,2,0,592.0,3,0.0,0.1,4163,578.0,0.13884892086330936
CA-2021-113908,KN-16390,2021-06-03,US,East,United States,Corporate,Medium,508.78799999999995,12,0.13333333333333333,0.4,3,3,0,6,3,0,43.0,5,0.0,0.08333333333333333,4164,578.0,0.1388156317429873
CA-2021-126382,HK-14890,2021-06-03,US,South,United States,Corporate,Medium,35.168000000000006,7,0.2,0.2,1,1,0,6,3,0,69.0,7,2.0,0.21428571428571427,4165,578.0,0.1387823585810163
CA-2021-140872,NR-18550,2021-06-03,US,South,United States,Consumer,Medium,1111.698,25,0.2625,0.7,8,3,0,6,3,0,229.0,4,0.0,0.09090909090909091,4166,578.0,0.1387491013659238
CA-2021-145506,MO-17800,2021-06-03,US,West,United States,Home Office,Medium,136.26,9,0.0,0.0,1,1,0,6,3,0,42.0,4,0.0,0.09090909090909091,4167,578.0,0.1387158600862482
CA-2021-145772,SS-20140,2021-06-03,US,West,United States,Corporate,Medium,60.622,8,0.06666666666666667,0.2,3,2,1,6,3,0,34.0,4,0.0,0.09090909090909091,4168,578.0,0.13868263473053893
CA-2021-145772,SS-20140,2021-06-03,US,West,United States,Corporate,Medium,60.622,8,0.06666666666666667,0.2,3,2,1,6,3,0,0.0,5,1.0,0.16666666666666666,4169,579.0,0.1388888888888889
CA-2021-145772,SS-20140,2021-06-03,US,West,United States,Corporate,Medium,60.622,8,0.06666666666666667,0.2,3,2,1,6,3,0,0.0,6,2.0,0.23076923076923078,4170,580.0,0.1390950442901604
CA-2021-150420,GD-14590,2021-06-03,US,West,United States,Corporate,Medium,1099.5,10,0.0,0.0,1,1,0,6,3,0,265.0,2,0.0,0.1111111111111111,4171,581.0,0.1393011010052657
CA-2021-100426,DC-12850,2021-06-04,US,South,United States,Consumer,Medium,12.48,2,0.0,0.0,1,1,0,6,4,0,437.0,4,0.0,0.09090909090909091,4172,581.0,0.13926776740847094
CA-2021-133095,EH-14005,2021-06-04,US,South,United States,Home Office,Medium,117.62,10,0.0,0.0,2,1,0,6,4,0,402.0,3,1.0,0.2,4173,581.0,0.13923444976076554
CA-2021-149720,EM-14065,2021-06-04,US,Central,United States,Consumer,Medium,30.336000000000006,6,0.6,0.6,1,1,0,6,4,0,295.0,2,0.0,0.1111111111111111,4174,581.0,0.13920114805070558
CA-2021-158106,CT-11995,2021-06-04,US,Central,United States,Consumer,Medium,8.64,3,0.0,0.0,1,1,0,6,4,0,190.0,5,0.0,0.08333333333333333,4175,581.0,0.13916786226685796
CA-2021-158407,LW-16990,2021-06-04,US,South,United States,Corporate,Medium,103.968,4,0.2,0.2,2,2,0,6,4,0,31.0,3,0.0,0.1,4176,581.0,0.13913459239780063
CA-2021-158953,ML-18040,2021-06-04,US,Central,United States,Corporate,Medium,6.369999999999998,7,0.8,0.8,1,1,0,6,4,0,70.0,1,0.0,0.125,4177,581.0,0.13910133843212238
CA-2021-126788,AB-10105,2021-06-05,US,Central,United States,Consumer,Medium,470.3760000000001,3,0.2,0.2,1,1,0,6,5,1,18.0,6,0.0,0.07692307692307693,4178,581.0,0.13906810035842293
CA-2021-141614,NS-18640,2021-06-05,US,South,United States,Corporate,Medium,20.736000000000004,4,0.2,0.2,1,1,0,6,5,1,51.0,11,1.0,0.1111111111111111,4179,581.0,0.13903487816531296
US-2021-131849,GH-14410,2021-06-06,US,West,United States,Home Office,Medium,31.35,6,0.0,0.0,2,2,0,6,6,1,109.0,6,0.0,0.07692307692307693,4180,581.0,0.1390016718414139
CA-2021-117436,LW-17125,2021-06-08,US,East,United States,Consumer,Medium,10.36,2,0.0,0.0,1,1,0,6,1,0,215.0,4,3.0,0.36363636363636365,4181,581.0,0.13896848137535817
CA-2021-132682,TH-21235,2021-06-08,US,Central,United States,Corporate,Medium,490.392,9,0.20000000000000004,0.2,3,2,0,6,1,0,11.0,6,0.0,0.07692307692307693,4182,581.0,0.13893530675578897
US-2021-106579,BW-11200,2021-06-08,US,Central,United States,Consumer,Medium,12.175999999999998,4,0.8,0.8,1,1,0,6,1,0,224.0,4,1.0,0.18181818181818182,4183,581.0,0.13890214797136038
US-2021-107979,FO-14305,2021-06-08,US,West,United States,Consumer,Medium,197.3,11,0.3666666666666667,0.7,3,2,0,6,1,0,161.0,6,0.0,0.07692307692307693,4184,581.0,0.1388690050107373
US-2021-109316,MG-17680,2021-06-08,US,West,United States,Home Office,Medium,1515.186,4,0.175,0.2,2,2,0,6,1,0,572.0,2,0.0,0.1111111111111111,4185,581.0,0.1388358778625954
US-2021-155299,Dl-13600,2021-06-08,US,Central,United States,Corporate,Medium,1.6239999999999994,2,0.8,0.8,1,1,0,6,1,0,427.0,3,1.0,0.2,4186,581.0,0.13880276651562126
CA-2021-100951,NC-18625,2021-06-09,US,Central,United States,Corporate,Medium,720.7600000000001,5,0.2,0.2,1,1,0,6,2,0,61.0,4,0.0,0.09090909090909091,4187,581.0,0.13876967095851217
US-2021-106663,MO-17800,2021-06-09,US,Central,United States,Home Office,Medium,169.253,12,0.43333333333333335,0.6,3,2,0,6,2,0,6.0,5,0.0,0.08333333333333333,4188,581.0,0.13873659117997617
US-2021-146822,AG-10675,2021-06-09,US,South,United States,Consumer,Medium,49.12,4,0.0,0.0,1,1,0,6,2,0,274.0,4,2.0,0.2727272727272727,4189,581.0,0.13870352716873213
CA-2021-106103,SC-20305,2021-06-10,US,Central,United States,Consumer,Medium,132.52,4,0.0,0.0,1,1,0,6,3,0,48.0,4,0.0,0.09090909090909091,4190,581.0,0.13867047891350964
CA-2021-107167,ND-18460,2021-06-10,US,South,United States,Corporate,Medium,1347.5200000000002,8,0.2,0.2,1,1,0,6,3,0,22.0,4,0.0,0.09090909090909091,4191,581.0,0.13863744640304906
CA-2021-112172,MM-18280,2021-06-10,US,East,United States,Corporate,Medium,14.129999999999999,3,0.0,0.0,1,1,0,6,3,0,255.0,8,3.0,0.26666666666666666,4192,581.0,0.13860442962610145
CA-2021-137001,GZ-14545,2021-06-10,US,West,United States,Corporate,Medium,14.700000000000001,7,0.0,0.0,1,1,0,6,3,0,83.0,2,0.0,0.1111111111111111,4193,581.0,0.13857142857142857
CA-2021-140963,MT-18070,2021-06-10,US,West,United States,Home Office,Medium,823.7249999999999,12,0.11666666666666665,0.2,3,3,1,6,3,0,303.0,5,3.0,0.3333333333333333,4194,581.0,0.1385384432278029
CA-2021-140963,MT-18070,2021-06-10,US,West,United States,Home Office,Medium,823.7249999999999,12,0.11666666666666665,0.2,3,3,1,6,3,0,0.0,6,4.0,0.38461538461538464,4195,582.0,0.1387434554973822
CA-2021-140963,MT-18070,2021-06-10,US,West,United States,Home Office,Medium,823.7249999999999,12,0.11666666666666665,0.2,3,3,1,6,3,0,0.0,7,5.0,0.42857142857142855,4196,583.0,0.13894837021175352
CA-2021-143343,BW-11200,2021-06-10,US,West,United States,Consumer,Medium,16.4,5,0.0,0.0,1,1,0,6,3,0,2.0,5,1.0,0.16666666666666666,4197,584.0,0.13915318744053282
CA-2021-158071,BD-11320,2021-06-10,US,West,United States,Consumer,Medium,115.91600000000001,8,0.06666666666666667,0.2,3,2,0,6,3,0,59.0,9,1.0,0.125,4198,584.0,0.13912009512485138
CA-2021-167080,LC-16930,2021-06-10,US,East,United States,Corporate,Medium,8.4,5,0.0,0.0,1,1,0,6,3,0,272.0,5,0.0,0.08333333333333333,4199,584.0,0.1390870185449358
US-2021-131583,CL-11890,2021-06-10,US,East,United States,Consumer,Medium,40.032000000000004,6,0.2,0.2,1,1,0,6,3,0,191.0,2,0.0,0.1111111111111111,4200,584.0,0.13905395768956502
CA-2021-102554,KN-16705,2021-06-11,US,South,United States,Home Office,Medium,3.76,2,0.0,0.0,1,1,0,6,4,0,324.0,7,3.0,0.2857142857142857,4201,584.0,0.13902091254752852
CA-2021-133928,ZC-21910,2021-06-11,US,South,United States,Consumer,Medium,4.572000000000001,4,0.7,0.7,1,1,0,6,4,0,31.0,13,4.0,0.25,4202,584.0,0.13898788310762653
CA-2021-134565,TB-21400,2021-06-11,US,West,United States,Consumer,Medium,719.4080000000001,18,0.08,0.2,5,3,0,6,4,0,73.0,6,0.0,0.07692307692307693,4203,584.0,0.13895486935866982
CA-2021-141481,ZD-21925,2021-06-11,US,West,United States,Consumer,Medium,61.44,3,0.0,0.0,1,1,0,6,4,0,338.0,6,3.0,0.3076923076923077,4204,584.0,0.13892187128947994
US-2021-120418,BC-11125,2021-06-11,US,West,United States,Home Office,Medium,668.744,14,0.2,0.2,5,2,0,6,4,0,23.0,8,0.0,0.06666666666666667,4205,584.0,0.1388888888888889
US-2021-152002,DV-13465,2021-06-11,US,West,United States,Consumer,Medium,122.97,3,0.0,0.0,1,1,0,6,4,0,274.0,7,4.0,0.35714285714285715,4206,584.0,0.13885592214573939
CA-2021-108441,SB-20170,2021-06-12,US,East,United States,Consumer,Medium,954.548,14,0.07500000000000001,0.2,4,2,0,6,5,1,123.0,2,0.0,0.1111111111111111,4207,584.0,0.13882297104888466
CA-2021-117821,HG-15025,2021-06-12,US,East,United States,Consumer,Medium,63.92000000000001,2,0.2,0.2,1,1,0,6,5,1,254.0,4,0.0,0.09090909090909091,4208,584.0,0.1387900355871886
CA-2021-119424,SB-20185,2021-06-12,US,West,United States,Consumer,Medium,91.416,6,0.1,0.2,2,2,0,6,5,1,626.0,4,0.0,0.09090909090909091,4209,584.0,0.13875711574952562
CA-2021-124191,TS-21610,2021-06-12,US,Central,United States,Consumer,Medium,8.856,3,0.6,0.6,1,1,0,6,5,1,268.0,3,0.0,0.1,4210,584.0,0.13872421152478065
CA-2021-143861,LC-16885,2021-06-12,US,South,United States,Consumer,Medium,17.088,2,0.2,0.2,1,1,0,6,5,1,172.0,16,9.0,0.43478260869565216,4211,584.0,0.1386913229018492
CA-2021-148474,ME-17320,2021-06-12,US,South,United States,Home Office,Medium,544.1399999999999,6,0.0,0.0,2,2,0,6,5,1,74.0,6,0.0,0.07692307692307693,4212,584.0,0.13865844986963735
CA-2021-102337,SD-20485,2021-06-13,US,Central,United States,Home Office,Medium,683.0219999999999,13,0.2333333333333333,0.3,3,3,0,6,6,1,59.0,8,0.0,0.06666666666666667,4213,584.0,0.1386255924170616
CA-2021-104850,TW-21025,2021-06-13,US,West,United States,Home Office,Medium,291.136,4,0.2,0.2,1,1,0,6,6,1,457.0,4,0.0,0.09090909090909091,4214,584.0,0.13859275053304904
CA-2021-122056,PG-18895,2021-06-13,US,South,United States,Consumer,Medium,181.86,7,0.0,0.0,1,1,0,6,6,1,417.0,5,0.0,0.08333333333333333,4215,584.0,0.13855992420653718
CA-2021-111178,TD-20995,2021-06-15,US,Central,United States,Consumer,Medium,19.56,5,0.2,0.2,1,1,0,6,1,0,53.0,4,0.0,0.09090909090909091,4216,584.0,0.13852711342647406
CA-2021-118864,KH-16690,2021-06-15,US,West,United States,Corporate,Medium,119.96,1,0.2,0.2,1,1,0,6,1,0,338.0,5,0.0,0.08333333333333333,4217,584.0,0.13849431818181818
CA-2021-119284,TS-21205,2021-06-15,US,South,United States,Corporate,Medium,2942.784,31,0.2285714285714286,0.4,7,3,1,6,1,0,318.0,6,0.0,0.07692307692307693,4218,584.0,0.13846153846153847
CA-2021-119284,TS-21205,2021-06-15,US,South,United States,Corporate,Medium,2942.784,31,0.2285714285714286,0.4,7,3,1,6,1,0,0.0,7,1.0,0.14285714285714285,4219,585.0,0.1386654046379555
CA-2021-119284,TS-21205,2021-06-15,US,South,United States,Corporate,Medium,2942.784,31,0.2285714285714286,0.4,7,3,1,6,1,0,0.0,8,2.0,0.2,4220,586.0,0.13886917435533475
CA-2021-119284,TS-21205,2021-06-15,US,South,United States,Corporate,Medium,2942.784,31,0.2285714285714286,0.4,7,3,1,6,1,0,0.0,9,3.0,0.25,4221,587.0,0.1390728476821192
CA-2021-119284,TS-21205,2021-06-15,US,South,United States,Corporate,Medium,2942.784,31,0.2285714285714286,0.4,7,3,1,6,1,0,0.0,10,4.0,0.29411764705882354,4222,588.0,0.13927642468668716
CA-2021-119284,TS-21205,2021-06-15,US,South,United States,Corporate,Medium,2942.784,31,0.2285714285714286,0.4,7,3,1,6,1,0,0.0,11,5.0,0.3333333333333333,4223,589.0,0.13947990543735225
CA-2021-119284,TS-21205,2021-06-15,US,South,United States,Corporate,Medium,2942.784,31,0.2285714285714286,0.4,7,3,1,6,1,0,0.0,12,6.0,0.3684210526315789,4224,590.0,0.1396832900023635
CA-2021-126914,JE-15715,2021-06-15,US,South,United States,Consumer,Medium,776.0800000000002,5,0.2,0.2,2,1,0,6,1,0,172.0,13,8.0,0.45,4225,591.0,0.13988657844990549
CA-2021-135167,SC-20800,2021-06-15,US,West,United States,Consumer,Medium,4.26,1,0.0,0.0,1,1,0,6,1,0,177.0,3,2.0,0.3,4226,591.0,0.13985353177415544
CA-2021-169691,Dp-13240,2021-06-15,US,Central,United States,Home Office,Medium,146.89000000000001,11,0.0,0.0,3,1,0,6,1,0,517.0,5,0.0,0.08333333333333333,4227,591.0,0.13982050070854984
CA-2021-169901,CC-12550,2021-06-15,US,West,United States,Consumer,Medium,47.976,3,0.2,0.2,1,1,0,6,1,0,9999.0,0,0.0,0.14285714285714285,4228,591.0,0.1397874852420307
CA-2021-105214,TS-21610,2021-06-16,US,West,United States,Consumer,Medium,1231.5,9,0.1,0.2,2,2,0,6,2,0,4.0,4,0.0,0.09090909090909091,4229,591.0,0.1397544853635505
CA-2021-111269,CS-12355,2021-06-16,US,East,United States,Consumer,Medium,503.872,11,0.2,0.2,2,2,0,6,2,0,63.0,6,0.0,0.07692307692307693,4230,591.0,0.13972150106207223
CA-2021-129462,JE-15745,2021-06-16,US,South,United States,Consumer,Medium,740.5899999999999,8,0.0,0.0,4,3,0,6,2,0,61.0,11,2.0,0.16666666666666666,4231,591.0,0.13968853232656914
CA-2021-136826,CB-12535,2021-06-16,US,South,United States,Corporate,Medium,14.015999999999998,3,0.2,0.2,1,1,0,6,2,0,103.0,7,0.0,0.07142857142857142,4232,591.0,0.139655579146025
CA-2021-155873,AB-10255,2021-06-16,US,West,United States,Home Office,Medium,228.28,9,0.0,0.0,3,1,0,6,2,0,14.0,7,1.0,0.14285714285714285,4233,591.0,0.13962264150943396
US-2021-132206,MK-17905,2021-06-16,US,Central,United States,Corporate,Medium,5.935999999999999,7,0.8,0.8,1,1,0,6,2,0,238.0,5,0.0,0.08333333333333333,4234,591.0,0.1395897194058005
CA-2021-118437,PF-19165,2021-06-17,US,West,United States,Consumer,Medium,169.28,4,0.0,0.0,2,2,0,6,3,0,220.0,5,0.0,0.08333333333333333,4235,591.0,0.13955681282413956
CA-2021-131618,LS-17200,2021-06-17,US,Central,United States,Corporate,Medium,23.887999999999998,10,0.6,0.8,3,1,1,6,3,0,206.0,3,0.0,0.1,4236,591.0,0.1395239217534763
CA-2021-131618,LS-17200,2021-06-17,US,Central,United States,Corporate,Medium,23.887999999999998,10,0.6,0.8,3,1,1,6,3,0,0.0,4,1.0,0.18181818181818182,4237,592.0,0.13972667295004712
CA-2021-131618,LS-17200,2021-06-17,US,Central,United States,Corporate,Medium,23.887999999999998,10,0.6,0.8,3,1,1,6,3,0,0.0,5,2.0,0.25,4238,593.0,0.13992932862190813
CA-2021-146346,RA-19945,2021-06-17,US,West,United States,Consumer,Medium,146.352,3,0.2,0.2,1,1,0,6,3,0,555.0,3,0.0,0.1,4239,594.0,0.14013188883655206
CA-2021-157833,KD-16345,2021-06-17,US,West,United States,Consumer,Medium,51.312,3,0.2,0.2,1,1,0,6,3,0,545.0,4,0.0,0.09090909090909091,4240,594.0,0.1400988933364728
CA-2021-165323,SR-20740,2021-06-17,US,East,United States,Home Office,Medium,3505.84,8,0.0,0.0,2,1,0,6,3,0,237.0,7,1.0,0.14285714285714285,4241,594.0,0.1400659133709981
CA-2021-112753,CC-12670,2021-06-18,US,West,United States,Consumer,Medium,956.8034999999999,15,0.075,0.15,2,2,1,6,4,0,184.0,5,1.0,0.16666666666666666,4242,594.0,0.1400329489291598
CA-2021-112753,CC-12670,2021-06-18,US,West,United States,Consumer,Medium,956.8034999999999,15,0.075,0.15,2,2,1,6,4,0,0.0,6,2.0,0.23076923076923078,4243,595.0,0.14023529411764707
CA-2021-162712,NK-18490,2021-06-18,US,Central,United States,Home Office,Medium,74.352,3,0.2,0.2,1,1,0,6,4,0,244.0,3,0.0,0.1,4244,596.0,0.14043754410726889
CA-2021-128944,KH-16330,2021-06-19,US,East,United States,Corporate,Medium,921.2279999999998,18,0.2333333333333333,0.3,3,2,0,6,5,1,336.0,5,0.0,0.08333333333333333,4245,596.0,0.14040451552210725
CA-2021-138870,GA-14515,2021-06-19,US,West,United States,Consumer,Medium,74.88,6,0.0,0.0,2,2,0,6,5,1,205.0,5,0.0,0.08333333333333333,4246,596.0,0.14037150246884553
CA-2021-140844,AR-10405,2021-06-19,US,East,United States,Corporate,Medium,200.94,10,0.0,0.0,2,2,0,6,5,1,30.0,3,0.0,0.1,4247,596.0,0.14033850493653033
CA-2021-141992,FO-14305,2021-06-19,US,Central,United States,Consumer,Medium,164.768,3,0.2,0.2,2,1,0,6,5,1,11.0,7,0.0,0.07142857142857142,4248,596.0,0.14030552291421858
CA-2021-154011,DB-13270,2021-06-19,US,Central,United States,Home Office,Medium,464.3729999999999,6,0.55,0.8,2,2,0,6,5,1,190.0,6,0.0,0.07692307692307693,4249,596.0,0.14027255639097744
CA-2021-169999,JS-15685,2021-06-19,US,East,United States,Corporate,Medium,140.86800000000002,5,0.1,0.2,2,1,0,6,5,1,275.0,4,3.0,0.36363636363636365,4250,596.0,0.14023960535588442
US-2021-102288,ZC-21910,2021-06-19,US,Central,United States,Consumer,Medium,148.88400000000001,10,0.6,0.8,3,1,0,6,5,1,8.0,14,4.0,0.23809523809523808,4251,596.0,0.14020666979802723
CA-2021-101434,TR-21325,2021-06-20,US,East,United States,Consumer,Medium,249.78999999999996,5,0.0,0.0,2,2,0,6,6,1,285.0,4,0.0,0.09090909090909091,4252,596.0,0.14017374970650387
CA-2021-106852,ST-20530,2021-06-20,US,East,United States,Consumer,Medium,36.352000000000004,8,0.2,0.2,2,1,0,6,6,1,842.0,6,2.0,0.23076923076923078,4253,596.0,0.14014084507042254
CA-2021-132934,JE-15475,2021-06-20,US,East,United States,Consumer,Medium,201.262,8,0.1,0.2,2,2,0,6,6,1,184.0,5,0.0,0.08333333333333333,4254,596.0,0.14010795587890168
CA-2021-151218,PJ-19015,2021-06-20,US,South,United States,Consumer,Medium,4.464,1,0.2,0.2,1,1,0,6,6,1,37.0,5,0.0,0.08333333333333333,4255,596.0,0.14007508212106992
US-2021-135986,PG-18895,2021-06-20,US,South,United States,Consumer,Medium,536.36,9,0.0,0.0,2,2,0,6,6,1,7.0,6,0.0,0.07692307692307693,4256,596.0,0.14004222378606615
CA-2021-101049,AS-10240,2021-06-21,US,East,United States,Consumer,Medium,59.17600000000001,11,0.44999999999999996,0.7,2,2,0,6,0,0,361.0,6,0.0,0.07692307692307693,4257,596.0,0.1400093808630394
CA-2021-124744,EH-14125,2021-06-21,US,East,United States,Home Office,Medium,536.48,15,0.0,0.0,3,1,0,6,0,0,142.0,11,6.0,0.3888888888888889,4258,596.0,0.1399765533411489
CA-2021-105823,RB-19465,2021-06-22,US,Central,United States,Home Office,Medium,487.96,2,0.0,0.0,1,1,0,6,1,0,297.0,9,2.0,0.1875,4259,596.0,0.139943741209564
CA-2021-155936,JK-15730,2021-06-22,US,Central,United States,Consumer,Medium,3.0359999999999996,3,0.8,0.8,1,1,0,6,1,0,266.0,6,0.0,0.07692307692307693,4260,596.0,0.13991094445746427
CA-2021-165757,PL-18925,2021-06-22,US,East,United States,Home Office,Medium,50.415000000000006,10,0.5333333333333333,0.7,3,1,0,6,1,0,67.0,3,0.0,0.1,4261,596.0,0.13987816307403936
US-2021-133781,DC-12850,2021-06-22,US,South,United States,Consumer,Medium,37.608000000000004,3,0.2,0.2,1,1,0,6,1,0,18.0,5,0.0,0.08333333333333333,4262,596.0,0.1398453970484891
CA-2021-100384,NH-18610,2021-06-24,US,West,United States,Corporate,Medium,421.42,17,0.0,0.0,2,1,0,6,3,0,77.0,6,0.0,0.07692307692307693,4263,596.0,0.1398126463700234
CA-2021-105074,MB-17305,2021-06-24,US,East,United States,Consumer,Medium,21.744000000000003,3,0.2,0.2,1,1,0,6,3,0,222.0,6,0.0,0.07692307692307693,4264,596.0,0.13977991102786233
CA-2021-122105,CJ-12010,2021-06-24,US,West,United States,Consumer,Medium,95.92,8,0.0,0.0,1,1,0,6,3,0,54.0,7,0.0,0.07142857142857142,4265,596.0,0.13974719101123595
CA-2021-132955,SC-20575,2021-06-24,US,East,United States,Consumer,Medium,102.93,3,0.0,0.0,1,1,0,6,3,0,624.0,2,0.0,0.1111111111111111,4266,596.0,0.13971448630938452
CA-2021-136350,GA-14515,2021-06-24,US,East,United States,Consumer,Medium,449.454,5,0.05,0.1,2,1,0,6,3,0,5.0,6,0.0,0.07692307692307693,4267,596.0,0.13968179691155827
CA-2021-159107,KT-16480,2021-06-24,US,West,United States,Consumer,Medium,2.88,1,0.0,0.0,1,1,0,6,3,0,25.0,7,0.0,0.07142857142857142,4268,596.0,0.13964912280701755
US-2021-151316,MC-17635,2021-06-24,US,Central,United States,Corporate,Medium,193.26599999999996,6,0.5,0.8,2,1,0,6,3,0,489.0,3,1.0,0.2,4269,596.0,0.13961646398503275
CA-2021-116127,SB-20185,2021-06-25,US,East,United States,Consumer,Medium,400.78400000000005,1,0.2,0.2,1,1,0,6,4,0,13.0,5,0.0,0.08333333333333333,4270,596.0,0.13958382043488426
CA-2021-133648,ML-17755,2021-06-25,US,West,United States,Home Office,Medium,87.688,11,0.20000000000000004,0.2,3,1,0,6,4,0,50.0,3,0.0,0.1,4271,596.0,0.13955119214586256
CA-2021-134796,FM-14380,2021-06-25,US,Central,United States,Consumer,Medium,148.48,2,0.2,0.2,1,1,0,6,4,0,196.0,9,3.0,0.25,4272,596.0,0.13951857910726806
US-2021-124821,AM-10705,2021-06-25,US,West,United States,Consumer,Medium,871.4,4,0.0,0.0,1,1,0,6,4,0,82.0,6,0.0,0.07692307692307693,4273,596.0,0.13948598130841122
CA-2021-100636,DO-13435,2021-06-26,US,East,United States,Consumer,Medium,272.94,3,0.0,0.0,1,1,0,6,5,1,24.0,7,0.0,0.07142857142857142,4274,596.0,0.13945339873861248
CA-2021-107132,SC-20260,2021-06-26,US,East,United States,Corporate,Medium,913.168,14,0.05,0.2,4,1,0,6,5,1,87.0,7,0.0,0.07142857142857142,4275,596.0,0.13942083138720224
CA-2021-115364,OT-18730,2021-06-26,US,West,United States,Consumer,Medium,83.76,12,0.0,0.0,1,1,0,6,5,1,333.0,3,0.0,0.1,4276,596.0,0.1393882792435209
CA-2021-133256,TH-21550,2021-06-26,US,Central,United States,Home Office,Medium,564.38,13,0.0,0.0,3,2,0,6,5,1,644.0,4,0.0,0.09090909090909091,4277,596.0,0.13935574229691877
CA-2021-138310,NP-18700,2021-06-26,US,West,United States,Consumer,Medium,431.92800000000005,9,0.2,0.2,1,1,0,6,5,1,233.0,5,0.0,0.08333333333333333,4278,596.0,0.13932322053675614
CA-2021-148810,DR-12880,2021-06-26,US,South,United States,Corporate,Medium,287.42400000000004,9,0.2,0.2,2,2,0,6,5,1,304.0,6,2.0,0.23076923076923078,4279,596.0,0.13929071395240317
CA-2021-157091,DB-13405,2021-06-26,US,Central,United States,Consumer,Medium,526.45,5,0.0,0.0,1,1,0,6,5,1,101.0,3,0.0,0.1,4280,596.0,0.13925822253324002
CA-2021-161410,CC-12220,2021-06-26,US,East,United States,Consumer,Medium,904.116,17,0.4,0.4,2,1,0,6,5,1,53.0,9,0.0,0.0625,4281,596.0,0.13922574626865672
CA-2021-163531,SC-20725,2021-06-26,US,East,United States,Consumer,Medium,239.96999999999997,3,0.0,0.0,1,1,0,6,5,1,97.0,10,1.0,0.11764705882352941,4282,596.0,0.13919328514805315
CA-2021-116988,PW-19030,2021-06-27,US,West,United States,Corporate,Medium,1433.19,11,0.0,0.0,3,3,0,6,6,1,98.0,7,0.0,0.07142857142857142,4283,596.0,0.13916083916083916
CA-2021-123638,MA-17995,2021-06-27,US,East,United States,Home Office,Medium,191.64600000000002,3,0.1,0.1,1,1,0,6,6,1,232.0,5,0.0,0.08333333333333333,4284,596.0,0.13912840829643439
CA-2021-151190,GT-14710,2021-06-27,US,Central,United States,Consumer,Medium,20.07,3,0.0,0.0,1,1,0,6,6,1,44.0,8,0.0,0.06666666666666667,4285,596.0,0.1390959925442684
CA-2021-100650,DK-13225,2021-06-29,US,West,United States,Corporate,Medium,1295.78,2,0.0,0.0,1,1,0,6,1,0,215.0,7,0.0,0.07142857142857142,4286,596.0,0.13906359189378056
CA-2021-137085,CT-11995,2021-06-29,US,West,United States,Consumer,Medium,312.552,9,0.2,0.2,1,1,1,6,1,0,25.0,6,0.0,0.07692307692307693,4287,596.0,0.13903120633442012
CA-2021-137449,ME-17725,2021-06-29,US,Central,United States,Consumer,Medium,738.7052,8,0.47333333333333333,0.8,3,2,0,6,1,0,130.0,5,0.0,0.08333333333333333,4288,597.0,0.13923166472642606
CA-2021-138149,WB-21850,2021-06-29,US,West,United States,Consumer,Medium,1100.62,13,0.05,0.2,4,2,0,6,1,0,200.0,18,11.0,0.48,4289,597.0,0.13919925512104284
CA-2021-143574,DR-12880,2021-06-29,US,East,United States,Corporate,Medium,694.6700000000001,14,0.0,0.0,3,2,0,6,1,0,3.0,7,2.0,0.21428571428571427,4290,597.0,0.13916686060041888
CA-2021-147039,AA-10315,2021-06-29,US,Central,United States,Consumer,Medium,374.48,5,0.0,0.0,2,1,0,6,1,0,483.0,4,0.0,0.09090909090909091,4291,597.0,0.13913448115402513
US-2021-126081,FC-14335,2021-06-29,US,Central,United States,Corporate,Medium,5.184000000000001,1,0.2,0.2,1,1,0,6,1,0,144.0,6,0.0,0.07692307692307693,4292,597.0,0.13910211677134218
CA-2021-102946,VP-21730,2021-06-30,US,West,United States,Home Office,Medium,75.792,3,0.2,0.2,1,1,0,6,2,0,726.0,1,0.0,0.125,4293,597.0,0.13906976744186048
CA-2021-109393,JC-15775,2021-06-30,US,West,United States,Consumer,Medium,435.999,3,0.15,0.15,1,1,0,6,2,0,42.0,7,0.0,0.07142857142857142,4294,597.0,0.13903743315508021
CA-2021-125745,DV-13045,2021-06-30,US,South,United States,Corporate,Medium,19.52,2,0.2,0.2,1,1,0,6,2,0,280.0,2,0.0,0.1111111111111111,4295,597.0,0.1390051139005114
CA-2021-131695,RA-19285,2021-06-30,US,East,United States,Consumer,Medium,270.8,8,0.0,0.0,2,2,0,6,2,0,330.0,5,0.0,0.08333333333333333,4296,597.0,0.13897280966767372
CA-2021-163006,GH-14410,2021-06-30,US,Central,United States,Home Office,Medium,1584.866,7,0.3666666666666667,0.6,3,2,0,6,2,0,24.0,7,0.0,0.07142857142857142,4297,597.0,0.13894052044609664
CA-2021-164112,ND-18460,2021-06-30,US,East,United States,Corporate,Medium,1085.42,7,0.0,0.0,1,1,0,6,2,0,20.0,5,0.0,0.08333333333333333,4298,597.0,0.1389082462253194
US-2021-102890,SG-20470,2021-06-30,US,East,United States,Consumer,Medium,1044.6299999999999,5,0.4,0.4,1,1,0,6,2,0,312.0,7,0.0,0.07142857142857142,4299,597.0,0.13887598699489084
US-2021-113201,TT-21220,2021-06-30,US,West,United States,Consumer,Medium,204.95000000000002,5,0.0,0.0,1,1,0,6,2,0,104.0,9,3.0,0.25,4300,597.0,0.13884374274436964
US-2021-148362,KF-16285,2021-07-01,US,Central,United States,Home Office,Medium,639.83,9,0.0,0.0,3,1,0,7,3,0,84.0,4,0.0,0.09090909090909091,4301,597.0,0.13881151346332404
CA-2021-107958,AH-10120,2021-07-02,US,Central,United States,Home Office,Medium,169.192,9,0.5,0.8,2,1,0,7,4,0,85.0,10,7.0,0.47058823529411764,4302,597.0,0.1387792991413321
CA-2021-106747,TS-21505,2021-07-03,US,East,United States,Consumer,Medium,102.3,1,0.0,0.0,1,1,0,7,5,1,281.0,2,0.0,0.1111111111111111,4303,597.0,0.13874709976798144
CA-2021-111647,RD-19585,2021-07-03,US,Central,United States,Consumer,Medium,167.96800000000002,4,0.2,0.2,1,1,0,7,5,1,155.0,11,4.0,0.2777777777777778,4304,597.0,0.1387149153328694
CA-2021-121503,FH-14275,2021-07-03,US,Central,United States,Corporate,Medium,871.028,10,0.30000000000000004,0.4,2,2,0,7,5,1,51.0,6,0.0,0.07692307692307693,4305,597.0,0.13868274582560297
CA-2021-124828,YS-21880,2021-07-03,US,South,United States,Corporate,Medium,9.552,3,0.2,0.2,1,1,0,7,5,1,59.0,5,0.0,0.08333333333333333,4306,597.0,0.13865059123579876
CA-2021-139437,RD-19585,2021-07-03,US,West,United States,Consumer,Medium,87.92,4,0.0,0.0,1,1,0,7,5,1,0.0,12,4.0,0.2631578947368421,4307,597.0,0.13861845155308297
CA-2021-140053,CA-12265,2021-07-03,US,West,United States,Consumer,Medium,545.85,9,0.0,0.0,1,1,1,7,5,1,512.0,4,0.0,0.09090909090909091,4308,597.0,0.13858632676709154
CA-2021-168109,JK-15640,2021-07-03,US,West,United States,Home Office,Medium,4150.972000000001,13,0.1,0.2,4,1,0,7,5,1,556.0,8,0.0,0.06666666666666667,4309,598.0,0.1387859128822984
CA-2021-169124,MB-17305,2021-07-03,US,West,United States,Consumer,Medium,129.39000000000001,3,0.0,0.0,1,1,0,7,5,1,9.0,7,0.0,0.07142857142857142,4310,598.0,0.13875376418809357
US-2021-111024,SZ-20035,2021-07-03,US,East,United States,Home Office,Medium,279.004,12,0.26666666666666666,0.4,3,2,0,7,5,1,154.0,7,0.0,0.07142857142857142,4311,598.0,0.13872163038443724
US-2021-126179,CS-12460,2021-07-03,US,South,United States,Consumer,Medium,311.96,4,0.0,0.0,2,2,0,7,5,1,9999.0,0,0.0,0.14285714285714285,4312,598.0,0.13868951146098635
US-2021-129777,FM-14290,2021-07-03,US,East,United States,Home Office,Medium,283.46,12,0.0,0.0,2,2,0,7,5,1,192.0,5,0.0,0.08333333333333333,4313,598.0,0.1386574074074074
US-2021-166233,MO-17950,2021-07-03,US,South,United States,Consumer,Medium,24.0,2,0.2,0.2,1,1,0,7,5,1,823.0,1,0.0,0.125,4314,598.0,0.13862531821337654
CA-2021-100223,LS-16945,2021-07-05,US,Central,United States,Corporate,Medium,396.394,28,0.52,0.8,5,2,0,7,0,0,72.0,9,5.0,0.375,4315,598.0,0.13859324386857935
CA-2021-104388,DK-12835,2021-07-05,US,Central,United States,Corporate,Medium,79.96,4,0.0,0.0,1,1,0,7,0,0,72.0,8,0.0,0.06666666666666667,4316,598.0,0.1385611843627111
US-2021-101784,PO-18850,2021-07-06,US,West,United States,Consumer,Medium,122.13600000000001,3,0.2,0.2,1,1,0,7,1,0,291.0,6,0.0,0.07692307692307693,4317,598.0,0.13852913968547642
US-2021-124303,FH-14365,2021-07-06,US,East,United States,Corporate,Medium,19.002000000000002,5,0.44999999999999996,0.7,2,1,0,7,1,0,217.0,4,1.0,0.18181818181818182,4318,598.0,0.13849710982658958
US-2021-152492,AH-10585,2021-07-06,US,South,United States,Consumer,Medium,239.24,1,0.2,0.2,1,1,0,7,1,0,294.0,2,0.0,0.1111111111111111,4319,598.0,0.1384650947757744
CA-2021-105053,CS-12355,2021-07-07,US,East,United States,Consumer,Medium,17.472,3,0.2,0.2,1,1,0,7,2,0,21.0,7,0.0,0.07142857142857142,4320,598.0,0.13843309452276403
CA-2021-106824,AT-10735,2021-07-07,US,West,United States,Consumer,Medium,5.9399999999999995,3,0.0,0.0,1,1,0,7,2,0,49.0,7,0.0,0.07142857142857142,4321,598.0,0.1384011090573013
CA-2021-155152,MP-17965,2021-07-07,US,East,United States,Corporate,Medium,252.0,4,0.0,0.0,1,1,0,7,2,0,190.0,7,0.0,0.07142857142857142,4322,598.0,0.13836913836913836
US-2021-169551,RL-19615,2021-07-07,US,East,United States,Consumer,Medium,1344.838,16,0.2833333333333334,0.5,6,3,0,7,2,0,46.0,6,1.0,0.15384615384615385,4323,598.0,0.13833718244803694
CA-2021-108560,JC-15385,2021-07-08,US,West,United States,Consumer,Medium,1058.108,14,0.05,0.2,4,3,0,7,3,0,9999.0,0,0.0,0.14285714285714285,4324,598.0,0.13830524128376817
CA-2021-111759,MR-17545,2021-07-08,US,West,United States,Home Office,Medium,52.76,2,0.0,0.0,1,1,0,7,3,0,1005.0,2,0.0,0.1111111111111111,4325,598.0,0.13827331486611266
CA-2021-133249,SZ-20035,2021-07-08,US,West,United States,Home Office,Medium,145.9,5,0.0,0.0,1,1,0,7,3,0,5.0,8,0.0,0.06666666666666667,4326,598.0,0.13824140318486036
CA-2021-134306,TD-20995,2021-07-08,US,East,United States,Consumer,Medium,45.08,7,0.0,0.0,3,1,0,7,3,0,23.0,5,0.0,0.08333333333333333,4327,598.0,0.1382095062298108
CA-2021-138464,VF-21715,2021-07-08,US,West,United States,Home Office,Medium,133.576,13,0.05,0.2,4,2,0,7,3,0,47.0,3,0.0,0.1,4328,598.0,0.13817762399077277
CA-2021-140480,HE-14800,2021-07-08,US,East,United States,Corporate,Medium,469.66,23,0.0,0.0,5,3,0,7,3,0,215.0,2,0.0,0.1111111111111111,4329,598.0,0.13814575645756458
CA-2021-150189,VG-21790,2021-07-08,US,West,United States,Consumer,Medium,75.17999999999999,6,0.0,0.0,1,1,0,7,3,0,160.0,4,0.0,0.09090909090909091,4330,598.0,0.13811390362001383
CA-2021-115651,NS-18640,2021-07-09,US,Central,United States,Corporate,Medium,67.30399999999997,14,0.5,0.8,2,1,0,7,4,0,34.0,12,1.0,0.10526315789473684,4331,598.0,0.1380820654679576
CA-2021-121083,JF-15190,2021-07-09,US,East,United States,Consumer,Medium,847.46,17,0.0,0.0,4,2,0,7,4,0,98.0,5,0.0,0.08333333333333333,4332,598.0,0.13805024199124222
CA-2021-132122,JH-15820,2021-07-09,US,Central,United States,Consumer,Medium,228.92,5,0.2,0.2,1,1,0,7,4,0,163.0,5,0.0,0.08333333333333333,4333,598.0,0.1380184331797235
CA-2021-145128,SM-20320,2021-07-09,US,Central,United States,Home Office,Medium,526.45,5,0.0,0.0,1,1,1,7,4,0,562.0,3,0.0,0.1,4334,598.0,0.13798663902326652
US-2021-100209,TD-20995,2021-07-09,US,West,United States,Consumer,Medium,1.0800000000000003,2,0.7,0.7,1,1,0,7,4,0,1.0,6,0.0,0.07692307692307693,4335,599.0,0.1381851681252879
CA-2021-127460,FG-14260,2021-07-10,US,Central,United States,Home Office,Medium,298.464,6,0.2,0.2,1,1,0,7,5,1,966.0,2,0.0,0.1111111111111111,4336,599.0,0.1381533502187428
CA-2021-128629,BP-11155,2021-07-10,US,South,United States,Consumer,Medium,18.84,3,0.0,0.0,1,1,0,7,5,1,102.0,4,0.0,0.09090909090909091,4337,599.0,0.13812154696132597
CA-2021-169012,BF-11275,2021-07-10,US,South,United States,Corporate,Medium,41.910000000000004,3,0.0,0.0,1,1,0,7,5,1,1206.0,1,0.0,0.125,4338,599.0,0.1380897583429229
CA-2021-127656,NW-18400,2021-07-11,US,Central,United States,Consumer,Medium,30.32,4,0.0,0.0,1,1,0,7,6,1,250.0,11,7.0,0.4444444444444444,4339,599.0,0.13805798435342845
CA-2021-136623,TS-21430,2021-07-11,US,West,United States,Corporate,Medium,101.75200000000001,11,0.2,0.2,2,2,0,7,6,1,240.0,4,0.0,0.09090909090909091,4340,599.0,0.13802622498274672
CA-2021-156818,JD-16015,2021-07-11,US,East,United States,Consumer,Medium,132.60000000000002,6,0.0,0.0,1,1,0,7,6,1,57.0,6,3.0,0.3076923076923077,4341,599.0,0.13799448022079117
CA-2021-162015,KB-16240,2021-07-11,US,West,United States,Corporate,Medium,1455.55,10,0.0,0.0,2,2,1,7,6,1,521.0,4,0.0,0.09090909090909091,4342,599.0,0.13796275005748448
CA-2021-162015,KB-16240,2021-07-11,US,West,United States,Corporate,Medium,1455.55,10,0.0,0.0,2,2,1,7,6,1,0.0,5,1.0,0.16666666666666666,4343,600.0,0.13816091954022988
CA-2021-164959,KN-16390,2021-07-11,US,West,United States,Corporate,Medium,8.67,3,0.0,0.0,1,1,0,7,6,1,38.0,6,0.0,0.07692307692307693,4344,601.0,0.13835899793151
CA-2021-106047,CS-11860,2021-07-12,US,East,United States,Consumer,Medium,3.816,1,0.2,0.2,1,1,0,7,0,0,40.0,4,0.0,0.09090909090909091,4345,601.0,0.13832720588235295
CA-2021-102155,RR-19525,2021-07-13,US,Central,United States,Corporate,Medium,373.94,4,0.0,0.0,2,1,0,7,1,0,353.0,8,4.0,0.3333333333333333,4346,601.0,0.13829542844015622
CA-2021-136364,MH-17455,2021-07-13,US,East,United States,Consumer,Medium,130.602,10,0.30000000000000004,0.4,2,2,0,7,1,0,150.0,6,1.0,0.15384615384615385,4347,601.0,0.1382636655948553
CA-2021-121048,TC-21295,2021-07-14,US,West,United States,Consumer,Medium,988.2040000000001,22,0.05714285714285715,0.2,7,3,0,7,2,0,69.0,4,1.0,0.18181818181818182,4348,601.0,0.13823191733639495
US-2021-161935,JL-15835,2021-07-14,US,East,United States,Consumer,Medium,2610.73,33,0.23333333333333336,0.4,6,3,0,7,2,0,111.0,8,2.0,0.2,4349,601.0,0.1382001836547291
CA-2021-164378,MM-18055,2021-07-15,US,East,United States,Consumer,Medium,729.396,15,0.02,0.1,5,3,0,7,3,0,68.0,5,0.0,0.08333333333333333,4350,601.0,0.13816846453982098
CA-2021-166142,MM-17260,2021-07-15,US,East,United States,Consumer,Medium,336.99300000000005,6,0.15,0.3,2,2,1,7,3,0,154.0,3,1.0,0.2,4351,601.0,0.13813675998164296
CA-2021-166142,MM-17260,2021-07-15,US,East,United States,Consumer,Medium,336.99300000000005,6,0.15,0.3,2,2,1,7,3,0,0.0,4,2.0,0.2727272727272727,4352,602.0,0.1383344803854095
US-2021-128951,RS-19420,2021-07-15,US,South,United States,Corporate,Medium,1065.8400000000001,8,0.0,0.0,3,2,0,7,3,0,188.0,3,0.0,0.1,4353,603.0,0.13853211009174313
CA-2021-109778,VM-21685,2021-07-16,US,Central,United States,Home Office,Medium,2.9120000000000004,2,0.2,0.2,1,1,0,7,4,0,122.0,5,0.0,0.08333333333333333,4354,603.0,0.13850034395780783
US-2021-152842,NF-18385,2021-07-16,US,South,United States,Consumer,Medium,242.35200000000003,3,0.2,0.2,1,1,0,7,4,0,293.0,4,0.0,0.09090909090909091,4355,603.0,0.13846859238881248
US-2021-156909,SF-20065,2021-07-16,US,East,United States,Consumer,Medium,71.37199999999999,2,0.3,0.3,1,1,0,7,4,0,212.0,5,0.0,0.08333333333333333,4356,603.0,0.13843685537474215
CA-2021-126662,AB-10255,2021-07-17,US,West,United States,Home Office,Medium,479.98400000000004,2,0.2,0.2,1,1,0,7,5,1,31.0,8,1.0,0.13333333333333333,4357,603.0,0.1384051329055912
CA-2021-139948,SW-20455,2021-07-17,US,South,United States,Consumer,Medium,7.904000000000001,2,0.2,0.2,1,1,0,7,5,1,293.0,5,0.0,0.08333333333333333,4358,603.0,0.13837342497136312
CA-2021-142342,AJ-10795,2021-07-17,US,West,United States,Corporate,Medium,1295.0249999999999,17,0.0375,0.15,4,2,1,7,5,1,203.0,12,7.0,0.42105263157894735,4359,603.0,0.13834173156207055
CA-2021-142342,AJ-10795,2021-07-17,US,West,United States,Corporate,Medium,1295.0249999999999,17,0.0375,0.15,4,2,1,7,5,1,0.0,13,8.0,0.45,4360,604.0,0.1385390428211587
CA-2021-142342,AJ-10795,2021-07-17,US,West,United States,Corporate,Medium,1295.0249999999999,17,0.0375,0.15,4,2,1,7,5,1,0.0,14,9.0,0.47619047619047616,4361,605.0,0.13873626373626374
CA-2021-142342,AJ-10795,2021-07-17,US,West,United States,Corporate,Medium,1295.0249999999999,17,0.0375,0.15,4,2,1,7,5,1,0.0,15,10.0,0.5,4362,606.0,0.13893339436942093
US-2021-105046,BE-11335,2021-07-17,US,East,United States,Home Office,Medium,408.96000000000004,11,0.0,0.0,3,3,1,7,5,1,116.0,3,0.0,0.1,4363,607.0,0.1391304347826087
US-2021-105046,BE-11335,2021-07-17,US,East,United States,Home Office,Medium,408.96000000000004,11,0.0,0.0,3,3,1,7,5,1,0.0,4,1.0,0.18181818181818182,4364,608.0,0.1393273850377488
US-2021-105046,BE-11335,2021-07-17,US,East,United States,Home Office,Medium,408.96000000000004,11,0.0,0.0,3,3,1,7,5,1,0.0,5,2.0,0.25,4365,609.0,0.1395242451967063
US-2021-142573,ML-17410,2021-07-18,US,West,United States,Consumer,Medium,1298.896,16,0.36,0.7,5,2,0,7,6,1,50.0,4,0.0,0.09090909090909091,4366,610.0,0.13972101532128972
US-2021-165358,SV-20365,2021-07-18,US,East,United States,Consumer,Medium,807.898,11,0.3,0.4,3,3,0,7,6,1,250.0,6,0.0,0.07692307692307693,4367,610.0,0.1396890717878372
CA-2021-118640,CS-11950,2021-07-20,US,Central,United States,Consumer,Medium,78.504,3,0.4,0.6,2,2,0,7,1,0,74.0,12,6.0,0.3684210526315789,4368,610.0,0.13965714285714287
CA-2021-122035,EM-13825,2021-07-20,US,Central,United States,Corporate,Medium,1107.68,22,0.0,0.0,6,3,0,7,1,0,79.0,6,0.0,0.07692307692307693,4369,610.0,0.13962522851919562
CA-2021-150497,SM-20950,2021-07-20,US,Central,United States,Corporate,Medium,735.98,2,0.0,0.0,1,1,0,7,1,0,51.0,10,0.0,0.058823529411764705,4370,610.0,0.1395933287639936
US-2021-108343,AR-10825,2021-07-20,US,East,United States,Corporate,Medium,361.044,8,0.03333333333333333,0.1,3,2,0,7,1,0,221.0,5,0.0,0.08333333333333333,4371,610.0,0.1395614435815441
CA-2021-103478,KL-16555,2021-07-21,US,Central,United States,Corporate,Medium,97.05599999999998,11,0.8,0.8,2,1,0,7,2,0,202.0,5,0.0,0.08333333333333333,4372,610.0,0.13952957296186344
CA-2021-104731,AM-10705,2021-07-21,US,South,United States,Consumer,Medium,951.98,29,0.0,0.0,7,3,0,7,2,0,26.0,7,0.0,0.07142857142857142,4373,610.0,0.13949771689497717
CA-2021-118724,AR-10825,2021-07-21,US,West,United States,Corporate,Medium,1629.7120000000002,11,0.1,0.2,2,2,0,7,2,0,1.0,6,0.0,0.07692307692307693,4374,610.0,0.1394658753709199
CA-2021-145093,PT-19090,2021-07-21,US,Central,United States,Consumer,Medium,2.1119999999999997,2,0.8,0.8,1,1,0,7,2,0,319.0,2,0.0,0.1111111111111111,4375,610.0,0.13943404837973528
CA-2021-145429,SW-20455,2021-07-21,US,West,United States,Consumer,Medium,291.988,7,0.13333333333333333,0.2,3,2,0,7,2,0,4.0,6,0.0,0.07692307692307693,4376,610.0,0.13940223591147616
US-2021-123204,CS-11860,2021-07-21,US,East,United States,Consumer,Medium,17.48,4,0.0,0.0,1,1,0,7,2,0,9.0,5,0.0,0.08333333333333333,4377,610.0,0.13937043795620438
US-2021-123834,GM-14500,2021-07-21,US,Central,United States,Consumer,Medium,124.404,4,0.3,0.3,1,1,1,7,2,0,390.0,7,0.0,0.07142857142857142,4378,610.0,0.13933865450399088
US-2021-127719,TW-21025,2021-07-21,US,East,United States,Home Office,Medium,6.48,1,0.0,0.0,1,1,0,7,2,0,38.0,5,0.0,0.08333333333333333,4379,611.0,0.13953488372093023
US-2021-158505,SF-20200,2021-07-21,US,West,United States,Consumer,Medium,97.918,10,0.1,0.2,2,2,0,7,2,0,260.0,6,0.0,0.07692307692307693,4380,611.0,0.1395030772737634
US-2021-160465,SW-20350,2021-07-21,US,East,United States,Home Office,Medium,466.8140000000001,16,0.43333333333333335,0.7,3,2,0,7,2,0,460.0,2,0.0,0.1111111111111111,4381,611.0,0.13947128532360983
CA-2021-109750,FH-14365,2021-07-22,US,East,United States,Corporate,Medium,29.97,3,0.0,0.0,1,1,0,7,3,0,16.0,5,1.0,0.16666666666666666,4382,611.0,0.1394395078605605
US-2021-106551,EB-13930,2021-07-22,US,Central,United States,Consumer,Medium,526.3439999999999,4,0.3,0.3,1,1,0,7,3,0,273.0,4,0.0,0.09090909090909091,4383,611.0,0.13940774487471527
CA-2021-103506,LR-17035,2021-07-23,US,East,United States,Corporate,Medium,41.4,4,0.0,0.0,1,1,0,7,4,0,300.0,5,3.0,0.3333333333333333,4384,611.0,0.1393759963561831
CA-2021-110940,AZ-10750,2021-07-23,US,Central,United States,Consumer,Medium,121.536,4,0.2,0.2,1,1,0,7,4,0,534.0,5,0.0,0.08333333333333333,4385,611.0,0.13934426229508196
CA-2021-117240,CP-12340,2021-07-23,US,East,United States,Corporate,Medium,13.128,3,0.2,0.2,1,1,0,7,4,0,90.0,7,0.0,0.07142857142857142,4386,611.0,0.1393125426815388
CA-2021-118346,PO-19180,2021-07-23,US,Central,United States,Home Office,Medium,399.95,5,0.0,0.0,1,1,0,7,4,0,88.0,10,4.0,0.29411764705882354,4387,611.0,0.13928083750568956
CA-2021-125367,NM-18445,2021-07-23,US,East,United States,Home Office,Medium,13.919999999999998,3,0.2,0.2,1,1,0,7,4,0,790.0,6,0.0,0.07692307692307693,4388,611.0,0.1392491467576792
CA-2021-133718,TB-21520,2021-07-23,US,West,United States,Consumer,Medium,73.512,12,0.1,0.2,2,1,0,7,4,0,535.0,7,0.0,0.07142857142857142,4389,611.0,0.1392174704276615
US-2021-101721,MY-17380,2021-07-23,US,Central,United States,Corporate,Medium,63.312,3,0.2,0.2,1,1,0,7,4,0,143.0,7,5.0,0.42857142857142855,4390,611.0,0.1391858085057994
US-2021-169320,LH-16900,2021-07-23,US,Central,United States,Consumer,Medium,171.43,7,0.0,0.0,2,2,0,7,4,0,227.0,8,2.0,0.2,4391,611.0,0.13915416098226466
US-2021-135013,HR-14830,2021-07-24,US,West,United States,Corporate,Medium,2399.96,5,0.2,0.2,1,1,0,7,5,1,122.0,9,4.0,0.3125,4392,611.0,0.139122527847238
CA-2021-121293,JC-15775,2021-07-25,US,East,United States,Consumer,Medium,477.0920000000001,17,0.24000000000000005,0.4,5,2,0,7,6,1,25.0,8,0.0,0.06666666666666667,4393,611.0,0.1390909090909091
CA-2021-125640,DD-13570,2021-07-25,US,East,United States,Consumer,Medium,3.3040000000000003,1,0.2,0.2,1,1,0,7,6,1,84.0,4,0.0,0.09090909090909091,4394,611.0,0.1390593047034765
CA-2021-167549,EM-14200,2021-07-25,US,Central,United States,Home Office,Medium,298.116,6,0.3,0.3,1,1,0,7,6,1,121.0,2,0.0,0.1111111111111111,4395,611.0,0.13902771467514766
CA-2021-169810,RB-19360,2021-07-25,US,Central,United States,Consumer,Medium,20.23,7,0.0,0.0,1,1,0,7,6,1,124.0,6,3.0,0.3076923076923077,4396,611.0,0.138996138996139
US-2021-167318,GZ-14545,2021-07-26,US,West,United States,Corporate,Medium,2012.3020000000001,8,0.1,0.2,2,2,0,7,0,0,46.0,3,0.0,0.1,4397,611.0,0.13896457765667575
CA-2021-107209,JW-15955,2021-07-27,US,South,United States,Consumer,Medium,194.848,4,0.2,0.2,1,1,0,7,1,0,97.0,3,0.0,0.1,4398,611.0,0.13893303064699206
CA-2021-108791,TM-21490,2021-07-27,US,East,United States,Consumer,Medium,558.81,9,0.0,0.0,2,2,0,7,1,0,119.0,1,0.0,0.125,4399,611.0,0.13890149795733092
CA-2021-123239,MG-18145,2021-07-27,US,South,United States,Consumer,Medium,91.03200000000001,3,0.2,0.2,1,1,0,7,1,0,693.0,2,0.0,0.1111111111111111,4400,611.0,0.13886997957794417
CA-2021-133046,DK-13375,2021-07-27,US,West,United States,Consumer,Medium,297.99,14,0.0,0.0,4,3,0,7,1,0,370.0,5,0.0,0.08333333333333333,4401,611.0,0.13883847549909256
CA-2021-130841,MH-17620,2021-07-28,US,West,United States,Corporate,Medium,1170.564,9,0.13333333333333333,0.2,3,2,0,7,2,0,305.0,3,1.0,0.2,4402,611.0,0.13880698571104558
CA-2021-101483,AG-10675,2021-07-29,US,South,United States,Consumer,Medium,61.21600000000001,10,0.20000000000000004,0.2,3,2,0,7,3,0,50.0,5,2.0,0.25,4403,611.0,0.13877551020408163
CA-2021-130771,LA-16780,2021-07-29,US,Central,United States,Corporate,Medium,127.68800000000002,3,0.2,0.2,2,2,0,7,3,0,218.0,10,0.0,0.058823529411764705,4404,611.0,0.13874404896848788
CA-2021-146031,GM-14440,2021-07-29,US,East,United States,Consumer,Medium,60.12,9,0.0,0.0,1,1,0,7,3,0,98.0,5,0.0,0.08333333333333333,4405,611.0,0.1387126019945603
US-2021-113852,GW-14605,2021-07-29,US,West,United States,Consumer,Medium,90.57000000000001,3,0.0,0.0,1,1,0,7,3,0,281.0,5,0.0,0.08333333333333333,4406,611.0,0.13868116927260368
US-2021-115301,VG-21790,2021-07-29,US,West,United States,Consumer,Medium,115.96,2,0.0,0.0,1,1,0,7,3,0,21.0,5,0.0,0.08333333333333333,4407,611.0,0.13864975079293157
US-2021-130953,RF-19735,2021-07-29,US,Central,United States,Consumer,Medium,935.74,10,0.0,0.0,4,3,0,7,3,0,337.0,6,2.0,0.23076923076923078,4408,611.0,0.13861834654586636
CA-2021-141103,JF-15355,2021-07-30,US,East,United States,Consumer,Medium,89.94999999999999,5,0.0,0.0,1,1,0,7,4,0,98.0,6,3.0,0.3076923076923077,4409,611.0,0.13858695652173914
CA-2021-155740,TC-21475,2021-07-30,US,East,United States,Home Office,Medium,76.77600000000001,4,0.7,0.7,1,1,0,7,4,0,91.0,8,0.0,0.06666666666666667,4410,611.0,0.13855558071088975
CA-2021-167913,JL-15835,2021-07-30,US,West,United States,Consumer,Medium,356.65,9,0.0,0.0,2,1,0,7,4,0,16.0,9,2.0,0.1875,4411,611.0,0.13852421910366683
CA-2021-115805,KW-16435,2021-07-31,US,Central,United States,Consumer,Medium,36.792,1,0.2,0.2,1,1,0,7,5,1,275.0,3,0.0,0.1,4412,611.0,0.1384928716904277
CA-2021-121909,EA-14035,2021-07-31,US,East,United States,Corporate,Medium,54.816,3,0.2,0.2,1,1,0,7,5,1,92.0,16,5.0,0.2608695652173913,4413,611.0,0.13846153846153847
CA-2021-125752,EH-14125,2021-07-31,US,South,United States,Home Office,Medium,41.42400000000001,2,0.2,0.2,1,1,0,7,5,1,40.0,12,6.0,0.3684210526315789,4414,611.0,0.1384302194073739
CA-2021-126144,GM-14680,2021-07-31,US,East,United States,Consumer,Medium,285.57599999999996,4,0.4,0.4,1,1,0,7,5,1,303.0,7,3.0,0.2857142857142857,4415,611.0,0.1383989145183175
CA-2021-147032,LB-16795,2021-07-31,US,East,United States,Home Office,Medium,872.5,9,0.0,0.0,3,1,0,7,5,1,83.0,10,4.0,0.29411764705882354,4416,611.0,0.13836762378476147
CA-2021-161102,EC-14050,2021-07-31,US,West,United States,Consumer,Medium,93.52000000000001,9,0.0,0.0,2,2,0,7,5,1,130.0,3,0.0,0.1,4417,611.0,0.1383363471971067
US-2021-165869,LS-17200,2021-07-31,US,Central,United States,Corporate,Medium,173.4,10,0.0,0.0,2,1,0,7,5,1,44.0,6,3.0,0.3076923076923077,4418,611.0,0.13830508474576272
CA-2021-124576,HK-14890,2021-08-01,US,West,United States,Corporate,Medium,54.89600000000001,2,0.2,0.2,1,1,0,8,6,1,59.0,8,2.0,0.2,4419,611.0,0.13827383642114777
CA-2021-133235,LH-16750,2021-08-01,US,South,United States,Consumer,Medium,271.96,5,0.2,0.2,1,1,0,8,6,1,98.0,2,1.0,0.2222222222222222,4420,611.0,0.13824260221368873
CA-2021-135034,AT-10735,2021-08-01,US,Central,United States,Consumer,Medium,95.98400000000001,2,0.2,0.2,1,1,0,8,6,1,25.0,8,0.0,0.06666666666666667,4421,611.0,0.13821138211382114
CA-2021-162691,AS-10045,2021-08-01,US,Central,United States,Corporate,Medium,1476.27,10,0.30000000000000004,0.4,2,2,0,8,6,1,211.0,4,0.0,0.09090909090909091,4422,611.0,0.13818017611198916
CA-2021-168942,EM-13960,2021-08-01,US,West,United States,Consumer,Medium,186.54,3,0.0,0.0,1,1,0,8,6,1,582.0,5,2.0,0.25,4423,611.0,0.1381489841986456
CA-2021-140781,AB-10105,2021-08-03,US,Central,United States,Consumer,Medium,39.816,3,0.2,0.2,1,1,0,8,1,0,59.0,7,0.0,0.07142857142857142,4424,611.0,0.13811780636425186
CA-2021-141747,SC-20230,2021-08-03,US,West,United States,Corporate,Medium,16.06,1,0.0,0.0,1,1,0,8,1,0,347.0,3,0.0,0.1,4425,611.0,0.13808664259927797
CA-2021-163566,TB-21055,2021-08-03,US,East,United States,Consumer,Medium,16.520000000000003,5,0.2,0.2,1,1,0,8,1,0,135.0,14,13.0,0.6666666666666666,4426,611.0,0.13805549289420257
CA-2021-165386,CM-12190,2021-08-03,US,Central,United States,Consumer,Medium,183.37199999999999,2,0.3,0.3,1,1,0,8,1,0,633.0,3,0.0,0.1,4427,611.0,0.13802435723951287
CA-2021-168396,BD-11725,2021-08-03,US,West,United States,Consumer,Medium,175.71,8,0.0,0.0,2,2,0,8,1,0,65.0,4,0.0,0.09090909090909091,4428,611.0,0.13799323562570462
US-2021-143175,GA-14515,2021-08-03,US,West,United States,Consumer,Medium,99.87,3,0.0,0.0,1,1,0,8,1,0,40.0,7,0.0,0.07142857142857142,4429,611.0,0.13796212804328223
CA-2021-132738,HM-14860,2021-08-04,US,West,United States,Corporate,Medium,16.752000000000002,3,0.2,0.2,2,1,0,8,2,0,112.0,6,0.0,0.07692307692307693,4430,611.0,0.13793103448275862
CA-2021-146367,HM-14860,2021-08-04,US,Central,United States,Corporate,Medium,3.3179999999999996,3,0.8,0.8,1,1,0,8,2,0,0.0,7,0.0,0.07142857142857142,4431,611.0,0.13789995493465526
CA-2021-117695,PW-19030,2021-08-05,US,South,United States,Corporate,Medium,13.76,2,0.0,0.0,1,1,0,8,3,0,39.0,8,0.0,0.06666666666666667,4432,611.0,0.13786888938950215
CA-2021-128328,PO-18865,2021-08-05,US,Central,United States,Consumer,Medium,338.86,17,0.0,0.0,3,2,0,8,3,0,69.0,4,0.0,0.09090909090909091,4433,611.0,0.13783783783783785
CA-2021-154676,NZ-18565,2021-08-05,US,Central,United States,Home Office,Medium,151.056,9,0.2,0.2,1,1,0,8,3,0,97.0,10,5.0,0.35294117647058826,4434,611.0,0.13780680027020942
CA-2021-136609,TB-21355,2021-08-06,US,Central,United States,Corporate,Medium,115.296,3,0.2,0.2,1,1,0,8,4,0,80.0,4,0.0,0.09090909090909091,4435,611.0,0.13777577667717245
CA-2021-151981,GM-14455,2021-08-06,US,East,United States,Home Office,Medium,1077.47,19,0.0,0.0,3,2,0,8,4,0,474.0,4,0.0,0.09090909090909091,4436,611.0,0.137744767049291
CA-2021-161200,SV-20365,2021-08-06,US,South,United States,Consumer,Medium,161.14000000000001,8,0.0,0.0,2,1,0,8,4,0,19.0,7,0.0,0.07142857142857142,4437,611.0,0.13771377137713772
CA-2021-168172,SH-20395,2021-08-06,US,East,United States,Consumer,Medium,70.12,4,0.0,0.0,1,1,0,8,4,0,94.0,7,0.0,0.07142857142857142,4438,611.0,0.13768278965129357
CA-2021-110821,CK-12205,2021-08-07,US,Central,United States,Consumer,Medium,237.608,5,0.2,0.2,2,2,0,8,5,1,87.0,10,0.0,0.058823529411764705,4439,611.0,0.13765182186234817
CA-2021-115175,MC-17575,2021-08-07,US,West,United States,Consumer,Medium,244.54999999999998,5,0.0,0.0,1,1,0,8,5,1,185.0,6,0.0,0.07692307692307693,4440,611.0,0.13762086800089948
CA-2021-117023,JW-15955,2021-08-07,US,East,United States,Consumer,Medium,116.48000000000002,12,0.0,0.0,2,1,0,8,5,1,11.0,4,0.0,0.09090909090909091,4441,611.0,0.13758992805755396
CA-2021-156776,JL-15505,2021-08-07,US,West,United States,Consumer,Medium,2563.314,22,0.1,0.2,8,3,0,8,5,1,74.0,4,0.0,0.09090909090909091,4442,611.0,0.1375590020229265
CA-2021-158344,CC-12475,2021-08-07,US,Central,United States,Consumer,Medium,63.96,4,0.0,0.0,1,1,0,8,5,1,273.0,5,0.0,0.08333333333333333,4443,611.0,0.13752808988764045
CA-2021-163321,FM-14380,2021-08-07,US,South,United States,Consumer,Medium,79.992,1,0.2,0.2,1,1,0,8,5,1,43.0,10,3.0,0.23529411764705882,4444,611.0,0.13749719164232757
US-2021-155999,JK-15370,2021-08-07,US,West,United States,Consumer,Medium,173.72000000000003,7,0.2,0.2,2,2,1,8,5,1,255.0,5,0.0,0.08333333333333333,4445,611.0,0.13746630727762804
US-2021-155999,JK-15370,2021-08-07,US,West,United States,Consumer,Medium,173.72000000000003,7,0.2,0.2,2,2,1,8,5,1,0.0,6,1.0,0.15384615384615385,4446,612.0,0.13766000449135415
CA-2021-143063,IL-15100,2021-08-10,US,Central,United States,Consumer,Medium,1645.8700000000003,17,0.0,0.0,3,3,0,8,1,0,340.0,6,0.0,0.07692307692307693,4447,613.0,0.13785361472833407
CA-2021-145443,SC-20695,2021-08-10,US,Central,United States,Corporate,Medium,177.2,5,0.0,0.0,1,1,0,8,1,0,242.0,8,0.0,0.06666666666666667,4448,613.0,0.1378226711560045
CA-2021-100433,SJ-20125,2021-08-11,US,East,United States,Home Office,Medium,25.92,4,0.0,0.0,1,1,0,8,2,0,102.0,9,0.0,0.0625,4449,613.0,0.13779174147217235
CA-2021-139311,SF-20965,2021-08-11,US,Central,United States,Corporate,Medium,205.296,21,0.35000000000000003,0.8,4,2,0,8,2,0,284.0,6,0.0,0.07692307692307693,4450,613.0,0.13776082566748934
CA-2021-160899,DR-12940,2021-08-11,US,South,United States,Home Office,Medium,477.51,11,0.0,0.0,1,1,0,8,2,0,255.0,6,0.0,0.07692307692307693,4451,613.0,0.13772992373261553
CA-2021-106537,RH-19495,2021-08-12,US,South,United States,Consumer,Medium,20.736000000000004,4,0.2,0.2,1,1,0,8,3,0,743.0,2,0.0,0.1111111111111111,4452,613.0,0.13769903565821934
CA-2021-152310,DK-12895,2021-08-12,US,West,United States,Consumer,Medium,1057.1680000000001,27,0.06666666666666667,0.2,6,2,0,8,3,0,687.0,2,0.0,0.1111111111111111,4453,613.0,0.13766816143497757
CA-2021-158169,JM-16195,2021-08-12,US,West,United States,Consumer,Medium,597.8599999999999,7,0.0,0.0,2,2,0,8,3,0,271.0,11,5.0,0.3333333333333333,4454,613.0,0.13763730105357544
US-2021-118941,BB-11545,2021-08-12,US,East,United States,Corporate,Medium,2017.3200000000002,13,0.0,0.0,3,2,0,8,3,0,229.0,5,0.0,0.08333333333333333,4455,613.0,0.1376064545047064
CA-2021-100580,MK-17905,2021-08-13,US,West,United States,Corporate,Medium,36.024,3,0.2,0.2,1,1,0,8,4,0,58.0,6,0.0,0.07692307692307693,4456,613.0,0.13757562177907237
CA-2021-128363,DC-12850,2021-08-13,US,South,United States,Consumer,Medium,2382.9260000000004,28,0.2714285714285714,0.7,7,3,0,8,4,0,52.0,6,0.0,0.07692307692307693,4457,613.0,0.13754480286738352
CA-2021-167542,KD-16495,2021-08-13,US,East,United States,Corporate,Medium,17.544,3,0.2,0.2,1,1,0,8,4,0,201.0,10,0.0,0.058823529411764705,4458,613.0,0.13751399776035833
US-2021-103828,JK-15370,2021-08-13,US,West,United States,Consumer,Medium,206.67000000000002,17,0.0,0.0,4,1,1,8,4,0,6.0,7,2.0,0.21428571428571427,4459,613.0,0.1374832064487237
US-2021-103828,JK-15370,2021-08-13,US,West,United States,Consumer,Medium,206.67000000000002,17,0.0,0.0,4,1,1,8,4,0,0.0,8,3.0,0.26666666666666666,4460,614.0,0.13767629281396912
US-2021-103828,JK-15370,2021-08-13,US,West,United States,Consumer,Medium,206.67000000000002,17,0.0,0.0,4,1,1,8,4,0,0.0,9,4.0,0.3125,4461,615.0,0.1378692927484333
US-2021-103828,JK-15370,2021-08-13,US,West,United States,Consumer,Medium,206.67000000000002,17,0.0,0.0,4,1,1,8,4,0,0.0,10,5.0,0.35294117647058826,4462,616.0,0.1380622063101365
CA-2021-105921,JM-15250,2021-08-14,US,West,United States,Consumer,Medium,418.29599999999994,3,0.2,0.2,1,1,0,8,5,1,115.0,3,0.0,0.1,4463,617.0,0.138255033557047
CA-2021-169264,NP-18700,2021-08-14,US,West,United States,Consumer,Medium,22.439999999999998,8,0.0,0.0,2,1,0,8,5,1,49.0,6,0.0,0.07692307692307693,4464,617.0,0.13822411093715053
CA-2021-138548,JG-15160,2021-08-15,US,East,United States,Consumer,Medium,97.84,2,0.0,0.0,1,1,0,8,6,1,80.0,9,0.0,0.0625,4465,617.0,0.1381932021466905
CA-2021-144883,BO-11350,2021-08-15,US,Central,United States,Corporate,Medium,50.4,8,0.0,0.0,1,1,0,8,6,1,104.0,4,0.0,0.09090909090909091,4466,617.0,0.1381623071763917
US-2021-117723,DL-13495,2021-08-15,US,East,United States,Corporate,Medium,1801.632,6,0.2,0.2,1,1,0,8,6,1,107.0,5,0.0,0.08333333333333333,4467,617.0,0.13813142601698702
CA-2021-122987,SJ-20215,2021-08-16,US,South,United States,Consumer,Medium,80.56400000000001,7,0.44999999999999996,0.7,2,1,0,8,0,0,118.0,4,1.0,0.18181818181818182,4468,617.0,0.1381005586592179
CA-2021-118892,TP-21415,2021-08-17,US,East,United States,Consumer,Medium,4416.174,9,0.3,0.3,1,1,0,8,1,0,189.0,3,0.0,0.1,4469,617.0,0.1380697050938338
CA-2021-133102,ED-13885,2021-08-17,US,Central,United States,Home Office,Medium,143.808,15,0.42000000000000004,0.8,5,2,0,8,1,0,179.0,7,1.0,0.14285714285714285,4470,617.0,0.1380388653115926
CA-2021-151211,AH-10120,2021-08-17,US,South,United States,Home Office,Medium,201.09,9,0.0,0.0,2,2,0,8,1,0,46.0,11,7.0,0.4444444444444444,4471,617.0,0.1380080393032604
CA-2021-166093,RW-19540,2021-08-17,US,West,United States,Corporate,Medium,3397.732,30,0.08571428571428573,0.2,7,2,1,8,1,0,102.0,4,0.0,0.09090909090909091,4472,617.0,0.13797722705961152
CA-2021-166093,RW-19540,2021-08-17,US,West,United States,Corporate,Medium,3397.732,30,0.08571428571428573,0.2,7,2,1,8,1,0,0.0,5,1.0,0.16666666666666666,4473,618.0,0.13816964285714287
CA-2021-166093,RW-19540,2021-08-17,US,West,United States,Corporate,Medium,3397.732,30,0.08571428571428573,0.2,7,2,1,8,1,0,0.0,6,2.0,0.23076923076923078,4474,619.0,0.1383619727739344
CA-2021-166093,RW-19540,2021-08-17,US,West,United States,Corporate,Medium,3397.732,30,0.08571428571428573,0.2,7,2,1,8,1,0,0.0,7,3.0,0.2857142857142857,4475,620.0,0.13855421686746988
CA-2021-166093,RW-19540,2021-08-17,US,West,United States,Corporate,Medium,3397.732,30,0.08571428571428573,0.2,7,2,1,8,1,0,0.0,8,4.0,0.3333333333333333,4476,621.0,0.1387463751951818
CA-2021-166093,RW-19540,2021-08-17,US,West,United States,Corporate,Medium,3397.732,30,0.08571428571428573,0.2,7,2,1,8,1,0,0.0,9,5.0,0.375,4477,622.0,0.1389384478144514
CA-2021-166093,RW-19540,2021-08-17,US,West,United States,Corporate,Medium,3397.732,30,0.08571428571428573,0.2,7,2,1,8,1,0,0.0,10,6.0,0.4117647058823529,4478,623.0,0.1391304347826087
US-2021-111423,EH-13765,2021-08-17,US,East,United States,Corporate,Medium,1358.484,7,0.15000000000000002,0.2,2,2,0,8,1,0,207.0,13,3.0,0.2,4479,624.0,0.13932233615693268
CA-2021-112809,RA-19915,2021-08-18,US,Central,United States,Consumer,Medium,228.18800000000002,12,0.6,0.8,3,1,0,8,2,0,329.0,7,0.0,0.07142857142857142,4480,624.0,0.13929128593715176
CA-2021-117947,NG-18355,2021-08-18,US,East,United States,Corporate,Medium,283.774,17,0.04,0.2,5,3,0,8,2,0,183.0,6,4.0,0.38461538461538464,4481,624.0,0.1392602495543672
CA-2021-119809,YS-21880,2021-08-18,US,West,United States,Corporate,Medium,3859.4880000000003,19,0.06666666666666667,0.2,3,2,0,8,2,0,46.0,6,0.0,0.07692307692307693,4482,624.0,0.1392292269993317
CA-2021-121027,HW-14935,2021-08-18,US,West,United States,Corporate,Medium,2340.06,11,0.0,0.0,2,1,0,8,2,0,78.0,6,1.0,0.15384615384615385,4483,624.0,0.13919821826280623
CA-2021-122028,CK-12205,2021-08-18,US,East,United States,Consumer,Medium,10.782000000000002,3,0.7,0.7,1,1,0,8,2,0,11.0,11,0.0,0.05555555555555555,4484,624.0,0.13916722333556
CA-2021-151358,NF-18595,2021-08-18,US,West,United States,Home Office,Medium,323.1,2,0.0,0.0,1,1,0,8,2,0,838.0,5,0.0,0.08333333333333333,4485,624.0,0.13913624220837043
CA-2021-162936,CM-12160,2021-08-18,US,East,United States,Consumer,Medium,23.18,2,0.0,0.0,1,1,0,8,2,0,244.0,2,0.0,0.1111111111111111,4486,624.0,0.13910527487202315
CA-2021-163069,PJ-19015,2021-08-18,US,East,United States,Consumer,Medium,9.912,3,0.2,0.2,1,1,0,8,2,0,59.0,6,0.0,0.07692307692307693,4487,624.0,0.13907432131731198
CA-2021-101728,SC-20575,2021-08-19,US,Central,United States,Consumer,Medium,2.2959999999999994,2,0.8,0.8,1,1,0,8,3,0,56.0,3,0.0,0.1,4488,624.0,0.13904338153503892
CA-2021-115777,DO-13645,2021-08-19,US,East,United States,Consumer,Medium,19.44,3,0.0,0.0,1,1,0,8,3,0,651.0,1,0.0,0.125,4489,624.0,0.13901245551601424
CA-2021-132339,JB-15400,2021-08-19,US,East,United States,Corporate,Medium,387.99,1,0.0,0.0,1,1,0,8,3,0,392.0,6,0.0,0.07692307692307693,4490,624.0,0.13898154325105627
US-2021-100398,DO-13435,2021-08-19,US,West,United States,Consumer,Medium,102.72,3,0.2,0.2,1,1,0,8,3,0,54.0,8,0.0,0.06666666666666667,4491,624.0,0.13895064473099156
CA-2021-105326,KT-16480,2021-08-20,US,West,United States,Consumer,Medium,25.92,4,0.0,0.0,1,1,0,8,4,0,57.0,8,0.0,0.06666666666666667,4492,624.0,0.1389197599466548
CA-2021-119011,LR-17035,2021-08-20,US,West,United States,Corporate,Medium,351.65999999999997,12,0.06666666666666667,0.2,3,2,0,8,4,0,28.0,6,3.0,0.3076923076923077,4493,624.0,0.1388888888888889
CA-2021-137344,EM-13810,2021-08-20,US,East,United States,Corporate,Medium,40.29,3,0.0,0.0,1,1,0,8,4,0,534.0,4,0.0,0.09090909090909091,4494,624.0,0.13885803154854476
US-2021-111241,GM-14500,2021-08-20,US,West,United States,Consumer,Medium,239.12000000000003,5,0.2,0.2,1,1,0,8,4,0,30.0,8,1.0,0.13333333333333333,4495,624.0,0.13882718791648158
US-2021-114356,TT-21460,2021-08-20,US,South,United States,Home Office,Medium,35.96,1,0.2,0.2,1,1,0,8,4,0,169.0,4,0.0,0.09090909090909091,4496,624.0,0.13879635798356652
CA-2021-112956,TH-21550,2021-08-21,US,East,United States,Home Office,Medium,394.47999999999996,11,0.0,0.0,3,2,0,8,5,1,56.0,5,0.0,0.08333333333333333,4497,624.0,0.13876554174067496
CA-2021-117646,SC-20845,2021-08-21,US,West,United States,Consumer,Medium,266.52000000000004,7,0.20000000000000004,0.2,3,2,0,8,5,1,283.0,1,0.0,0.125,4498,624.0,0.13873473917869034
CA-2021-121489,CM-11815,2021-08-21,US,West,United States,Corporate,Medium,994.464,14,0.06666666666666667,0.2,3,3,0,8,5,1,85.0,5,0.0,0.08333333333333333,4499,624.0,0.1387039502885042
CA-2021-126956,GT-14710,2021-08-21,US,Central,United States,Consumer,Medium,87.52,13,0.0,0.0,3,1,0,8,5,1,55.0,9,0.0,0.0625,4500,624.0,0.1386731750610162
CA-2021-144750,DL-13495,2021-08-21,US,West,United States,Corporate,Medium,83.88,1,0.2,0.2,1,1,0,8,5,1,6.0,6,0.0,0.07692307692307693,4501,624.0,0.138642413487134
CA-2021-155705,NF-18385,2021-08-21,US,South,United States,Consumer,Medium,866.4,4,0.0,0.0,1,1,0,8,5,1,36.0,5,0.0,0.08333333333333333,4502,624.0,0.13861166555777335
US-2021-102183,PK-19075,2021-08-21,US,East,United States,Consumer,Medium,4337.64,13,0.2,0.2,2,1,0,8,5,1,169.0,8,0.0,0.06666666666666667,4503,624.0,0.1385809312638581
US-2021-109253,PR-18880,2021-08-21,US,West,United States,Consumer,Medium,1520.15,32,0.08571428571428573,0.2,7,3,1,8,5,1,611.0,3,0.0,0.1,4504,624.0,0.1385502105963201
US-2021-109253,PR-18880,2021-08-21,US,West,United States,Consumer,Medium,1520.15,32,0.08571428571428573,0.2,7,3,1,8,5,1,0.0,4,1.0,0.18181818181818182,4505,625.0,0.13874113475177305
US-2021-109253,PR-18880,2021-08-21,US,West,United States,Consumer,Medium,1520.15,32,0.08571428571428573,0.2,7,3,1,8,5,1,0.0,5,2.0,0.25,4506,626.0,0.13893197429647686
US-2021-109253,PR-18880,2021-08-21,US,West,United States,Consumer,Medium,1520.15,32,0.08571428571428573,0.2,7,3,1,8,5,1,0.0,6,3.0,0.3076923076923077,4507,627.0,0.13912272928666372
US-2021-109253,PR-18880,2021-08-21,US,West,United States,Consumer,Medium,1520.15,32,0.08571428571428573,0.2,7,3,1,8,5,1,0.0,7,4.0,0.35714285714285715,4508,628.0,0.13931339977851606
US-2021-109253,PR-18880,2021-08-21,US,West,United States,Consumer,Medium,1520.15,32,0.08571428571428573,0.2,7,3,1,8,5,1,0.0,8,5.0,0.4,4509,629.0,0.13950398582816653
US-2021-109253,PR-18880,2021-08-21,US,West,United States,Consumer,Medium,1520.15,32,0.08571428571428573,0.2,7,3,1,8,5,1,0.0,9,6.0,0.4375,4510,630.0,0.13969448749169802
CA-2021-131037,TM-21490,2021-08-22,US,West,United States,Consumer,Medium,210.008,1,0.2,0.2,1,1,0,8,6,1,26.0,2,0.0,0.1111111111111111,4511,631.0,0.13988490482514387
US-2021-132381,Dp-13240,2021-08-22,US,East,United States,Home Office,Medium,314.532,2,0.4,0.4,1,1,0,8,6,1,68.0,6,0.0,0.07692307692307693,4512,631.0,0.1398539499889356
CA-2021-129021,PO-18850,2021-08-23,US,South,United States,Consumer,Medium,4590.344000000001,28,0.2,0.2,5,3,0,8,0,0,48.0,7,0.0,0.07142857142857142,4513,631.0,0.13982300884955753
CA-2021-123043,AH-10195,2021-08-24,US,East,United States,Corporate,Medium,28.416,5,0.2,0.2,2,1,0,8,1,0,249.0,2,0.0,0.1111111111111111,4514,631.0,0.13979208139792082
CA-2021-139717,DM-13015,2021-08-24,US,East,United States,Consumer,Medium,656.6400000000001,10,0.2,0.2,2,1,0,8,1,0,353.0,10,7.0,0.47058823529411764,4515,631.0,0.13976116762494473
CA-2021-101210,DW-13540,2021-08-25,US,South,United States,Consumer,Medium,13.152000000000001,3,0.2,0.2,2,1,0,8,2,0,172.0,3,0.0,0.1,4516,631.0,0.13973026752155648
CA-2021-114636,GA-14725,2021-08-25,US,South,United States,Consumer,Medium,192.16000000000003,5,0.2,0.2,1,1,0,8,2,0,166.0,8,0.0,0.06666666666666667,4517,631.0,0.13969938107869143
CA-2021-159793,SV-20365,2021-08-25,US,East,United States,Consumer,Medium,130.98,2,0.5,0.5,1,1,0,8,2,0,19.0,8,0.0,0.06666666666666667,4518,631.0,0.13966850828729283
US-2021-105697,JE-15715,2021-08-25,US,East,United States,Consumer,Medium,25.695999999999998,2,0.2,0.2,1,1,0,8,2,0,71.0,14,8.0,0.42857142857142855,4519,631.0,0.13963764913831198
CA-2021-128475,SC-20680,2021-08-26,US,South,United States,Home Office,Medium,71.98,2,0.0,0.0,1,1,0,8,3,0,252.0,5,0.0,0.08333333333333333,4520,631.0,0.1396068036227082
CA-2021-132584,HJ-14875,2021-08-26,US,Central,United States,Home Office,Medium,53.72,4,0.0,0.0,1,1,0,8,3,0,274.0,4,1.0,0.18181818181818182,4521,631.0,0.13957597173144876
CA-2021-157350,DP-13000,2021-08-26,US,Central,United States,Consumer,Medium,64.96,5,0.6,0.6,1,1,0,8,3,0,104.0,8,0.0,0.06666666666666667,4522,631.0,0.13954515345550894
CA-2021-101273,ST-20530,2021-08-27,US,South,United States,Consumer,Medium,14.336000000000002,4,0.2,0.2,1,1,1,8,4,0,68.0,7,2.0,0.21428571428571427,4523,631.0,0.13951434878587196
CA-2021-130036,BP-11185,2021-08-27,US,East,United States,Corporate,Medium,1132.5600000000002,17,0.2,0.2,2,2,0,8,4,0,247.0,5,0.0,0.08333333333333333,4524,632.0,0.13970425954535423
CA-2021-133501,DK-12895,2021-08-27,US,South,United States,Consumer,Medium,5.184000000000001,1,0.2,0.2,1,1,0,8,4,0,15.0,3,0.0,0.1,4525,632.0,0.13967343336275376
CA-2021-155047,SE-20110,2021-08-27,US,Central,United States,Consumer,Medium,5.952000000000001,1,0.2,0.2,1,1,0,8,4,0,167.0,8,0.0,0.06666666666666667,4526,632.0,0.13964262078093978
CA-2021-161956,DR-12880,2021-08-27,US,West,United States,Corporate,Medium,2971.7920000000004,26,0.07500000000000001,0.2,8,3,1,8,4,0,59.0,8,2.0,0.2,4527,632.0,0.1396118217909131
CA-2021-161956,DR-12880,2021-08-27,US,West,United States,Corporate,Medium,2971.7920000000004,26,0.07500000000000001,0.2,8,3,1,8,4,0,0.0,9,3.0,0.25,4528,633.0,0.13980154355016539
CA-2021-161956,DR-12880,2021-08-27,US,West,United States,Corporate,Medium,2971.7920000000004,26,0.07500000000000001,0.2,8,3,1,8,4,0,0.0,10,4.0,0.29411764705882354,4529,634.0,0.13999118165784832
CA-2021-161956,DR-12880,2021-08-27,US,West,United States,Corporate,Medium,2971.7920000000004,26,0.07500000000000001,0.2,8,3,1,8,4,0,0.0,11,5.0,0.3333333333333333,4530,635.0,0.14018073616927484
CA-2021-161956,DR-12880,2021-08-27,US,West,United States,Corporate,Medium,2971.7920000000004,26,0.07500000000000001,0.2,8,3,1,8,4,0,0.0,12,6.0,0.3684210526315789,4531,636.0,0.14037020713970913
CA-2021-161956,DR-12880,2021-08-27,US,West,United States,Corporate,Medium,2971.7920000000004,26,0.07500000000000001,0.2,8,3,1,8,4,0,0.0,13,7.0,0.4,4532,637.0,0.1405595946243666
CA-2021-161956,DR-12880,2021-08-27,US,West,United States,Corporate,Medium,2971.7920000000004,26,0.07500000000000001,0.2,8,3,1,8,4,0,0.0,14,8.0,0.42857142857142855,4533,638.0,0.14074889867841409
CA-2021-161956,DR-12880,2021-08-27,US,West,United States,Corporate,Medium,2971.7920000000004,26,0.07500000000000001,0.2,8,3,1,8,4,0,0.0,15,9.0,0.45454545454545453,4534,639.0,0.14093811935696984
CA-2021-163097,SF-20200,2021-08-27,US,West,United States,Consumer,Medium,120.57600000000001,8,0.2,0.2,1,1,0,8,4,0,37.0,7,0.0,0.07142857142857142,4535,640.0,0.14112725671510348
US-2021-134481,AR-10405,2021-08-27,US,East,United States,Corporate,Medium,1488.4239999999998,7,0.3,0.3,1,1,0,8,4,0,69.0,4,0.0,0.09090909090909091,4536,640.0,0.14109619194364956
US-2021-139465,MR-17545,2021-08-27,US,East,United States,Home Office,Medium,448.818,17,0.06666666666666667,0.2,3,2,0,8,4,0,50.0,3,0.0,0.1,4537,640.0,0.14106514084507044
US-2021-162208,SP-20620,2021-08-27,US,South,United States,Corporate,Medium,2.8960000000000004,1,0.2,0.2,1,1,0,8,4,0,262.0,6,2.0,0.23076923076923078,4538,640.0,0.14103410341034103
CA-2021-126067,KN-16705,2021-08-28,US,West,United States,Home Office,Medium,1278.1580000000001,16,0.1,0.2,4,3,0,8,5,1,78.0,8,3.0,0.26666666666666666,4539,640.0,0.14100307963044434
CA-2021-146920,SC-20305,2021-08-28,US,Central,United States,Consumer,Medium,52.06400000000001,11,0.2,0.2,2,1,0,8,5,1,79.0,5,0.0,0.08333333333333333,4540,640.0,0.14097206949637123
US-2021-169502,MG-17650,2021-08-28,US,Central,United States,Home Office,Medium,113.41,8,0.0,0.0,2,1,0,8,5,1,165.0,4,0.0,0.09090909090909091,4541,640.0,0.14094107299912048
CA-2021-101014,RW-19540,2021-08-29,US,West,United States,Corporate,Medium,148.02,3,0.0,0.0,1,1,0,8,6,1,12.0,11,7.0,0.4444444444444444,4542,640.0,0.14091009012969882
CA-2021-104024,MD-17860,2021-08-29,US,East,United States,Corporate,Medium,9.408000000000001,7,0.2,0.2,1,1,0,8,6,1,93.0,2,0.0,0.1111111111111111,4543,640.0,0.14087912087912088
CA-2021-144064,CP-12085,2021-08-29,US,Central,United States,Corporate,Medium,78.04,15,0.4000000000000001,0.8,3,1,1,8,6,1,228.0,6,0.0,0.07692307692307693,4544,640.0,0.14084816523840915
CA-2021-144064,CP-12085,2021-08-29,US,Central,United States,Corporate,Medium,78.04,15,0.4000000000000001,0.8,3,1,1,8,6,1,0.0,7,1.0,0.14285714285714285,4545,641.0,0.14103690685413006
CA-2021-144064,CP-12085,2021-08-29,US,Central,United States,Corporate,Medium,78.04,15,0.4000000000000001,0.8,3,1,1,8,6,1,0.0,8,2.0,0.2,4546,642.0,0.14122556556116847
CA-2021-107321,AW-10930,2021-08-31,US,West,United States,Home Office,Medium,696.08,7,0.2,0.2,2,2,0,8,1,0,286.0,5,0.0,0.08333333333333333,4547,643.0,0.1414141414141414
CA-2021-117198,BG-11035,2021-08-31,US,South,United States,Consumer,Medium,659.9,2,0.0,0.0,1,1,0,8,1,0,287.0,5,0.0,0.08333333333333333,4548,643.0,0.14138309549945116
CA-2021-127712,MG-17890,2021-08-31,US,West,United States,Home Office,Medium,6.208,2,0.2,0.2,1,1,0,8,1,0,93.0,7,0.0,0.07142857142857142,4549,643.0,0.14135206321334504
CA-2021-132619,MS-17770,2021-08-31,US,West,United States,Consumer,Medium,193.95000000000002,3,0.0,0.0,1,1,0,8,1,0,294.0,8,0.0,0.06666666666666667,4550,643.0,0.141321044546851
CA-2021-133004,AJ-10945,2021-08-31,US,Central,United States,Consumer,Medium,638.73,9,0.0,0.0,1,1,0,8,1,0,286.0,5,0.0,0.08333333333333333,4551,643.0,0.14129003949100483
CA-2021-154074,BW-11110,2021-08-31,US,West,United States,Corporate,Medium,719.2980000000001,9,0.1,0.2,2,2,1,8,1,0,96.0,7,0.0,0.07142857142857142,4552,643.0,0.1412590480368502
CA-2021-154074,BW-11110,2021-08-31,US,West,United States,Corporate,Medium,719.2980000000001,9,0.1,0.2,2,2,1,8,1,0,0.0,8,1.0,0.13333333333333333,4553,644.0,0.14144736842105263
CA-2021-159884,JF-15490,2021-08-31,US,West,United States,Consumer,Medium,19.12,4,0.2,0.2,2,1,0,8,1,0,117.0,10,0.0,0.058823529411764705,4554,645.0,0.14163560622670468
US-2021-135062,RL-19615,2021-08-31,US,South,United States,Consumer,Medium,229.544,7,0.2,0.2,1,1,0,8,1,0,55.0,7,1.0,0.14285714285714285,4555,645.0,0.14160455940377029
CA-2021-107909,SS-20875,2021-09-01,US,West,United States,Consumer,Medium,42.91,6,0.1,0.2,2,2,0,9,2,0,370.0,4,0.0,0.09090909090909091,4556,645.0,0.1415735261889108
CA-2021-128041,RW-19540,2021-09-01,US,West,United States,Corporate,Medium,598.1600000000001,8,0.0,0.0,2,2,0,9,2,0,3.0,12,7.0,0.42105263157894735,4557,645.0,0.14154250657318143
CA-2021-131625,BN-11515,2021-09-01,US,East,United States,Consumer,Medium,114.9,5,0.0,0.0,1,1,0,9,2,0,470.0,6,4.0,0.38461538461538464,4558,645.0,0.14151150054764514
CA-2021-145653,CA-12775,2021-09-01,US,Central,United States,Consumer,Medium,498.26000000000005,7,0.0,0.0,1,1,0,9,2,0,112.0,6,0.0,0.07692307692307693,4559,645.0,0.14148050810337276
US-2021-135230,CK-12325,2021-09-01,US,West,United States,Home Office,Medium,7.58,1,0.0,0.0,1,1,0,9,2,0,196.0,8,5.0,0.4,4560,645.0,0.14144952923144297
CA-2021-102218,LW-17215,2021-09-02,US,West,United States,Consumer,Medium,11.696,2,0.2,0.2,1,1,0,9,3,0,144.0,5,0.0,0.08333333333333333,4561,645.0,0.14141856392294222
CA-2021-110380,PF-19225,2021-09-02,US,West,United States,Consumer,Medium,6.57,3,0.0,0.0,1,1,0,9,3,0,247.0,3,0.0,0.1,4562,645.0,0.14138761216896475
CA-2021-111220,JS-15595,2021-09-02,US,Central,United States,Corporate,Medium,257.508,11,0.4000000000000001,0.8,3,1,0,9,3,0,312.0,3,1.0,0.2,4563,645.0,0.1413566739606127
CA-2021-111388,SU-20665,2021-09-02,US,West,United States,Home Office,Medium,215.976,3,0.2,0.2,1,1,0,9,3,0,173.0,5,0.0,0.08333333333333333,4564,645.0,0.14132574928899586
CA-2021-113075,MC-18100,2021-09-02,US,Central,United States,Consumer,Medium,40.68,3,0.2,0.2,1,1,0,9,3,0,330.0,7,0.0,0.07142857142857142,4565,645.0,0.14129483814523183
CA-2021-114216,RK-19300,2021-09-02,US,East,United States,Consumer,Medium,12.192,3,0.2,0.2,1,1,0,9,3,0,691.0,2,0.0,0.1111111111111111,4566,645.0,0.1412639405204461
CA-2021-114552,Dl-13600,2021-09-02,US,East,United States,Corporate,Medium,15.072000000000003,3,0.2,0.2,1,1,0,9,3,0,86.0,4,1.0,0.18181818181818182,4567,645.0,0.14123305640577175
CA-2021-123001,AW-10840,2021-09-02,US,West,United States,Consumer,Medium,284.984,12,0.06666666666666667,0.2,3,2,0,9,3,0,643.0,2,0.0,0.1111111111111111,4568,645.0,0.14120218579234972
CA-2021-137596,BE-11335,2021-09-02,US,Central,United States,Home Office,Medium,3480.96,13,0.0,0.0,3,2,0,9,3,0,47.0,6,3.0,0.3076923076923077,4569,645.0,0.14117132867132867
CA-2021-145037,TB-21055,2021-09-02,US,East,United States,Consumer,Medium,237.64,8,0.0,0.0,3,1,0,9,3,0,30.0,15,13.0,0.6363636363636364,4570,645.0,0.14114048503386498
CA-2021-146983,AH-10210,2021-09-02,US,South,United States,Consumer,Medium,1577.94,3,0.0,0.0,1,1,0,9,3,0,178.0,5,0.0,0.08333333333333333,4571,645.0,0.14110965487112276
CA-2021-157987,AC-10615,2021-09-02,US,East,United States,Corporate,Medium,2255.868,40,0.05833333333333334,0.4,12,3,0,9,3,0,162.0,3,0.0,0.1,4572,645.0,0.14107883817427386
CA-2021-169327,MH-17290,2021-09-02,US,West,United States,Home Office,Medium,702.52,15,0.06666666666666667,0.2,3,2,1,9,3,0,175.0,6,2.0,0.23076923076923078,4573,645.0,0.14104803493449783
CA-2021-169327,MH-17290,2021-09-02,US,West,United States,Home Office,Medium,702.52,15,0.06666666666666667,0.2,3,2,1,9,3,0,0.0,7,3.0,0.2857142857142857,4574,646.0,0.1412355380921196
CA-2021-169327,MH-17290,2021-09-02,US,West,United States,Home Office,Medium,702.52,15,0.06666666666666667,0.2,3,2,1,9,3,0,0.0,8,4.0,0.3333333333333333,4575,647.0,0.14142295940637276
US-2021-163657,JL-15235,2021-09-02,US,West,United States,Consumer,Medium,255.24800000000002,7,0.2,0.2,2,2,0,9,3,0,127.0,4,0.0,0.09090909090909091,4576,648.0,0.14161029893083132
CA-2021-123022,SC-20050,2021-09-03,US,West,United States,Home Office,Medium,367.53,8,0.1,0.2,2,2,0,9,4,0,145.0,6,0.0,0.07692307692307693,4577,648.0,0.14157940663176266
CA-2021-146136,AP-10915,2021-09-03,US,South,United States,Consumer,Medium,24.448,4,0.2,0.2,1,1,0,9,4,0,129.0,9,2.0,0.1875,4578,648.0,0.14154852780806979
CA-2021-161067,KB-16405,2021-09-03,US,East,United States,Home Office,Medium,697.525,9,0.05,0.1,4,2,0,9,4,0,653.0,1,0.0,0.125,4579,648.0,0.14151766245093764
CA-2021-161557,AG-10900,2021-09-03,US,Central,United States,Consumer,Medium,108.40000000000002,5,0.6,0.6,1,1,1,9,4,0,125.0,10,3.0,0.23529411764705882,4580,648.0,0.14148681055155876
CA-2021-161823,AG-10300,2021-09-03,US,West,United States,Corporate,Medium,5.96,2,0.0,0.0,1,1,0,9,4,0,272.0,3,0.0,0.1,4581,649.0,0.14167393199651265
CA-2021-167626,MY-18295,2021-09-03,US,Central,United States,Corporate,Medium,109.70400000000001,5,0.2,0.2,2,2,0,9,4,0,122.0,9,0.0,0.0625,4582,649.0,0.141643059490085
US-2021-122637,EP-13915,2021-09-03,US,Central,United States,Consumer,Medium,42.61599999999999,7,0.8,0.8,1,1,0,9,4,0,184.0,10,0.0,0.058823529411764705,4583,649.0,0.14161220043572983
US-2021-153255,JK-15730,2021-09-03,US,West,United States,Consumer,Medium,239.66599999999997,2,0.15,0.15,1,1,0,9,4,0,73.0,7,0.0,0.07142857142857142,4584,649.0,0.14158135482465695
CA-2021-100783,JK-16120,2021-09-04,US,Central,United States,Home Office,Medium,30.384,1,0.2,0.2,1,1,0,9,5,1,116.0,9,0.0,0.0625,4585,649.0,0.14155052264808363
CA-2021-101182,KB-16405,2021-09-04,US,West,United States,Home Office,Medium,56.136,5,0.1,0.2,2,2,0,9,5,1,1.0,2,0.0,0.1111111111111111,4586,649.0,0.14151970389723492
CA-2021-102750,GM-14695,2021-09-04,US,West,United States,Corporate,Medium,1322.352,3,0.2,0.2,1,1,0,9,5,1,349.0,2,0.0,0.1111111111111111,4587,649.0,0.14148889856334348
CA-2021-109757,MD-17350,2021-09-04,US,East,United States,Consumer,Medium,49.70400000000001,15,0.44999999999999996,0.7,4,1,0,9,5,1,119.0,6,0.0,0.07692307692307693,4588,649.0,0.14145810663764963
CA-2021-116680,PK-19075,2021-09-04,US,West,United States,Consumer,Medium,1491.616,14,0.2,0.2,2,2,0,9,5,1,14.0,9,0.0,0.0625,4589,649.0,0.1414273281114012
CA-2021-117261,TH-21235,2021-09-04,US,West,United States,Corporate,Medium,54.32,4,0.0,0.0,1,1,0,9,5,1,88.0,7,0.0,0.07142857142857142,4590,649.0,0.14139656297585382
CA-2021-117394,MM-17920,2021-09-04,US,East,United States,Consumer,Medium,19.040000000000003,4,0.2,0.2,1,1,0,9,5,1,217.0,8,0.0,0.06666666666666667,4591,649.0,0.14136581122227054
CA-2021-120761,AB-10150,2021-09-04,US,East,United States,Consumer,Medium,91.96,4,0.0,0.0,1,1,0,9,5,1,582.0,3,0.0,0.1,4592,649.0,0.14133507284192215
CA-2021-137582,CV-12805,2021-09-04,US,West,United States,Corporate,Medium,11.808,3,0.2,0.2,1,1,0,9,5,1,95.0,12,7.0,0.42105263157894735,4593,649.0,0.14130434782608695
CA-2021-140326,HW-14935,2021-09-04,US,Central,United States,Corporate,Medium,849.846,15,0.2333333333333333,0.3,3,2,0,9,5,1,17.0,7,1.0,0.14285714285714285,4594,649.0,0.14127363616605085
CA-2021-141929,RA-19285,2021-09-04,US,West,United States,Consumer,Medium,711.394,8,0.13333333333333333,0.2,3,2,1,9,5,1,66.0,6,0.0,0.07692307692307693,4595,649.0,0.14124293785310735
CA-2021-141929,RA-19285,2021-09-04,US,West,United States,Consumer,Medium,711.394,8,0.13333333333333333,0.2,3,2,1,9,5,1,0.0,7,1.0,0.14285714285714285,4596,650.0,0.14142950249837064
CA-2021-141929,RA-19285,2021-09-04,US,West,United States,Consumer,Medium,711.394,8,0.13333333333333333,0.2,3,2,1,9,5,1,0.0,8,2.0,0.2,4597,651.0,0.1416159860990443
CA-2021-147410,EJ-14155,2021-09-04,US,West,United States,Consumer,Medium,421.1,2,0.0,0.0,1,1,0,9,5,1,113.0,3,0.0,0.1,4598,652.0,0.14180238870792616
CA-2021-152485,JD-15790,2021-09-04,US,Central,United States,Consumer,Medium,40.096000000000004,13,0.20000000000000004,0.2,3,1,0,9,5,1,94.0,4,0.0,0.09090909090909091,4599,652.0,0.14177160225792446
US-2021-117450,DO-13645,2021-09-04,US,South,United States,Consumer,Medium,107.55200000000002,4,0.2,0.2,2,2,0,9,5,1,16.0,2,0.0,0.1111111111111111,4600,652.0,0.1417408291729976
US-2021-147655,AS-10045,2021-09-04,US,West,United States,Corporate,Medium,88.07400000000001,7,0.7,0.7,1,1,0,9,5,1,34.0,5,0.0,0.08333333333333333,4601,652.0,0.14171006944444445
US-2021-166394,VM-21835,2021-09-04,US,East,United States,Consumer,Medium,14.82,6,0.0,0.0,1,1,0,9,5,1,447.0,4,0.0,0.09090909090909091,4602,652.0,0.14167932306357128
CA-2021-102736,LP-17095,2021-09-05,US,South,United States,Consumer,Medium,177.07999999999998,12,0.20000000000000004,0.2,3,2,0,9,6,1,186.0,5,0.0,0.08333333333333333,4603,652.0,0.14164859002169197
CA-2021-107293,CS-12400,2021-09-05,US,West,United States,Home Office,Medium,2.78,1,0.0,0.0,1,1,0,9,6,1,151.0,5,0.0,0.08333333333333333,4604,652.0,0.14161787031012796
CA-2021-120705,MG-17875,2021-09-05,US,South,United States,Home Office,Medium,147.184,2,0.2,0.2,1,1,0,9,6,1,362.0,5,2.0,0.25,4605,652.0,0.14158716392020815
CA-2021-100160,CB-12025,2021-09-07,US,East,United States,Consumer,Medium,49.688,11,0.20000000000000004,0.2,3,1,0,9,1,0,214.0,6,0.0,0.07692307692307693,4606,652.0,0.14155647084326903
CA-2021-100335,NF-18595,2021-09-07,US,Central,United States,Home Office,Medium,73.008,9,0.2,0.2,1,1,0,9,1,0,20.0,6,0.0,0.07692307692307693,4607,652.0,0.14152579107065452
CA-2021-103877,RD-19660,2021-09-07,US,Central,United States,Home Office,Medium,1577.94,3,0.0,0.0,1,1,0,9,1,0,350.0,4,1.0,0.18181818181818182,4608,652.0,0.14149512459371613
CA-2021-107244,AG-10390,2021-09-07,US,West,United States,Consumer,Medium,19.76,4,0.0,0.0,1,1,0,9,1,0,280.0,4,1.0,0.18181818181818182,4609,652.0,0.14146447140381282
CA-2021-124401,RD-19900,2021-09-07,US,West,United States,Consumer,Medium,317.624,10,0.2,0.2,2,2,1,9,1,0,295.0,8,0.0,0.06666666666666667,4610,652.0,0.14143383149231104
CA-2021-124401,RD-19900,2021-09-07,US,West,United States,Consumer,Medium,317.624,10,0.2,0.2,2,2,1,9,1,0,0.0,9,1.0,0.125,4611,653.0,0.14161974880900824
CA-2021-128769,DM-12955,2021-09-07,US,South,United States,Corporate,Medium,81.568,2,0.2,0.2,1,1,0,9,1,0,343.0,7,2.0,0.21428571428571427,4612,654.0,0.14180558562459405
CA-2021-128783,TG-21640,2021-09-07,US,Central,United States,Consumer,Medium,248.82,9,0.0,0.0,2,2,0,9,1,0,720.0,3,0.0,0.1,4613,654.0,0.14177489177489178
CA-2021-148929,SP-20620,2021-09-07,US,East,United States,Corporate,Medium,478.08,8,0.0,0.0,1,1,0,9,1,0,11.0,7,2.0,0.21428571428571427,4614,654.0,0.14174421120969488
CA-2021-151008,JM-16195,2021-09-07,US,West,United States,Consumer,Medium,151.72,6,0.1,0.2,2,2,0,9,1,0,26.0,12,5.0,0.3157894736842105,4615,654.0,0.1417135439203808
CA-2021-163692,Dp-13240,2021-09-07,US,West,United States,Home Office,Medium,7.857000000000002,3,0.7,0.7,1,1,0,9,1,0,16.0,7,0.0,0.07142857142857142,4616,654.0,0.1416828898983344
US-2021-104094,AG-10675,2021-09-07,US,Central,United States,Consumer,Medium,13.48,1,0.0,0.0,1,1,0,9,1,0,40.0,6,2.0,0.23076923076923078,4617,654.0,0.1416522491349481
US-2021-129441,JC-15340,2021-09-07,US,West,United States,Consumer,Medium,47.94,3,0.0,0.0,1,1,0,9,1,0,268.0,3,0.0,0.1,4618,654.0,0.14162162162162162
US-2021-130687,PF-19225,2021-09-07,US,West,United States,Consumer,Medium,562.6519999999999,7,0.06666666666666667,0.2,3,3,0,9,1,0,5.0,4,0.0,0.09090909090909091,4619,654.0,0.1415910073497622
US-2021-150070,JA-15970,2021-09-07,US,West,United States,Consumer,Medium,161.568,2,0.2,0.2,1,1,0,9,1,0,115.0,5,0.0,0.08333333333333333,4620,654.0,0.14156040631078454
US-2021-169488,AA-10375,2021-09-07,US,East,United States,Consumer,Medium,56.86,7,0.0,0.0,2,1,0,9,1,0,297.0,7,0.0,0.07142857142857142,4621,654.0,0.14152981849611063
CA-2021-126396,AR-10345,2021-09-08,US,Central,United States,Corporate,Medium,85.2,6,0.2,0.2,1,1,0,9,2,0,729.0,2,0.0,0.1111111111111111,4622,654.0,0.14149924389717
CA-2021-132437,EM-14095,2021-09-08,US,East,United States,Corporate,Medium,65.12,4,0.0,0.0,1,1,0,9,2,0,305.0,3,0.0,0.1,4623,654.0,0.14146868250539957
CA-2021-144456,FC-14245,2021-09-08,US,South,United States,Home Office,Medium,220.056,8,0.2,0.2,2,2,0,9,2,0,186.0,5,0.0,0.08333333333333333,4624,654.0,0.14143813431224359
CA-2021-149895,EB-14110,2021-09-08,US,East,United States,Consumer,Medium,258.52799999999996,2,0.4,0.4,1,1,0,9,2,0,298.0,5,0.0,0.08333333333333333,4625,654.0,0.14140759930915373
CA-2021-152856,RS-19765,2021-09-08,US,East,United States,Corporate,Medium,116.832,4,0.2,0.2,1,1,0,9,2,0,112.0,5,0.0,0.08333333333333333,4626,654.0,0.14137707748758904
CA-2021-158036,DB-13555,2021-09-08,US,East,United States,Corporate,Medium,9.096,1,0.2,0.2,1,1,0,9,2,0,125.0,5,0.0,0.08333333333333333,4627,654.0,0.14134656883901597
US-2021-124779,BF-11020,2021-09-08,US,Central,United States,Corporate,Medium,663.87,25,0.3833333333333333,0.8,6,3,0,9,2,0,160.0,5,0.0,0.08333333333333333,4628,654.0,0.1413160733549083
US-2021-124968,MM-18055,2021-09-08,US,Central,United States,Consumer,Medium,765.625,7,0.5,0.5,1,1,0,9,2,0,55.0,6,0.0,0.07692307692307693,4629,654.0,0.1412855910267472
CA-2021-100825,KD-16495,2021-09-09,US,West,United States,Corporate,Medium,99.87,3,0.0,0.0,1,1,0,9,3,0,27.0,11,0.0,0.05555555555555555,4630,654.0,0.14125512184602113
CA-2021-137498,LC-17050,2021-09-09,US,West,United States,Consumer,Medium,298.0,16,0.06666666666666667,0.2,3,2,0,9,3,0,584.0,3,0.0,0.1,4631,654.0,0.14122466580422596
CA-2021-139444,GK-14620,2021-09-09,US,Central,United States,Corporate,Medium,9.856000000000002,4,0.2,0.2,1,1,0,9,3,0,258.0,9,2.0,0.1875,4632,654.0,0.14119422289286485
CA-2021-147228,SO-20335,2021-09-09,US,South,United States,Consumer,Medium,458.98400000000004,12,0.2,0.2,4,2,0,9,3,0,139.0,5,2.0,0.25,4633,654.0,0.1411637931034483
CA-2021-147361,SB-20290,2021-09-09,US,South,United States,Corporate,Medium,685.26,12,0.0,0.0,2,1,0,9,3,0,295.0,5,0.0,0.08333333333333333,4634,654.0,0.14113337642749407
CA-2021-152198,JD-16015,2021-09-09,US,East,United States,Consumer,Medium,28.830000000000002,11,0.5333333333333333,0.7,3,1,0,9,3,0,60.0,7,3.0,0.2857142857142857,4635,654.0,0.14110297285652737
CA-2021-155929,AI-10855,2021-09-09,US,West,United States,Consumer,Medium,6.368,2,0.2,0.2,1,1,0,9,3,0,127.0,7,0.0,0.07142857142857142,4636,654.0,0.14107258238208056
CA-2021-168403,DK-12835,2021-09-09,US,West,United States,Corporate,Medium,42.28000000000001,7,0.2,0.2,2,1,0,9,3,0,66.0,9,0.0,0.0625,4637,654.0,0.14104220499569337
CA-2021-169439,LC-17140,2021-09-09,US,East,United States,Consumer,Medium,92.03200000000001,7,0.2,0.2,2,2,0,9,3,0,260.0,7,4.0,0.35714285714285715,4638,654.0,0.14101184068891282
US-2021-118087,SP-20620,2021-09-09,US,East,United States,Corporate,Medium,2457.141,21,0.3625,0.7,8,3,1,9,3,0,2.0,8,2.0,0.2,4639,654.0,0.14098148945329317
US-2021-118087,SP-20620,2021-09-09,US,East,United States,Corporate,Medium,2457.141,21,0.3625,0.7,8,3,1,9,3,0,0.0,9,3.0,0.25,4640,655.0,0.1411663438777706
US-2021-118087,SP-20620,2021-09-09,US,East,United States,Corporate,Medium,2457.141,21,0.3625,0.7,8,3,1,9,3,0,0.0,10,4.0,0.29411764705882354,4641,656.0,0.14135111876075732
US-2021-118087,SP-20620,2021-09-09,US,East,United States,Corporate,Medium,2457.141,21,0.3625,0.7,8,3,1,9,3,0,0.0,11,5.0,0.3333333333333333,4642,657.0,0.1415358141535814
US-2021-118087,SP-20620,2021-09-09,US,East,United States,Corporate,Medium,2457.141,21,0.3625,0.7,8,3,1,9,3,0,0.0,12,6.0,0.3684210526315789,4643,658.0,0.14172043010752688
US-2021-118087,SP-20620,2021-09-09,US,East,United States,Corporate,Medium,2457.141,21,0.3625,0.7,8,3,1,9,3,0,0.0,13,7.0,0.4,4644,659.0,0.1419049666738336
US-2021-118087,SP-20620,2021-09-09,US,East,United States,Corporate,Medium,2457.141,21,0.3625,0.7,8,3,1,9,3,0,0.0,14,8.0,0.42857142857142855,4645,660.0,0.14208942390369733
US-2021-118087,SP-20620,2021-09-09,US,East,United States,Corporate,Medium,2457.141,21,0.3625,0.7,8,3,1,9,3,0,0.0,15,9.0,0.45454545454545453,4646,661.0,0.14227380184826993
US-2021-146213,MC-17605,2021-09-09,US,West,United States,Corporate,Medium,159.96,4,0.0,0.0,1,1,0,9,3,0,123.0,7,1.0,0.14285714285714285,4647,662.0,0.1424581005586592
US-2021-159562,JB-16000,2021-09-09,US,Central,United States,Consumer,Medium,17.48,2,0.0,0.0,1,1,0,9,3,0,180.0,3,0.0,0.1,4648,662.0,0.14242749731471535
CA-2021-110905,RW-19690,2021-09-10,US,Central,United States,Consumer,Medium,808.92,30,0.0,0.0,8,2,0,9,4,0,173.0,3,0.0,0.1,4649,662.0,0.14239690721649484
CA-2021-120999,LC-16930,2021-09-10,US,Central,United States,Corporate,Medium,147.168,4,0.2,0.2,1,1,0,9,4,0,92.0,6,0.0,0.07692307692307693,4650,662.0,0.1423663302555293
CA-2021-122280,SH-20395,2021-09-10,US,East,United States,Consumer,Medium,18.76,2,0.0,0.0,1,1,0,9,4,0,35.0,8,0.0,0.06666666666666667,4651,662.0,0.14233576642335766
CA-2021-123036,HA-14905,2021-09-10,US,East,United States,Consumer,Medium,296.952,6,0.30000000000000004,0.4,2,1,0,9,4,0,355.0,6,2.0,0.23076923076923078,4652,662.0,0.14230521571152607
CA-2021-126438,AR-10345,2021-09-10,US,East,United States,Corporate,Medium,14.88,2,0.0,0.0,1,1,0,9,4,0,2.0,3,0.0,0.1,4653,662.0,0.14227467811158798
CA-2021-128370,FH-14275,2021-09-10,US,West,United States,Corporate,Medium,369.536,5,0.2,0.2,2,2,0,9,4,0,69.0,7,0.0,0.07142857142857142,4654,662.0,0.14224415361510406
CA-2021-147403,KH-16630,2021-09-10,US,East,United States,Corporate,Medium,85.056,3,0.2,0.2,1,1,0,9,4,0,271.0,5,0.0,0.08333333333333333,4655,662.0,0.14221364221364222
CA-2021-152093,SN-20560,2021-09-10,US,Central,United States,Home Office,Medium,762.5939999999998,3,0.8,0.8,1,1,0,9,4,0,216.0,5,0.0,0.08333333333333333,4656,662.0,0.14218314389877762
CA-2021-159954,SS-20410,2021-09-10,US,South,United States,Consumer,Medium,2.78,1,0.0,0.0,1,1,1,9,4,0,659.0,4,0.0,0.09090909090909091,4657,662.0,0.14215265866209262
CA-2021-112774,RC-19960,2021-09-11,US,South,United States,Consumer,Medium,34.504000000000005,1,0.2,0.2,1,1,0,9,5,1,301.0,5,0.0,0.08333333333333333,4658,663.0,0.14233654876741694
CA-2021-117044,HA-14920,2021-09-11,US,Central,United States,Consumer,Medium,31.072000000000003,10,0.2,0.2,2,1,0,9,5,1,333.0,7,2.0,0.21428571428571427,4659,663.0,0.14230604372053152
CA-2021-124898,DB-12910,2021-09-11,US,South,United States,Home Office,Medium,184.66,7,0.0,0.0,1,1,0,9,5,1,164.0,5,0.0,0.08333333333333333,4660,663.0,0.14227555174630382
CA-2021-127726,SS-20410,2021-09-11,US,South,United States,Consumer,Medium,209.88,8,0.0,0.0,2,1,0,9,5,1,1.0,5,1.0,0.16666666666666666,4661,663.0,0.14224507283633248
CA-2021-144484,CB-12025,2021-09-11,US,West,United States,Consumer,Medium,438.96,9,0.0,0.0,2,2,0,9,5,1,4.0,7,0.0,0.07142857142857142,4662,663.0,0.14221460698222319
CA-2021-149559,KF-16285,2021-09-11,US,West,United States,Home Office,Medium,2089.4120000000003,12,0.06666666666666667,0.2,3,2,0,9,5,1,72.0,5,0.0,0.08333333333333333,4663,663.0,0.14218415417558886
CA-2021-166898,KH-16630,2021-09-11,US,West,United States,Corporate,Medium,163.392,9,0.1,0.2,2,2,1,9,5,1,1.0,6,0.0,0.07692307692307693,4664,663.0,0.14215371440804966
CA-2021-166898,KH-16630,2021-09-11,US,West,United States,Corporate,Medium,163.392,9,0.1,0.2,2,2,1,9,5,1,0.0,7,1.0,0.14285714285714285,4665,664.0,0.1423373287671233
US-2021-142188,JF-15415,2021-09-11,US,West,United States,Consumer,Medium,1820.208,26,0.12000000000000002,0.2,5,3,0,9,5,1,687.0,4,0.0,0.09090909090909091,4666,665.0,0.1425208645409801
US-2021-152898,CB-12025,2021-09-11,US,South,United States,Consumer,Medium,67.9,5,0.0,0.0,1,1,0,9,5,1,0.0,8,0.0,0.06666666666666667,4667,665.0,0.14249037227214378
US-2021-160836,CC-12475,2021-09-11,US,Central,United States,Consumer,Medium,524.018,10,0.43333333333333335,0.8,3,2,0,9,5,1,35.0,6,0.0,0.07692307692307693,4668,665.0,0.14245989304812834
CA-2021-103611,JM-15535,2021-09-12,US,West,United States,Consumer,Medium,8.36,2,0.0,0.0,1,1,0,9,6,1,262.0,5,0.0,0.08333333333333333,4669,665.0,0.1424294268605646
CA-2021-108749,DJ-13510,2021-09-12,US,East,United States,Corporate,Medium,91.14,10,0.0,0.0,2,1,0,9,6,1,127.0,5,0.0,0.08333333333333333,4670,665.0,0.14239897370109045
CA-2021-140676,BF-11080,2021-09-12,US,East,United States,Consumer,Medium,225.61,17,0.0,0.0,3,1,0,9,6,1,1019.0,1,0.0,0.125,4671,665.0,0.142368533561351
US-2021-109582,JM-15865,2021-09-12,US,West,United States,Consumer,Medium,166.44,3,0.0,0.0,1,1,0,9,6,1,119.0,9,4.0,0.3125,4672,665.0,0.1423381064329985
CA-2021-139493,SG-20605,2021-09-13,US,South,United States,Consumer,Medium,15.920000000000002,5,0.2,0.2,1,1,0,9,0,0,141.0,5,0.0,0.08333333333333333,4673,665.0,0.1423076923076923
CA-2021-108931,HZ-14950,2021-09-14,US,East,United States,Consumer,Medium,20.12,4,0.0,0.0,2,1,1,9,1,0,108.0,2,0.0,0.1111111111111111,4674,665.0,0.14227729117709892
CA-2021-108931,HZ-14950,2021-09-14,US,East,United States,Consumer,Medium,20.12,4,0.0,0.0,2,1,1,9,1,0,0.0,3,1.0,0.2,4675,666.0,0.14246048697137975
CA-2021-114440,TB-21520,2021-09-14,US,Central,United States,Consumer,Medium,19.049999999999997,3,0.0,0.0,1,1,0,9,1,0,53.0,8,0.0,0.06666666666666667,4676,667.0,0.1426436045270126
CA-2021-115882,DB-13555,2021-09-14,US,South,United States,Corporate,Medium,1017.1360000000001,7,0.2,0.2,2,1,0,9,1,0,6.0,6,0.0,0.07692307692307693,4677,667.0,0.1426131511528608
CA-2021-130302,CY-12745,2021-09-14,US,East,United States,Corporate,Medium,895.9440000000002,7,0.2,0.2,1,1,0,9,1,0,376.0,6,2.0,0.23076923076923078,4678,667.0,0.1425827107790822
CA-2021-147725,LT-17110,2021-09-14,US,East,United States,Consumer,Medium,70.94999999999999,3,0.0,0.0,1,1,0,9,1,0,299.0,6,0.0,0.07692307692307693,4679,667.0,0.14255228339735382
CA-2021-152975,RB-19705,2021-09-14,US,East,United States,Home Office,Medium,1770.1899999999998,14,0.025,0.1,4,3,0,9,1,0,628.0,2,0.0,0.1111111111111111,4680,667.0,0.14252186899935992
CA-2021-156237,PS-18760,2021-09-14,US,East,United States,Consumer,Medium,517.2570000000001,19,0.5499999999999999,0.7,6,3,0,9,1,0,150.0,10,6.0,0.4117647058823529,4681,667.0,0.14249146757679182
US-2021-157224,JB-16000,2021-09-14,US,West,United States,Consumer,Medium,56.699999999999996,9,0.0,0.0,1,1,0,9,1,0,5.0,4,0.0,0.09090909090909091,4682,667.0,0.14246107912134784
CA-2021-121888,CL-11890,2021-09-15,US,East,United States,Consumer,Medium,1081.69,13,0.0,0.0,4,3,0,9,2,0,97.0,3,0.0,0.1,4683,667.0,0.14243070362473348
CA-2021-124205,TC-21145,2021-09-15,US,East,United States,Corporate,Medium,1038.26,17,0.0,0.0,4,3,0,9,2,0,9999.0,0,0.0,0.14285714285714285,4684,667.0,0.14240034107866126
CA-2021-127096,CS-12400,2021-09-15,US,West,United States,Home Office,Medium,300.904,1,0.2,0.2,1,1,0,9,2,0,10.0,6,0.0,0.07692307692307693,4685,667.0,0.1423699914748508
CA-2021-130043,BB-11545,2021-09-15,US,Central,United States,Corporate,Medium,31.872000000000003,8,0.2,0.2,1,1,0,9,2,0,34.0,6,0.0,0.07692307692307693,4686,667.0,0.14233965480502878
CA-2021-132353,DB-13060,2021-09-15,US,Central,United States,Consumer,Medium,323.97600000000006,3,0.2,0.2,1,1,0,9,2,0,201.0,7,3.0,0.2857142857142857,4687,667.0,0.14230933106092886
CA-2021-134418,GM-14500,2021-09-15,US,West,United States,Consumer,Medium,12.419999999999998,3,0.0,0.0,1,1,0,9,2,0,26.0,9,1.0,0.125,4688,667.0,0.1422790202342918
CA-2021-139822,Dp-13240,2021-09-15,US,East,United States,Home Office,Medium,98.6,4,0.0,0.0,2,2,0,9,2,0,8.0,8,0.0,0.06666666666666667,4689,667.0,0.14224872231686542
CA-2021-145737,AB-10165,2021-09-15,US,South,United States,Consumer,Medium,163.96,5,0.2,0.2,1,1,0,9,2,0,154.0,6,0.0,0.07692307692307693,4690,667.0,0.1422184373004045
CA-2021-146185,CC-12145,2021-09-15,US,Central,United States,Consumer,Medium,31.744,2,0.2,0.2,1,1,0,9,2,0,385.0,9,4.0,0.3125,4691,667.0,0.14218816517667093
CA-2021-163020,MO-17800,2021-09-15,US,East,United States,Home Office,Medium,35.56,7,0.0,0.0,1,1,0,9,2,0,98.0,6,0.0,0.07692307692307693,4692,667.0,0.1421579059374335
CA-2021-165008,DO-13645,2021-09-15,US,West,United States,Consumer,Medium,295.056,9,0.2,0.2,1,1,1,9,2,0,11.0,3,0.0,0.1,4693,667.0,0.14212765957446807
US-2021-116652,RD-19480,2021-09-15,US,West,United States,Consumer,Medium,959.2,21,0.08,0.2,5,2,0,9,2,0,118.0,6,0.0,0.07692307692307693,4694,668.0,0.14231014677728143
US-2021-163300,ES-14020,2021-09-15,US,West,United States,Consumer,Medium,2911.784,17,0.20000000000000004,0.2,3,3,0,9,2,0,461.0,3,0.0,0.1,4695,668.0,0.14227988090174393
CA-2021-112984,EH-14185,2021-09-16,US,East,United States,Consumer,Medium,20.544000000000004,6,0.2,0.2,1,1,0,9,3,0,260.0,6,2.0,0.23076923076923078,4696,668.0,0.14224962789708698
CA-2021-118136,BB-10990,2021-09-16,US,West,United States,Corporate,Medium,14.8,3,0.0,0.0,2,1,0,9,3,0,107.0,4,0.0,0.09090909090909091,4697,668.0,0.14221938775510204
CA-2021-130715,CY-12745,2021-09-16,US,West,United States,Corporate,Medium,17.9,5,0.0,0.0,1,1,0,9,3,0,2.0,7,2.0,0.21428571428571427,4698,668.0,0.14218916046758767
CA-2021-134173,AB-10060,2021-09-16,US,East,United States,Home Office,Medium,20.736000000000004,4,0.2,0.2,1,1,0,9,3,0,132.0,5,0.0,0.08333333333333333,4699,668.0,0.14215894602634935
CA-2021-136448,AS-10090,2021-09-16,US,East,United States,Consumer,Medium,684.1100000000001,12,0.4,0.7,5,3,0,9,3,0,168.0,7,0.0,0.07142857142857142,4700,668.0,0.14212874442319948
CA-2021-141446,CL-12700,2021-09-16,US,South,United States,Home Office,Medium,18.0,1,0.0,0.0,1,1,0,9,3,0,155.0,4,0.0,0.09090909090909091,4701,668.0,0.14209855564995752
CA-2021-144113,JF-15355,2021-09-16,US,Central,United States,Consumer,Medium,73.56,3,0.2,0.2,2,2,0,9,3,0,48.0,7,3.0,0.2857142857142857,4702,668.0,0.14206837969844976
CA-2021-105669,SJ-20125,2021-09-17,US,Central,United States,Home Office,Medium,1749.902,19,0.375,0.8,4,3,0,9,4,0,37.0,10,0.0,0.058823529411764705,4703,668.0,0.14203821656050955
CA-2021-112515,AS-10225,2021-09-17,US,West,United States,Corporate,Medium,1782.104,21,0.08571428571428573,0.2,7,2,0,9,4,0,289.0,3,0.0,0.1,4704,668.0,0.14200806622797707
CA-2021-126928,GZ-14470,2021-09-17,US,East,United States,Consumer,Medium,514.05,7,0.0,0.0,2,2,0,9,4,0,134.0,7,0.0,0.07142857142857142,4705,668.0,0.14197792869269948
CA-2021-137470,TP-21415,2021-09-17,US,West,United States,Consumer,Medium,12.96,2,0.0,0.0,1,1,0,9,4,0,31.0,4,0.0,0.09090909090909091,4706,668.0,0.14194780394653086
CA-2021-142293,SC-20380,2021-09-17,US,West,United States,Consumer,Medium,89.97,3,0.0,0.0,1,1,0,9,4,0,121.0,7,0.0,0.07142857142857142,4707,668.0,0.1419176919813322
CA-2021-157931,MO-17800,2021-09-17,US,South,United States,Home Office,Medium,830.24,7,0.0,0.0,2,2,0,9,4,0,2.0,7,0.0,0.07142857142857142,4708,668.0,0.14188759278897137
CA-2021-106180,SH-19975,2021-09-18,US,West,United States,Corporate,Medium,163.38,9,0.0,0.0,3,1,0,9,5,1,196.0,9,0.0,0.0625,4709,668.0,0.14185750636132316
CA-2021-131016,DC-12850,2021-09-18,US,Central,United States,Consumer,Medium,56.512,4,0.2,0.2,2,1,0,9,5,1,36.0,7,0.0,0.07142857142857142,4710,668.0,0.14182743269026923
CA-2021-133333,BF-11020,2021-09-18,US,Central,United States,Corporate,Medium,22.72,4,0.0,0.0,1,1,0,9,5,1,10.0,6,0.0,0.07692307692307693,4711,668.0,0.1417973717676982
CA-2021-134439,TM-21010,2021-09-18,US,Central,United States,Consumer,Medium,15.96,2,0.0,0.0,1,1,0,9,5,1,232.0,7,0.0,0.07142857142857142,4712,668.0,0.1417673235855054
CA-2021-140508,PA-19060,2021-09-18,US,Central,United States,Home Office,Medium,114.84800000000001,4,0.2,0.2,1,1,0,9,5,1,296.0,5,0.0,0.08333333333333333,4713,668.0,0.14173728813559322
CA-2021-148068,MM-18280,2021-09-18,US,East,United States,Corporate,Medium,29.26,5,0.0,0.0,2,2,0,9,5,1,100.0,9,3.0,0.25,4714,668.0,0.1417072654098708
CA-2021-164756,SS-20140,2021-09-18,US,South,United States,Corporate,Medium,997.83,35,0.0,0.0,8,3,0,9,5,1,107.0,7,3.0,0.2857142857142857,4715,668.0,0.14167725540025414
CA-2021-166856,TS-21505,2021-09-18,US,West,United States,Consumer,Medium,111.42,10,0.1,0.2,2,2,0,9,5,1,77.0,3,0.0,0.1,4716,668.0,0.1416472580986661
CA-2021-102974,DP-13105,2021-09-19,US,West,United States,Corporate,Medium,190.01,10,0.0,0.0,3,2,0,9,6,1,159.0,5,0.0,0.08333333333333333,4717,668.0,0.1416172734970364
CA-2021-139619,ES-14080,2021-09-19,US,South,United States,Corporate,Medium,95.616,2,0.2,0.2,1,1,0,9,6,1,207.0,8,3.0,0.26666666666666666,4718,668.0,0.1415873015873016
CA-2021-139787,JP-16135,2021-09-19,US,South,United States,Home Office,Medium,35.4,5,0.0,0.0,1,1,0,9,6,1,130.0,9,2.0,0.1875,4719,668.0,0.141557342361405
CA-2021-143378,JR-16210,2021-09-19,US,West,United States,Corporate,Medium,697.612,16,0.325,0.7,4,3,0,9,6,1,527.0,3,0.0,0.1,4720,668.0,0.1415273958112968
CA-2021-153822,AB-10105,2021-09-19,US,West,United States,Consumer,Medium,592.308,10,0.325,0.7,4,2,1,9,6,1,47.0,8,0.0,0.06666666666666667,4721,668.0,0.141497461928934
CA-2021-153822,AB-10105,2021-09-19,US,West,United States,Consumer,Medium,592.308,10,0.325,0.7,4,2,1,9,6,1,0.0,9,1.0,0.125,4722,669.0,0.14167900190315078
CA-2021-153822,AB-10105,2021-09-19,US,West,United States,Consumer,Medium,592.308,10,0.325,0.7,4,2,1,9,6,1,0.0,10,2.0,0.17647058823529413,4723,670.0,0.14186046511627906
CA-2021-153822,AB-10105,2021-09-19,US,West,United States,Consumer,Medium,592.308,10,0.325,0.7,4,2,1,9,6,1,0.0,11,3.0,0.2222222222222222,4724,671.0,0.14204185161699429
CA-2021-160801,FG-14260,2021-09-19,US,East,United States,Home Office,Medium,4.8420000000000005,3,0.7,0.7,1,1,0,9,6,1,71.0,3,0.0,0.1,4725,672.0,0.14222316145393069
US-2021-148866,JM-15535,2021-09-19,US,East,United States,Consumer,Medium,32.400000000000006,5,0.0,0.0,1,1,0,9,6,1,7.0,6,0.0,0.07692307692307693,4726,672.0,0.14219311219099937
CA-2021-100111,SV-20365,2021-09-20,US,East,United States,Consumer,Medium,7359.918000000001,52,0.042857142857142864,0.2,14,3,1,9,0,0,26.0,9,0.0,0.0625,4727,672.0,0.14216307562315167
CA-2021-100111,SV-20365,2021-09-20,US,East,United States,Consumer,Medium,7359.918000000001,52,0.042857142857142864,0.2,14,3,1,9,0,0,0.0,10,1.0,0.11764705882352941,4728,673.0,0.1423442449841605
CA-2021-100111,SV-20365,2021-09-20,US,East,United States,Consumer,Medium,7359.918000000001,52,0.042857142857142864,0.2,14,3,1,9,0,0,0.0,11,2.0,0.16666666666666666,4729,674.0,0.14252533783783783
CA-2021-100111,SV-20365,2021-09-20,US,East,United States,Consumer,Medium,7359.918000000001,52,0.042857142857142864,0.2,14,3,1,9,0,0,0.0,12,3.0,0.21052631578947367,4730,675.0,0.1427063542326367
CA-2021-100111,SV-20365,2021-09-20,US,East,United States,Consumer,Medium,7359.918000000001,52,0.042857142857142864,0.2,14,3,1,9,0,0,0.0,13,4.0,0.25,4731,676.0,0.1428872942169692
CA-2021-100111,SV-20365,2021-09-20,US,East,United States,Consumer,Medium,7359.918000000001,52,0.042857142857142864,0.2,14,3,1,9,0,0,0.0,14,5.0,0.2857142857142857,4732,677.0,0.1430681578392066
CA-2021-100111,SV-20365,2021-09-20,US,East,United States,Consumer,Medium,7359.918000000001,52,0.042857142857142864,0.2,14,3,1,9,0,0,0.0,15,6.0,0.3181818181818182,4733,678.0,0.14324894514767933
CA-2021-100111,SV-20365,2021-09-20,US,East,United States,Consumer,Medium,7359.918000000001,52,0.042857142857142864,0.2,14,3,1,9,0,0,0.0,16,7.0,0.34782608695652173,4734,679.0,0.14342965619067707
CA-2021-100111,SV-20365,2021-09-20,US,East,United States,Consumer,Medium,7359.918000000001,52,0.042857142857142864,0.2,14,3,1,9,0,0,0.0,17,8.0,0.375,4735,680.0,0.14361029101644876
CA-2021-100111,SV-20365,2021-09-20,US,East,United States,Consumer,Medium,7359.918000000001,52,0.042857142857142864,0.2,14,3,1,9,0,0,0.0,18,9.0,0.4,4736,681.0,0.1437908496732026
CA-2021-100111,SV-20365,2021-09-20,US,East,United States,Consumer,Medium,7359.918000000001,52,0.042857142857142864,0.2,14,3,1,9,0,0,0.0,19,10.0,0.4230769230769231,4737,682.0,0.14397133220910624
CA-2021-100111,SV-20365,2021-09-20,US,East,United States,Consumer,Medium,7359.918000000001,52,0.042857142857142864,0.2,14,3,1,9,0,0,0.0,20,11.0,0.4444444444444444,4738,683.0,0.14415173867228662
CA-2021-100111,SV-20365,2021-09-20,US,East,United States,Consumer,Medium,7359.918000000001,52,0.042857142857142864,0.2,14,3,1,9,0,0,0.0,21,12.0,0.4642857142857143,4739,684.0,0.14433206911083019
CA-2021-100111,SV-20365,2021-09-20,US,East,United States,Consumer,Medium,7359.918000000001,52,0.042857142857142864,0.2,14,3,1,9,0,0,0.0,22,13.0,0.4827586206896552,4740,685.0,0.14451232357278282
CA-2021-123351,KT-16480,2021-09-21,US,South,United States,Consumer,Medium,80.48,1,0.0,0.0,1,1,0,9,1,0,32.0,9,0.0,0.0625,4741,686.0,0.14469250210614995
CA-2021-132262,ML-18265,2021-09-21,US,West,United States,Consumer,Medium,151.96,4,0.0,0.0,2,1,0,9,1,0,844.0,1,0.0,0.125,4742,686.0,0.14466203411244472
CA-2021-133074,DB-13615,2021-09-21,US,West,United States,Consumer,Medium,55.86,7,0.0,0.0,1,1,0,9,1,0,138.0,5,0.0,0.08333333333333333,4743,686.0,0.14463157894736842
CA-2021-151428,RH-19495,2021-09-21,US,Central,United States,Consumer,Medium,20.16,7,0.0,0.0,1,1,0,9,1,0,40.0,3,0.0,0.1,4744,686.0,0.14460113660282045
CA-2021-165155,BM-11575,2021-09-21,US,West,United States,Corporate,Medium,15.51,1,0.0,0.0,1,1,0,9,1,0,126.0,5,0.0,0.08333333333333333,4745,686.0,0.14457070707070707
CA-2021-169817,EB-13870,2021-09-21,US,East,United States,Consumer,Medium,1.9080000000000004,2,0.7,0.7,1,1,0,9,1,0,195.0,10,2.0,0.17647058823529413,4746,686.0,0.1445402903429413
US-2021-146878,DL-12865,2021-09-21,US,South,United States,Consumer,Medium,12.294,1,0.7,0.7,1,1,0,9,1,0,245.0,7,0.0,0.07142857142857142,4747,686.0,0.144509886411443
CA-2021-102967,MG-17890,2021-09-22,US,East,United States,Home Office,Medium,67.4,5,0.0,0.0,1,1,0,9,2,0,22.0,8,0.0,0.06666666666666667,4748,686.0,0.1444794952681388
CA-2021-117009,BK-11260,2021-09-22,US,West,United States,Consumer,Medium,21.96,2,0.0,0.0,1,1,0,9,2,0,315.0,9,6.0,0.4375,4749,686.0,0.14444911690496215
CA-2021-122196,CA-12265,2021-09-22,US,East,United States,Consumer,Medium,391.98,2,0.0,0.0,1,1,0,9,2,0,81.0,5,1.0,0.16666666666666666,4750,686.0,0.14441875131385326
CA-2021-136000,SC-20440,2021-09-22,US,East,United States,Corporate,Medium,40.176,3,0.2,0.2,1,1,0,9,2,0,722.0,4,0.0,0.09090909090909091,4751,686.0,0.14438839848675913
CA-2021-158379,JA-15970,2021-09-22,US,East,United States,Consumer,Medium,4749.327000000001,10,0.3666666666666667,0.7,3,2,0,9,2,0,15.0,6,0.0,0.07692307692307693,4752,686.0,0.14435805841563354
CA-2021-161053,JE-15745,2021-09-22,US,South,United States,Consumer,Medium,726.9100000000001,9,0.0,0.0,2,2,0,9,2,0,98.0,12,2.0,0.15789473684210525,4753,686.0,0.14432773109243696
CA-2021-161970,PB-19105,2021-09-22,US,South,United States,Consumer,Medium,30.900000000000002,5,0.0,0.0,2,1,0,9,2,0,551.0,2,0.0,0.1111111111111111,4754,686.0,0.14429741650913674
CA-2021-162789,LC-17140,2021-09-22,US,East,United States,Consumer,Medium,1083.07,10,0.0,0.0,2,2,0,9,2,0,13.0,8,4.0,0.3333333333333333,4755,686.0,0.14426711465770684
CA-2021-166317,JE-15610,2021-09-22,US,Central,United States,Corporate,Medium,438.01,21,0.0,0.0,4,2,0,9,2,0,175.0,4,0.0,0.09090909090909091,4756,686.0,0.14423682553012807
CA-2021-167381,EH-14005,2021-09-22,US,Central,United States,Home Office,Medium,269.68,11,0.0,0.0,2,2,0,9,2,0,110.0,4,1.0,0.18181818181818182,4757,686.0,0.1442065491183879
US-2021-103226,DW-13195,2021-09-22,US,West,United States,Corporate,Medium,27.18,3,0.0,0.0,1,1,0,9,2,0,306.0,4,0.0,0.09090909090909091,4758,686.0,0.14417628541448058
US-2021-108245,SH-19975,2021-09-22,US,Central,United States,Corporate,Medium,24.619999999999997,10,0.5,0.8,2,1,0,9,2,0,4.0,10,0.0,0.058823529411764705,4759,686.0,0.14414603441040705
CA-2021-102309,DO-13645,2021-09-23,US,South,United States,Consumer,Medium,212.91000000000003,7,0.0,0.0,2,2,0,9,3,0,8.0,4,1.0,0.18181818181818182,4760,686.0,0.14411579609817496
CA-2021-103520,MH-17785,2021-09-23,US,Central,United States,Corporate,Medium,9.248000000000001,2,0.2,0.2,1,1,0,9,3,0,562.0,6,0.0,0.07692307692307693,4761,686.0,0.14408557046979867
CA-2021-117485,BD-11320,2021-09-23,US,Central,United States,Consumer,Medium,291.96,4,0.0,0.0,1,1,0,9,3,0,105.0,10,1.0,0.11764705882352941,4762,686.0,0.14405535751729923
CA-2021-121314,BE-11410,2021-09-23,US,South,United States,Consumer,Medium,251.64,3,0.2,0.2,1,1,0,9,3,0,245.0,4,0.0,0.09090909090909091,4763,686.0,0.1440251572327044
CA-2021-121412,BG-11695,2021-09-23,US,West,United States,Corporate,Medium,29.328000000000003,3,0.2,0.2,1,1,0,9,3,0,270.0,4,0.0,0.09090909090909091,4764,686.0,0.14399496960804864
CA-2021-121853,DB-13660,2021-09-23,US,West,United States,Consumer,Medium,878.816,13,0.13333333333333333,0.2,3,2,1,9,3,0,182.0,5,0.0,0.08333333333333333,4765,686.0,0.143964794635373
CA-2021-121853,DB-13660,2021-09-23,US,West,United States,Consumer,Medium,878.816,13,0.13333333333333333,0.2,3,2,1,9,3,0,0.0,6,1.0,0.15384615384615385,4766,687.0,0.14414414414414414
CA-2021-121853,DB-13660,2021-09-23,US,West,United States,Consumer,Medium,878.816,13,0.13333333333333333,0.2,3,2,1,9,3,0,0.0,7,2.0,0.21428571428571427,4767,688.0,0.1443234185169669
CA-2021-123778,BS-11755,2021-09-23,US,West,United States,Consumer,Medium,186.78400000000002,8,0.1,0.2,2,1,0,9,3,0,166.0,6,3.0,0.3076923076923077,4768,689.0,0.14450261780104712
CA-2021-132521,DW-13540,2021-09-23,US,West,United States,Consumer,Medium,158.28,6,0.06666666666666667,0.2,3,1,0,9,3,0,29.0,4,0.0,0.09090909090909091,4769,689.0,0.1444723618090452
CA-2021-138422,KN-16705,2021-09-23,US,West,United States,Home Office,Medium,14.352000000000002,3,0.2,0.2,1,1,0,9,3,0,26.0,9,3.0,0.25,4770,689.0,0.14444211848440444
US-2021-125647,LC-16870,2021-09-23,US,Central,United States,Consumer,Medium,133.896,12,0.4000000000000001,0.8,3,2,0,9,3,0,180.0,9,4.0,0.3125,4771,689.0,0.1444118878191712
US-2021-132059,AP-10915,2021-09-23,US,West,United States,Consumer,Medium,228.57200000000006,4,0.44999999999999996,0.7,2,2,0,9,3,0,20.0,10,2.0,0.17647058823529413,4772,689.0,0.14438166980539863
CA-2021-108910,KC-16540,2021-09-24,US,East,United States,Consumer,Medium,103.05599999999998,3,0.2,0.2,1,1,0,9,4,0,314.0,3,0.0,0.1,4773,689.0,0.14435146443514643
CA-2021-121839,MH-18115,2021-09-24,US,East,United States,Home Office,Medium,1169.694,3,0.4,0.4,1,1,0,9,4,0,122.0,6,0.0,0.07692307692307693,4774,689.0,0.14432127170048106
CA-2021-122364,FA-14230,2021-09-24,US,West,United States,Corporate,Medium,1365.48,6,0.2,0.2,2,1,0,9,4,0,308.0,6,0.0,0.07692307692307693,4775,689.0,0.14429109159347553
CA-2021-130148,NK-18490,2021-09-24,US,West,United States,Home Office,Medium,38.379999999999995,8,0.0,0.0,2,1,0,9,4,0,98.0,4,0.0,0.09090909090909091,4776,689.0,0.1442609241062095
CA-2021-134096,PP-18955,2021-09-24,US,South,United States,Home Office,Medium,399.53000000000003,8,0.44999999999999996,0.7,2,2,0,9,4,0,129.0,9,0.0,0.0625,4777,689.0,0.14423076923076922
CA-2021-142034,KB-16240,2021-09-24,US,Central,United States,Corporate,Medium,1331.8200000000002,13,0.0,0.0,3,2,0,9,4,0,75.0,6,2.0,0.23076923076923078,4778,689.0,0.14420062695924765
CA-2021-142391,PB-19150,2021-09-24,US,West,United States,Consumer,Medium,199.8,10,0.0,0.0,1,1,0,9,4,0,528.0,7,1.0,0.14285714285714285,4779,689.0,0.14417049728374426
CA-2021-144694,BD-11605,2021-09-24,US,South,United States,Consumer,Medium,253.824,6,0.2,0.2,2,2,0,9,4,0,268.0,10,5.0,0.35294117647058826,4780,689.0,0.14414038019636516
CA-2021-148411,RO-19780,2021-09-24,US,Central,United States,Consumer,Medium,531.8879999999999,5,0.25,0.3,2,2,0,9,4,0,318.0,5,0.0,0.08333333333333333,4781,689.0,0.14411027568922305
CA-2021-160325,BP-11095,2021-09-24,US,East,United States,Corporate,Medium,829.8299999999999,5,0.0,0.0,2,1,0,9,4,0,162.0,9,0.0,0.0625,4782,689.0,0.14408018375443726
CA-2021-163335,AG-10675,2021-09-24,US,South,United States,Consumer,Medium,79.0,10,0.0,0.0,2,1,0,9,4,0,17.0,7,2.0,0.21428571428571427,4783,689.0,0.1440501043841336
US-2021-132675,KF-16285,2021-09-24,US,South,United States,Home Office,Medium,148.16,15,0.0,0.0,5,2,0,9,4,0,13.0,6,0.0,0.07692307692307693,4784,689.0,0.14402003757044457
CA-2021-112004,AH-10075,2021-09-25,US,East,United States,Corporate,Medium,199.491,7,0.44999999999999996,0.7,2,1,0,9,5,1,129.0,7,0.0,0.07142857142857142,4785,689.0,0.1439899833055092
CA-2021-116939,AG-10900,2021-09-25,US,South,United States,Consumer,Medium,177.54999999999998,5,0.0,0.0,1,1,0,9,5,1,22.0,11,4.0,0.2777777777777778,4786,689.0,0.143959941581473
CA-2021-122112,CA-11965,2021-09-25,US,East,United States,Corporate,Medium,24.448,4,0.2,0.2,1,1,0,9,5,1,242.0,5,0.0,0.08333333333333333,4787,689.0,0.1439299123904881
CA-2021-144904,KW-16435,2021-09-25,US,East,United States,Consumer,Medium,562.0260000000001,15,0.025,0.1,4,2,0,9,5,1,56.0,4,0.0,0.09090909090909091,4788,689.0,0.14389989572471323
CA-2021-162481,CT-11995,2021-09-25,US,Central,United States,Consumer,Medium,278.22999999999996,5,0.0,0.0,2,2,0,9,5,1,88.0,7,1.0,0.14285714285714285,4789,689.0,0.1438698915763136
CA-2021-162572,RB-19360,2021-09-25,US,East,United States,Consumer,Medium,130.568,11,0.2,0.2,2,2,0,9,5,1,62.0,7,3.0,0.2857142857142857,4790,689.0,0.1438398999374609
CA-2021-169929,LS-17200,2021-09-25,US,West,United States,Corporate,Medium,39.900000000000006,5,0.0,0.0,1,1,0,9,5,1,56.0,7,3.0,0.2857142857142857,4791,689.0,0.14380992080033347
CA-2021-129490,SJ-20125,2021-09-26,US,South,United States,Home Office,Medium,419.13599999999997,4,0.2,0.2,1,1,0,9,6,1,9.0,11,0.0,0.05555555555555555,4792,689.0,0.14377995415711606
CA-2021-156391,SL-20155,2021-09-26,US,West,United States,Home Office,Medium,2.2239999999999998,1,0.2,0.2,1,1,1,9,6,1,290.0,5,0.0,0.08333333333333333,4793,689.0,0.14375
US-2021-106145,RA-19885,2021-09-26,US,West,United States,Corporate,Medium,1065.2160000000001,21,0.08,0.2,5,2,0,9,6,1,436.0,4,0.0,0.09090909090909091,4794,690.0,0.143928348260779
CA-2021-101574,BD-11725,2021-09-28,US,West,United States,Consumer,Medium,9.24,3,0.0,0.0,1,1,1,9,1,0,56.0,5,0.0,0.08333333333333333,4795,690.0,0.14389837567680133
CA-2021-152205,SF-20965,2021-09-28,US,East,United States,Corporate,Medium,2.6550000000000002,1,0.7,0.7,1,1,0,9,1,0,48.0,7,0.0,0.07142857142857142,4796,691.0,0.14407661877992922
CA-2021-160017,SP-20860,2021-09-28,US,South,United States,Corporate,Medium,10.368000000000002,2,0.2,0.2,1,1,0,9,1,0,208.0,9,2.0,0.1875,4797,691.0,0.1440466278101582
US-2021-125717,DS-13030,2021-09-28,US,West,United States,Home Office,Medium,535.264,14,0.2833333333333333,0.7,6,3,0,9,1,0,177.0,3,0.0,0.1,4798,691.0,0.14401664932362124
US-2021-139955,CM-12160,2021-09-28,US,Central,United States,Consumer,Medium,1.7440000000000002,1,0.2,0.2,1,1,0,9,1,0,41.0,3,0.0,0.1,4799,691.0,0.143986683312526
CA-2021-100314,AS-10630,2021-09-29,US,Central,United States,Home Office,Medium,372.44599999999997,9,0.26666666666666666,0.4,3,2,0,9,2,0,152.0,6,0.0,0.07692307692307693,4800,691.0,0.14395672976908674
CA-2021-118402,JO-15280,2021-09-29,US,South,United States,Consumer,Medium,243.92,5,0.2,0.2,1,1,0,9,2,0,528.0,5,0.0,0.08333333333333333,4801,691.0,0.14392678868552414
CA-2021-121300,MG-17680,2021-09-29,US,East,United States,Home Office,Medium,693.13,15,0.25,0.4,6,3,0,9,2,0,113.0,3,0.0,0.1,4802,691.0,0.1438968600540653
CA-2021-126676,FH-14365,2021-09-29,US,East,United States,Corporate,Medium,7.98,3,0.0,0.0,1,1,0,9,2,0,69.0,6,1.0,0.15384615384615385,4803,691.0,0.14386694386694387
CA-2021-128335,JA-15970,2021-09-29,US,East,United States,Consumer,Medium,74.89,8,0.0,0.0,2,1,0,9,2,0,7.0,7,0.0,0.07142857142857142,4804,691.0,0.14383704011639992
CA-2021-137918,JK-15730,2021-09-29,US,West,United States,Consumer,Medium,97.3,7,0.0,0.0,1,1,0,9,2,0,26.0,8,0.0,0.06666666666666667,4805,691.0,0.14380714879467996
CA-2021-140186,PG-18820,2021-09-29,US,West,United States,Consumer,Medium,304.046,13,0.08,0.2,5,2,1,9,2,0,315.0,10,0.0,0.058823529411764705,4806,691.0,0.143777269894037
CA-2021-140186,PG-18820,2021-09-29,US,West,United States,Consumer,Medium,304.046,13,0.08,0.2,5,2,1,9,2,0,0.0,11,1.0,0.1111111111111111,4807,692.0,0.14395513086830078
CA-2021-140186,PG-18820,2021-09-29,US,West,United States,Consumer,Medium,304.046,13,0.08,0.2,5,2,1,9,2,0,0.0,12,2.0,0.15789473684210525,4808,693.0,0.14413291796469366
CA-2021-140186,PG-18820,2021-09-29,US,West,United States,Consumer,Medium,304.046,13,0.08,0.2,5,2,1,9,2,0,0.0,13,3.0,0.2,4809,694.0,0.14431063122923588
CA-2021-140186,PG-18820,2021-09-29,US,West,United States,Consumer,Medium,304.046,13,0.08,0.2,5,2,1,9,2,0,0.0,14,4.0,0.23809523809523808,4810,695.0,0.14448827070790948
CA-2021-148138,ME-18010,2021-09-29,US,East,United States,Corporate,Medium,51.168000000000006,2,0.2,0.2,1,1,0,9,2,0,862.0,3,0.0,0.1,4811,696.0,0.14466583644665837
US-2021-141509,SC-20575,2021-09-29,US,West,United States,Consumer,Medium,99.2,5,0.0,0.0,1,1,0,9,2,0,41.0,4,0.0,0.09090909090909091,4812,696.0,0.14463581655945218
CA-2021-123029,BT-11530,2021-09-30,US,West,United States,Home Office,Medium,159.98,2,0.0,0.0,1,1,0,9,3,0,216.0,8,5.0,0.4,4813,696.0,0.14460580912863072
CA-2021-144225,CC-12475,2021-09-30,US,East,United States,Consumer,Medium,164.88,3,0.0,0.0,1,1,0,9,3,0,19.0,7,0.0,0.07142857142857142,4814,696.0,0.14457581414644266
CA-2021-147452,CS-11845,2021-09-30,US,West,United States,Corporate,Medium,183.59,6,0.0,0.0,3,1,1,9,3,0,231.0,5,2.0,0.25,4815,696.0,0.1445458316051431
CA-2021-147452,CS-11845,2021-09-30,US,West,United States,Corporate,Medium,183.59,6,0.0,0.0,3,1,1,9,3,0,0.0,6,3.0,0.3076923076923077,4816,697.0,0.14472320132697492
CA-2021-147452,CS-11845,2021-09-30,US,West,United States,Corporate,Medium,183.59,6,0.0,0.0,3,1,1,9,3,0,0.0,7,4.0,0.35714285714285715,4817,698.0,0.1449004975124378
US-2021-120908,BF-10975,2021-09-30,US,East,United States,Corporate,Medium,20.664,7,0.2,0.2,1,1,0,9,3,0,314.0,6,0.0,0.07692307692307693,4818,699.0,0.14507772020725387
US-2021-130603,SC-20050,2021-09-30,US,Central,United States,Home Office,Medium,11.645999999999997,9,0.8,0.8,1,1,0,9,3,0,27.0,7,0.0,0.07142857142857142,4819,699.0,0.14504765851636967
CA-2021-113418,CM-12655,2021-10-01,US,East,United States,Home Office,Medium,1704.89,11,0.0,0.0,1,1,0,10,4,0,322.0,4,0.0,0.09090909090909091,4820,699.0,0.145017609281127
CA-2021-117807,DK-13090,2021-10-01,US,Central,United States,Consumer,Medium,104.85,1,0.0,0.0,1,1,0,10,4,0,222.0,4,0.0,0.09090909090909091,4821,699.0,0.14498757249378624
CA-2021-129378,NS-18505,2021-10-01,US,West,United States,Consumer,Medium,413.78400000000005,20,0.15000000000000002,0.2,4,2,0,10,4,0,255.0,2,0.0,0.1111111111111111,4822,699.0,0.1449575481466142
CA-2021-152275,KH-16630,2021-10-01,US,Central,United States,Corporate,Medium,6.671999999999999,6,0.2,0.2,1,1,0,10,4,0,20.0,8,2.0,0.2,4823,699.0,0.14492753623188406
CA-2021-156951,EB-13840,2021-10-01,US,West,United States,Corporate,Medium,643.52,21,0.1,0.2,4,2,0,10,4,0,301.0,4,0.0,0.09090909090909091,4824,699.0,0.1448975367418754
US-2021-139577,TN-21040,2021-10-01,US,West,United States,Home Office,Medium,104.75,5,0.0,0.0,1,1,0,10,4,0,289.0,10,5.0,0.35294117647058826,4825,699.0,0.14486754966887416
CA-2021-101308,FG-14260,2021-10-02,US,West,United States,Home Office,Medium,93.724,5,0.1,0.2,2,2,0,10,5,1,13.0,4,0.0,0.09090909090909091,4826,699.0,0.14483757500517278
CA-2021-105914,PV-18985,2021-10-02,US,West,United States,Home Office,Medium,1687.2600000000002,12,0.1,0.2,2,1,0,10,5,1,205.0,4,0.0,0.09090909090909091,4827,699.0,0.1448076127430699
CA-2021-116113,JW-15220,2021-10-02,US,South,United States,Corporate,Medium,10.16,2,0.0,0.0,1,1,0,10,5,1,379.0,2,0.0,0.1111111111111111,4828,699.0,0.14477766287487073
CA-2021-123981,RW-19630,2021-10-02,US,East,United States,Corporate,Medium,65.99,1,0.0,0.0,1,1,0,10,5,1,172.0,8,0.0,0.06666666666666667,4829,699.0,0.1447477253928867
CA-2021-126074,RF-19735,2021-10-02,US,Central,United States,Consumer,Medium,275.65000000000003,22,0.0,0.0,4,2,0,10,5,1,65.0,7,2.0,0.21428571428571427,4830,699.0,0.1447178002894356
CA-2021-137414,CM-12115,2021-10-02,US,West,United States,Consumer,Medium,386.62,13,0.1,0.2,2,2,1,10,5,1,185.0,2,0.0,0.1111111111111111,4831,699.0,0.14468788755684167
CA-2021-137414,CM-12115,2021-10-02,US,West,United States,Consumer,Medium,386.62,13,0.1,0.2,2,2,1,10,5,1,0.0,3,1.0,0.2,4832,700.0,0.14486464145484604
CA-2021-141117,JK-16090,2021-10-02,US,West,United States,Consumer,Medium,374.618,26,0.44999999999999996,0.7,4,2,0,10,5,1,895.0,4,4.0,0.45454545454545453,4833,701.0,0.1450413223140496
CA-2021-147564,BP-11155,2021-10-02,US,East,United States,Consumer,Medium,49.12,4,0.0,0.0,1,1,0,10,5,1,84.0,5,0.0,0.08333333333333333,4834,701.0,0.14501136128898987
CA-2021-152926,SC-20695,2021-10-02,US,Central,United States,Corporate,Medium,37.20799999999999,8,0.8,0.8,2,1,0,10,5,1,53.0,9,0.0,0.0625,4835,701.0,0.1449814126394052
US-2021-162558,Dp-13240,2021-10-02,US,South,United States,Home Office,Medium,2437.672,23,0.37142857142857144,0.7,7,2,0,10,5,1,17.0,9,0.0,0.0625,4836,701.0,0.14495147635762956
CA-2021-101749,AS-10045,2021-10-03,US,West,United States,Corporate,Medium,171.288,3,0.2,0.2,1,1,0,10,6,1,29.0,6,0.0,0.07692307692307693,4837,701.0,0.1449215524360033
CA-2021-134607,HL-15040,2021-10-03,US,East,United States,Consumer,Medium,22.58,2,0.0,0.0,1,1,0,10,6,1,365.0,4,0.0,0.09090909090909091,4838,701.0,0.14489164086687306
CA-2021-141789,AC-10450,2021-10-03,US,Central,United States,Consumer,Medium,1793.98,2,0.0,0.0,1,1,0,10,6,1,313.0,5,0.0,0.08333333333333333,4839,701.0,0.14486174164259183
CA-2021-143035,CC-12430,2021-10-03,US,East,United States,Home Office,Medium,462.52,10,0.0,0.0,3,3,0,10,6,1,136.0,9,4.0,0.3125,4840,701.0,0.14483185475551888
CA-2021-144820,LW-16825,2021-10-03,US,Central,United States,Corporate,Medium,20.64,5,0.2,0.2,1,1,0,10,6,1,282.0,7,5.0,0.42857142857142855,4841,701.0,0.1448019801980198
CA-2021-149853,PO-18850,2021-10-03,US,South,United States,Consumer,Medium,33.47200000000001,8,0.2,0.2,2,1,0,10,6,1,41.0,8,0.0,0.06666666666666667,4842,701.0,0.1447721179624665
CA-2021-163818,PS-18970,2021-10-04,US,East,United States,Home Office,Medium,19.98,1,0.0,0.0,1,1,0,10,0,0,197.0,6,0.0,0.07692307692307693,4843,701.0,0.1447422680412371
CA-2021-131807,GG-14650,2021-10-05,US,West,United States,Corporate,Medium,753.1120000000001,22,0.10000000000000002,0.2,6,3,1,10,1,0,165.0,6,0.0,0.07692307692307693,4844,701.0,0.14471243042671614
CA-2021-131807,GG-14650,2021-10-05,US,West,United States,Corporate,Medium,753.1120000000001,22,0.10000000000000002,0.2,6,3,1,10,1,0,0.0,7,1.0,0.14285714285714285,4845,702.0,0.14488870568837592
CA-2021-131807,GG-14650,2021-10-05,US,West,United States,Corporate,Medium,753.1120000000001,22,0.10000000000000002,0.2,6,3,1,10,1,0,0.0,8,2.0,0.2,4846,703.0,0.14506490830414176
CA-2021-131807,GG-14650,2021-10-05,US,West,United States,Corporate,Medium,753.1120000000001,22,0.10000000000000002,0.2,6,3,1,10,1,0,0.0,9,3.0,0.25,4847,704.0,0.14524103831891225
CA-2021-131807,GG-14650,2021-10-05,US,West,United States,Corporate,Medium,753.1120000000001,22,0.10000000000000002,0.2,6,3,1,10,1,0,0.0,10,4.0,0.29411764705882354,4848,705.0,0.1454170957775489
CA-2021-131807,GG-14650,2021-10-05,US,West,United States,Corporate,Medium,753.1120000000001,22,0.10000000000000002,0.2,6,3,1,10,1,0,0.0,11,5.0,0.3333333333333333,4849,706.0,0.14559308072487645
CA-2021-143112,TS-21370,2021-10-05,US,East,United States,Corporate,Medium,5509.142,10,0.03333333333333333,0.1,3,2,0,10,1,0,147.0,4,0.0,0.09090909090909091,4850,707.0,0.1457689932056825
CA-2021-157672,RB-19795,2021-10-05,US,West,United States,Home Office,Medium,63.824000000000005,2,0.2,0.2,1,1,0,10,1,0,145.0,6,0.0,0.07692307692307693,4851,707.0,0.1457389872375463
CA-2021-167661,MP-18175,2021-10-05,US,West,United States,Home Office,Medium,121.816,11,0.13333333333333333,0.2,3,1,0,10,1,0,237.0,7,0.0,0.07142857142857142,4852,707.0,0.14570899362008644
US-2021-103247,PO-19195,2021-10-05,US,East,United States,Home Office,Medium,236.72199999999998,10,0.1,0.2,2,2,1,10,1,0,676.0,4,0.0,0.09090909090909091,4853,707.0,0.145679012345679
US-2021-103247,PO-19195,2021-10-05,US,East,United States,Home Office,Medium,236.72199999999998,10,0.1,0.2,2,2,1,10,1,0,0.0,5,1.0,0.16666666666666666,4854,708.0,0.14585476239456902
CA-2021-109099,MM-18280,2021-10-06,US,East,United States,Corporate,Medium,40.99,1,0.0,0.0,1,1,0,10,2,0,18.0,10,3.0,0.23529411764705882,4855,709.0,0.14603044014808722
CA-2021-118577,XP-21865,2021-10-06,US,East,United States,Consumer,Medium,150.17999999999998,4,0.0,0.0,2,1,0,10,2,0,337.0,7,0.0,0.07142857142857142,4856,709.0,0.14600041126876415
CA-2021-137421,AJ-10945,2021-10-06,US,West,United States,Consumer,Medium,9.344,2,0.2,0.2,1,1,0,10,2,0,36.0,6,0.0,0.07692307692307693,4857,709.0,0.14597039473684212
CA-2021-146269,MH-17455,2021-10-06,US,Central,United States,Consumer,Medium,309.488,4,0.2,0.2,2,1,0,10,2,0,85.0,7,1.0,0.14285714285714285,4858,709.0,0.1459403905447071
US-2021-136868,CR-12820,2021-10-06,US,East,United States,Home Office,Medium,681.91,10,0.0,0.0,3,2,0,10,2,0,231.0,2,0.0,0.1111111111111111,4859,709.0,0.14591039868475134
US-2021-148054,NZ-18565,2021-10-06,US,West,United States,Home Office,Medium,307.74,8,0.0,0.0,3,2,0,10,2,0,62.0,11,5.0,0.3333333333333333,4860,709.0,0.14588041914937333
CA-2021-104003,DC-13285,2021-10-07,US,West,United States,Consumer,Medium,307.666,2,0.15,0.15,1,1,0,10,3,0,331.0,3,0.0,0.1,4861,709.0,0.14585045193097781
CA-2021-108574,MG-18145,2021-10-07,US,West,United States,Consumer,Medium,1324.5739999999998,26,0.13333333333333333,0.2,3,1,0,10,3,0,72.0,3,0.0,0.1,4862,709.0,0.14582049702197578
CA-2021-128426,JK-15730,2021-10-07,US,Central,United States,Consumer,Medium,4.239999999999999,5,0.8,0.8,1,1,0,10,3,0,8.0,9,0.0,0.0625,4863,709.0,0.1457905544147844
CA-2021-148404,Dp-13240,2021-10-07,US,South,United States,Home Office,Medium,1027.21,18,0.33999999999999997,0.7,5,3,0,10,3,0,5.0,10,0.0,0.058823529411764705,4864,709.0,0.14576062410182714
CA-2021-152709,DB-13210,2021-10-07,US,Central,United States,Consumer,Medium,85.52,2,0.0,0.0,1,1,0,10,3,0,311.0,9,3.0,0.25,4865,709.0,0.14573070607553365
CA-2021-105487,CS-12250,2021-10-08,US,West,United States,Corporate,Medium,419.832,9,0.05,0.2,4,2,0,10,4,0,258.0,9,0.0,0.0625,4866,709.0,0.14570080032833982
CA-2021-151596,BP-11050,2021-10-08,US,East,United States,Corporate,Medium,42.76,1,0.0,0.0,1,1,0,10,4,0,204.0,5,2.0,0.25,4867,709.0,0.14567090685268774
US-2021-168613,GM-14440,2021-10-08,US,East,United States,Consumer,Medium,145.764,2,0.1,0.1,1,1,0,10,4,0,71.0,6,0.0,0.07692307692307693,4868,709.0,0.14564102564102563
CA-2021-132430,CP-12085,2021-10-09,US,East,United States,Corporate,Medium,45.888000000000005,4,0.2,0.2,1,1,0,10,5,1,41.0,9,3.0,0.25,4869,709.0,0.14561115668580804
CA-2021-141873,HG-14845,2021-10-09,US,East,United States,Consumer,Medium,364.388,14,0.15000000000000002,0.2,4,2,0,10,5,1,203.0,3,0.0,0.1,4870,709.0,0.1455812999794956
CA-2021-162635,EB-14170,2021-10-09,US,South,United States,Consumer,Medium,10.816,4,0.2,0.2,1,1,0,10,5,1,338.0,5,0.0,0.08333333333333333,4871,709.0,0.14555145551455514
CA-2021-163125,MB-17305,2021-10-09,US,Central,United States,Consumer,Medium,321.202,10,0.25,0.3,2,2,0,10,5,1,98.0,8,0.0,0.06666666666666667,4872,709.0,0.14552162328345972
US-2021-115595,XP-21865,2021-10-09,US,West,United States,Consumer,Medium,35.2,5,0.0,0.0,1,1,0,10,5,1,3.0,8,0.0,0.06666666666666667,4873,709.0,0.14549180327868852
US-2021-117247,CK-12760,2021-10-09,US,Central,United States,Corporate,Medium,719.095,8,0.5,0.5,2,1,0,10,5,1,195.0,8,0.0,0.06666666666666667,4874,709.0,0.1454619954927269
CA-2021-111717,SW-20245,2021-10-10,US,Central,United States,Consumer,Medium,239.358,3,0.3,0.3,1,1,0,10,6,1,227.0,6,0.0,0.07692307692307693,4875,709.0,0.14543219991806636
CA-2021-112431,RW-19690,2021-10-12,US,West,United States,Consumer,Medium,441.72,14,0.0,0.0,2,2,0,10,1,0,32.0,4,0.0,0.09090909090909091,4876,709.0,0.1454024165472046
CA-2021-126536,NK-18490,2021-10-12,US,West,United States,Home Office,Medium,102.83,6,0.1,0.2,2,2,0,10,1,0,18.0,5,0.0,0.08333333333333333,4877,709.0,0.14537264537264538
CA-2021-130505,NF-18385,2021-10-12,US,East,United States,Consumer,Medium,673.3439999999999,3,0.3,0.3,1,1,0,10,1,0,52.0,6,0.0,0.07692307692307693,4878,709.0,0.14534288638689866
CA-2021-149146,SM-20320,2021-10-12,US,South,United States,Home Office,Medium,7.968000000000001,2,0.2,0.2,1,1,0,10,1,0,95.0,4,1.0,0.18181818181818182,4879,709.0,0.14531313958248054
CA-2021-150091,NP-18670,2021-10-12,US,East,United States,Consumer,Medium,2258.28,15,0.0,0.0,4,3,0,10,1,0,326.0,3,0.0,0.1,4880,709.0,0.14528340495191325
CA-2021-152702,SN-20710,2021-10-12,US,Central,United States,Home Office,Medium,254.60399999999998,14,0.3,0.3,1,1,0,10,1,0,328.0,6,0.0,0.07692307692307693,4881,709.0,0.14525368248772505
CA-2021-152933,MG-17650,2021-10-12,US,Central,United States,Home Office,Medium,1171.792,12,0.20000000000000004,0.2,3,2,0,10,1,0,45.0,5,0.0,0.08333333333333333,4882,709.0,0.1452239721824504
CA-2021-168655,ML-18040,2021-10-12,US,West,United States,Corporate,Medium,674.8720000000001,8,0.1,0.2,2,2,0,10,1,0,130.0,2,0.0,0.1111111111111111,4883,709.0,0.14519427402862986
CA-2021-169362,SP-20860,2021-10-12,US,Central,United States,Corporate,Medium,39.984,2,0.2,0.2,1,1,0,10,1,0,14.0,10,2.0,0.17647058823529413,4884,709.0,0.14516458801881005
CA-2021-169607,CA-12265,2021-10-12,US,East,United States,Consumer,Medium,9.96,2,0.0,0.0,1,1,0,10,1,0,20.0,6,1.0,0.15384615384615385,4885,709.0,0.14513491414554375
CA-2021-103212,MH-18025,2021-10-13,US,South,United States,Consumer,Medium,1541.51,11,0.0,0.0,3,2,0,10,2,0,230.0,3,0.0,0.1,4886,709.0,0.14510525240138974
CA-2021-116519,CR-12730,2021-10-13,US,East,United States,Consumer,Medium,904.9,5,0.0,0.0,1,1,0,10,2,0,417.0,3,0.0,0.1,4887,709.0,0.14507560277891296
CA-2021-132976,AG-10495,2021-10-13,US,East,United States,Corporate,Medium,114.376,15,0.2,0.2,4,1,0,10,2,0,358.0,8,3.0,0.26666666666666666,4888,709.0,0.14504596527068436
CA-2021-135909,JW-15220,2021-10-13,US,West,United States,Corporate,Medium,5325.884,13,0.13333333333333333,0.2,3,2,0,10,2,0,11.0,3,0.0,0.1,4889,709.0,0.14501633986928106
CA-2021-163160,TS-21610,2021-10-13,US,Central,United States,Consumer,Medium,170.57199999999997,10,0.5333333333333333,0.8,3,2,0,10,2,0,119.0,5,0.0,0.08333333333333333,4890,709.0,0.1449867265672861
US-2021-148831,AH-10210,2021-10-13,US,South,United States,Consumer,Medium,348.56,8,0.0,0.0,1,1,0,10,2,0,41.0,6,0.0,0.07692307692307693,4891,709.0,0.1449571253572887
CA-2021-126123,AG-10765,2021-10-14,US,Central,United States,Home Office,Medium,40.852,10,0.8,0.8,2,1,0,10,3,0,705.0,3,0.0,0.1,4892,709.0,0.14492753623188406
CA-2021-150707,EL-13735,2021-10-14,US,East,United States,Home Office,Medium,37.66,7,0.0,0.0,1,1,0,10,3,0,540.0,1,0.0,0.125,4893,709.0,0.14489795918367346
CA-2021-151183,BK-11260,2021-10-14,US,West,United States,Consumer,Medium,46.36,4,0.0,0.0,1,1,0,10,3,0,22.0,10,6.0,0.4117647058823529,4894,709.0,0.14486839420526423
CA-2021-168837,JW-15955,2021-10-14,US,West,United States,Consumer,Medium,9.46,2,0.0,0.0,1,1,0,10,3,0,68.0,5,0.0,0.08333333333333333,4895,709.0,0.1448388412892697
CA-2021-100237,SV-20815,2021-10-15,US,West,United States,Corporate,Medium,11.68,2,0.0,0.0,1,1,0,10,4,0,415.0,3,0.0,0.1,4896,709.0,0.1448093004283092
CA-2021-106033,FG-14260,2021-10-15,US,West,United States,Home Office,Medium,87.92,4,0.0,0.0,1,1,0,10,4,0,13.0,5,0.0,0.08333333333333333,4897,709.0,0.14477977161500816
CA-2021-113670,RS-19765,2021-10-15,US,West,United States,Corporate,Medium,715.19,8,0.1,0.2,2,2,1,10,4,0,37.0,6,0.0,0.07692307692307693,4898,709.0,0.14475025484199797
CA-2021-113670,RS-19765,2021-10-15,US,West,United States,Corporate,Medium,715.19,8,0.1,0.2,2,2,1,10,4,0,0.0,7,1.0,0.14285714285714285,4899,710.0,0.14492458214431309
CA-2021-142643,DL-13495,2021-10-15,US,West,United States,Corporate,Medium,175.37,6,0.0,0.0,2,2,0,10,4,0,55.0,7,0.0,0.07142857142857142,4900,711.0,0.14509883839413085
CA-2021-154949,MC-17275,2021-10-15,US,West,United States,Consumer,Medium,14.73,3,0.0,0.0,1,1,1,10,4,0,572.0,7,1.0,0.14285714285714285,4901,711.0,0.14506927465362673
CA-2021-164819,RS-19420,2021-10-15,US,East,United States,Corporate,Medium,13.049999999999999,5,0.0,0.0,1,1,0,10,4,0,92.0,4,0.0,0.09090909090909091,4902,712.0,0.14524343043389693
CA-2021-111577,AJ-10780,2021-10-16,US,West,United States,Corporate,Medium,307.776,7,0.2,0.2,1,1,0,10,5,1,155.0,6,1.0,0.15384615384615385,4903,712.0,0.14521384928716904
CA-2021-132234,MY-17380,2021-10-16,US,East,United States,Corporate,Medium,547.3000000000001,13,0.0,0.0,1,1,0,10,5,1,85.0,8,5.0,0.4,4904,712.0,0.14518428018733456
CA-2021-158386,BO-11425,2021-10-16,US,South,United States,Consumer,Medium,124.75,5,0.0,0.0,1,1,0,10,5,1,767.0,1,0.0,0.125,4905,712.0,0.14515472312703584
CA-2021-159100,VP-21760,2021-10-16,US,South,United States,Corporate,Medium,1893.786,9,0.30000000000000004,0.4,2,2,0,10,5,1,477.0,6,0.0,0.07692307692307693,4906,712.0,0.14512517809892123
CA-2021-159282,GH-14410,2021-10-16,US,West,United States,Home Office,Medium,599.9850000000001,5,0.7,0.7,1,1,0,10,5,1,108.0,8,0.0,0.06666666666666667,4907,712.0,0.1450956450956451
CA-2021-114804,BF-11020,2021-10-17,US,West,United States,Corporate,Medium,52.792,1,0.2,0.2,1,1,0,10,6,1,29.0,7,0.0,0.07142857142857142,4908,712.0,0.14506612410986774
CA-2021-123246,AJ-10960,2021-10-17,US,West,United States,Consumer,Medium,10.64,4,0.0,0.0,1,1,0,10,6,1,1022.0,2,0.0,0.1111111111111111,4909,712.0,0.1450366151342555
CA-2021-165603,SS-20140,2021-10-17,US,East,United States,Corporate,Medium,62.92,4,0.0,0.0,2,1,0,10,6,1,29.0,8,3.0,0.26666666666666666,4910,712.0,0.14500711816148057
CA-2021-106432,CA-12265,2021-10-19,US,Central,United States,Consumer,Medium,330.47119999999995,5,0.56,0.8,2,2,0,10,1,0,7.0,7,1.0,0.14285714285714285,4911,712.0,0.14497763318422122
CA-2021-107727,MA-17560,2021-10-19,US,Central,United States,Home Office,Medium,29.472,3,0.2,0.2,1,1,0,10,1,0,422.0,8,0.0,0.06666666666666667,4912,712.0,0.14494816019516163
CA-2021-117653,MO-17500,2021-10-19,US,Central,United States,Consumer,Medium,91.275,1,0.5,0.5,1,1,0,10,1,0,380.0,3,0.0,0.1,4913,712.0,0.14491869918699188
CA-2021-125199,HM-14860,2021-10-19,US,East,United States,Corporate,Medium,456.512,15,0.26666666666666666,0.4,3,2,0,10,1,0,76.0,8,0.0,0.06666666666666667,4914,712.0,0.14488925015240806
CA-2021-125388,MP-17965,2021-10-19,US,East,United States,Corporate,Medium,89.26,7,0.0,0.0,2,2,0,10,1,0,104.0,8,0.0,0.06666666666666667,4915,712.0,0.14485981308411214
CA-2021-125990,JS-16030,2021-10-19,US,West,United States,Consumer,Medium,39.62400000000001,3,0.2,0.2,1,1,0,10,1,0,245.0,4,0.0,0.09090909090909091,4916,712.0,0.1448303879748121
CA-2021-131492,HH-15010,2021-10-19,US,West,United States,Corporate,Medium,95.388,16,0.05,0.2,4,2,1,10,1,0,1147.0,2,2.0,0.3333333333333333,4917,712.0,0.14480097481722176
CA-2021-131492,HH-15010,2021-10-19,US,West,United States,Corporate,Medium,95.388,16,0.05,0.2,4,2,1,10,1,0,0.0,3,3.0,0.4,4918,713.0,0.1449746192893401
CA-2021-131492,HH-15010,2021-10-19,US,West,United States,Corporate,Medium,95.388,16,0.05,0.2,4,2,1,10,1,0,0.0,4,4.0,0.45454545454545453,4919,714.0,0.14514819326025172
CA-2021-131492,HH-15010,2021-10-19,US,West,United States,Corporate,Medium,95.388,16,0.05,0.2,4,2,1,10,1,0,0.0,5,5.0,0.5,4920,715.0,0.14532169677288412
CA-2021-159457,RD-19480,2021-10-19,US,Central,United States,Consumer,Medium,16.68,3,0.2,0.2,1,1,0,10,1,0,34.0,7,0.0,0.07142857142857142,4921,716.0,0.14549512987012986
US-2021-120390,TH-21550,2021-10-19,US,South,United States,Home Office,Medium,1633.1880000000003,4,0.7,0.7,1,1,0,10,1,0,59.0,6,0.0,0.07692307692307693,4922,716.0,0.14546561168594035
CA-2021-103065,PT-19090,2021-10-20,US,South,United States,Consumer,Medium,59.824000000000005,9,0.2,0.2,4,2,0,10,2,0,91.0,3,0.0,0.1,4923,716.0,0.14543610547667343
CA-2021-104822,RB-19465,2021-10-20,US,East,United States,Home Office,Medium,24.55,5,0.0,0.0,1,1,0,10,2,0,120.0,10,2.0,0.17647058823529413,4924,716.0,0.14540661123504361
CA-2021-147277,EB-13705,2021-10-20,US,East,United States,Corporate,Medium,949.7719999999999,4,0.30000000000000004,0.4,2,2,0,10,2,0,165.0,7,0.0,0.07142857142857142,4925,716.0,0.14537712895377128
CA-2021-158722,MA-17560,2021-10-20,US,East,United States,Home Office,Medium,45.528,3,0.2,0.2,1,1,0,10,2,0,1.0,9,0.0,0.0625,4926,716.0,0.1453476586255828
CA-2021-158743,IG-15085,2021-10-20,US,South,United States,Consumer,Medium,199.17000000000002,11,0.0,0.0,3,1,0,10,2,0,490.0,3,1.0,0.2,4927,716.0,0.14531820024321038
US-2021-115252,MY-18295,2021-10-20,US,South,United States,Corporate,Medium,30.336000000000006,5,0.2,0.2,2,2,0,10,2,0,47.0,10,0.0,0.058823529411764705,4928,716.0,0.1452887537993921
US-2021-146416,JE-16165,2021-10-20,US,West,United States,Corporate,Medium,24.678,5,0.1,0.2,2,1,0,10,2,0,319.0,1,0.0,0.125,4929,716.0,0.14525931928687197
CA-2021-100356,SP-20920,2021-10-21,US,Central,United States,Consumer,Medium,23.991999999999994,2,0.8,0.8,1,1,0,10,3,0,219.0,5,1.0,0.16666666666666666,4930,716.0,0.14522989669839984
CA-2021-113453,CM-12160,2021-10-21,US,East,United States,Consumer,Medium,401.36400000000003,5,0.30000000000000004,0.4,2,2,0,10,3,0,23.0,4,0.0,0.09090909090909091,4931,716.0,0.14520048602673147
CA-2021-113558,PH-18790,2021-10-21,US,South,United States,Home Office,Medium,729.6480000000001,6,0.2,0.2,2,1,0,10,3,0,9999.0,0,0.0,0.14285714285714285,4932,716.0,0.14517108726462846
CA-2021-117422,FC-14245,2021-10-21,US,East,United States,Home Office,Medium,171.848,7,0.3666666666666667,0.7,3,1,0,10,3,0,43.0,6,0.0,0.07692307692307693,4933,716.0,0.1451417004048583
CA-2021-142125,JB-15400,2021-10-21,US,Central,United States,Corporate,Medium,60.72,11,0.0,0.0,2,1,0,10,3,0,63.0,7,0.0,0.07142857142857142,4934,716.0,0.14511232544019428
CA-2021-145884,SL-20155,2021-10-21,US,Central,United States,Home Office,Medium,1702.0300000000002,9,0.0,0.0,2,2,0,10,3,0,25.0,6,1.0,0.15384615384615385,4935,716.0,0.1450829623634156
CA-2021-148166,NK-18490,2021-10-21,US,South,United States,Home Office,Medium,17.856,4,0.2,0.2,1,1,0,10,3,0,9.0,6,0.0,0.07692307692307693,4936,716.0,0.1450536111673073
CA-2021-154410,MD-17860,2021-10-21,US,Central,United States,Corporate,Medium,909.12,8,0.0,0.0,1,1,0,10,3,0,53.0,3,0.0,0.1,4937,716.0,0.14502427184466019
CA-2021-167094,DK-12835,2021-10-21,US,West,United States,Corporate,Medium,512.0640000000001,5,0.20000000000000004,0.2,3,3,0,10,3,0,42.0,10,0.0,0.058823529411764705,4938,716.0,0.14499494438827099
US-2021-117331,ND-18370,2021-10-21,US,West,United States,Consumer,Medium,8.559000000000001,1,0.7,0.7,1,1,0,10,3,0,188.0,7,0.0,0.07142857142857142,4939,716.0,0.14496562879094219
CA-2021-101581,DW-13195,2021-10-22,US,West,United States,Corporate,Medium,177.225,5,0.5,0.5,1,1,0,10,4,0,30.0,5,0.0,0.08333333333333333,4940,716.0,0.14493632504548212
CA-2021-127180,TA-21385,2021-10-22,US,East,United States,Home Office,Medium,13716.458,18,0.05,0.2,4,2,0,10,4,0,201.0,3,0.0,0.1,4941,716.0,0.14490703314470493
CA-2021-130141,HA-14905,2021-10-22,US,West,United States,Consumer,Medium,582.304,8,0.44999999999999996,0.7,2,2,0,10,4,0,42.0,7,2.0,0.21428571428571427,4942,716.0,0.14487775308143058
CA-2021-130211,BD-11620,2021-10-22,US,Central,United States,Consumer,Medium,582.07,5,0.0,0.0,2,2,0,10,4,0,295.0,5,0.0,0.08333333333333333,4943,716.0,0.14484848484848484
CA-2021-156363,ML-17395,2021-10-22,US,East,United States,Corporate,Medium,64.38000000000001,9,0.30000000000000004,0.4,2,2,0,10,4,0,255.0,10,3.0,0.23529411764705882,4944,716.0,0.14481922843869927
US-2021-111920,PS-18970,2021-10-22,US,Central,United States,Home Office,Medium,36.44,4,0.0,0.0,1,1,0,10,4,0,18.0,7,0.0,0.07142857142857142,4945,716.0,0.14478998384491115
CA-2021-106068,RB-19330,2021-10-23,US,Central,United States,Consumer,Medium,337.81800000000004,9,0.35000000000000003,0.8,4,2,0,10,5,1,1071.0,1,0.0,0.125,4946,716.0,0.14476075105996367
CA-2021-117079,JR-15700,2021-10-23,US,South,United States,Consumer,Medium,863.8799999999999,3,0.2,0.2,1,1,0,10,5,1,9999.0,0,0.0,0.14285714285714285,4947,716.0,0.1447315300767057
CA-2021-125451,AH-10075,2021-10-23,US,East,United States,Corporate,Medium,1169.98,22,0.09999999999999999,0.3,6,2,0,10,5,1,28.0,8,0.0,0.06666666666666667,4948,716.0,0.14470232088799193
CA-2021-139913,JC-16105,2021-10-23,US,East,United States,Corporate,Medium,142.92000000000002,21,0.0,0.0,4,3,0,10,5,1,781.0,3,0.0,0.1,4949,716.0,0.14467312348668282
US-2021-105389,DM-13015,2021-10-23,US,Central,United States,Consumer,Medium,837.7960000000002,11,0.4000000000000001,0.8,3,2,0,10,5,1,60.0,11,7.0,0.4444444444444444,4950,716.0,0.14464393786564456
CA-2021-141705,PO-18850,2021-10-24,US,Central,United States,Consumer,Medium,517.4050000000001,5,0.3,0.3,1,1,0,10,6,1,21.0,9,0.0,0.0625,4951,716.0,0.1446147640177491
CA-2021-144365,CS-11950,2021-10-24,US,South,United States,Consumer,Medium,11.68,4,0.0,0.0,1,1,0,10,6,1,96.0,13,6.0,0.35,4952,716.0,0.14458560193587416
CA-2021-102729,BF-11215,2021-10-26,US,Central,United States,Home Office,Medium,55.616,2,0.2,0.2,1,1,0,10,1,0,227.0,3,0.0,0.1,4953,716.0,0.14455645161290323
CA-2021-115119,SC-20440,2021-10-26,US,East,United States,Corporate,Medium,142.98000000000002,8,0.55,0.7,2,2,0,10,1,0,34.0,5,0.0,0.08333333333333333,4954,716.0,0.14452731304172545
CA-2021-155558,PG-18895,2021-10-26,US,Central,United States,Consumer,Medium,26.15,3,0.0,0.0,2,2,0,10,1,0,128.0,7,0.0,0.07142857142857142,4955,716.0,0.1444981862152358
CA-2021-162173,OT-18730,2021-10-26,US,South,United States,Consumer,Medium,608.4300000000001,12,0.0,0.0,2,2,0,10,1,0,122.0,4,0.0,0.09090909090909091,4956,716.0,0.1444690711263349
US-2021-110646,JF-15190,2021-10-26,US,East,United States,Consumer,Medium,166.69199999999998,13,0.43333333333333335,0.7,3,2,0,10,1,0,109.0,6,0.0,0.07692307692307693,4957,716.0,0.14443996776792908
CA-2021-110310,NB-18655,2021-10-27,US,South,United States,Corporate,Medium,68.967,13,0.3666666666666667,0.7,3,1,0,10,2,0,376.0,6,0.0,0.07692307692307693,4958,716.0,0.14441087613293052
CA-2021-110373,MA-17560,2021-10-27,US,Central,United States,Home Office,Medium,34.239999999999995,5,0.2,0.2,2,2,0,10,2,0,7.0,10,0.0,0.058823529411764705,4959,716.0,0.14438179621425695
CA-2021-127922,SH-19975,2021-10-27,US,Central,United States,Corporate,Medium,24.288000000000004,4,0.2,0.2,2,1,0,10,2,0,35.0,11,0.0,0.05555555555555555,4960,716.0,0.1443527280048319
CA-2021-130764,JO-15145,2021-10-27,US,West,United States,Corporate,Medium,652.505,9,0.175,0.2,2,2,0,10,2,0,284.0,7,0.0,0.07142857142857142,4961,716.0,0.14432367149758454
CA-2021-134880,TW-21025,2021-10-27,US,West,United States,Home Office,Medium,44.784,1,0.2,0.2,1,1,0,10,2,0,98.0,6,0.0,0.07692307692307693,4962,716.0,0.1442946266854498
CA-2021-151225,JM-15655,2021-10-27,US,West,United States,Corporate,Medium,261.536,6,0.2,0.2,2,2,0,10,2,0,319.0,3,0.0,0.1,4963,716.0,0.1442655935613682
CA-2021-111262,KH-16510,2021-10-28,US,Central,United States,Consumer,Medium,65.72800000000001,7,0.20000000000000004,0.2,3,2,0,10,3,0,715.0,5,0.0,0.08333333333333333,4964,716.0,0.14423657211828605
CA-2021-118367,LO-17170,2021-10-28,US,East,United States,Corporate,Medium,47.98,2,0.0,0.0,1,1,0,10,3,0,153.0,3,1.0,0.2,4965,716.0,0.14420756234915527
CA-2021-139353,JM-15250,2021-10-28,US,South,United States,Consumer,Medium,273.088,8,0.20000000000000004,0.2,3,2,0,10,3,0,75.0,4,0.0,0.09090909090909091,4966,716.0,0.14417856424693343
CA-2021-160661,SA-20830,2021-10-28,US,East,United States,Consumer,Medium,21.93,3,0.0,0.0,1,1,0,10,3,0,162.0,9,1.0,0.125,4967,716.0,0.14414957780458384
CA-2021-160983,GB-14530,2021-10-29,US,East,United States,Corporate,Medium,46.96,8,0.0,0.0,1,1,0,10,4,0,211.0,10,0.0,0.058823529411764705,4968,716.0,0.14412060301507537
CA-2021-123491,JK-15205,2021-10-30,US,West,United States,Consumer,Medium,1993.772,30,0.06666666666666667,0.2,6,3,1,10,5,1,394.0,4,0.0,0.09090909090909091,4969,716.0,0.14409163987138263
CA-2021-123491,JK-15205,2021-10-30,US,West,United States,Consumer,Medium,1993.772,30,0.06666666666666667,0.2,6,3,1,10,5,1,0.0,5,1.0,0.16666666666666666,4970,717.0,0.144263612618043
CA-2021-123491,JK-15205,2021-10-30,US,West,United States,Consumer,Medium,1993.772,30,0.06666666666666667,0.2,6,3,1,10,5,1,0.0,6,2.0,0.23076923076923078,4971,718.0,0.144435516271595
CA-2021-123491,JK-15205,2021-10-30,US,West,United States,Consumer,Medium,1993.772,30,0.06666666666666667,0.2,6,3,1,10,5,1,0.0,7,3.0,0.2857142857142857,4972,719.0,0.1446073508736694
CA-2021-123491,JK-15205,2021-10-30,US,West,United States,Consumer,Medium,1993.772,30,0.06666666666666667,0.2,6,3,1,10,5,1,0.0,8,4.0,0.3333333333333333,4973,720.0,0.14477911646586344
CA-2021-123491,JK-15205,2021-10-30,US,West,United States,Consumer,Medium,1993.772,30,0.06666666666666667,0.2,6,3,1,10,5,1,0.0,9,5.0,0.375,4974,721.0,0.144950813089741
CA-2021-127285,MM-18055,2021-10-30,US,West,United States,Consumer,Medium,102.65599999999999,5,0.2,0.2,2,1,0,10,5,1,52.0,7,0.0,0.07142857142857142,4975,722.0,0.1451224407868326
CA-2021-139661,JW-15220,2021-10-30,US,West,United States,Corporate,Medium,9.64,2,0.0,0.0,1,1,0,10,5,1,17.0,4,0.0,0.09090909090909091,4976,722.0,0.14509331727874775
CA-2021-142622,JK-15625,2021-10-30,US,West,United States,Consumer,Medium,911.82,12,0.13333333333333333,0.2,3,1,0,10,5,1,675.0,6,0.0,0.07692307692307693,4977,722.0,0.14506420545746387
CA-2021-152583,RA-19945,2021-10-30,US,Central,United States,Consumer,Medium,321.39,10,0.3666666666666667,0.6,3,2,0,10,5,1,135.0,4,0.0,0.09090909090909091,4978,722.0,0.14503510531594785
CA-2021-152807,MC-18100,2021-10-30,US,East,United States,Consumer,Medium,481.47200000000004,15,0.2,0.2,4,3,0,10,5,1,58.0,8,0.0,0.06666666666666667,4979,722.0,0.14500601684717207
CA-2021-155292,RD-19810,2021-10-30,US,South,United States,Home Office,Medium,204.98000000000002,18,0.0,0.0,4,2,0,10,5,1,269.0,6,0.0,0.07692307692307693,4980,722.0,0.1449769400441147
CA-2021-117114,CY-12745,2021-10-31,US,Central,United States,Corporate,Medium,518.6800000000001,7,0.2,0.2,2,2,0,10,6,1,45.0,8,2.0,0.2,4981,722.0,0.1449478748997594
CA-2021-131632,AH-10120,2021-10-31,US,Central,United States,Home Office,Medium,5.248,2,0.2,0.2,1,1,0,10,6,1,75.0,12,7.0,0.42105263157894735,4982,722.0,0.1449188214070956
CA-2021-104136,SF-20065,2021-11-01,US,East,United States,Consumer,Medium,230.69,11,0.0,0.0,2,1,0,11,0,0,108.0,6,0.0,0.07692307692307693,4983,722.0,0.14488977955911825
CA-2021-123967,SF-20200,2021-11-01,US,West,United States,Consumer,Medium,2690.74,14,0.1,0.2,2,2,0,11,0,0,66.0,8,0.0,0.06666666666666667,4984,722.0,0.1448607493488279
CA-2021-116358,KM-16225,2021-11-02,US,Central,United States,Corporate,Medium,46.02,9,0.0,0.0,2,1,0,11,1,0,357.0,3,0.0,0.1,4985,722.0,0.14483173076923078
CA-2021-120061,SR-20425,2021-11-02,US,East,United States,Home Office,Medium,155.37199999999999,2,0.3,0.3,1,1,0,11,1,0,199.0,2,0.0,0.1111111111111111,4986,722.0,0.14480272381333867
CA-2021-127782,TH-21115,2021-11-02,US,East,United States,Corporate,Medium,891.5039999999999,11,0.25,0.4,4,3,0,11,1,0,482.0,3,0.0,0.1,4987,722.0,0.144773728474169
CA-2021-141425,AR-10825,2021-11-02,US,East,United States,Corporate,Medium,384.59200000000004,2,0.2,0.2,1,1,0,11,1,0,104.0,7,0.0,0.07142857142857142,4988,722.0,0.14474474474474475
CA-2021-143567,TB-21175,2021-11-02,US,South,United States,Corporate,Medium,3291.0699999999997,19,0.0,0.0,4,3,0,11,1,0,569.0,3,0.0,0.1,4989,722.0,0.14471577261809448
CA-2021-164049,KH-16630,2021-11-02,US,West,United States,Corporate,Medium,23.849999999999998,5,0.0,0.0,1,1,0,11,1,0,32.0,9,2.0,0.1875,4990,722.0,0.14468681208725234
CA-2021-167227,NP-18670,2021-11-02,US,Central,United States,Consumer,Medium,95.66000000000001,12,0.0,0.0,2,1,0,11,1,0,21.0,4,0.0,0.09090909090909091,4991,722.0,0.1446578631452581
CA-2021-168179,JB-16000,2021-11-02,US,West,United States,Consumer,Medium,19.44,3,0.0,0.0,1,1,0,11,1,0,49.0,5,0.0,0.08333333333333333,4992,722.0,0.14462892578515704
CA-2021-169005,BG-11035,2021-11-02,US,South,United States,Consumer,Medium,5.56,2,0.0,0.0,1,1,0,11,1,0,63.0,6,0.0,0.07692307692307693,4993,722.0,0.1446
US-2021-115609,CS-12505,2021-11-02,US,West,United States,Consumer,Medium,168.1,5,0.0,0.0,1,1,0,11,1,0,342.0,5,0.0,0.08333333333333333,4994,722.0,0.14457108578284344
US-2021-145597,GG-14650,2021-11-02,US,Central,United States,Corporate,Medium,54.336000000000006,4,0.2,0.2,1,1,0,11,1,0,28.0,12,6.0,0.3684210526315789,4995,722.0,0.1445421831267493
US-2021-163790,NL-18310,2021-11-02,US,West,United States,Home Office,Medium,1158.882,31,0.03333333333333333,0.2,6,2,0,11,1,0,521.0,3,0.0,0.1,4996,722.0,0.14451329202478513
CA-2021-100622,DK-13090,2021-11-03,US,South,United States,Consumer,Medium,1030.742,8,0.325,0.7,4,2,0,11,2,0,33.0,5,0.0,0.08333333333333333,4997,722.0,0.14448441247002397
CA-2021-103009,PJ-18835,2021-11-03,US,South,United States,Corporate,Medium,26.400000000000002,5,0.0,0.0,1,1,0,11,2,0,168.0,6,0.0,0.07692307692307693,4998,722.0,0.14445554445554445
CA-2021-110429,DM-13015,2021-11-03,US,East,United States,Consumer,Medium,11.673000000000002,3,0.7,0.7,1,1,0,11,2,0,11.0,12,7.0,0.42105263157894735,4999,722.0,0.14442668797443067
CA-2021-121615,DL-12925,2021-11-03,US,Central,United States,Consumer,Medium,75.9,10,0.0,0.0,3,1,0,11,2,0,753.0,5,0.0,0.08333333333333333,5000,722.0,0.14439784301977232
CA-2021-126046,JC-16105,2021-11-03,US,South,United States,Corporate,Medium,12.39,3,0.0,0.0,1,1,0,11,2,0,11.0,4,0.0,0.09090909090909091,5001,722.0,0.14436900958466453
CA-2021-130834,JM-16195,2021-11-03,US,South,United States,Consumer,Medium,16.272000000000002,3,0.2,0.2,1,1,0,11,2,0,57.0,13,5.0,0.3,5002,722.0,0.14434018766220802
CA-2021-135419,BG-11740,2021-11-03,US,West,United States,Consumer,Medium,486.36800000000005,4,0.2,0.2,1,1,0,11,2,0,200.0,5,0.0,0.08333333333333333,5003,722.0,0.144311377245509
CA-2021-142636,KC-16675,2021-11-03,US,West,United States,Corporate,Medium,446.99600000000004,11,0.1,0.2,2,2,0,11,2,0,161.0,3,0.0,0.1,5004,722.0,0.1442825783276791
CA-2021-143329,DL-13330,2021-11-03,US,West,United States,Consumer,Medium,41.37,3,0.0,0.0,1,1,0,11,2,0,371.0,3,0.0,0.1,5005,722.0,0.1442537909018356
CA-2021-148320,PG-18895,2021-11-03,US,West,United States,Consumer,Medium,35.88,6,0.0,0.0,1,1,0,11,2,0,8.0,8,0.0,0.06666666666666667,5006,722.0,0.14422501496110113
CA-2021-153339,DJ-13510,2021-11-03,US,South,United States,Corporate,Medium,15.991999999999999,1,0.2,0.2,1,1,0,11,2,0,52.0,6,0.0,0.07692307692307693,5007,722.0,0.1441962504986039
CA-2021-161130,BF-11275,2021-11-03,US,South,United States,Corporate,Medium,361.37600000000003,2,0.2,0.2,1,1,0,11,2,0,116.0,2,0.0,0.1111111111111111,5008,722.0,0.14416749750747757
US-2021-101518,PB-19105,2021-11-03,US,East,United States,Consumer,Medium,40.775999999999996,3,0.2,0.2,1,1,0,11,2,0,42.0,3,0.0,0.1,5009,722.0,0.14413875598086123
US-2021-105998,CR-12580,2021-11-03,US,West,United States,Home Office,Medium,1872.9339999999997,17,0.1,0.2,2,2,0,11,2,0,344.0,3,0.0,0.1,5010,722.0,0.14411002591189953
US-2021-110989,EJ-14155,2021-11-03,US,West,United States,Consumer,Medium,43.5,3,0.0,0.0,1,1,0,11,2,0,60.0,4,0.0,0.09090909090909091,5011,722.0,0.14408130729374252
US-2021-168802,JO-15145,2021-11-03,US,West,United States,Corporate,Medium,18.368000000000002,4,0.2,0.2,1,1,0,11,2,0,7.0,8,0.0,0.06666666666666667,5012,722.0,0.14405260011954574
CA-2021-102610,CA-12265,2021-11-04,US,South,United States,Consumer,Medium,248.39600000000002,16,0.325,0.7,4,2,0,11,3,0,16.0,8,1.0,0.13333333333333333,5013,722.0,0.14402390438247012
CA-2021-105144,SZ-20035,2021-11-04,US,Central,United States,Home Office,Medium,23.680000000000003,2,0.2,0.2,1,1,0,11,3,0,119.0,9,0.0,0.0625,5014,722.0,0.14399522007568213
CA-2021-121160,FM-14290,2021-11-04,US,Central,United States,Home Office,Medium,65.83999999999999,15,0.65,0.8,4,1,0,11,3,0,124.0,6,0.0,0.07692307692307693,5015,722.0,0.14396654719235363
CA-2021-147760,KL-16555,2021-11-04,US,South,United States,Corporate,Medium,1883.7240000000002,8,0.30000000000000004,0.4,2,2,0,11,3,0,106.0,6,0.0,0.07692307692307693,5016,722.0,0.14393788572566196
CA-2021-159135,KM-16375,2021-11-04,US,South,United States,Home Office,Medium,4.3,2,0.0,0.0,1,1,0,11,3,0,257.0,8,2.0,0.2,5017,722.0,0.1439092356687898
US-2021-122672,HG-14965,2021-11-04,US,East,United States,Corporate,Medium,265.07200000000006,7,0.2,0.2,2,2,0,11,3,0,218.0,12,3.0,0.21052631578947367,5018,722.0,0.14388059701492537
US-2021-156083,JL-15175,2021-11-04,US,South,United States,Home Office,Medium,9.664000000000001,2,0.2,0.2,1,1,0,11,3,0,506.0,3,0.0,0.1,5019,722.0,0.14385196975726225
US-2021-168116,GT-14635,2021-11-04,US,South,United States,Corporate,Medium,8167.419999999999,6,0.35,0.5,2,2,0,11,3,0,730.0,2,0.0,0.1111111111111111,5020,722.0,0.14382335388899942
CA-2021-102925,CD-12280,2021-11-05,US,East,United States,Consumer,Medium,796.0360000000001,22,0.1125,0.4,8,3,0,11,4,0,9999.0,0,0.0,0.14285714285714285,5021,722.0,0.14379474940334128
CA-2021-114258,EM-13825,2021-11-05,US,Central,United States,Corporate,Medium,492.76800000000003,4,0.2,0.2,1,1,0,11,4,0,108.0,7,0.0,0.07142857142857142,5022,722.0,0.1437661562934977
CA-2021-116225,SV-20935,2021-11-05,US,East,United States,Consumer,Medium,390.75,5,0.0,0.0,1,1,0,11,4,0,195.0,4,0.0,0.09090909090909091,5023,722.0,0.1437375745526839
CA-2021-118213,AB-10060,2021-11-05,US,Central,United States,Home Office,Medium,240.15,14,0.0,0.0,3,1,0,11,4,0,50.0,6,0.0,0.07692307692307693,5024,722.0,0.14370900417412044
CA-2021-154732,AH-10195,2021-11-05,US,Central,United States,Corporate,Medium,16.029999999999998,5,0.8,0.8,1,1,0,11,4,0,73.0,3,0.0,0.1,5025,722.0,0.1436804451510334
CA-2021-157196,AA-10645,2021-11-05,US,West,United States,Consumer,Medium,12.96,2,0.0,0.0,1,1,1,11,4,0,427.0,5,0.0,0.08333333333333333,5026,722.0,0.14365189747665408
US-2021-107272,TS-21610,2021-11-05,US,West,United States,Consumer,Medium,246.38000000000002,9,0.44999999999999996,0.7,2,1,0,11,4,0,23.0,6,0.0,0.07692307692307693,5027,723.0,0.14382201032975764
US-2021-111745,RA-19885,2021-11-05,US,West,United States,Corporate,Medium,159.99,1,0.0,0.0,1,1,0,11,4,0,40.0,5,0.0,0.08333333333333333,5028,723.0,0.14379344587884807
CA-2021-100013,ZC-21910,2021-11-06,US,West,United States,Consumer,Medium,29.689999999999998,5,0.0,0.0,3,2,0,11,5,1,140.0,15,4.0,0.22727272727272727,5029,723.0,0.1437648927720413
CA-2021-106691,CC-12370,2021-11-06,US,Central,United States,Consumer,Medium,1.2479999999999998,2,0.8,0.8,1,1,0,11,5,1,448.0,3,0.0,0.1,5030,723.0,0.1437363510025809
CA-2021-107174,AB-10060,2021-11-06,US,West,United States,Home Office,Medium,2595.3880000000004,12,0.06666666666666667,0.2,3,2,0,11,5,1,1.0,7,0.0,0.07142857142857142,5031,723.0,0.14370782056371575
CA-2021-107720,VM-21685,2021-11-06,US,East,United States,Home Office,Medium,46.26,3,0.0,0.0,1,1,0,11,5,1,113.0,6,0.0,0.07692307692307693,5032,723.0,0.14367930144870014
CA-2021-125290,CC-12430,2021-11-06,US,Central,United States,Home Office,Medium,40.28,6,0.0,0.0,2,1,0,11,5,1,34.0,10,4.0,0.29411764705882354,5033,723.0,0.14365079365079364
CA-2021-144596,CD-11980,2021-11-06,US,East,United States,Consumer,Medium,318.96,9,0.0,0.0,1,1,0,11,5,1,233.0,2,0.0,0.1111111111111111,5034,723.0,0.14362229716326125
CA-2021-150504,HG-14845,2021-11-06,US,Central,United States,Consumer,Medium,18.16,2,0.2,0.2,1,1,0,11,5,1,28.0,4,0.0,0.09090909090909091,5035,723.0,0.14359381197937326
CA-2021-154109,ML-17410,2021-11-06,US,East,United States,Consumer,Medium,175.324,5,0.25,0.3,2,2,0,11,5,1,111.0,5,0.0,0.08333333333333333,5036,723.0,0.14356533809240532
CA-2021-154816,VB-21745,2021-11-06,US,South,United States,Corporate,Medium,5.78,1,0.0,0.0,1,1,0,11,5,1,243.0,5,0.0,0.08333333333333333,5037,723.0,0.14353687549563837
CA-2021-167941,JF-15565,2021-11-06,US,South,United States,Consumer,Medium,831.368,23,0.3,0.7,5,2,0,11,5,1,381.0,7,0.0,0.07142857142857142,5038,723.0,0.14350842418235876
US-2021-109484,RB-19705,2021-11-06,US,West,United States,Home Office,Medium,5.682000000000001,1,0.7,0.7,1,1,0,11,5,1,53.0,3,0.0,0.1,5039,723.0,0.1434799841458581
US-2021-119319,LC-17050,2021-11-06,US,Central,United States,Consumer,Medium,30.560000000000002,5,0.6,0.6,1,1,0,11,5,1,58.0,4,0.0,0.09090909090909091,5040,723.0,0.14345155537943333
US-2021-153948,FM-14290,2021-11-06,US,West,United States,Home Office,Medium,190.05,17,0.0,0.0,5,2,0,11,5,1,2.0,7,0.0,0.07142857142857142,5041,723.0,0.1434231378763867
CA-2021-113460,KN-16390,2021-11-07,US,East,United States,Corporate,Medium,272.96999999999997,3,0.0,0.0,1,1,0,11,6,1,119.0,7,0.0,0.07142857142857142,5042,723.0,0.14339473163002575
CA-2021-113572,FP-14320,2021-11-07,US,East,United States,Consumer,Medium,7.88,4,0.0,0.0,1,1,0,11,6,1,316.0,6,0.0,0.07692307692307693,5043,723.0,0.14336633663366335
CA-2021-122504,DB-13270,2021-11-07,US,West,United States,Home Office,Medium,821.5140000000001,10,0.1,0.2,2,1,1,11,6,1,141.0,7,0.0,0.07142857142857142,5044,723.0,0.1433379528806177
CA-2021-122504,DB-13270,2021-11-07,US,West,United States,Home Office,Medium,821.5140000000001,10,0.1,0.2,2,1,1,11,6,1,0.0,8,1.0,0.13333333333333333,5045,724.0,0.14350752177355502
CA-2021-132346,PK-19075,2021-11-07,US,East,United States,Consumer,Medium,100.94,7,0.0,0.0,1,1,1,11,6,1,64.0,10,0.0,0.058823529411764705,5046,725.0,0.14367702355036613
CA-2021-149888,EP-13915,2021-11-07,US,East,United States,Consumer,Medium,710.322,9,0.4,0.4,2,2,0,11,6,1,65.0,11,0.0,0.05555555555555555,5047,726.0,0.14384645825089037
CA-2021-152737,TS-21505,2021-11-07,US,West,United States,Consumer,Medium,461.592,8,0.1,0.2,2,2,0,11,6,1,50.0,4,0.0,0.09090909090909091,5048,726.0,0.14381800197823938
CA-2021-163188,EC-14050,2021-11-07,US,Central,United States,Consumer,Medium,38.160000000000004,9,0.0,0.0,1,1,0,11,6,1,99.0,4,0.0,0.09090909090909091,5049,726.0,0.1437895569620253
CA-2021-143658,SR-20425,2021-11-08,US,East,United States,Home Office,Medium,109.9,5,0.0,0.0,1,1,0,11,0,0,6.0,3,0.0,0.1,5050,726.0,0.1437611231955705
CA-2021-155621,KN-16450,2021-11-08,US,East,United States,Corporate,Medium,274.20000000000005,10,0.0,0.0,1,1,0,11,0,0,682.0,4,0.0,0.09090909090909091,5051,726.0,0.14373270067220245
CA-2021-119494,JE-15610,2021-11-09,US,West,United States,Corporate,Medium,523.392,3,0.2,0.2,1,1,0,11,1,0,48.0,5,0.0,0.08333333333333333,5052,726.0,0.143704289385254
CA-2021-152912,BM-11650,2021-11-09,US,East,United States,Corporate,Medium,3013.78,17,0.0,0.0,4,2,0,11,1,0,180.0,8,0.0,0.06666666666666667,5053,726.0,0.14367588932806324
CA-2021-158246,JB-15400,2021-11-09,US,West,United States,Corporate,Medium,215.976,3,0.2,0.2,1,1,0,11,1,0,19.0,8,0.0,0.06666666666666667,5054,726.0,0.1436475004939735
CA-2021-159597,MC-17590,2021-11-09,US,West,United States,Corporate,Medium,163.55,3,0.0,0.0,2,2,0,11,1,0,321.0,5,0.0,0.08333333333333333,5055,726.0,0.14361912287633347
CA-2021-159667,PM-19135,2021-11-09,US,South,United States,Home Office,Medium,691.144,7,0.2,0.2,2,1,0,11,1,0,383.0,3,0.0,0.1,5056,726.0,0.14359075646849695
CA-2021-161018,PN-18775,2021-11-09,US,East,United States,Home Office,Medium,96.53,7,0.0,0.0,1,1,0,11,1,0,198.0,6,0.0,0.07692307692307693,5057,726.0,0.14356240126382305
US-2021-141852,JE-15745,2021-11-09,US,West,United States,Consumer,Medium,47.12,8,0.0,0.0,1,1,0,11,1,0,48.0,13,2.0,0.15,5058,726.0,0.14353405725567622
CA-2021-104640,FH-14275,2021-11-10,US,East,United States,Corporate,Medium,1362.056,5,0.1,0.2,2,2,0,11,2,0,61.0,8,0.0,0.06666666666666667,5059,726.0,0.14350572443742599
CA-2021-137624,ME-17320,2021-11-10,US,West,United States,Home Office,Medium,241.42399999999998,2,0.2,0.2,1,1,0,11,2,0,151.0,7,0.0,0.07142857142857142,5060,726.0,0.1434774028024472
CA-2021-141138,GH-14425,2021-11-10,US,West,United States,Consumer,Medium,111.79,7,0.0,0.0,1,1,0,11,2,0,700.0,3,0.0,0.1,5061,726.0,0.14344909234411996
CA-2021-142671,DR-12940,2021-11-10,US,South,United States,Home Office,Medium,11.520000000000001,5,0.7,0.7,1,1,0,11,2,0,91.0,7,0.0,0.07142857142857142,5062,726.0,0.14342079305582955
CA-2021-161739,EB-13750,2021-11-10,US,Central,United States,Corporate,Medium,341.96,5,0.6,0.6,1,1,0,11,2,0,208.0,8,0.0,0.06666666666666667,5063,726.0,0.14339250493096647
CA-2021-162096,TB-21190,2021-11-10,US,West,United States,Home Office,Medium,7.800000000000001,3,0.0,0.0,1,1,0,11,2,0,714.0,2,0.0,0.1111111111111111,5064,726.0,0.14336422796292644
CA-2021-163874,NC-18535,2021-11-10,US,West,United States,Corporate,Medium,26.352000000000004,3,0.2,0.2,1,1,0,11,2,0,223.0,4,0.0,0.09090909090909091,5065,726.0,0.1433359621451104
US-2021-128447,MC-17845,2021-11-10,US,West,United States,Consumer,Medium,429.592,6,0.1,0.2,2,1,0,11,2,0,331.0,4,0.0,0.09090909090909091,5066,726.0,0.1433077074709245
US-2021-155425,AB-10600,2021-11-10,US,West,United States,Corporate,Medium,1475.054,28,0.4,0.7,5,3,0,11,2,0,711.0,3,0.0,0.1,5067,726.0,0.14327946393378005
CA-2021-110842,GA-14725,2021-11-11,US,West,United States,Consumer,Medium,151.93,9,0.06666666666666667,0.2,3,1,0,11,3,0,78.0,9,0.0,0.0625,5068,726.0,0.1432512315270936
CA-2021-115448,MH-18025,2021-11-11,US,South,United States,Consumer,Medium,88.92000000000002,5,0.2,0.2,1,1,0,11,3,0,29.0,4,0.0,0.09090909090909091,5069,726.0,0.14322301024428685
CA-2021-120327,WB-21850,2021-11-11,US,Central,United States,Consumer,Medium,45.92,4,0.0,0.0,1,1,0,11,3,0,135.0,19,11.0,0.46153846153846156,5070,726.0,0.14319480007878668
CA-2021-143217,CG-12040,2021-11-11,US,Central,United States,Home Office,Medium,18.240000000000002,3,0.0,0.0,1,1,0,11,3,0,237.0,5,0.0,0.08333333333333333,5071,726.0,0.1431666010240252
CA-2021-143455,ML-17755,2021-11-11,US,East,United States,Home Office,Medium,10.368000000000002,2,0.2,0.2,1,1,0,11,3,0,139.0,4,0.0,0.09090909090909091,5072,726.0,0.14313841307343966
CA-2021-148985,TB-21190,2021-11-11,US,West,United States,Home Office,Medium,34.92,4,0.0,0.0,1,1,0,11,3,0,1.0,3,0.0,0.1,5073,726.0,0.14311023622047245
CA-2021-150959,TD-20995,2021-11-11,US,Central,United States,Consumer,Medium,28.776,9,0.5,0.8,2,1,0,11,3,0,125.0,7,0.0,0.07142857142857142,5074,726.0,0.14308207045857116
CA-2021-154137,MT-17815,2021-11-11,US,East,United States,Consumer,Medium,35.48,1,0.0,0.0,1,1,0,11,3,0,243.0,5,0.0,0.08333333333333333,5075,726.0,0.1430539157811885
CA-2021-157483,EP-13915,2021-11-11,US,Central,United States,Consumer,Medium,181.86,7,0.0,0.0,1,1,0,11,3,0,4.0,12,0.0,0.05263157894736842,5076,726.0,0.14302577218178242
CA-2021-158561,BB-11545,2021-11-11,US,South,United States,Corporate,Medium,1158.12,5,0.2,0.2,1,1,0,11,3,0,57.0,7,0.0,0.07142857142857142,5077,726.0,0.1429976396538159
CA-2021-167976,JL-15505,2021-11-11,US,Central,United States,Consumer,Medium,25.5,3,0.0,0.0,1,1,0,11,3,0,96.0,5,0.0,0.08333333333333333,5078,726.0,0.14296951819075712
US-2021-116491,PG-18820,2021-11-11,US,Central,United States,Consumer,Medium,35.184,2,0.2,0.2,1,1,0,11,3,0,43.0,15,5.0,0.2727272727272727,5079,726.0,0.14294140778607944
CA-2021-122644,SF-20965,2021-11-12,US,East,United States,Corporate,Medium,29.392000000000003,4,0.2,0.2,2,2,0,11,4,0,45.0,8,0.0,0.06666666666666667,5080,726.0,0.14291330843326125
CA-2021-130386,NG-18430,2021-11-12,US,Central,United States,Consumer,Medium,779.16,15,0.20000000000000004,0.2,3,1,0,11,4,0,721.0,4,0.0,0.09090909090909091,5081,726.0,0.14288522012578617
CA-2021-134915,EM-14140,2021-11-12,US,West,United States,Home Office,Medium,972.08,17,0.20000000000000004,0.2,6,3,0,11,4,0,320.0,8,4.0,0.3333333333333333,5082,726.0,0.14285714285714285
CA-2021-134978,EB-13705,2021-11-12,US,East,United States,Corporate,Medium,15.920000000000002,5,0.2,0.2,1,1,0,11,4,0,23.0,8,0.0,0.06666666666666667,5083,726.0,0.14282907662082514
CA-2021-149944,MB-17305,2021-11-12,US,West,United States,Consumer,Medium,94.36000000000001,5,0.0,0.0,2,1,0,11,4,0,34.0,9,0.0,0.0625,5084,726.0,0.14280102141033196
CA-2021-154088,LB-16735,2021-11-12,US,South,United States,Consumer,Medium,26.720000000000002,5,0.2,0.2,1,1,0,11,4,0,200.0,2,0.0,0.1111111111111111,5085,726.0,0.14277297721916732
CA-2021-160514,DB-13120,2021-11-12,US,West,United States,Corporate,Medium,10.56,2,0.0,0.0,1,1,0,11,4,0,304.0,6,0.0,0.07692307692307693,5086,726.0,0.14274494404084037
CA-2021-164168,LS-16975,2021-11-12,US,Central,United States,Home Office,Medium,256.36,16,0.3666666666666667,0.8,6,3,0,11,4,0,371.0,6,0.0,0.07692307692307693,5087,726.0,0.14271692186886534
CA-2021-164364,CS-12355,2021-11-12,US,West,United States,Consumer,Medium,47.1,8,0.0,0.0,3,1,0,11,4,0,128.0,8,0.0,0.06666666666666667,5088,726.0,0.14268891069676154
CA-2021-166835,DK-13375,2021-11-12,US,East,United States,Consumer,Medium,221.024,2,0.2,0.2,1,1,0,11,4,0,108.0,6,0.0,0.07692307692307693,5089,726.0,0.14266091051805338
US-2021-116659,NG-18355,2021-11-12,US,East,United States,Corporate,Medium,370.782,3,0.4,0.4,1,1,0,11,4,0,86.0,7,4.0,0.35714285714285715,5090,726.0,0.14263292132627037
US-2021-125808,EP-13915,2021-11-12,US,West,United States,Consumer,Medium,11.56,2,0.0,0.0,1,1,0,11,4,0,1.0,13,0.0,0.05,5091,726.0,0.14260494311494704
US-2021-132220,DJ-13510,2021-11-12,US,West,United States,Corporate,Medium,62.352000000000004,6,0.2,0.2,1,1,0,11,4,0,9.0,7,0.0,0.07142857142857142,5092,726.0,0.14257697587762305
US-2021-136707,JE-15610,2021-11-12,US,West,United States,Corporate,Medium,14.016,4,0.2,0.2,1,1,0,11,4,0,3.0,6,0.0,0.07692307692307693,5093,726.0,0.14254901960784314
CA-2021-112844,SP-20620,2021-11-13,US,East,United States,Corporate,Medium,198.54999999999998,7,0.0,0.0,2,2,0,11,5,1,65.0,16,10.0,0.4782608695652174,5094,726.0,0.14252107429915703
CA-2021-113873,KE-16420,2021-11-13,US,Central,United States,Corporate,Medium,267.7912,7,0.26,0.32,2,2,0,11,5,1,414.0,6,0.0,0.07692307692307693,5095,726.0,0.14249313994511956
CA-2021-122490,TT-21070,2021-11-13,US,West,United States,Consumer,Medium,3321.2780000000002,23,0.1,0.2,4,2,0,11,5,1,551.0,5,0.0,0.08333333333333333,5096,726.0,0.14246521653929062
CA-2021-123624,SE-20110,2021-11-13,US,West,United States,Consumer,Medium,82.95,5,0.0,0.0,1,1,0,11,5,1,78.0,9,0.0,0.0625,5097,726.0,0.1424373040752351
CA-2021-133620,EM-14065,2021-11-13,US,East,United States,Consumer,Medium,11.21,1,0.0,0.0,1,1,0,11,5,1,162.0,3,0.0,0.1,5098,726.0,0.142409402546523
CA-2021-159156,KB-16600,2021-11-13,US,East,United States,Corporate,Medium,629.9499999999999,5,0.0,0.0,1,1,0,11,5,1,510.0,4,0.0,0.09090909090909091,5099,726.0,0.14238151194672935
CA-2021-160416,AD-10180,2021-11-13,US,East,United States,Home Office,Medium,163.96,4,0.0,0.0,1,1,0,11,5,1,197.0,6,0.0,0.07692307692307693,5100,726.0,0.14235363226943412
CA-2021-165204,MN-17935,2021-11-13,US,South,United States,Consumer,Medium,728.9680000000001,7,0.2,0.2,2,1,0,11,5,1,276.0,5,2.0,0.25,5101,726.0,0.1423257635082224
US-2021-102904,CB-12025,2021-11-13,US,South,United States,Consumer,Medium,239.92,8,0.0,0.0,1,1,0,11,5,1,63.0,9,0.0,0.0625,5102,726.0,0.1422979056566843
US-2021-119662,CS-12400,2021-11-13,US,Central,United States,Home Office,Medium,230.376,3,0.2,0.2,1,1,0,11,5,1,59.0,7,0.0,0.07142857142857142,5103,726.0,0.14227005870841486
US-2021-124926,ME-17320,2021-11-13,US,Central,United States,Home Office,Medium,9.323999999999998,6,0.8,0.8,1,1,0,11,5,1,3.0,8,0.0,0.06666666666666667,5104,726.0,0.14224222265701428
US-2021-140312,KL-16645,2021-11-13,US,West,United States,Consumer,Medium,22.0,5,0.2,0.2,1,1,0,11,5,1,174.0,11,0.0,0.05555555555555555,5105,726.0,0.14221439749608764
US-2021-153633,TC-21295,2021-11-13,US,South,United States,Consumer,Medium,2.064,1,0.2,0.2,1,1,0,11,5,1,122.0,5,1.0,0.16666666666666666,5106,726.0,0.14218658321924507
US-2021-165344,SB-20290,2021-11-13,US,East,United States,Corporate,Medium,725.0790000000002,21,0.5333333333333333,0.7,3,2,0,11,5,1,65.0,6,0.0,0.07692307692307693,5107,726.0,0.1421587798201017
CA-2021-106943,FO-14305,2021-11-14,US,East,United States,Consumer,Medium,8.64,2,0.2,0.2,1,1,0,11,6,1,148.0,8,0.0,0.06666666666666667,5108,726.0,0.1421309872922776
CA-2021-124261,JE-15715,2021-11-14,US,West,United States,Consumer,Medium,34.24,8,0.0,0.0,1,1,0,11,6,1,81.0,15,8.0,0.4090909090909091,5109,726.0,0.14210320562939796
CA-2021-137323,PW-19030,2021-11-14,US,East,United States,Corporate,Medium,96.35999999999999,6,0.0,0.0,1,1,0,11,6,1,101.0,9,0.0,0.0625,5110,726.0,0.14207543482509283
CA-2021-138611,CK-12595,2021-11-14,US,East,United States,Consumer,Medium,123.58799999999998,12,0.55,0.7,2,2,0,11,6,1,264.0,9,0.0,0.0625,5111,726.0,0.14204767487299727
CA-2021-142489,TC-21295,2021-11-14,US,Central,United States,Consumer,Medium,21.989999999999995,5,0.8,0.8,1,1,0,11,6,1,1.0,6,1.0,0.15384615384615385,5112,726.0,0.14201992576675132
CA-2021-152142,LW-16990,2021-11-14,US,West,United States,Corporate,Medium,321.568,2,0.2,0.2,1,1,0,11,6,1,163.0,4,0.0,0.09090909090909091,5113,726.0,0.1419921875
US-2021-118157,AW-10930,2021-11-14,US,Central,United States,Home Office,Medium,15.28,2,0.0,0.0,1,1,0,11,6,1,75.0,6,0.0,0.07692307692307693,5114,726.0,0.1419644600663933
US-2021-136679,XP-21865,2021-11-14,US,Central,United States,Consumer,Medium,212.99200000000002,8,0.2,0.2,2,2,1,11,6,1,36.0,9,0.0,0.0625,5115,726.0,0.1419367434595861
US-2021-136679,XP-21865,2021-11-14,US,Central,United States,Consumer,Medium,212.99200000000002,8,0.2,0.2,2,2,1,11,6,1,0.0,10,1.0,0.11764705882352941,5116,727.0,0.14210423579933631
CA-2021-108112,DK-12895,2021-11-15,US,South,United States,Consumer,Medium,559.2,8,0.2,0.2,2,1,0,11,0,0,80.0,4,0.0,0.09090909090909091,5117,728.0,0.14227166276346603
CA-2021-100601,JK-15370,2021-11-16,US,West,United States,Consumer,Medium,48.86,7,0.0,0.0,1,1,0,11,1,0,95.0,11,6.0,0.3888888888888889,5118,728.0,0.14224390243902438
CA-2021-108091,EK-13795,2021-11-16,US,West,United States,Home Office,Medium,23.36,4,0.0,0.0,1,1,0,11,1,0,698.0,3,1.0,0.2,5119,728.0,0.14221615294576667
CA-2021-121678,BM-11650,2021-11-16,US,East,United States,Corporate,Medium,1.8240000000000003,1,0.7,0.7,1,1,0,11,1,0,7.0,9,0.0,0.0625,5120,728.0,0.14218841427735518
CA-2021-122945,MB-18085,2021-11-16,US,West,United States,Consumer,Medium,17.31,3,0.0,0.0,1,1,0,11,1,0,194.0,6,0.0,0.07692307692307693,5121,728.0,0.1421606864274571
CA-2021-136308,MW-18235,2021-11-16,US,West,United States,Corporate,Medium,1919.976,3,0.2,0.2,1,1,1,11,1,0,1275.0,1,0.0,0.125,5122,728.0,0.1421329693897446
CA-2021-137022,SW-20275,2021-11-16,US,West,United States,Consumer,Medium,811.28,8,0.0,0.0,1,1,0,11,1,0,243.0,3,0.0,0.1,5123,729.0,0.14230019493177387
CA-2021-157448,LC-16885,2021-11-16,US,West,United States,Consumer,Medium,132.35999999999999,6,0.0,0.0,2,1,0,11,1,0,157.0,17,9.0,0.4166666666666667,5124,729.0,0.1422724615084779
CA-2021-160633,BS-11380,2021-11-16,US,East,United States,Corporate,Medium,1126.294,11,0.26666666666666666,0.4,3,2,0,11,1,0,249.0,3,0.0,0.1,5125,729.0,0.142244738893219
US-2021-107888,CC-12220,2021-11-16,US,West,United States,Consumer,Medium,354.77,12,0.05,0.2,4,3,1,11,1,0,143.0,10,0.0,0.058823529411764705,5126,729.0,0.1422170270796805
US-2021-107888,CC-12220,2021-11-16,US,West,United States,Consumer,Medium,354.77,12,0.05,0.2,4,3,1,11,1,0,0.0,11,1.0,0.1111111111111111,5127,730.0,0.1423841059602649
US-2021-107888,CC-12220,2021-11-16,US,West,United States,Consumer,Medium,354.77,12,0.05,0.2,4,3,1,11,1,0,0.0,12,2.0,0.15789473684210525,5128,731.0,0.14255111976630963
US-2021-107888,CC-12220,2021-11-16,US,West,United States,Consumer,Medium,354.77,12,0.05,0.2,4,3,1,11,1,0,0.0,13,3.0,0.2,5129,732.0,0.14271806853582555
US-2021-114657,MH-18115,2021-11-16,US,East,United States,Home Office,Medium,52.44,4,0.0,0.0,1,1,0,11,1,0,53.0,7,0.0,0.07142857142857142,5130,733.0,0.14288495230679385
US-2021-118598,CM-12190,2021-11-16,US,East,United States,Consumer,Medium,119.94,6,0.0,0.0,1,1,0,11,1,0,105.0,4,0.0,0.09090909090909091,5131,733.0,0.14285714285714285
US-2021-157896,CB-12415,2021-11-16,US,East,United States,Consumer,Medium,146.82,3,0.0,0.0,1,1,0,11,1,0,265.0,6,0.0,0.07692307692307693,5132,733.0,0.142829344230395
CA-2021-100902,CK-12595,2021-11-17,US,South,United States,Consumer,Medium,699.4000000000001,12,0.2,0.2,2,2,0,11,2,0,3.0,10,0.0,0.058823529411764705,5133,733.0,0.14280155642023346
CA-2021-118122,GG-14650,2021-11-17,US,West,United States,Corporate,Medium,13.904,2,0.2,0.2,1,1,1,11,2,0,15.0,13,6.0,0.35,5134,733.0,0.14277377942034625
CA-2021-124674,JB-16000,2021-11-17,US,Central,United States,Consumer,Medium,327.73279999999994,2,0.32,0.32,1,1,0,11,2,0,15.0,6,0.0,0.07692307692307693,5135,734.0,0.14294049008168028
CA-2021-128265,VW-21775,2021-11-17,US,East,United States,Corporate,Medium,1247.6399999999999,3,0.0,0.0,1,1,0,11,2,0,279.0,12,5.0,0.3157894736842105,5136,734.0,0.1429126968695314
CA-2021-138163,XP-21865,2021-11-17,US,East,United States,Consumer,Medium,50.94,3,0.0,0.0,1,1,1,11,2,0,3.0,11,2.0,0.16666666666666666,5137,734.0,0.14288491446345256
CA-2021-141719,EG-13900,2021-11-17,US,Central,United States,Consumer,Medium,239.96000000000004,5,0.2,0.2,1,1,0,11,2,0,231.0,3,0.0,0.1,5138,735.0,0.14305150631681243
CA-2021-158120,KH-16330,2021-11-17,US,West,United States,Corporate,Medium,23.766000000000002,10,0.44999999999999996,0.7,2,1,0,11,2,0,151.0,6,0.0,0.07692307692307693,5139,735.0,0.14302370773416245
CA-2021-163629,RA-19885,2021-11-17,US,South,United States,Corporate,Medium,286.09,6,0.0,0.0,2,1,0,11,2,0,12.0,6,0.0,0.07692307692307693,5140,735.0,0.1429959199533709
CA-2021-165687,CS-12355,2021-11-17,US,South,United States,Consumer,Medium,35.04,2,0.0,0.0,1,1,0,11,2,0,5.0,9,0.0,0.0625,5141,735.0,0.14296814296814297
CA-2021-166709,HL-15040,2021-11-17,US,East,United States,Consumer,Medium,10499.97,3,0.0,0.0,1,1,0,11,2,0,45.0,5,0.0,0.08333333333333333,5142,735.0,0.14294037677218877
US-2021-116505,TB-21625,2021-11-17,US,East,United States,Consumer,Medium,43.8,6,0.0,0.0,1,1,0,11,2,0,176.0,7,0.0,0.07142857142857142,5143,735.0,0.1429126213592233
US-2021-155866,CC-12370,2021-11-17,US,East,United States,Consumer,Medium,226.64,10,0.0,0.0,2,2,0,11,2,0,11.0,4,0.0,0.09090909090909091,5144,735.0,0.1428848767229664
CA-2021-104864,JS-15685,2021-11-18,US,South,United States,Corporate,Medium,552.8560000000001,29,0.3,0.7,5,1,0,11,3,0,152.0,5,3.0,0.3333333333333333,5145,735.0,0.14285714285714285
CA-2021-104913,DK-13090,2021-11-18,US,East,United States,Consumer,Medium,74.95,5,0.0,0.0,1,1,0,11,3,0,15.0,6,0.0,0.07692307692307693,5146,735.0,0.14282941975548225
CA-2021-107825,NB-18655,2021-11-18,US,Central,United States,Corporate,Medium,143.48,11,0.0,0.0,4,2,1,11,3,0,22.0,7,0.0,0.07142857142857142,5147,735.0,0.14280170741171905
CA-2021-107825,NB-18655,2021-11-18,US,Central,United States,Corporate,Medium,143.48,11,0.0,0.0,4,2,1,11,3,0,0.0,8,1.0,0.13333333333333333,5148,736.0,0.14296799224054316
CA-2021-107825,NB-18655,2021-11-18,US,Central,United States,Corporate,Medium,143.48,11,0.0,0.0,4,2,1,11,3,0,0.0,9,2.0,0.1875,5149,737.0,0.14313421256788209
CA-2021-107825,NB-18655,2021-11-18,US,Central,United States,Corporate,Medium,143.48,11,0.0,0.0,4,2,1,11,3,0,0.0,10,3.0,0.23529411764705882,5150,738.0,0.14330036843125848
CA-2021-143434,ME-17320,2021-11-18,US,Central,United States,Home Office,Medium,19.76,4,0.0,0.0,1,1,0,11,3,0,5.0,9,0.0,0.0625,5151,739.0,0.14346645986816595
CA-2021-160122,RD-19930,2021-11-18,US,Central,United States,Consumer,Medium,182.96999999999997,8,0.25,0.3,2,2,0,11,3,0,222.0,3,0.0,0.1,5152,739.0,0.14343865090133748
CA-2021-167871,AF-10870,2021-11-18,US,South,United States,Consumer,Medium,47.328,2,0.2,0.2,2,1,0,11,3,0,208.0,5,0.0,0.08333333333333333,5153,739.0,0.1434108527131783
US-2021-132444,CD-12280,2021-11-18,US,West,United States,Consumer,Medium,409.548,17,0.04,0.2,5,2,0,11,3,0,13.0,1,0.0,0.125,5154,739.0,0.14338306529742298
US-2021-158946,JW-15220,2021-11-18,US,East,United States,Corporate,Medium,38.864000000000004,7,0.2,0.2,1,1,0,11,3,0,19.0,5,0.0,0.08333333333333333,5155,739.0,0.1433552886478109
CA-2021-101042,AB-10105,2021-11-19,US,South,United States,Consumer,Medium,843.8399999999999,8,0.0,0.0,2,2,0,11,4,0,61.0,12,4.0,0.2631578947368421,5156,739.0,0.14332752275808638
CA-2021-110926,DD-13570,2021-11-19,US,South,United States,Consumer,Medium,25.060000000000002,7,0.0,0.0,1,1,0,11,4,0,117.0,5,0.0,0.08333333333333333,5157,739.0,0.14329976762199845
CA-2021-112529,SC-20770,2021-11-19,US,Central,United States,Corporate,Medium,749.8919999999998,10,0.25,0.3,2,2,0,11,4,0,262.0,6,0.0,0.07692307692307693,5158,739.0,0.14327202323330107
CA-2021-121468,KD-16345,2021-11-19,US,West,United States,Consumer,Medium,31.968000000000004,4,0.2,0.2,1,1,0,11,4,0,155.0,5,0.0,0.08333333333333333,5159,739.0,0.143244289585753
CA-2021-126242,MC-18100,2021-11-19,US,West,United States,Consumer,Medium,323.71,10,0.0,0.0,2,2,0,11,4,0,20.0,9,0.0,0.0625,5160,739.0,0.14321656667311786
CA-2021-131254,NC-18415,2021-11-19,US,Central,United States,Consumer,Medium,1729.2859999999996,14,0.43333333333333335,0.8,3,2,0,11,4,0,401.0,5,0.0,0.08333333333333333,5161,739.0,0.14318885448916407
CA-2021-143021,AP-10720,2021-11-19,US,East,United States,Home Office,Medium,138.38199999999998,10,0.30000000000000004,0.4,2,2,0,11,4,0,348.0,7,0.0,0.07142857142857142,5162,739.0,0.14316115302766494
CA-2021-146458,RB-19435,2021-11-19,US,South,United States,Consumer,Medium,22.959999999999997,7,0.0,0.0,1,1,0,11,4,0,871.0,7,2.0,0.21428571428571427,5163,739.0,0.14313346228239845
CA-2021-158876,AB-10150,2021-11-19,US,Central,United States,Consumer,Medium,138.696,11,0.3,0.6,4,2,0,11,4,0,76.0,4,0.0,0.09090909090909091,5164,739.0,0.14310578224714757
CA-2021-162929,AS-10135,2021-11-19,US,East,United States,Home Office,Medium,54.64,8,0.1,0.2,2,1,0,11,4,0,371.0,1,0.0,0.125,5165,739.0,0.1430781129156999
CA-2021-168858,JD-16150,2021-11-19,US,East,United States,Corporate,Medium,2521.4799999999996,10,0.0,0.0,2,1,0,11,4,0,239.0,7,0.0,0.07142857142857142,5166,739.0,0.14305045428184807
US-2021-108014,JH-15430,2021-11-19,US,East,United States,Consumer,Medium,59.91300000000001,7,0.7,0.7,1,1,0,11,4,0,1364.0,1,0.0,0.125,5167,739.0,0.14302280633938924
US-2021-137491,LC-16930,2021-11-19,US,Central,United States,Corporate,Medium,305.312,2,0.3,0.3,1,1,0,11,4,0,70.0,7,0.0,0.07142857142857142,5168,739.0,0.14299516908212562
US-2021-139969,AF-10870,2021-11-19,US,Central,United States,Consumer,Medium,233.058,3,0.3,0.3,1,1,0,11,4,0,1.0,6,0.0,0.07692307692307693,5169,739.0,0.14296754250386398
US-2021-152380,JH-15910,2021-11-19,US,Central,United States,Consumer,Medium,219.07500000000002,3,0.5,0.5,1,1,0,11,4,0,175.0,6,1.0,0.15384615384615385,5170,739.0,0.14293992659841606
CA-2021-103499,ES-14020,2021-11-20,US,South,United States,Consumer,Medium,209.56799999999998,2,0.2,0.2,1,1,0,11,5,1,66.0,4,0.0,0.09090909090909091,5171,739.0,0.1429123213595983
CA-2021-111556,CD-11920,2021-11-20,US,East,United States,Consumer,Medium,1559.6680000000001,15,0.05,0.2,4,3,1,11,5,1,178.0,4,1.0,0.18181818181818182,5172,739.0,0.1428847267812319
CA-2021-111556,CD-11920,2021-11-20,US,East,United States,Consumer,Medium,1559.6680000000001,15,0.05,0.2,4,3,1,11,5,1,0.0,5,2.0,0.25,5173,740.0,0.14305019305019304
CA-2021-111556,CD-11920,2021-11-20,US,East,United States,Consumer,Medium,1559.6680000000001,15,0.05,0.2,4,3,1,11,5,1,0.0,6,3.0,0.3076923076923077,5174,741.0,0.14321559544489482
CA-2021-111556,CD-11920,2021-11-20,US,East,United States,Consumer,Medium,1559.6680000000001,15,0.05,0.2,4,3,1,11,5,1,0.0,7,4.0,0.35714285714285715,5175,742.0,0.14338093400231572
CA-2021-118731,LP-17080,2021-11-20,US,West,United States,Consumer,Medium,126.656,10,0.1,0.2,2,2,0,11,5,1,193.0,3,0.0,0.1,5176,743.0,0.14354620875940574
CA-2021-120404,KH-16330,2021-11-20,US,East,United States,Corporate,Medium,623.9300000000001,7,0.0,0.0,3,2,0,11,5,1,3.0,7,0.0,0.07142857142857142,5177,743.0,0.14351851851851852
CA-2021-121818,JH-15430,2021-11-20,US,South,United States,Consumer,Medium,52.696000000000005,10,0.2,0.2,2,1,0,11,5,1,1.0,2,0.0,0.1111111111111111,5178,743.0,0.14349083895853423
CA-2021-146724,HG-15025,2021-11-20,US,Central,United States,Consumer,Medium,22.0,10,0.0,0.0,1,1,0,11,5,1,161.0,5,0.0,0.08333333333333333,5179,743.0,0.1434631700732742
CA-2021-154123,SC-20050,2021-11-20,US,South,United States,Home Office,Medium,27.58,2,0.0,0.0,1,1,0,11,5,1,51.0,8,0.0,0.06666666666666667,5180,743.0,0.1434355118565645
US-2021-110996,KA-16525,2021-11-20,US,West,United States,Consumer,Medium,283.92,5,0.2,0.2,1,1,0,11,5,1,174.0,5,0.0,0.08333333333333333,5181,743.0,0.14340786430223593
US-2021-161193,BT-11680,2021-11-20,US,East,United States,Consumer,Medium,82.256,7,0.2,0.2,2,1,0,11,5,1,578.0,5,0.0,0.08333333333333333,5182,743.0,0.14338022740412412
CA-2021-100811,CC-12475,2021-11-21,US,East,United States,Consumer,Medium,47.744,6,0.2,0.2,2,1,0,11,6,1,52.0,8,0.0,0.06666666666666667,5183,743.0,0.14335260115606938
CA-2021-103380,BF-11005,2021-11-21,US,West,United States,Home Office,Medium,739.7360000000001,10,0.04,0.2,5,2,1,11,6,1,481.0,3,0.0,0.1,5184,743.0,0.14332498555191678
CA-2021-103380,BF-11005,2021-11-21,US,West,United States,Home Office,Medium,739.7360000000001,10,0.04,0.2,5,2,1,11,6,1,0.0,4,1.0,0.18181818181818182,5185,744.0,0.1434899845916795
CA-2021-103380,BF-11005,2021-11-21,US,West,United States,Home Office,Medium,739.7360000000001,10,0.04,0.2,5,2,1,11,6,1,0.0,5,2.0,0.25,5186,745.0,0.14365492008472944
CA-2021-103380,BF-11005,2021-11-21,US,West,United States,Home Office,Medium,739.7360000000001,10,0.04,0.2,5,2,1,11,6,1,0.0,6,3.0,0.3076923076923077,5187,746.0,0.1438197920677705
CA-2021-103380,BF-11005,2021-11-21,US,West,United States,Home Office,Medium,739.7360000000001,10,0.04,0.2,5,2,1,11,6,1,0.0,7,4.0,0.35714285714285715,5188,747.0,0.14398460057747833
CA-2021-105130,PJ-18835,2021-11-21,US,West,United States,Corporate,Medium,52.496,6,0.1,0.2,2,1,0,11,6,1,18.0,7,0.0,0.07142857142857142,5189,748.0,0.1441493456505004
CA-2021-107874,SW-20275,2021-11-21,US,East,United States,Consumer,Medium,27.42,1,0.0,0.0,1,1,0,11,6,1,5.0,4,0.0,0.09090909090909091,5190,748.0,0.1441216086203579
CA-2021-110443,CK-12205,2021-11-21,US,West,United States,Consumer,Medium,1242.632,14,0.13333333333333333,0.2,3,2,0,11,6,1,95.0,12,0.0,0.05263157894736842,5191,748.0,0.14409388226240863
CA-2021-142888,BP-11230,2021-11-21,US,West,United States,Consumer,Medium,70.98,1,0.0,0.0,1,1,1,11,6,1,341.0,4,0.0,0.09090909090909091,5192,748.0,0.14406616657049431
CA-2021-157420,HZ-14950,2021-11-21,US,Central,United States,Consumer,Medium,55.176,3,0.2,0.2,1,1,0,11,6,1,68.0,4,2.0,0.2727272727272727,5193,749.0,0.14423076923076922
CA-2021-144036,FO-14305,2021-11-22,US,Central,United States,Consumer,Medium,35.712,8,0.2,0.2,1,1,0,11,0,0,8.0,9,0.0,0.0625,5194,749.0,0.14420303787733127
CA-2021-103156,TD-20995,2021-11-23,US,East,United States,Consumer,Medium,24.048000000000002,9,0.2,0.2,1,1,0,11,1,0,12.0,8,0.0,0.06666666666666667,5195,749.0,0.14417531718569782
CA-2021-107832,FH-14275,2021-11-23,US,East,United States,Corporate,Medium,7.476000000000002,1,0.7,0.7,1,1,0,11,1,0,13.0,9,0.0,0.0625,5196,749.0,0.1441476071497213
CA-2021-119004,JM-15250,2021-11-23,US,South,United States,Consumer,Medium,105.40800000000002,10,0.20000000000000004,0.2,3,2,0,11,1,0,26.0,5,0.0,0.08333333333333333,5197,749.0,0.14411990776325903
CA-2021-119746,CM-12385,2021-11-23,US,Central,United States,Consumer,Medium,240.36800000000002,8,0.3333333333333333,0.6,3,3,0,11,1,0,324.0,3,0.0,0.1,5198,749.0,0.1440922190201729
CA-2021-148992,CS-12250,2021-11-23,US,Central,United States,Corporate,Medium,10.688,2,0.2,0.2,1,1,0,11,1,0,46.0,10,0.0,0.058823529411764705,5199,749.0,0.14406454091432963
CA-2021-149160,JM-15265,2021-11-23,US,Central,United States,Corporate,Medium,316.32,10,0.0,0.0,2,2,0,11,1,0,347.0,4,0.0,0.09090909090909091,5200,749.0,0.14403687343960053
CA-2021-156622,JP-15460,2021-11-23,US,Central,United States,Corporate,Medium,248.481,12,0.375,0.8,4,2,0,11,1,0,283.0,8,3.0,0.26666666666666666,5201,749.0,0.14400921658986174
CA-2021-166919,AH-10210,2021-11-23,US,Central,United States,Consumer,Medium,195.96000000000004,5,0.2,0.2,1,1,0,11,1,0,41.0,7,0.0,0.07142857142857142,5202,749.0,0.14398157035899406
CA-2021-167017,DC-12850,2021-11-23,US,Central,United States,Consumer,Medium,4.36,2,0.0,0.0,1,1,0,11,1,0,66.0,8,0.0,0.06666666666666667,5203,749.0,0.14395393474088292
CA-2021-101945,GT-14710,2021-11-24,US,Central,United States,Consumer,Medium,10.824,3,0.2,0.2,1,1,0,11,2,0,95.0,10,0.0,0.058823529411764705,5204,749.0,0.14392630972941853
CA-2021-103765,JG-15310,2021-11-24,US,Central,United States,Corporate,Medium,13.761999999999997,1,0.8,0.8,1,1,0,11,2,0,491.0,3,0.0,0.1,5205,749.0,0.14389869531849578
CA-2021-105543,BG-11695,2021-11-24,US,Central,United States,Corporate,Medium,33.29,1,0.0,0.0,1,1,0,11,2,0,62.0,5,0.0,0.08333333333333333,5206,749.0,0.1438710915020142
CA-2021-123701,PG-18820,2021-11-24,US,West,United States,Consumer,Medium,27.76,4,0.0,0.0,1,1,0,11,2,0,13.0,16,5.0,0.2608695652173913,5207,749.0,0.14384349827387802
CA-2021-128300,RS-19765,2021-11-24,US,South,United States,Corporate,Medium,406.93999999999994,10,0.0,0.0,2,2,0,11,2,0,40.0,8,2.0,0.2,5208,749.0,0.14381591562799617
CA-2021-131366,SC-20440,2021-11-24,US,East,United States,Corporate,Medium,319.532,9,0.30000000000000004,0.4,2,2,0,11,2,0,29.0,6,0.0,0.07692307692307693,5209,749.0,0.1437883435582822
CA-2021-137505,BP-11290,2021-11-24,US,West,United States,Consumer,Medium,435.16800000000006,4,0.2,0.2,2,1,0,11,2,0,319.0,6,2.0,0.23076923076923078,5210,749.0,0.1437607820586544
CA-2021-146535,FM-14290,2021-11-24,US,South,United States,Home Office,Medium,1446.8400000000001,13,0.0,0.0,2,1,0,11,2,0,18.0,8,0.0,0.06666666666666667,5211,749.0,0.14373323112303565
CA-2021-153654,MD-17860,2021-11-24,US,South,United States,Corporate,Medium,19.008000000000003,8,0.7,0.7,1,1,0,11,2,0,34.0,4,0.0,0.09090909090909091,5212,749.0,0.14370569074535353
CA-2021-162250,PR-18880,2021-11-24,US,West,United States,Consumer,Medium,7.78,1,0.0,0.0,1,1,0,11,2,0,95.0,10,7.0,0.47058823529411764,5213,749.0,0.14367816091954022
CA-2021-164028,JL-15835,2021-11-24,US,West,United States,Consumer,Medium,223.58,14,0.0,0.0,1,1,0,11,2,0,117.0,10,2.0,0.17647058823529413,5214,749.0,0.14365064163953264
CA-2021-166436,TS-21370,2021-11-24,US,East,United States,Corporate,Medium,983.172,7,0.05,0.1,2,2,0,11,2,0,50.0,5,0.0,0.08333333333333333,5215,749.0,0.1436231328992723
CA-2021-168641,KA-16525,2021-11-24,US,East,United States,Consumer,Medium,518.8679999999999,15,0.05,0.2,4,2,0,11,2,0,4.0,6,0.0,0.07692307692307693,5216,749.0,0.14359563469270534
CA-2021-169894,MV-17485,2021-11-24,US,West,United States,Consumer,Medium,436.59600000000006,10,0.44999999999999996,0.7,2,1,1,11,2,0,245.0,8,3.0,0.26666666666666666,5217,749.0,0.14356814701378254
CA-2021-169894,MV-17485,2021-11-24,US,West,United States,Consumer,Medium,436.59600000000006,10,0.44999999999999996,0.7,2,1,1,11,2,0,0.0,9,4.0,0.3125,5218,750.0,0.14373205741626793
US-2021-128118,MY-17380,2021-11-24,US,South,United States,Corporate,Medium,76.52100000000002,10,0.44999999999999996,0.7,2,1,0,11,2,0,39.0,9,5.0,0.375,5219,751.0,0.14389590508993494
CA-2021-101665,TZ-21580,2021-11-25,US,West,United States,Consumer,Medium,5.16,2,0.0,0.0,1,1,0,11,3,0,642.0,3,0.0,0.1,5220,751.0,0.14386837574134304
CA-2021-124765,HZ-14950,2021-11-25,US,South,United States,Consumer,Medium,723.92,5,0.2,0.2,1,1,0,11,3,0,4.0,5,2.0,0.25,5221,751.0,0.14384085692425402
CA-2021-129000,SZ-20035,2021-11-25,US,Central,United States,Home Office,Medium,501.81000000000006,3,0.0,0.0,1,1,0,11,3,0,21.0,10,0.0,0.058823529411764705,5222,751.0,0.14381334863262574
CA-2021-150266,RO-19780,2021-11-25,US,Central,United States,Consumer,Medium,1240.418,19,0.375,0.8,4,3,0,11,3,0,62.0,6,0.0,0.07692307692307693,5223,751.0,0.14378585086042064
CA-2021-155159,DL-13315,2021-11-25,US,South,United States,Consumer,Medium,48.87,9,0.0,0.0,1,1,0,11,3,0,326.0,6,0.0,0.07692307692307693,5224,751.0,0.14375836360160582
CA-2021-161459,EB-13750,2021-11-25,US,West,United States,Corporate,Medium,74.04,11,0.1,0.2,2,2,1,11,3,0,15.0,9,0.0,0.0625,5225,751.0,0.1437308868501529
CA-2021-161459,EB-13750,2021-11-25,US,West,United States,Corporate,Medium,74.04,11,0.1,0.2,2,2,1,11,3,0,0.0,10,1.0,0.11764705882352941,5226,752.0,0.1438945155742404
US-2021-109610,BS-11590,2021-11-25,US,South,United States,Corporate,Medium,701.96,2,0.0,0.0,1,1,0,11,3,0,434.0,5,0.0,0.08333333333333333,5227,753.0,0.14405808177302254
US-2021-133312,BD-11500,2021-11-25,US,West,United States,Consumer,Medium,369.979,4,0.075,0.15,2,2,0,11,3,0,303.0,5,0.0,0.08333333333333333,5228,753.0,0.1440305635148042
CA-2021-100097,MN-17935,2021-11-26,US,East,United States,Consumer,Medium,1115.25,10,0.0,0.0,2,2,0,11,4,0,13.0,6,2.0,0.23076923076923078,5229,753.0,0.14400305576776165
CA-2021-122700,LT-17110,2021-11-26,US,East,United States,Consumer,Medium,220.752,8,0.4,0.4,1,1,0,11,4,0,73.0,7,0.0,0.07142857142857142,5230,753.0,0.1439755585258736
CA-2021-130526,GT-14755,2021-11-26,US,Central,United States,Consumer,Medium,33.56799999999999,8,0.8,0.8,1,1,0,11,4,0,181.0,3,0.0,0.1,5231,753.0,0.14394807178312333
CA-2021-135307,LS-17245,2021-11-26,US,Central,United States,Consumer,Medium,164.34,5,0.0,0.0,2,2,0,11,4,0,529.0,5,0.0,0.08333333333333333,5232,753.0,0.14392059553349876
CA-2021-141439,TT-21460,2021-11-26,US,Central,United States,Home Office,Medium,3083.94,14,0.0,0.0,5,2,0,11,4,0,98.0,5,0.0,0.08333333333333333,5233,753.0,0.14389312977099236
CA-2021-155607,FG-14260,2021-11-26,US,East,United States,Home Office,Medium,152.074,11,0.1,0.2,2,1,0,11,4,0,42.0,6,0.0,0.07692307692307693,5234,753.0,0.14386567448960122
CA-2021-155957,CC-12610,2021-11-26,US,East,United States,Corporate,Medium,265.408,10,0.2,0.2,2,1,0,11,4,0,412.0,8,3.0,0.26666666666666666,5235,753.0,0.14383822968332696
CA-2021-165029,AH-10075,2021-11-26,US,South,United States,Corporate,Medium,12.84,3,0.0,0.0,1,1,0,11,4,0,34.0,9,0.0,0.0625,5236,753.0,0.14381079534617586
CA-2021-101245,LW-16990,2021-11-27,US,West,United States,Corporate,Medium,410.71,13,0.0,0.0,2,2,0,11,5,1,13.0,5,0.0,0.08333333333333333,5237,753.0,0.14378337147215867
CA-2021-102519,BM-11650,2021-11-27,US,Central,United States,Corporate,Medium,190.67000000000002,10,0.0,0.0,2,2,1,11,5,1,11.0,10,0.0,0.058823529411764705,5238,753.0,0.14375595805529076
CA-2021-102519,BM-11650,2021-11-27,US,Central,United States,Corporate,Medium,190.67000000000002,10,0.0,0.0,2,2,1,11,5,1,0.0,11,1.0,0.1111111111111111,5239,754.0,0.14391917651544034
CA-2021-103352,RP-19390,2021-11-27,US,East,United States,Consumer,Medium,114.414,9,0.1,0.2,2,1,0,11,5,1,220.0,18,8.0,0.36,5240,755.0,0.14408233276157806
CA-2021-107125,BD-11320,2021-11-27,US,West,United States,Consumer,Medium,136.328,10,0.1,0.2,2,2,0,11,5,1,65.0,11,1.0,0.1111111111111111,5241,755.0,0.14405487804878048
CA-2021-132185,DB-13615,2021-11-27,US,South,United States,Consumer,Medium,52.344,6,0.2,0.2,2,1,0,11,5,1,67.0,6,0.0,0.07692307692307693,5242,755.0,0.14402743379691368
CA-2021-133207,DO-13645,2021-11-27,US,West,United States,Consumer,Medium,57.568,4,0.2,0.2,1,1,0,11,5,1,65.0,5,1.0,0.16666666666666666,5243,755.0,0.144
CA-2021-159506,JR-16210,2021-11-27,US,Central,United States,Corporate,Medium,656.2199999999999,9,0.0,0.0,2,1,0,11,5,1,69.0,4,0.0,0.09090909090909091,5244,755.0,0.14397257665206628
CA-2021-117702,LS-16975,2021-11-28,US,East,United States,Home Office,Medium,1071.74,11,0.0,0.0,3,2,0,11,6,1,16.0,7,0.0,0.07142857142857142,5245,755.0,0.14394516374714394
CA-2021-121538,RH-19495,2021-11-28,US,West,United States,Consumer,Medium,88.768,2,0.2,0.2,1,1,0,11,6,1,68.0,4,0.0,0.09090909090909091,5246,755.0,0.143917761279269
CA-2021-123372,DG-13300,2021-11-28,US,East,United States,Corporate,Medium,2059.85,13,0.0,0.0,2,2,0,11,6,1,463.0,4,0.0,0.09090909090909091,5247,755.0,0.1438903692424819
CA-2021-131303,EP-13915,2021-11-28,US,West,United States,Consumer,Medium,62.65,5,0.0,0.0,1,1,0,11,6,1,16.0,14,0.0,0.047619047619047616,5248,755.0,0.14386298763082778
US-2021-110576,RB-19795,2021-11-28,US,East,United States,Home Office,Medium,3629.936,34,0.24000000000000005,0.4,5,2,0,11,6,1,54.0,7,0.0,0.07142857142857142,5249,755.0,0.14383561643835616
CA-2021-108035,TT-21070,2021-11-29,US,South,United States,Consumer,Medium,491.88800000000003,7,0.2,0.2,2,1,0,11,0,0,16.0,6,0.0,0.07692307692307693,5250,755.0,0.14380825565912117
CA-2021-102267,SC-20800,2021-11-30,US,Central,United States,Consumer,Medium,2.368,2,0.2,0.2,1,1,0,11,1,0,168.0,4,2.0,0.2727272727272727,5251,755.0,0.14378090528718143
CA-2021-105333,VP-21730,2021-11-30,US,East,United States,Home Office,Medium,899.1100000000001,10,0.0,0.0,3,2,0,11,1,0,153.0,2,0.0,0.1111111111111111,5252,755.0,0.1437535653166001
CA-2021-107314,MZ-17335,2021-11-30,US,West,United States,Home Office,Medium,25.83,3,0.0,0.0,1,1,0,11,1,0,249.0,3,0.0,0.1,5253,755.0,0.14372623574144486
CA-2021-111689,HP-14815,2021-11-30,US,East,United States,Home Office,Medium,1311.3719999999998,8,0.15000000000000002,0.2,2,2,0,11,1,0,311.0,6,0.0,0.07692307692307693,5254,755.0,0.14369891655578787
CA-2021-116645,ME-17725,2021-11-30,US,East,United States,Consumer,Medium,155.94,6,0.0,0.0,1,1,0,11,1,0,154.0,6,0.0,0.07692307692307693,5255,755.0,0.14367160775370583
CA-2021-119305,SW-20275,2021-11-30,US,South,United States,Consumer,Medium,173.79999999999998,5,0.0,0.0,1,1,0,11,1,0,9.0,5,0.0,0.08333333333333333,5256,755.0,0.14364430932927988
CA-2021-137365,BP-11095,2021-11-30,US,Central,United States,Corporate,Medium,95.97600000000001,3,0.2,0.2,1,1,0,11,1,0,67.0,10,0.0,0.058823529411764705,5257,755.0,0.14361702127659576
CA-2021-142090,SC-20380,2021-11-30,US,South,United States,Consumer,Medium,2165.658,10,0.30000000000000004,0.4,2,2,0,11,1,0,74.0,8,0.0,0.06666666666666667,5258,755.0,0.14358974358974358
US-2021-120089,ML-17755,2021-11-30,US,East,United States,Home Office,Medium,663.936,4,0.2,0.2,1,1,0,11,1,0,19.0,5,0.0,0.08333333333333333,5259,755.0,0.14356247626281807
US-2021-148768,PN-18775,2021-11-30,US,South,United States,Home Office,Medium,71.976,3,0.2,0.2,1,1,0,11,1,0,21.0,7,0.0,0.07142857142857142,5260,755.0,0.14353521928991836
US-2021-165456,TB-21625,2021-11-30,US,East,United States,Consumer,Medium,1079.316,6,0.3,0.3,1,1,0,11,1,0,13.0,8,0.0,0.06666666666666667,5261,755.0,0.14350797266514806
CA-2021-101805,SH-19975,2021-12-01,US,West,United States,Corporate,Medium,627.84,21,0.06666666666666667,0.2,3,2,1,12,2,0,35.0,12,0.0,0.05263157894736842,5262,755.0,0.1434807363826153
CA-2021-101805,SH-19975,2021-12-01,US,West,United States,Corporate,Medium,627.84,21,0.06666666666666667,0.2,3,2,1,12,2,0,0.0,13,1.0,0.1,5263,756.0,0.14364326375711575
CA-2021-101805,SH-19975,2021-12-01,US,West,United States,Corporate,Medium,627.84,21,0.06666666666666667,0.2,3,2,1,12,2,0,0.0,14,2.0,0.14285714285714285,5264,757.0,0.14380572946309997
CA-2021-103968,ML-17755,2021-12-01,US,West,United States,Home Office,Medium,629.64,9,0.0,0.0,1,1,0,12,2,0,1.0,6,0.0,0.07692307692307693,5265,758.0,0.1439681335356601
CA-2021-113355,SJ-20215,2021-12-01,US,Central,United States,Consumer,Medium,536.8580000000001,8,0.25,0.3,2,2,0,12,2,0,107.0,5,1.0,0.16666666666666666,5266,758.0,0.1439408306466907
CA-2021-118542,CC-12550,2021-12-01,US,West,United States,Consumer,Medium,55.488,9,0.1,0.2,2,1,1,12,2,0,169.0,1,0.0,0.125,5267,758.0,0.14391353811149032
CA-2021-118542,CC-12550,2021-12-01,US,West,United States,Consumer,Medium,55.488,9,0.1,0.2,2,1,1,12,2,0,0.0,2,1.0,0.2222222222222222,5268,759.0,0.14407582938388624
CA-2021-122539,SC-20305,2021-12-01,US,East,United States,Consumer,Medium,422.909,13,0.39999999999999997,0.7,3,2,0,12,2,0,95.0,6,0.0,0.07692307692307693,5269,760.0,0.14423805913570886
CA-2021-127313,RA-19285,2021-12-01,US,East,United States,Consumer,Medium,116.512,8,0.2,0.2,2,2,0,12,2,0,88.0,9,3.0,0.25,5270,760.0,0.14421072579116923
CA-2021-135860,JH-15985,2021-12-01,US,Central,United States,Consumer,Medium,376.09999999999997,20,0.0,0.0,5,2,0,12,2,0,391.0,7,3.0,0.2857142857142857,5271,760.0,0.14418340280409245
CA-2021-138618,MY-17380,2021-12-01,US,Central,United States,Corporate,Medium,10.368000000000002,2,0.2,0.2,1,1,0,12,2,0,7.0,10,5.0,0.35294117647058826,5272,760.0,0.14415609016859254
CA-2021-143245,AD-10180,2021-12-01,US,East,United States,Home Office,Medium,916.5900000000001,6,0.0,0.0,2,2,0,12,2,0,18.0,7,0.0,0.07142857142857142,5273,760.0,0.14412878787878788
CA-2021-144862,EH-14005,2021-12-01,US,East,United States,Home Office,Medium,167.63800000000003,12,0.30000000000000004,0.4,2,2,0,12,2,0,70.0,5,1.0,0.16666666666666666,5274,760.0,0.14410149592880137
CA-2021-145233,DV-13465,2021-12-01,US,West,United States,Consumer,Medium,1020.263,19,0.3,0.7,5,2,0,12,2,0,173.0,8,4.0,0.3333333333333333,5275,760.0,0.14407421431276032
CA-2021-145660,MG-17650,2021-12-01,US,East,United States,Home Office,Medium,7.712000000000001,2,0.2,0.2,1,1,0,12,2,0,50.0,6,0.0,0.07692307692307693,5276,760.0,0.1440469430247965
CA-2021-163139,CC-12670,2021-12-01,US,East,United States,Consumer,Medium,259.44,11,0.06666666666666667,0.2,3,2,0,12,2,0,166.0,7,3.0,0.2857142857142857,5277,760.0,0.14401968205904617
CA-2021-166926,SO-20335,2021-12-01,US,West,United States,Consumer,Medium,183.82,9,0.0,0.0,2,2,0,12,2,0,83.0,6,2.0,0.23076923076923078,5278,760.0,0.14399243140964996
CA-2021-102379,BB-11545,2021-12-02,US,West,United States,Corporate,Medium,1378.948,15,0.13333333333333333,0.2,3,3,0,12,3,0,21.0,8,0.0,0.06666666666666667,5279,760.0,0.14396519107075292
CA-2021-104108,RP-19855,2021-12-02,US,Central,United States,Corporate,Medium,12.160000000000002,5,0.2,0.2,1,1,0,12,3,0,189.0,7,0.0,0.07142857142857142,5280,760.0,0.14393796103650464
CA-2021-109701,AM-10360,2021-12-02,US,West,United States,Corporate,Medium,178.89000000000001,19,0.08,0.2,5,1,0,12,3,0,188.0,4,0.0,0.09090909090909091,5281,760.0,0.143910741301059
CA-2021-116715,VW-21775,2021-12-02,US,West,United States,Corporate,Medium,678.1,13,0.0,0.0,3,1,0,12,3,0,15.0,13,5.0,0.3,5282,760.0,0.1438835318585744
CA-2021-143756,ME-17725,2021-12-02,US,South,United States,Consumer,Medium,701.96,2,0.0,0.0,1,1,0,12,3,0,2.0,7,0.0,0.07142857142857142,5283,760.0,0.1438563327032136
CA-2021-147767,SV-20935,2021-12-02,US,West,United States,Consumer,Medium,67.86000000000001,6,0.7,0.7,1,1,0,12,3,0,27.0,5,0.0,0.08333333333333333,5284,760.0,0.14382914382914383
CA-2021-155075,GW-14605,2021-12-02,US,East,United States,Consumer,Medium,631.1760000000002,4,0.7,0.7,1,1,0,12,3,0,126.0,6,0.0,0.07692307692307693,5285,760.0,0.14380196523053665
CA-2021-155089,DB-12910,2021-12-02,US,South,United States,Home Office,Medium,45.66000000000001,5,0.7,0.7,1,1,0,12,3,0,82.0,6,0.0,0.07692307692307693,5286,760.0,0.1437747969015681
CA-2021-157469,ES-14080,2021-12-02,US,East,United States,Corporate,Medium,170.916,11,0.30000000000000004,0.4,2,2,0,12,3,0,74.0,9,3.0,0.25,5287,760.0,0.14374763883641858
CA-2021-160885,JK-16090,2021-12-02,US,Central,United States,Consumer,Medium,2479.96,4,0.0,0.0,1,1,0,12,3,0,61.0,5,4.0,0.4166666666666667,5288,760.0,0.1437204910292729
CA-2021-164917,MK-17905,2021-12-02,US,South,United States,Corporate,Medium,47.96,5,0.2,0.2,1,1,0,12,3,0,111.0,7,0.0,0.07142857142857142,5289,760.0,0.14369335347432025
CA-2021-165715,BG-11035,2021-12-02,US,South,United States,Consumer,Medium,32.776,1,0.2,0.2,1,1,0,12,3,0,30.0,7,0.0,0.07142857142857142,5290,760.0,0.1436662261657542
CA-2021-167395,KM-16720,2021-12-02,US,East,United States,Consumer,Medium,1271.17,14,0.0,0.0,3,2,1,12,3,0,592.0,7,0.0,0.07142857142857142,5291,760.0,0.14363910909777275
CA-2021-167395,KM-16720,2021-12-02,US,East,United States,Consumer,Medium,1271.17,14,0.0,0.0,3,2,1,12,3,0,0.0,8,1.0,0.13333333333333333,5292,761.0,0.14380071711643708
CA-2021-167395,KM-16720,2021-12-02,US,East,United States,Consumer,Medium,1271.17,14,0.0,0.0,3,2,1,12,3,0,0.0,9,2.0,0.1875,5293,762.0,0.1439622641509434
US-2021-108063,AS-10090,2021-12-02,US,South,United States,Consumer,Medium,34.650000000000006,3,0.0,0.0,1,1,0,12,3,0,77.0,8,0.0,0.06666666666666667,5294,763.0,0.14412375023580457
US-2021-112347,BS-11380,2021-12-02,US,West,United States,Corporate,Medium,1915.6240000000003,36,0.34285714285714286,0.7,7,3,0,12,3,0,16.0,4,0.0,0.09090909090909091,5295,763.0,0.14409656733308185
US-2021-147221,JS-16030,2021-12-02,US,Central,United States,Consumer,Medium,303.37199999999996,9,0.7,0.8,2,2,0,12,3,0,44.0,5,0.0,0.08333333333333333,5296,763.0,0.14406939468225533
CA-2021-103415,MV-17485,2021-12-03,US,Central,United States,Consumer,Medium,13.591999999999999,2,0.6,0.6,1,1,0,12,4,0,9.0,10,5.0,0.35294117647058826,5297,763.0,0.14404223227752638
CA-2021-118017,LC-16870,2021-12-03,US,West,United States,Consumer,Medium,306.36,38,0.2,0.2,8,3,0,12,4,0,71.0,10,4.0,0.29411764705882354,5298,763.0,0.14401508011310085
CA-2021-123071,CC-12550,2021-12-03,US,Central,United States,Consumer,Medium,10.368000000000002,2,0.2,0.2,1,1,0,12,4,0,2.0,3,2.0,0.3,5299,763.0,0.14398793818318883
CA-2021-128699,ND-18370,2021-12-03,US,South,United States,Consumer,Medium,47.992000000000004,1,0.2,0.2,1,1,0,12,4,0,43.0,8,0.0,0.06666666666666667,5300,763.0,0.1439608064820049
CA-2021-136875,TC-21295,2021-12-03,US,West,United States,Consumer,Medium,166.44,3,0.0,0.0,1,1,0,12,4,0,19.0,7,1.0,0.14285714285714285,5301,763.0,0.1439336850037679
CA-2021-143126,CM-12655,2021-12-03,US,West,United States,Home Office,Medium,521.96,2,0.0,0.0,1,1,0,12,4,0,63.0,5,0.0,0.08333333333333333,5302,763.0,0.14390657374270108
CA-2021-148691,CS-12460,2021-12-03,US,East,United States,Consumer,Medium,238.68400000000003,9,0.1,0.2,4,2,0,12,4,0,153.0,1,0.0,0.125,5303,763.0,0.14387947269303203
US-2021-149510,MC-17575,2021-12-03,US,South,United States,Consumer,Medium,98.446,13,0.3666666666666667,0.7,3,1,0,12,4,0,118.0,7,0.0,0.07142857142857142,5304,763.0,0.14385238184899266
CA-2021-109183,LR-16915,2021-12-04,US,South,United States,Consumer,Medium,649.0,2,0.5,0.5,1,1,0,12,5,1,358.0,10,6.0,0.4117647058823529,5305,763.0,0.1438253012048193
CA-2021-117667,MS-17980,2021-12-04,US,East,United States,Corporate,Medium,588.0079999999999,24,0.22000000000000003,0.3,5,3,0,12,5,1,731.0,5,0.0,0.08333333333333333,5306,763.0,0.14379823075475248
CA-2021-118003,DO-13645,2021-12-04,US,East,United States,Consumer,Medium,498.15,7,0.0,0.0,3,1,0,12,5,1,7.0,6,1.0,0.15384615384615385,5307,763.0,0.14377117049303725
CA-2021-139773,DV-13045,2021-12-04,US,East,United States,Corporate,Medium,188.55199999999996,7,0.3,0.3,1,1,0,12,5,1,157.0,3,0.0,0.1,5308,763.0,0.14374412041392287
CA-2021-147550,KE-16420,2021-12-04,US,East,United States,Corporate,Medium,11.352000000000002,3,0.2,0.2,1,1,0,12,5,1,21.0,7,0.0,0.07142857142857142,5309,763.0,0.1437170805116629
CA-2021-152660,CB-12415,2021-12-04,US,Central,United States,Consumer,Medium,61.568,2,0.2,0.2,1,1,1,12,5,1,18.0,7,0.0,0.07142857142857142,5310,763.0,0.14369005078051533
CA-2021-153227,CS-12250,2021-12-04,US,West,United States,Corporate,Medium,11.76,2,0.0,0.0,1,1,0,12,5,1,11.0,11,0.0,0.05555555555555555,5311,764.0,0.1438510718315156
CA-2021-156412,CM-12160,2021-12-04,US,East,United States,Consumer,Medium,5.346000000000002,3,0.7,0.7,1,1,0,12,5,1,44.0,5,0.0,0.08333333333333333,5312,764.0,0.14382402707275804
CA-2021-160031,LT-16765,2021-12-04,US,East,United States,Consumer,Medium,74.352,3,0.2,0.2,1,1,0,12,5,1,937.0,2,1.0,0.2222222222222222,5313,764.0,0.143796992481203
US-2021-107384,TP-21130,2021-12-04,US,Central,United States,Consumer,Medium,551.55,11,0.0,0.0,3,2,0,12,5,1,314.0,7,0.0,0.07142857142857142,5314,764.0,0.14376996805111822
CA-2021-104066,QJ-19255,2021-12-05,US,East,United States,Corporate,Medium,205.03,7,0.0,0.0,1,1,0,12,6,1,219.0,8,0.0,0.06666666666666667,5315,764.0,0.14374295377677565
CA-2021-105235,SM-20950,2021-12-05,US,East,United States,Corporate,Medium,334.52,10,0.0,0.0,3,2,0,12,6,1,138.0,11,0.0,0.05555555555555555,5316,764.0,0.14371594965245163
CA-2021-117128,BF-11080,2021-12-05,US,East,United States,Consumer,Medium,32.67,9,0.0,0.0,2,1,0,12,6,1,84.0,2,0.0,0.1111111111111111,5317,764.0,0.14368895567242676
CA-2021-126865,NP-18325,2021-12-05,US,West,United States,Consumer,Medium,92.94,3,0.0,0.0,1,1,0,12,6,1,730.0,6,2.0,0.23076923076923078,5318,764.0,0.14366197183098592
CA-2021-130351,RB-19570,2021-12-05,US,Central,United States,Consumer,Medium,199.73000000000002,11,0.0,0.0,3,2,0,12,6,1,325.0,4,0.0,0.09090909090909091,5319,764.0,0.1436349981224183
CA-2021-131212,AB-10165,2021-12-05,US,West,United States,Consumer,Medium,39.792,9,0.2,0.2,2,1,0,12,6,1,81.0,7,0.0,0.07142857142857142,5320,764.0,0.14360803454101745
CA-2021-156958,PB-18805,2021-12-05,US,West,United States,Home Office,Medium,497.044,21,0.16,0.2,5,3,1,12,6,1,416.0,2,0.0,0.1111111111111111,5321,764.0,0.14358108108108109
CA-2021-156958,PB-18805,2021-12-05,US,West,United States,Home Office,Medium,497.044,21,0.16,0.2,5,3,1,12,6,1,0.0,3,1.0,0.2,5322,765.0,0.1437417902045412
CA-2021-156958,PB-18805,2021-12-05,US,West,United States,Home Office,Medium,497.044,21,0.16,0.2,5,3,1,12,6,1,0.0,4,2.0,0.2727272727272727,5323,766.0,0.14390243902439023
CA-2021-156958,PB-18805,2021-12-05,US,West,United States,Home Office,Medium,497.044,21,0.16,0.2,5,3,1,12,6,1,0.0,5,3.0,0.3333333333333333,5324,767.0,0.14406302757456388
CA-2021-156958,PB-18805,2021-12-05,US,West,United States,Home Office,Medium,497.044,21,0.16,0.2,5,3,1,12,6,1,0.0,6,4.0,0.38461538461538464,5325,768.0,0.14422355588897223
US-2021-126053,CS-11950,2021-12-05,US,East,United States,Consumer,Medium,51.41,5,0.0,0.0,2,2,0,12,6,1,42.0,14,6.0,0.3333333333333333,5326,769.0,0.1443840240015001
US-2021-149006,BN-11470,2021-12-06,US,West,United States,Corporate,Medium,10.68,1,0.0,0.0,1,1,0,12,0,0,267.0,3,0.0,0.1,5327,769.0,0.14435695538057744
CA-2021-134285,DS-13180,2021-12-07,US,Central,United States,Corporate,Medium,19.104000000000003,6,0.2,0.2,2,1,0,12,1,0,251.0,9,2.0,0.1875,5328,769.0,0.14432989690721648
CA-2021-135587,BH-11710,2021-12-07,US,South,United States,Consumer,Medium,372.64,8,0.0,0.0,2,2,0,12,1,0,203.0,13,9.0,0.5,5329,769.0,0.14430284857571216
CA-2021-137099,FP-14320,2021-12-07,US,West,United States,Consumer,Medium,374.37600000000003,3,0.2,0.2,1,1,1,12,1,0,30.0,7,0.0,0.07142857142857142,5330,769.0,0.1442758103803635
CA-2021-142328,TC-21535,2021-12-07,US,West,United States,Home Office,Medium,50.04,6,0.0,0.0,1,1,1,12,1,0,384.0,5,0.0,0.08333333333333333,5331,770.0,0.14443611839640313
CA-2021-157980,SH-20395,2021-12-07,US,East,United States,Consumer,Medium,127.984,2,0.2,0.2,1,1,0,12,1,0,88.0,9,0.0,0.0625,5332,771.0,0.14459636636074172
US-2021-122714,HG-14965,2021-12-07,US,Central,United States,Corporate,Medium,1889.9899999999998,5,0.8,0.8,1,1,0,12,1,0,33.0,13,3.0,0.2,5333,771.0,0.1445692883895131
US-2021-136189,DC-13285,2021-12-07,US,South,United States,Consumer,Medium,82.38,6,0.0,0.0,1,1,0,12,1,0,61.0,4,0.0,0.09090909090909091,5334,771.0,0.14454222055794794
CA-2021-108854,DM-13345,2021-12-08,US,West,United States,Corporate,Medium,243.58400000000003,9,0.1,0.2,4,1,0,12,2,0,244.0,7,0.0,0.07142857142857142,5335,771.0,0.14451516286035193
CA-2021-117324,JP-15520,2021-12-08,US,Central,United States,Consumer,Medium,1816.36,16,0.0,0.0,5,3,0,12,2,0,460.0,5,0.0,0.08333333333333333,5336,771.0,0.144488115291035
CA-2021-117457,KH-16510,2021-12-08,US,West,United States,Consumer,Medium,3955.507,46,0.08333333333333333,0.2,9,3,0,12,2,0,41.0,6,0.0,0.07692307692307693,5337,771.0,0.14446107784431136
CA-2021-117926,AS-10225,2021-12-08,US,West,United States,Corporate,Medium,69.48,1,0.0,0.0,1,1,1,12,2,0,82.0,4,0.0,0.09090909090909091,5338,771.0,0.14443405051449953
CA-2021-145226,DL-13315,2021-12-08,US,East,United States,Consumer,Medium,433.78000000000003,12,0.0,0.0,4,2,0,12,2,0,13.0,7,0.0,0.07142857142857142,5339,772.0,0.1445940890385335
CA-2021-148264,LF-17185,2021-12-08,US,West,United States,Consumer,Medium,218.81,14,0.0,0.0,3,2,0,12,2,0,295.0,11,6.0,0.3888888888888889,5340,772.0,0.1445670469422106
CA-2021-152436,CW-11905,2021-12-08,US,East,United States,Home Office,Medium,592.74,6,0.0,0.0,1,1,0,12,2,0,209.0,6,2.0,0.23076923076923078,5341,772.0,0.14454001495886312
US-2021-131961,MJ-17740,2021-12-08,US,East,United States,Consumer,Medium,97.23599999999999,6,0.30000000000000004,0.4,2,2,0,12,2,0,272.0,6,0.0,0.07692307692307693,5342,772.0,0.14451299308281923
US-2021-167570,EG-13900,2021-12-08,US,East,United States,Consumer,Medium,215.544,4,0.3,0.3,1,1,0,12,2,0,21.0,4,0.0,0.09090909090909091,5343,772.0,0.14448598130841123
CA-2021-102407,AT-10435,2021-12-09,US,West,United States,Home Office,Medium,1096.488,12,0.06666666666666667,0.2,3,2,0,12,3,0,251.0,5,0.0,0.08333333333333333,5344,772.0,0.1444589796299757
CA-2021-102659,LW-17215,2021-12-09,US,Central,United States,Consumer,Medium,54.900000000000006,5,0.0,0.0,1,1,0,12,3,0,98.0,6,0.0,0.07692307692307693,5345,772.0,0.1444319880418535
CA-2021-108329,LE-16810,2021-12-09,US,West,United States,Consumer,Medium,444.76800000000003,4,0.2,0.2,1,1,0,12,3,0,201.0,5,0.0,0.08333333333333333,5346,772.0,0.1444050065383897
CA-2021-109715,AH-10585,2021-12-09,US,Central,United States,Consumer,Medium,15.984000000000002,2,0.2,0.2,1,1,0,12,3,0,156.0,3,0.0,0.1,5347,772.0,0.14437803511393352
CA-2021-109960,DB-13210,2021-12-09,US,Central,United States,Consumer,Medium,188.24,18,0.0,0.0,4,2,0,12,3,0,63.0,10,3.0,0.23529411764705882,5348,772.0,0.14435107376283846
CA-2021-129833,HF-14995,2021-12-09,US,Central,United States,Consumer,Medium,43.85,10,0.0,0.0,2,1,0,12,3,0,377.0,6,0.0,0.07692307692307693,5349,772.0,0.14432412247946227
CA-2021-139199,DK-12835,2021-12-09,US,Central,United States,Corporate,Medium,927.44,7,0.0,0.0,3,2,0,12,3,0,49.0,11,0.0,0.05555555555555555,5350,772.0,0.14429718125816687
CA-2021-139402,NC-18535,2021-12-09,US,West,United States,Corporate,Medium,432.405,8,0.44999999999999996,0.7,2,1,0,12,3,0,29.0,5,0.0,0.08333333333333333,5351,772.0,0.1442702500933184
CA-2021-141201,DB-12910,2021-12-09,US,West,United States,Home Office,Medium,148.257,3,0.15,0.15,1,1,0,12,3,0,7.0,7,0.0,0.07142857142857142,5352,772.0,0.14424332897928718
CA-2021-148012,KM-16225,2021-12-09,US,East,United States,Corporate,Medium,2.624,1,0.2,0.2,1,1,0,12,3,0,37.0,4,0.0,0.09090909090909091,5353,772.0,0.14421641791044776
US-2021-103814,LH-16900,2021-12-09,US,Central,United States,Consumer,Medium,143.85600000000002,9,0.2,0.2,1,1,0,12,3,0,139.0,9,2.0,0.1875,5354,772.0,0.1441895168811789
US-2021-118038,KB-16600,2021-12-09,US,Central,United States,Corporate,Medium,38.196000000000005,9,0.5333333333333333,0.8,3,2,0,12,3,0,26.0,5,0.0,0.08333333333333333,5355,772.0,0.14416262588586348
US-2021-132927,RD-19720,2021-12-09,US,East,United States,Consumer,Medium,11.088000000000003,7,0.7,0.7,1,1,0,12,3,0,255.0,9,0.0,0.0625,5356,772.0,0.14413574491888867
US-2021-145366,CA-12310,2021-12-09,US,East,United States,Corporate,Medium,94.78399999999999,4,0.2,0.2,2,1,0,12,3,0,706.0,2,0.0,0.1111111111111111,5357,772.0,0.14410887397464578
US-2021-167920,JL-15835,2021-12-09,US,South,United States,Consumer,Medium,1827.51,21,0.0,0.0,7,2,0,12,3,0,15.0,11,2.0,0.16666666666666666,5358,772.0,0.1440820130475303
CA-2021-107748,AG-10330,2021-12-10,US,West,United States,Consumer,Medium,108.80000000000001,6,0.1,0.2,2,2,0,12,4,0,494.0,1,0.0,0.125,5359,772.0,0.14405516213194186
CA-2021-108294,LS-16975,2021-12-10,US,Central,United States,Home Office,Medium,34.5,3,0.0,0.0,1,1,1,12,4,0,12.0,8,0.0,0.06666666666666667,5360,772.0,0.14402832122228432
CA-2021-143798,AW-10840,2021-12-10,US,East,United States,Consumer,Medium,321.24800000000005,4,0.2,0.2,2,2,0,12,4,0,99.0,3,0.0,0.1,5361,773.0,0.14418777943368108
CA-2021-148446,MC-17845,2021-12-10,US,West,United States,Consumer,Medium,1669.6,4,0.0,0.0,1,1,0,12,4,0,30.0,5,0.0,0.08333333333333333,5362,773.0,0.14416092382194076
CA-2021-148922,SU-20665,2021-12-10,US,South,United States,Home Office,Medium,684.78,14,0.0,0.0,3,2,0,12,4,0,99.0,6,0.0,0.07692307692307693,5363,773.0,0.1441340782122905
CA-2021-152695,CC-12220,2021-12-10,US,East,United States,Consumer,Medium,437.65,10,0.0,0.0,2,1,0,12,4,0,24.0,14,4.0,0.23809523809523808,5364,773.0,0.14410724259914354
CA-2021-157651,HA-14920,2021-12-10,US,East,United States,Consumer,Medium,14.200000000000001,1,0.2,0.2,1,1,0,12,4,0,90.0,8,2.0,0.2,5365,773.0,0.14408041697691734
CA-2021-158967,BT-11680,2021-12-10,US,South,United States,Consumer,Medium,19.104,3,0.2,0.2,1,1,0,12,4,0,20.0,6,0.0,0.07692307692307693,5366,773.0,0.1440536013400335
CA-2021-167150,BP-11185,2021-12-10,US,West,United States,Corporate,Medium,85.504,6,0.2,0.2,2,1,0,12,4,0,105.0,6,0.0,0.07692307692307693,5367,773.0,0.14402679568291776
US-2021-110149,WB-21850,2021-12-10,US,East,United States,Consumer,Medium,91.193,6,0.44999999999999996,0.7,2,2,0,12,4,0,29.0,20,11.0,0.4444444444444444,5368,773.0,0.144
US-2021-135503,JE-16165,2021-12-10,US,South,United States,Corporate,Medium,14.76,2,0.0,0.0,1,1,0,12,4,0,51.0,2,0.0,0.1111111111111111,5369,773.0,0.14397321428571427
US-2021-140907,BP-11185,2021-12-10,US,West,United States,Corporate,Medium,392.22,11,0.0,0.0,3,2,0,12,4,0,0.0,7,0.0,0.07142857142857142,5370,773.0,0.1439464385344988
CA-2021-100230,AA-10375,2021-12-11,US,East,United States,Consumer,Medium,149.872,6,0.06666666666666667,0.2,3,2,0,12,5,1,95.0,8,0.0,0.06666666666666667,5371,773.0,0.14391967274079584
CA-2021-101798,MV-18190,2021-12-11,US,East,United States,Consumer,Medium,63.339999999999996,6,0.1,0.2,2,2,0,12,5,1,375.0,6,0.0,0.07692307692307693,5372,773.0,0.14389291689905187
CA-2021-129581,KN-16390,2021-12-11,US,East,United States,Corporate,Medium,128.85000000000002,3,0.0,0.0,1,1,0,12,5,1,34.0,8,0.0,0.06666666666666667,5373,773.0,0.14386617100371749
CA-2021-142776,RS-19870,2021-12-11,US,Central,United States,Home Office,Medium,12.68,4,0.0,0.0,2,1,0,12,5,1,552.0,1,0.0,0.125,5374,773.0,0.14383943504924734
CA-2021-149706,AS-10285,2021-12-11,US,Central,United States,Corporate,Medium,116.312,7,0.2,0.2,1,1,0,12,5,1,395.0,6,2.0,0.23076923076923078,5375,773.0,0.14381270903010032
CA-2021-153871,RB-19435,2021-12-11,US,East,United States,Consumer,Medium,798.9300000000001,14,0.0,0.0,3,1,0,12,5,1,22.0,8,2.0,0.2,5376,773.0,0.14378599294073938
CA-2021-162565,RR-19315,2021-12-11,US,Central,United States,Consumer,Medium,608.5519999999999,5,0.3666666666666667,0.6,3,2,0,12,5,1,392.0,1,0.0,0.125,5377,773.0,0.1437592867756315
CA-2021-165099,DK-13375,2021-12-11,US,Central,United States,Consumer,Medium,1.3919999999999997,2,0.8,0.8,1,1,0,12,5,1,29.0,7,0.0,0.07142857142857142,5378,773.0,0.14373259052924792
CA-2021-168389,DV-13045,2021-12-11,US,South,United States,Corporate,Medium,873.8110000000001,12,0.2625,0.45,4,3,0,12,5,1,7.0,4,0.0,0.09090909090909091,5379,773.0,0.14370590419606388
US-2021-125213,NB-18655,2021-12-11,US,East,United States,Corporate,Medium,6.540000000000001,3,0.0,0.0,1,1,0,12,5,1,23.0,11,4.0,0.2777777777777778,5380,773.0,0.14367922777055875
US-2021-160759,AI-10855,2021-12-11,US,East,United States,Consumer,Medium,63.686,1,0.3,0.3,1,1,0,12,5,1,93.0,8,0.0,0.06666666666666667,5381,773.0,0.14365256124721604
CA-2021-107986,MW-18220,2021-12-13,US,West,United States,Consumer,Medium,31.44,3,0.0,0.0,1,1,0,12,0,0,351.0,6,0.0,0.07692307692307693,5382,773.0,0.1436259046205233
CA-2021-122770,EP-13915,2021-12-13,US,West,United States,Consumer,Medium,261.52,19,0.0,0.0,4,2,0,12,0,0,15.0,15,0.0,0.045454545454545456,5383,773.0,0.14359925788497216
CA-2021-135377,BP-11095,2021-12-13,US,East,United States,Corporate,Medium,287.976,3,0.2,0.2,1,1,0,12,0,0,13.0,11,0.0,0.05555555555555555,5384,773.0,0.14357262103505844
CA-2021-107629,DB-13060,2021-12-14,US,Central,United States,Consumer,Medium,457.17600000000004,18,0.4,0.6,4,3,0,12,1,0,90.0,8,3.0,0.26666666666666666,5385,773.0,0.1435459940652819
CA-2021-122595,GM-14455,2021-12-14,US,Central,United States,Home Office,Medium,282.688,7,0.3333333333333333,0.6,3,2,0,12,1,0,130.0,5,0.0,0.08333333333333333,5386,773.0,0.1435193769701465
CA-2021-147333,KL-16555,2021-12-14,US,South,United States,Corporate,Medium,204.55,9,0.0,0.0,2,1,0,12,1,0,40.0,7,0.0,0.07142857142857142,5387,773.0,0.14349276974416017
CA-2021-151799,BF-11170,2021-12-14,US,East,United States,Home Office,Medium,1843.402,14,0.06,0.3,5,3,0,12,1,0,283.0,10,0.0,0.058823529411764705,5388,773.0,0.14346617238183504
CA-2021-169859,MP-18175,2021-12-14,US,West,United States,Home Office,Medium,134.91,22,0.06666666666666667,0.2,3,2,1,12,1,0,70.0,8,0.0,0.06666666666666667,5389,773.0,0.14343958487768718
CA-2021-169859,MP-18175,2021-12-14,US,West,United States,Home Office,Medium,134.91,22,0.06666666666666667,0.2,3,2,1,12,1,0,0.0,9,1.0,0.125,5390,774.0,0.1435982953492681
CA-2021-169859,MP-18175,2021-12-14,US,West,United States,Home Office,Medium,134.91,22,0.06666666666666667,0.2,3,2,1,12,1,0,0.0,10,2.0,0.17647058823529413,5391,775.0,0.14375694701741384
US-2021-113992,LC-16885,2021-12-14,US,Central,United States,Consumer,Medium,974.9879999999998,4,0.3,0.3,1,1,0,12,1,0,28.0,18,9.0,0.4,5392,776.0,0.14391553991479902
CA-2021-119564,PL-18925,2021-12-15,US,West,United States,Home Office,Medium,22.77,3,0.0,0.0,1,1,0,12,2,0,176.0,4,0.0,0.09090909090909091,5393,776.0,0.1438888888888889
CA-2021-136063,SS-20140,2021-12-15,US,Central,United States,Corporate,Medium,10.192000000000002,7,0.2,0.2,1,1,0,12,2,0,59.0,9,3.0,0.25,5394,776.0,0.1438622477319015
CA-2021-154116,KM-16660,2021-12-15,US,West,United States,Consumer,Medium,273.926,10,0.06666666666666667,0.2,3,2,0,12,2,0,501.0,4,0.0,0.09090909090909091,5395,776.0,0.14383561643835616
CA-2021-104381,RD-19810,2021-12-16,US,East,United States,Home Office,Medium,33.376,4,0.2,0.2,1,1,0,12,3,0,47.0,7,0.0,0.07142857142857142,5396,776.0,0.14380899500277625
CA-2021-111808,AR-10510,2021-12-16,US,Central,United States,Consumer,Medium,10.8,5,0.0,0.0,1,1,0,12,3,0,355.0,4,0.0,0.09090909090909091,5397,776.0,0.14378238341968913
CA-2021-137428,AY-10555,2021-12-16,US,West,United States,Corporate,Medium,222.032,11,0.15000000000000002,0.2,4,2,1,12,3,0,363.0,6,4.0,0.38461538461538464,5398,776.0,0.14375578168362627
CA-2021-137428,AY-10555,2021-12-16,US,West,United States,Corporate,Medium,222.032,11,0.15000000000000002,0.2,4,2,1,12,3,0,0.0,7,5.0,0.42857142857142855,5399,777.0,0.14391416944136146
CA-2021-137428,AY-10555,2021-12-16,US,West,United States,Corporate,Medium,222.032,11,0.15000000000000002,0.2,4,2,1,12,3,0,0.0,8,6.0,0.4666666666666667,5400,778.0,0.1440724986129092
CA-2021-137428,AY-10555,2021-12-16,US,West,United States,Corporate,Medium,222.032,11,0.15000000000000002,0.2,4,2,1,12,3,0,0.0,9,7.0,0.5,5401,779.0,0.14423076923076922
CA-2021-137463,KM-16225,2021-12-16,US,West,United States,Corporate,Medium,420.23400000000004,20,0.04,0.2,5,2,0,12,3,0,7.0,5,0.0,0.08333333333333333,5402,780.0,0.14438898132741726
CA-2021-161578,RB-19465,2021-12-16,US,West,United States,Home Office,Medium,172.26,7,0.0,0.0,2,1,0,12,3,0,57.0,11,2.0,0.16666666666666666,5403,780.0,0.14436229205175602
CA-2021-103443,AT-10735,2021-12-17,US,East,United States,Consumer,Medium,315.896,7,0.06666666666666667,0.2,3,2,0,12,4,0,138.0,9,0.0,0.0625,5404,780.0,0.14433561264091666
CA-2021-106964,HR-14770,2021-12-17,US,West,United States,Home Office,Medium,11.808,2,0.2,0.2,1,1,0,12,4,0,254.0,4,0.0,0.09090909090909091,5405,780.0,0.1443089430894309
CA-2021-107342,VF-21715,2021-12-17,US,Central,United States,Home Office,Medium,28.16,4,0.0,0.0,1,1,0,12,4,0,162.0,4,0.0,0.09090909090909091,5406,780.0,0.14428228339183446
CA-2021-116855,AI-10855,2021-12-17,US,South,United States,Consumer,Medium,504.90000000000003,5,0.0,0.0,1,1,0,12,4,0,6.0,9,0.0,0.0625,5407,780.0,0.14425563354266716
CA-2021-120936,CA-12310,2021-12-17,US,West,United States,Corporate,Medium,495.3,5,0.0,0.0,2,1,0,12,4,0,8.0,3,0.0,0.1,5408,780.0,0.14422899353647275
CA-2021-130309,GB-14575,2021-12-17,US,South,United States,Consumer,Medium,544.38,3,0.0,0.0,1,1,0,12,4,0,323.0,4,0.0,0.09090909090909091,5409,780.0,0.14420236336779912
CA-2021-133431,LC-17140,2021-12-17,US,West,United States,Consumer,Medium,28.47,8,0.1,0.2,2,1,0,12,4,0,86.0,9,4.0,0.3125,5410,780.0,0.14417574303119807
CA-2021-155362,DP-13105,2021-12-17,US,Central,United States,Corporate,Medium,32.56,2,0.0,0.0,1,1,0,12,4,0,89.0,6,0.0,0.07692307692307693,5411,780.0,0.14414913252122555
US-2021-116701,LC-17140,2021-12-17,US,Central,United States,Consumer,Medium,66.28399999999999,2,0.8,0.8,1,1,0,12,4,0,0.0,10,4.0,0.29411764705882354,5412,780.0,0.14412253183244142
CA-2021-102099,EP-13915,2021-12-18,US,West,United States,Consumer,Medium,51.99000000000001,10,0.0,0.0,3,1,0,12,5,1,5.0,16,0.0,0.043478260869565216,5413,780.0,0.14409594095940959
CA-2021-105886,DB-13660,2021-12-18,US,East,United States,Consumer,Medium,18.96,2,0.0,0.0,1,1,0,12,5,1,86.0,8,3.0,0.26666666666666666,5414,780.0,0.14406935989669803
CA-2021-108287,AG-10330,2021-12-18,US,South,United States,Consumer,Medium,12.672,9,0.2,0.2,1,1,0,12,5,1,8.0,2,0.0,0.1111111111111111,5415,780.0,0.14404278863887865
CA-2021-115602,DJ-13630,2021-12-18,US,East,United States,Consumer,Medium,2888.518,30,0.025,0.1,4,2,0,12,5,1,394.0,2,0.0,0.1111111111111111,5416,780.0,0.1440162271805274
CA-2021-140585,RA-19915,2021-12-18,US,West,United States,Consumer,Medium,286.485,5,0.11666666666666665,0.2,3,3,1,12,5,1,122.0,8,0.0,0.06666666666666667,5417,780.0,0.14398967551622419
CA-2021-140585,RA-19915,2021-12-18,US,West,United States,Consumer,Medium,286.485,5,0.11666666666666665,0.2,3,3,1,12,5,1,0.0,9,1.0,0.125,5418,781.0,0.14414746543778803
CA-2021-140585,RA-19915,2021-12-18,US,West,United States,Consumer,Medium,286.485,5,0.11666666666666665,0.2,3,3,1,12,5,1,0.0,10,2.0,0.17647058823529413,5419,782.0,0.14430519719867305
CA-2021-143252,HE-14800,2021-12-18,US,Central,United States,Corporate,Medium,129.29,8,0.0,0.0,2,2,0,12,5,1,163.0,3,0.0,0.1,5420,783.0,0.14446287083103004
CA-2021-156664,BP-11290,2021-12-18,US,East,United States,Consumer,Medium,233.532,13,0.325,0.7,4,1,0,12,5,1,24.0,7,2.0,0.21428571428571427,5421,783.0,0.14443625644804717
CA-2021-158736,TT-21460,2021-12-18,US,West,United States,Home Office,Medium,5.76,2,0.0,0.0,1,1,0,12,5,1,22.0,6,0.0,0.07692307692307693,5422,783.0,0.14440965186958923
CA-2021-164000,AH-10030,2021-12-18,US,East,United States,Corporate,Medium,18.704,7,0.2,0.2,1,1,0,12,5,1,638.0,6,0.0,0.07692307692307693,5423,783.0,0.1443830570902394
CA-2021-116946,TS-21505,2021-12-19,US,West,United States,Consumer,Medium,193.63400000000001,14,0.3666666666666667,0.7,3,2,0,12,6,1,42.0,5,0.0,0.08333333333333333,5424,783.0,0.1443564721045848
CA-2021-128160,MM-17920,2021-12-19,US,West,United States,Consumer,Medium,36.672000000000004,2,0.2,0.2,1,1,0,12,6,1,106.0,9,0.0,0.0625,5425,783.0,0.14432989690721648
CA-2021-158729,AC-10450,2021-12-19,US,South,United States,Consumer,Medium,1665.62,2,0.0,0.0,1,1,1,12,6,1,77.0,6,0.0,0.07692307692307693,5426,783.0,0.14430333149272961
CA-2021-102197,DK-13150,2021-12-20,US,East,United States,Corporate,Medium,364.272,11,0.06666666666666667,0.2,3,1,0,12,0,0,1111.0,1,0.0,0.125,5427,784.0,0.1444608023555392
CA-2021-105480,DK-13225,2021-12-20,US,East,United States,Corporate,Medium,13.464000000000002,2,0.1,0.2,2,1,0,12,0,0,174.0,8,0.0,0.06666666666666667,5428,784.0,0.14443422263109476
CA-2021-106782,LP-17095,2021-12-21,US,Central,United States,Consumer,Medium,375.34,1,0.0,0.0,1,1,0,12,1,0,107.0,6,0.0,0.07692307692307693,5429,784.0,0.1444076526857984
CA-2021-107461,PK-19075,2021-12-21,US,South,United States,Consumer,Medium,23.88,6,0.0,0.0,1,1,0,12,1,0,44.0,11,1.0,0.1111111111111111,5430,784.0,0.14438109251425418
CA-2021-109589,BD-11635,2021-12-21,US,South,United States,Consumer,Medium,71.0,4,0.0,0.0,1,1,0,12,1,0,747.0,4,3.0,0.36363636363636365,5431,784.0,0.14435454211107024
CA-2021-137456,RB-19465,2021-12-21,US,Central,United States,Home Office,Medium,15.92,2,0.0,0.0,1,1,0,12,1,0,5.0,12,2.0,0.15789473684210525,5432,784.0,0.1443280014708586
CA-2021-138380,YS-21880,2021-12-21,US,West,United States,Corporate,Medium,1000.0200000000001,7,0.0,0.0,1,1,0,12,1,0,125.0,7,0.0,0.07142857142857142,5433,784.0,0.14430147058823528
CA-2021-144827,SE-20110,2021-12-21,US,West,United States,Consumer,Medium,124.36,2,0.0,0.0,1,1,0,12,1,0,38.0,10,0.0,0.058823529411764705,5434,784.0,0.14427494945782027
CA-2021-163405,BN-11515,2021-12-21,US,West,United States,Consumer,Medium,12.51,5,0.0,0.0,2,1,0,12,1,0,111.0,7,4.0,0.35714285714285715,5435,784.0,0.1442484380742374
CA-2021-165841,DB-13210,2021-12-21,US,East,United States,Consumer,Medium,517.91,11,0.0,0.0,3,2,0,12,1,0,12.0,11,3.0,0.2222222222222222,5436,784.0,0.14422193643211464
CA-2021-100412,SR-20425,2021-12-22,US,South,United States,Home Office,Medium,141.96,2,0.0,0.0,1,1,0,12,2,0,44.0,4,0.0,0.09090909090909091,5437,784.0,0.14419544452608377
CA-2021-104927,AG-10330,2021-12-22,US,Central,United States,Consumer,Medium,108.13,15,0.4000000000000001,0.8,3,1,0,12,2,0,4.0,3,0.0,0.1,5438,784.0,0.14416896235078053
CA-2021-115931,JM-15655,2021-12-22,US,West,United States,Corporate,Medium,126.98,15,0.05,0.2,4,2,0,12,2,0,56.0,4,0.0,0.09090909090909091,5439,784.0,0.14414248990084466
CA-2021-119193,SK-19990,2021-12-22,US,East,United States,Consumer,Medium,631.5989999999999,8,0.55,0.7,2,2,0,12,2,0,243.0,2,0.0,0.1111111111111111,5440,784.0,0.14411602717091979
CA-2021-119578,JG-15310,2021-12-22,US,East,United States,Corporate,Medium,916.14,7,0.0,0.0,2,2,0,12,2,0,28.0,4,0.0,0.09090909090909091,5441,784.0,0.14408957415565346
CA-2021-120376,TP-21130,2021-12-22,US,Central,United States,Consumer,Medium,2283.43,15,0.0,0.0,4,2,0,12,2,0,18.0,8,0.0,0.06666666666666667,5442,784.0,0.14406313084969719
CA-2021-142909,AG-10330,2021-12-22,US,West,United States,Consumer,Medium,182.55,2,0.5,0.5,1,1,0,12,2,0,0.0,4,0.0,0.09090909090909091,5443,784.0,0.14403669724770643
CA-2021-145310,JP-15520,2021-12-22,US,South,United States,Consumer,Medium,7.824,1,0.2,0.2,1,1,0,12,2,0,14.0,6,0.0,0.07692307692307693,5444,784.0,0.1440102733443405
CA-2021-146164,CM-12190,2021-12-22,US,Central,United States,Consumer,Medium,638.68,4,0.0,0.0,2,2,0,12,2,0,36.0,5,0.0,0.08333333333333333,5445,784.0,0.14398385913426265
CA-2021-149699,CM-12115,2021-12-22,US,West,United States,Consumer,Medium,474.95,5,0.0,0.0,1,1,0,12,2,0,81.0,4,2.0,0.2727272727272727,5446,784.0,0.1439574546121401
CA-2021-150910,JL-15130,2021-12-22,US,South,United States,Consumer,Medium,1090.348,23,0.24000000000000005,0.4,5,3,1,12,2,0,238.0,5,0.0,0.08333333333333333,5447,784.0,0.14393105977264392
CA-2021-150910,JL-15130,2021-12-22,US,South,United States,Consumer,Medium,1090.348,23,0.24000000000000005,0.4,5,3,1,12,2,0,0.0,6,1.0,0.15384615384615385,5448,785.0,0.14408799266727773
CA-2021-150910,JL-15130,2021-12-22,US,South,United States,Consumer,Medium,1090.348,23,0.24000000000000005,0.4,5,3,1,12,2,0,0.0,7,2.0,0.21428571428571427,5449,786.0,0.14424486803519063
CA-2021-150910,JL-15130,2021-12-22,US,South,United States,Consumer,Medium,1090.348,23,0.24000000000000005,0.4,5,3,1,12,2,0,0.0,8,3.0,0.26666666666666666,5450,787.0,0.14440168590800806
CA-2021-150910,JL-15130,2021-12-22,US,South,United States,Consumer,Medium,1090.348,23,0.24000000000000005,0.4,5,3,1,12,2,0,0.0,9,4.0,0.3125,5451,788.0,0.14455844631733236
CA-2021-155376,SG-20080,2021-12-22,US,Central,United States,Consumer,Medium,839.4300000000001,3,0.0,0.0,1,1,0,12,2,0,737.0,10,9.0,0.5882352941176471,5452,789.0,0.14471514929474263
CA-2021-110625,JB-16045,2021-12-23,US,East,United States,Home Office,Medium,27.46,2,0.0,0.0,1,1,0,12,3,0,380.0,6,3.0,0.3076923076923077,5453,789.0,0.1446886446886447
CA-2021-117443,JB-15400,2021-12-23,US,Central,United States,Corporate,Medium,189.71200000000002,8,0.5,0.8,2,1,0,12,3,0,44.0,9,0.0,0.0625,5454,789.0,0.14466214978941586
CA-2021-121216,MM-17920,2021-12-23,US,Central,United States,Consumer,Medium,57.983999999999995,16,0.5,0.8,2,1,0,12,3,0,4.0,10,0.0,0.058823529411764705,5455,789.0,0.14463566459172464
CA-2021-127929,FM-14215,2021-12-23,US,East,United States,Corporate,Medium,181.95,3,0.0,0.0,1,1,0,12,3,0,238.0,9,0.0,0.0625,5456,789.0,0.14460918909024345
CA-2021-140627,DK-12985,2021-12-23,US,South,United States,Consumer,Medium,303.32000000000005,14,0.20000000000000004,0.2,3,2,0,12,3,0,232.0,4,0.0,0.09090909090909091,5457,789.0,0.1445827232796486
US-2021-123463,GZ-14470,2021-12-23,US,West,United States,Consumer,Medium,13.48,4,0.0,0.0,1,1,0,12,3,0,97.0,8,0.0,0.06666666666666667,5458,789.0,0.1445562671546203
US-2021-162670,MF-18250,2021-12-23,US,South,United States,Corporate,Medium,1152.87,16,0.0,0.0,5,2,0,12,3,0,772.0,4,0.0,0.09090909090909091,5459,789.0,0.14452982070984266
CA-2021-117933,RF-19840,2021-12-24,US,East,United States,Consumer,Medium,35.910000000000004,3,0.0,0.0,1,1,0,12,4,0,252.0,7,0.0,0.07142857142857142,5460,789.0,0.14450338394000367
CA-2021-121195,NS-18505,2021-12-24,US,Central,United States,Consumer,Medium,264.32,2,0.2,0.2,1,1,0,12,4,0,84.0,3,0.0,0.1,5461,789.0,0.14447695683979517
CA-2021-124296,CS-12355,2021-12-24,US,South,United States,Consumer,Medium,712.85,7,0.0,0.0,2,2,0,12,4,0,37.0,10,0.0,0.058823529411764705,5462,789.0,0.14445053940391298
CA-2021-128734,JL-15175,2021-12-24,US,West,United States,Home Office,Medium,850.9200000000001,7,0.2,0.2,2,1,0,12,4,0,50.0,4,0.0,0.09090909090909091,5463,789.0,0.14442413162705667
CA-2021-145219,RM-19675,2021-12-24,US,West,United States,Home Office,Medium,2970.4320000000002,9,0.2,0.2,2,2,0,12,4,0,797.0,4,0.0,0.09090909090909091,5464,789.0,0.14439773350392981
CA-2021-147956,AH-10210,2021-12-24,US,West,United States,Consumer,Medium,1003.6200000000001,6,0.0,0.0,1,1,0,12,4,0,31.0,8,0.0,0.06666666666666667,5465,789.0,0.14437134502923976
CA-2021-148355,NC-18535,2021-12-24,US,East,United States,Corporate,Medium,31.740000000000002,8,0.0,0.0,2,1,0,12,4,0,15.0,6,0.0,0.07692307692307693,5466,789.0,0.1443449661976978
CA-2021-154935,AR-10540,2021-12-24,US,East,United States,Consumer,Medium,17.880000000000003,3,0.2,0.2,1,1,0,12,4,0,342.0,6,2.0,0.23076923076923078,5467,789.0,0.144318597004019
CA-2021-163671,DP-13105,2021-12-24,US,West,United States,Corporate,Medium,21.312000000000005,3,0.2,0.2,1,1,0,12,4,0,7.0,7,0.0,0.07142857142857142,5468,789.0,0.14429223744292238
CA-2021-169411,AC-10615,2021-12-24,US,East,United States,Corporate,Medium,37.93,1,0.0,0.0,1,1,0,12,4,0,113.0,4,0.0,0.09090909090909091,5469,789.0,0.14426588750913075
CA-2021-169978,HG-15025,2021-12-24,US,East,United States,Consumer,Medium,286.14,5,0.15000000000000002,0.2,2,2,0,12,4,0,34.0,6,0.0,0.07692307692307693,5470,789.0,0.1442395471973708
CA-2021-105620,JH-15430,2021-12-25,US,South,United States,Consumer,Medium,141.0,5,0.35,0.5,2,2,0,12,5,1,35.0,3,0.0,0.1,5471,789.0,0.14421321650237312
CA-2021-108756,PO-18865,2021-12-25,US,East,United States,Consumer,Medium,31.799999999999997,3,0.0,0.0,1,1,0,12,5,1,142.0,5,0.0,0.08333333333333333,5472,789.0,0.14418689541887206
CA-2021-114055,MH-18115,2021-12-25,US,South,United States,Home Office,Medium,819.2799999999999,12,0.0,0.0,4,2,0,12,5,1,39.0,8,0.0,0.06666666666666667,5473,789.0,0.14416058394160583
CA-2021-121398,FH-14365,2021-12-25,US,West,United States,Corporate,Medium,424.172,5,0.1,0.2,2,1,0,12,5,1,87.0,7,1.0,0.14285714285714285,5474,789.0,0.14413428206531656
CA-2021-134194,GA-14725,2021-12-25,US,Central,United States,Consumer,Medium,160.16199999999998,26,0.56,0.8,5,1,1,12,5,1,44.0,10,0.0,0.058823529411764705,5475,789.0,0.1441079897847501
CA-2021-134194,GA-14725,2021-12-25,US,Central,United States,Consumer,Medium,160.16199999999998,26,0.56,0.8,5,1,1,12,5,1,0.0,11,1.0,0.1111111111111111,5476,790.0,0.14426408900237098
CA-2021-134194,GA-14725,2021-12-25,US,Central,United States,Consumer,Medium,160.16199999999998,26,0.56,0.8,5,1,1,12,5,1,0.0,12,2.0,0.15789473684210525,5477,791.0,0.14442013129102846
CA-2021-134194,GA-14725,2021-12-25,US,Central,United States,Consumer,Medium,160.16199999999998,26,0.56,0.8,5,1,1,12,5,1,0.0,13,3.0,0.2,5478,792.0,0.14457611668185963
CA-2021-134194,GA-14725,2021-12-25,US,Central,United States,Consumer,Medium,160.16199999999998,26,0.56,0.8,5,1,1,12,5,1,0.0,14,4.0,0.23809523809523808,5479,793.0,0.14473204520597885
CA-2021-146780,CV-12805,2021-12-25,US,East,United States,Corporate,Medium,41.96,2,0.0,0.0,1,1,0,12,5,1,112.0,13,7.0,0.4,5480,794.0,0.14488791689447786
CA-2021-161480,RA-19285,2021-12-25,US,East,United States,Consumer,Medium,191.984,2,0.2,0.2,1,1,0,12,5,1,24.0,10,3.0,0.23529411764705882,5481,794.0,0.14486151603498543
CA-2021-162880,GD-14590,2021-12-25,US,West,United States,Corporate,Medium,3.8560000000000003,1,0.2,0.2,1,1,0,12,5,1,205.0,3,0.0,0.1,5482,794.0,0.14483512479504462
CA-2021-163510,JW-15955,2021-12-25,US,South,United States,Consumer,Medium,400.39,8,0.0,0.0,2,2,0,12,5,1,72.0,6,0.0,0.07692307692307693,5483,794.0,0.1448087431693989
US-2021-147669,SV-20935,2021-12-25,US,East,United States,Consumer,Medium,484.323,23,0.375,0.7,4,3,0,12,5,1,23.0,6,0.0,0.07692307692307693,5484,794.0,0.1447823711527955
CA-2021-112487,TC-21535,2021-12-26,US,East,United States,Home Office,Medium,3.132,2,0.7,0.7,1,1,0,12,6,1,19.0,6,1.0,0.15384615384615385,5485,794.0,0.14475600873998543
CA-2021-121741,YC-21895,2021-12-26,US,Central,United States,Corporate,Medium,750.68,2,0.0,0.0,1,1,0,12,6,1,476.0,4,1.0,0.18181818181818182,5486,794.0,0.14472965592572365
CA-2021-136238,KB-16240,2021-12-26,US,Central,United States,Corporate,Medium,16.032,3,0.2,0.2,1,1,0,12,6,1,93.0,7,2.0,0.21428571428571427,5487,794.0,0.14470331270476883
US-2021-106705,PO-18850,2021-12-26,US,Central,United States,Consumer,Medium,44.75,5,0.0,0.0,1,1,0,12,6,1,63.0,10,0.0,0.058823529411764705,5488,794.0,0.14467697907188354
CA-2021-134404,DR-12880,2021-12-27,US,East,United States,Corporate,Medium,177.636,6,0.30000000000000004,0.4,2,2,0,12,0,0,122.0,16,10.0,0.4782608695652174,5489,794.0,0.14465065502183405
CA-2021-101322,JG-15310,2021-12-28,US,West,United States,Corporate,Medium,340.70400000000006,6,0.2,0.2,1,1,0,12,1,0,6.0,5,0.0,0.08333333333333333,5490,794.0,0.14462434054939058
CA-2021-122798,SV-20935,2021-12-28,US,West,United States,Consumer,Medium,122.53,6,0.0,0.0,2,1,0,12,1,0,3.0,7,0.0,0.07142857142857142,5491,794.0,0.14459803564932702
CA-2021-127516,EH-14005,2021-12-28,US,South,United States,Home Office,Medium,64.784,1,0.2,0.2,1,1,0,12,1,0,27.0,6,1.0,0.15384615384615385,5492,794.0,0.14457174031642117
CA-2021-129805,HM-14860,2021-12-28,US,West,United States,Corporate,Medium,7.4,2,0.0,0.0,1,1,0,12,1,0,70.0,9,0.0,0.0625,5493,794.0,0.14454545454545453
CA-2021-135111,CS-12400,2021-12-28,US,Central,United States,Home Office,Medium,28.38,6,0.0,0.0,2,1,0,12,1,0,45.0,8,0.0,0.06666666666666667,5494,794.0,0.1445191783312125
CA-2021-136539,GH-14665,2021-12-28,US,Central,United States,Consumer,Medium,106.0208,4,0.26,0.32,2,2,1,12,1,0,772.0,1,0.0,0.125,5495,794.0,0.1444929116684842
CA-2021-136539,GH-14665,2021-12-28,US,Central,United States,Consumer,Medium,106.0208,4,0.26,0.32,2,2,1,12,1,0,0.0,2,1.0,0.2222222222222222,5496,795.0,0.14464837361439215
CA-2021-163860,LO-17170,2021-12-28,US,Central,United States,Corporate,Medium,125.98,12,0.575,0.8,4,2,0,12,1,0,61.0,4,1.0,0.18181818181818182,5497,796.0,0.14480377906976744
CA-2021-163979,KH-16690,2021-12-28,US,West,United States,Corporate,Medium,725.84,4,0.0,0.0,1,1,0,12,1,0,196.0,6,0.0,0.07692307692307693,5498,796.0,0.14477747502270663
CA-2021-164826,JF-15415,2021-12-28,US,East,United States,Consumer,Medium,134.524,21,0.05,0.2,4,2,0,12,1,0,108.0,5,0.0,0.08333333333333333,5499,796.0,0.14475118053033054
US-2021-162068,PC-18745,2021-12-28,US,West,United States,Corporate,Medium,1.1880000000000002,2,0.7,0.7,1,1,0,12,1,0,396.0,3,0.0,0.1,5500,796.0,0.14472489558743418
CA-2021-118885,JG-15160,2021-12-29,US,West,United States,Consumer,Medium,695.944,7,0.2,0.2,2,2,0,12,2,0,136.0,10,0.0,0.058823529411764705,5501,796.0,0.14469862018881627
CA-2021-130631,BS-11755,2021-12-29,US,West,United States,Consumer,Medium,88.06,7,0.0,0.0,2,2,1,12,2,0,97.0,7,3.0,0.2857142857142857,5502,796.0,0.14467235432927936
CA-2021-130631,BS-11755,2021-12-29,US,West,United States,Consumer,Medium,88.06,7,0.0,0.0,2,2,1,12,2,0,0.0,8,4.0,0.3333333333333333,5503,797.0,0.14482758620689656
CA-2021-146626,BP-11185,2021-12-29,US,West,United States,Corporate,Medium,101.12,8,0.0,0.0,1,1,0,12,2,0,19.0,8,0.0,0.06666666666666667,5504,798.0,0.1449827617492288
CA-2021-158673,KB-16600,2021-12-29,US,Central,United States,Corporate,Medium,209.7,2,0.0,0.0,1,1,0,12,2,0,20.0,6,0.0,0.07692307692307693,5505,798.0,0.14495645863570392
US-2021-102638,MC-17845,2021-12-29,US,East,United States,Consumer,Medium,6.029999999999999,3,0.0,0.0,1,1,0,12,2,0,19.0,6,0.0,0.07692307692307693,5506,798.0,0.14493016506439324
US-2021-158526,KH-16360,2021-12-29,US,South,United States,Consumer,Medium,1814.6799999999998,14,0.0,0.0,5,2,0,12,2,0,270.0,5,0.0,0.08333333333333333,5507,798.0,0.14490388103010518
CA-2021-115427,EB-13975,2021-12-30,US,West,United States,Corporate,Medium,34.623999999999995,4,0.2,0.2,2,1,1,12,3,0,446.0,3,0.0,0.1,5508,798.0,0.14487760652765186
CA-2021-115427,EB-13975,2021-12-30,US,West,United States,Corporate,Medium,34.623999999999995,4,0.2,0.2,2,1,1,12,3,0,0.0,4,1.0,0.18181818181818182,5509,799.0,0.145032632342277
CA-2021-126221,CC-12430,2021-12-30,US,Central,United States,Home Office,Medium,209.3,2,0.0,0.0,1,1,0,12,3,0,54.0,11,4.0,0.2777777777777778,5510,800.0,0.14518760195758565
CA-2021-143259,PO-18865,2021-12-30,US,East,United States,Consumer,Medium,466.84200000000004,14,0.13333333333333333,0.2,3,3,0,12,3,0,5.0,6,0.0,0.07692307692307693,5511,800.0,0.14516129032258066
CA-2021-156720,JM-15580,2021-12-30,US,West,United States,Consumer,Medium,3.024,3,0.2,0.2,1,1,0,12,3,0,478.0,4,0.0,0.09090909090909091,5512,800.0,0.14513498822250406
