order_id,customer_id,order_date,market,region,country,segment,order_priority,order_value,quantity,discount,max_discount,number_of_products,number_of_categories,returned
CA-2018-103800,DP-13000,2018-01-03,US,Central,United States,Consumer,Medium,16.448,2,0.2,0.2,1,1,0
CA-2018-112326,PO-19195,2018-01-04,US,Central,United States,Home Office,Medium,288.06,8,0.4000000000000001,0.8,3,1,0
CA-2018-141817,MB-18085,2018-01-05,US,East,United States,Consumer,Medium,19.536,3,0.2,0.2,1,1,0
CA-2018-106054,JO-15145,2018-01-06,US,South,United States,Corporate,Medium,12.78,3,0.0,0.0,1,1,0
CA-2018-130813,LS-17230,2018-01-06,US,West,United States,Consumer,Medium,19.44,3,0.0,0.0,1,1,0
CA-2018-167199,ME-17320,2018-01-06,US,South,United States,Home Office,Medium,4374.88,24,0.0,0.0,7,3,0
CA-2018-105417,VS-21820,2018-01-07,US,Central,United States,Consumer,Medium,87.158,10,0.7,0.8,2,2,0
CA-2018-135405,MS-17830,2018-01-09,US,Central,United States,Consumer,Medium,40.544,5,0.2,0.2,2,2,0
CA-2018-149020,AJ-10780,2018-01-10,US,South,United States,Corporate,Medium,54.83,2,0.0,0.0,2,2,0
CA-2018-130092,SV-20365,2018-01-11,US,East,United States,Consumer,Medium,9.94,2,0.0,0.0,1,1,0
CA-2018-109232,ND-18370,2018-01-13,US,South,United States,Consumer,Medium,545.9399999999999,6,0.0,0.0,1,1,0
CA-2018-118192,MM-17920,2018-01-13,US,East,United States,Consumer,Medium,40.846,9,0.4499999999999999,0.7,2,1,0
CA-2018-157147,BD-11605,2018-01-13,US,West,United States,Consumer,Medium,1679.749,13,0.0499999999999999,0.15,3,2,0
CA-2018-162775,CS-12250,2018-01-13,US,South,United States,Corporate,Medium,1287.26,20,0.0,0.0,5,2,0
CA-2018-149524,BS-11590,2018-01-14,US,East,United States,Corporate,Medium,61.96,4,0.5,0.5,1,1,0
CA-2018-103366,EH-13990,2018-01-15,US,South,United States,Consumer,Medium,149.95,5,0.0,0.0,1,1,0
CA-2018-115791,DL-13315,2018-01-16,US,East,United States,Consumer,Medium,299.964,14,0.375,0.7,4,3,0
CA-2018-123477,DW-13195,2018-01-18,US,West,United States,Corporate,Medium,64.864,4,0.2,0.2,1,1,0
CA-2018-146591,TS-21340,2018-01-19,US,West,United States,Consumer,Medium,378.5940000000001,24,0.4499999999999999,0.7,4,2,0
CA-2018-148614,MV-17485,2018-01-20,US,West,United States,Consumer,Medium,38.66,4,0.0,0.0,2,2,1
CA-2018-167927,XP-21865,2018-01-20,US,Central,United States,Consumer,Medium,708.616,26,0.0125,0.1,8,2,0
US-2018-147627,HL-15040,2018-01-20,US,South,United States,Consumer,Medium,1859.4,27,0.0,0.0,6,3,0
US-2018-147774,MM-18280,2018-01-20,US,South,United States,Corporate,Medium,67.194,1,0.7,0.7,1,1,0
CA-2018-110422,TB-21400,2018-01-21,US,South,United States,Consumer,Medium,25.248,3,0.2,0.2,1,1,0
CA-2018-102645,IM-15055,2018-01-23,US,West,United States,Consumer,Medium,40.08,6,0.0,0.0,1,1,0
CA-2018-146997,SG-20605,2018-01-23,US,Central,United States,Consumer,Medium,5.94,3,0.0,0.0,1,1,0
CA-2018-167997,CA-11965,2018-01-26,US,Central,United States,Corporate,Medium,152.64,4,0.0,0.0,2,2,0
US-2018-155502,SD-20485,2018-01-26,US,South,United States,Home Office,Medium,944.61,34,0.0,0.0,7,3,0
US-2018-117163,EJ-13720,2018-01-27,US,West,United States,Consumer,Medium,426.67,8,0.0666666666666666,0.2,3,2,0
CA-2018-100328,JC-15340,2018-01-28,US,East,United States,Consumer,Medium,3.928,1,0.2,0.2,1,1,0
CA-2018-134103,MV-18190,2018-01-30,US,Central,United States,Consumer,Medium,240.5,4,0.0,0.0,2,1,0
CA-2018-115161,LC-17050,2018-01-31,US,West,United States,Consumer,Medium,290.666,2,0.15,0.15,1,1,0
CA-2018-140795,BD-11500,2018-02-01,US,Central,United States,Consumer,Medium,468.9,6,0.0,0.0,1,1,0
CA-2018-123400,EB-13930,2018-02-02,US,South,United States,Consumer,Medium,199.296,7,0.4499999999999999,0.7,2,2,0
CA-2018-139857,CD-12790,2018-02-02,US,West,United States,Home Office,Medium,12.35,5,0.0,0.0,1,1,0
CA-2018-111059,TB-21400,2018-02-03,US,West,United States,Consumer,Medium,97.112,5,0.2,0.2,2,1,0
CA-2018-104808,MH-17440,2018-02-04,US,West,United States,Corporate,Medium,17.248,2,0.2,0.2,1,1,0
CA-2018-107181,DB-13270,2018-02-04,US,West,United States,Home Office,Medium,117.136,7,0.1,0.2,2,1,0
CA-2018-108182,DL-13315,2018-02-06,US,Central,United States,Consumer,Medium,8.951999999999998,2,0.8,0.8,1,1,0
CA-2018-131905,ND-18460,2018-02-06,US,South,United States,Corporate,Medium,321.56,10,0.0,0.0,3,2,0
CA-2018-107755,CK-12760,2018-02-07,US,East,United States,Corporate,Medium,115.36,7,0.0,0.0,1,1,0
US-2018-169390,CS-12250,2018-02-07,US,East,United States,Corporate,Medium,64.96,4,0.0,0.0,1,1,0
CA-2018-125759,NM-18445,2018-02-08,US,West,United States,Home Office,Medium,14.56,2,0.0,0.0,1,1,0
CA-2018-127614,NF-18385,2018-02-11,US,South,United States,Consumer,Medium,1508.13,11,0.0,0.0,3,3,0
CA-2018-168368,GA-14725,2018-02-11,US,Central,United States,Consumer,Medium,535.27,14,0.0,0.0,6,2,0
US-2018-110674,SC-20095,2018-02-12,US,West,United States,Consumer,Medium,129.568,2,0.2,0.2,1,1,0
CA-2018-107706,ST-20530,2018-02-14,US,Central,United States,Consumer,Medium,16.176000000000002,3,0.2,0.2,1,1,0
CA-2018-121762,ML-17395,2018-02-14,US,West,United States,Corporate,Medium,560.55,7,0.0,0.0,3,2,0
CA-2018-165568,BF-11020,2018-02-15,US,West,United States,Corporate,Medium,21.36,5,0.2,0.2,1,1,0
CA-2018-122567,MN-17935,2018-02-16,US,Central,United States,Consumer,Medium,9.039999999999996,5,0.8,0.8,2,1,0
CA-2018-154165,DL-13315,2018-02-17,US,Central,United States,Consumer,Medium,54.208,14,0.2,0.2,1,1,0
CA-2018-152905,AB-10015,2018-02-18,US,Central,United States,Consumer,Medium,12.624,2,0.2,0.2,1,1,0
US-2018-165589,TB-21595,2018-02-18,US,Central,United States,Consumer,Medium,25.16,5,0.6,0.6,1,1,0
CA-2018-109491,LC-16930,2018-02-20,US,Central,United States,Corporate,Medium,82.63,7,0.0,0.0,2,2,0
CA-2018-164903,SR-20740,2018-02-20,US,West,United States,Home Office,Medium,12.96,2,0.0,0.0,1,1,0
CA-2018-165540,TM-21010,2018-02-21,US,Central,United States,Consumer,Medium,8.849999999999998,5,0.8,0.8,1,1,0
CA-2018-133354,SA-20830,2018-02-22,US,West,United States,Consumer,Medium,19.44,3,0.0,0.0,1,1,0
CA-2018-103744,MG-17875,2018-02-23,US,Central,United States,Home Office,Medium,11.364,6,0.5,0.8,2,1,1
US-2018-137680,JH-15430,2018-02-24,US,West,United States,Consumer,Medium,55.672,7,0.2,0.2,2,1,0
CA-2018-156545,JS-16030,2018-02-27,US,East,United States,Consumer,Medium,19.456000000000003,4,0.2,0.2,1,1,0
CA-2018-104269,DB-13060,2018-03-01,US,West,United States,Consumer,Medium,457.568,2,0.2,0.2,1,1,0
CA-2018-113880,VF-21715,2018-03-01,US,Central,United States,Home Office,Medium,651.588,9,0.25,0.3,2,2,0
CA-2018-131009,SC-20380,2018-03-01,US,Central,United States,Consumer,Medium,574.194,20,0.325,0.6,4,2,0
CA-2018-168312,GW-14605,2018-03-01,US,Central,United States,Consumer,Medium,513.861,6,0.25,0.3,2,2,0
US-2018-143707,HR-14770,2018-03-01,US,East,United States,Home Office,Medium,5.94,3,0.0,0.0,1,1,0
CA-2018-107524,KN-16705,2018-03-02,US,East,United States,Home Office,Medium,47.76,7,0.0,0.0,2,1,0
CA-2018-111157,NH-18610,2018-03-02,US,East,United States,Corporate,Medium,154.62400000000002,4,0.2,0.2,2,2,0
CA-2018-105648,EJ-14155,2018-03-03,US,West,United States,Consumer,Medium,626.3520000000001,3,0.2,0.2,1,1,0
CA-2018-127964,AP-10720,2018-03-03,US,East,United States,Home Office,Medium,161.07,9,0.1333333333333333,0.2,3,2,0
CA-2018-130421,SC-20020,2018-03-03,US,Central,United States,Consumer,Medium,176.77199999999996,3,0.8,0.8,1,1,0
CA-2018-155852,AJ-10945,2018-03-03,US,South,United States,Consumer,Medium,19.456000000000003,4,0.2,0.2,1,1,0
US-2018-127978,JS-15595,2018-03-03,US,East,United States,Corporate,Medium,362.242,16,0.3,0.5,3,2,0
CA-2018-116239,CL-12565,2018-03-04,US,South,United States,Consumer,Medium,354.90000000000003,5,0.0,0.0,1,1,0
CA-2018-117016,SC-20095,2018-03-04,US,South,United States,Consumer,Medium,15.552000000000003,3,0.2,0.2,1,1,0
CA-2018-169061,AB-10150,2018-03-05,US,East,United States,Consumer,Medium,705.562,16,0.04,0.2,5,2,0
CA-2018-104563,CM-12715,2018-03-07,US,West,United States,Corporate,Medium,1143.822,18,0.1,0.2,4,2,0
CA-2018-156587,AB-10015,2018-03-07,US,West,United States,Consumer,Medium,309.592,7,0.0666666666666666,0.2,3,2,0
US-2018-131982,NP-18685,2018-03-07,US,West,United States,Home Office,Medium,107.648,2,0.2,0.2,1,1,0
US-2018-100279,SW-20275,2018-03-10,US,Central,United States,Consumer,Medium,22.38,2,0.0,0.0,1,1,0
US-2018-140116,KT-16480,2018-03-10,US,West,United States,Consumer,Medium,719.5760000000001,7,0.2,0.2,2,1,0
CA-2018-114790,FM-14215,2018-03-11,US,South,United States,Corporate,Medium,782.63,11,0.0,0.0,4,2,0
CA-2018-158337,KA-16525,2018-03-11,US,East,United States,Consumer,Medium,108.92,14,0.0,0.0,1,1,0
CA-2018-166884,CK-12205,2018-03-11,US,East,United States,Consumer,Medium,18.784,11,0.2,0.2,2,2,0
US-2018-103338,RB-19435,2018-03-11,US,West,United States,Consumer,Medium,7.98,3,0.0,0.0,1,1,0
CA-2018-100293,NF-18475,2018-03-14,US,South,United States,Home Office,Medium,91.056,6,0.2,0.2,1,1,0
CA-2018-114510,JF-15295,2018-03-14,US,West,United States,Consumer,Medium,280.276,21,0.08,0.2,5,2,0
CA-2018-152618,RB-19465,2018-03-14,US,Central,United States,Home Office,Medium,583.358,4,0.25,0.3,2,2,0
CA-2018-157623,DK-13225,2018-03-14,US,West,United States,Corporate,Medium,13.94,3,0.0,0.0,2,1,0
US-2018-125521,CK-12325,2018-03-14,US,South,United States,Home Office,Medium,1139.92,4,0.0,0.0,1,1,0
CA-2018-149958,AS-10240,2018-03-15,US,South,United States,Consumer,Medium,370.782,14,0.4,0.7,5,2,0
CA-2018-157609,KN-16705,2018-03-16,US,South,United States,Home Office,Medium,471.92,2,0.2,0.2,1,1,0
CA-2018-118339,BN-11515,2018-03-17,US,Central,United States,Consumer,Medium,249.92,31,0.0,0.0,5,1,0
CA-2018-127859,QJ-19255,2018-03-17,US,East,United States,Corporate,Medium,126.624,6,0.2,0.2,1,1,0
CA-2018-158442,AZ-10750,2018-03-17,US,Central,United States,Consumer,Medium,25.184000000000005,6,0.2,0.2,3,1,0
US-2018-148838,CP-12340,2018-03-17,US,East,United States,Corporate,Medium,3455.13,25,0.24,0.4,5,2,0
US-2018-164763,MH-17440,2018-03-17,US,South,United States,Corporate,Medium,103.5,14,0.0,0.0,5,1,1
CA-2018-111871,EK-13795,2018-03-18,US,West,United States,Home Office,Medium,1198.33,10,0.15,0.15,1,1,1
CA-2018-145317,SM-20320,2018-03-18,US,South,United States,Home Office,Medium,23661.228,25,0.2857142857142857,0.5,7,3,0
US-2018-131275,SC-20050,2018-03-18,US,West,United States,Home Office,Medium,3247.1580000000004,13,0.0666666666666666,0.2,3,3,0
CA-2018-103989,MC-17605,2018-03-19,US,South,United States,Corporate,Medium,590.7620000000001,23,0.2714285714285714,0.7,7,3,0
CA-2018-140004,CB-12025,2018-03-21,US,East,United States,Consumer,Medium,13.456,5,0.2,0.2,2,1,0
CA-2018-163223,KH-16690,2018-03-21,US,South,United States,Corporate,Medium,3769.56,22,0.0,0.0,5,2,0
US-2018-107405,TS-21205,2018-03-21,US,South,United States,Corporate,Medium,16.272000000000002,1,0.2,0.2,1,1,0
US-2018-155544,GM-14440,2018-03-21,US,South,United States,Consumer,Medium,310.528,11,0.2,0.2,3,2,0
CA-2018-148040,BF-11275,2018-03-22,US,West,United States,Corporate,Medium,388.704,6,0.2,0.2,2,2,0
US-2018-129609,VM-21835,2018-03-22,US,Central,United States,Consumer,Medium,16.28,2,0.0,0.0,1,1,0
US-2018-158057,CC-12685,2018-03-22,US,South,United States,Consumer,Medium,59.109000000000016,9,0.7,0.7,2,1,0
CA-2018-120838,PO-18865,2018-03-23,US,West,United States,Consumer,Medium,935.152,8,0.1,0.2,2,2,0
CA-2018-164749,BG-11740,2018-03-23,US,South,United States,Consumer,Medium,9.912,3,0.2,0.2,1,1,0
CA-2018-143637,MS-17710,2018-03-24,US,West,United States,Consumer,Medium,40.48,2,0.0,0.0,1,1,0
CA-2018-147235,CD-11920,2018-03-24,US,East,United States,Consumer,Medium,24.9,5,0.0,0.0,1,1,0
CA-2018-128237,CA-12265,2018-03-25,US,West,United States,Consumer,Medium,92.36,14,0.0,0.0,4,2,0
CA-2018-148586,AZ-10750,2018-03-25,US,East,United States,Consumer,Medium,366.786,7,0.1,0.1,1,1,0
CA-2018-100860,CS-12505,2018-03-26,US,West,United States,Consumer,Medium,18.75,5,0.0,0.0,1,1,0
CA-2018-138436,JD-15895,2018-03-26,US,West,United States,Corporate,Medium,66.30000000000001,3,0.0,0.0,1,1,0
CA-2018-141838,DK-12835,2018-03-26,US,West,United States,Corporate,Medium,60.080000000000005,8,0.1333333333333333,0.2,3,2,0
CA-2018-100881,DR-12940,2018-03-28,US,West,United States,Home Office,Medium,302.376,3,0.2,0.2,1,1,0
US-2018-117380,MP-18175,2018-03-28,US,East,United States,Home Office,Medium,330.588,1,0.4,0.4,1,1,0
US-2018-137869,CV-12295,2018-03-28,US,Central,United States,Consumer,Medium,1190.84,7,0.0,0.0,2,2,0
CA-2018-137274,MG-18145,2018-03-29,US,Central,United States,Consumer,Medium,890.8409999999999,3,0.3,0.3,1,1,0
CA-2018-131247,GA-14725,2018-03-30,US,West,United States,Consumer,Medium,205.666,2,0.15,0.15,1,1,0
CA-2018-133424,Dl-13600,2018-03-30,US,West,United States,Corporate,Medium,60.24000000000001,6,0.0,0.0,2,1,0
CA-2018-162089,MP-17470,2018-03-30,US,Central,United States,Home Office,Medium,714.966,19,0.2333333333333333,0.3,3,3,0
CA-2018-169033,KM-16720,2018-03-30,US,East,United States,Consumer,Medium,49.65,5,0.0,0.0,1,1,0
US-2018-105151,SG-20890,2018-03-30,US,East,United States,Corporate,Medium,10.5,5,0.0,0.0,1,1,0
US-2018-113124,NC-18340,2018-03-30,US,Central,United States,Consumer,Medium,129.3,2,0.0,0.0,1,1,0
CA-2018-101770,KB-16240,2018-03-31,US,South,United States,Corporate,Medium,1.8690000000000004,1,0.7,0.7,1,1,0
CA-2018-112403,JO-15280,2018-03-31,US,East,United States,Consumer,Medium,0.8520000000000001,1,0.7,0.7,1,1,0
CA-2018-128055,AA-10315,2018-03-31,US,West,United States,Consumer,Medium,726.5480000000001,4,0.1,0.2,2,1,0
CA-2018-130428,TG-21640,2018-03-31,US,South,United States,Consumer,Medium,1142.1649999999995,14,0.3666666666666667,0.7,3,2,0
US-2018-104759,DD-13570,2018-03-31,US,Central,United States,Consumer,Medium,88.11800000000001,9,0.5,0.8,2,2,0
CA-2018-138359,KH-16330,2018-04-01,US,East,United States,Corporate,Medium,73.19999999999999,6,0.0,0.0,2,1,0
US-2018-157021,KM-16720,2018-04-01,US,West,United States,Consumer,Medium,46.688,6,0.1,0.2,2,1,0
CA-2018-160276,AH-10690,2018-04-02,US,South,United States,Corporate,Medium,177.68,2,0.0,0.0,1,1,0
CA-2018-164315,RD-19585,2018-04-02,US,South,United States,Consumer,Medium,1220.67,15,0.0,0.0,3,2,0
US-2018-157847,SC-20020,2018-04-02,US,Central,United States,Consumer,Medium,60.20800000000001,12,0.2,0.2,2,1,0
CA-2018-112291,KE-16420,2018-04-03,US,West,United States,Corporate,Medium,233.45,7,0.0,0.0,3,2,0
CA-2018-105172,PK-18910,2018-04-04,US,West,United States,Home Office,Medium,18.9,6,0.0,0.0,1,1,0
CA-2018-133228,MS-17710,2018-04-04,US,Central,United States,Consumer,Medium,84.83,5,0.0,0.0,2,2,0
CA-2018-149538,KB-16585,2018-04-04,US,South,United States,Corporate,Medium,364.93,12,0.0,0.0,4,2,0
US-2018-128685,MZ-17515,2018-04-04,US,West,United States,Corporate,Medium,7.184000000000001,2,0.2,0.2,1,1,0
CA-2018-102988,GM-14695,2018-04-05,US,South,United States,Corporate,Medium,4251.919999999999,22,0.0,0.0,5,2,0
CA-2018-113887,TH-21550,2018-04-05,US,East,United States,Home Office,Medium,55.48,1,0.0,0.0,1,1,0
CA-2018-149104,RD-19900,2018-04-05,US,Central,United States,Consumer,Medium,770.6099999999999,16,0.0,0.0,4,1,0
CA-2018-151001,JG-15805,2018-04-05,US,Central,United States,Corporate,Medium,101.728,8,0.2,0.2,2,1,0
US-2018-157231,RP-19855,2018-04-05,US,South,United States,Corporate,Medium,115.36,7,0.0,0.0,1,1,0
CA-2018-102652,AY-10555,2018-04-06,US,West,United States,Corporate,Medium,199.99,13,0.0,0.0,4,2,1
CA-2018-136742,GP-14740,2018-04-06,US,East,United States,Corporate,Medium,44.91000000000001,6,0.7,0.7,1,1,0
CA-2018-153808,FH-14275,2018-04-06,US,West,United States,Corporate,Medium,436.488,8,0.0666666666666666,0.2,3,2,0
CA-2018-169803,SC-20260,2018-04-06,US,West,United States,Corporate,Medium,687.4499999999999,5,0.0,0.0,2,2,0
US-2018-118486,SD-20485,2018-04-06,US,East,United States,Home Office,Medium,281.852,6,0.2666666666666666,0.4,3,3,0
CA-2018-124023,PJ-19015,2018-04-07,US,South,United States,Consumer,Medium,8.96,2,0.0,0.0,1,1,0
CA-2018-128846,RS-19765,2018-04-07,US,South,United States,Corporate,Medium,752.92,8,0.0,0.0,2,2,0
CA-2018-165806,VM-21685,2018-04-07,US,South,United States,Home Office,Medium,259.29,12,0.0,0.0,2,2,0
CA-2018-100363,JM-15655,2018-04-08,US,West,United States,Corporate,Medium,21.376,5,0.2,0.2,2,1,0
CA-2018-121769,JS-15880,2018-04-08,US,East,United States,Consumer,Medium,172.11,1,0.4,0.4,1,1,0
CA-2018-150581,NM-18445,2018-04-08,US,West,United States,Home Office,Medium,499.552,5,0.1,0.2,2,2,0
US-2018-118997,RA-19885,2018-04-08,US,South,United States,Corporate,Medium,1215.92,8,0.0,0.0,1,1,0
US-2018-163797,PC-19000,2018-04-08,US,West,United States,Home Office,Medium,49.792,8,0.2,0.2,1,1,0
CA-2018-110555,MM-18055,2018-04-11,US,West,United States,Consumer,Medium,410.104,15,0.0666666666666666,0.2,3,2,0
CA-2018-138940,GM-14455,2018-04-11,US,Central,United States,Home Office,Medium,758.3520000000001,6,0.2,0.2,1,1,0
US-2018-102715,JK-15370,2018-04-11,US,South,United States,Consumer,Medium,737.2,15,0.2,0.2,4,2,0
US-2018-121734,SE-20110,2018-04-11,US,West,United States,Consumer,Medium,9.584,1,0.2,0.2,1,1,0
CA-2018-142979,EH-13765,2018-04-12,US,West,United States,Corporate,Medium,39.68,2,0.0,0.0,1,1,0
CA-2018-154599,KN-16450,2018-04-12,US,West,United States,Corporate,Medium,1840.043,28,0.1875,0.2,4,3,0
US-2018-158365,SV-20785,2018-04-12,US,Central,United States,Consumer,Medium,32.400000000000006,5,0.0,0.0,1,1,0
CA-2018-122336,JD-15895,2018-04-13,US,East,United States,Corporate,Medium,630.7460000000001,39,0.375,0.7,4,2,0
CA-2018-167724,BF-11170,2018-04-13,US,East,United States,Home Office,Medium,7.83,3,0.0,0.0,1,1,0
US-2018-120740,PS-18970,2018-04-15,US,West,United States,Home Office,Medium,294.72,6,0.0,0.0,2,2,0
CA-2018-155208,SP-20650,2018-04-16,US,South,United States,Corporate,Medium,39.072,6,0.2,0.2,1,1,0
CA-2018-100678,KM-16720,2018-04-18,US,Central,United States,Consumer,Medium,697.074,11,0.225,0.3,4,3,0
CA-2018-110849,JL-15835,2018-04-18,US,West,United States,Consumer,Medium,323.458,15,0.05,0.2,4,2,0
CA-2018-158470,AG-10390,2018-04-19,US,South,United States,Consumer,Medium,129.33,14,0.0,0.0,2,1,0
CA-2018-169460,NF-18595,2018-04-19,US,West,United States,Home Office,Medium,76.14,3,0.0,0.0,1,1,0
CA-2018-101462,BP-11230,2018-04-20,US,West,United States,Consumer,Medium,59.92,4,0.0,0.0,1,1,0
CA-2018-134572,SV-20365,2018-04-20,US,Central,United States,Consumer,Medium,1190.53,12,0.2666666666666666,0.3,3,2,0
CA-2018-136336,DB-13555,2018-04-21,US,South,United States,Corporate,Medium,828.8399999999999,6,0.0,0.0,1,1,0
CA-2018-158064,AA-10375,2018-04-21,US,West,United States,Consumer,Medium,16.520000000000003,5,0.2,0.2,1,1,0
CA-2018-122070,AH-10030,2018-04-22,US,East,United States,Corporate,Medium,257.752,11,0.1,0.2,2,1,0
CA-2018-111857,NM-18445,2018-04-23,US,West,United States,Home Office,Medium,48.91,1,0.0,0.0,1,1,0
US-2018-112564,TS-21160,2018-04-23,US,East,United States,Corporate,Medium,2.502,3,0.7,0.7,1,1,0
US-2018-150119,LB-16795,2018-04-23,US,East,United States,Home Office,Medium,592.5679999999999,16,0.375,0.7,4,2,0
CA-2018-110100,LC-16885,2018-04-25,US,South,United States,Consumer,Medium,302.376,3,0.2,0.2,1,1,0
CA-2018-166954,BT-11305,2018-04-25,US,West,United States,Home Office,Medium,2061.01,13,0.0666666666666666,0.2,3,2,0
US-2018-157406,DA-13450,2018-04-25,US,Central,United States,Home Office,Medium,16.608000000000004,5,0.2,0.2,2,1,0
CA-2018-116785,MH-17290,2018-04-26,US,West,United States,Home Office,Medium,34.0,7,0.0,0.0,2,1,1
CA-2018-147298,AG-10300,2018-04-26,US,West,United States,Corporate,Medium,248.56800000000004,9,0.2,0.2,2,2,0
CA-2018-118976,MY-18295,2018-04-28,US,East,United States,Corporate,Medium,526.96,14,0.0,0.0,4,1,0
CA-2018-131387,AI-10855,2018-04-28,US,West,United States,Consumer,Medium,1679.96,5,0.2,0.2,1,1,0
CA-2018-132983,DS-13180,2018-04-28,US,East,United States,Corporate,Medium,159.98,2,0.0,0.0,1,1,0
CA-2018-140228,GB-14530,2018-04-28,US,East,United States,Corporate,Medium,211.576,8,0.2,0.2,3,1,0
CA-2018-107811,LA-16780,2018-04-29,US,South,United States,Corporate,Medium,661.5040000000001,7,0.2,0.2,2,2,0
CA-2018-118304,KH-16360,2018-04-29,US,East,United States,Consumer,Medium,19.98,2,0.0,0.0,1,1,0
CA-2018-134061,LL-16840,2018-04-29,US,East,United States,Consumer,Medium,17.46,2,0.0,0.0,1,1,0
CA-2018-142727,HG-14845,2018-04-29,US,South,United States,Consumer,Medium,69.9,5,0.0,0.0,2,2,0
CA-2018-156006,TM-21010,2018-04-30,US,South,United States,Consumer,Medium,47.79,3,0.0,0.0,1,1,0
CA-2018-160094,JM-16195,2018-04-30,US,South,United States,Consumer,Medium,1000.95,10,0.0,0.0,2,1,0
CA-2018-115056,AR-10510,2018-05-02,US,East,United States,Consumer,Medium,26.136000000000003,3,0.2,0.2,1,1,0
CA-2018-124618,CS-11860,2018-05-02,US,South,United States,Consumer,Medium,479.984,2,0.2,0.2,1,1,0
CA-2018-130274,JS-15940,2018-05-03,US,Central,United States,Home Office,Medium,21.56,7,0.0,0.0,1,1,0
CA-2018-135755,NC-18415,2018-05-03,US,East,United States,Consumer,Medium,51.072,6,0.2,0.2,2,1,0
CA-2018-111899,NC-18340,2018-05-04,US,Central,United States,Consumer,Medium,43.312,8,0.2,0.2,2,1,0
CA-2018-117709,PM-18940,2018-05-04,US,Central,United States,Consumer,Medium,46.8,4,0.0,0.0,1,1,0
CA-2018-155271,AA-10480,2018-05-04,US,East,United States,Consumer,Medium,27.46,2,0.0,0.0,1,1,0
US-2018-148194,BS-11365,2018-05-04,US,West,United States,Corporate,Medium,69.86,11,0.0,0.0,2,2,0
CA-2018-110219,EB-13870,2018-05-05,US,Central,United States,Consumer,Medium,127.869,3,0.3,0.3,1,1,0
CA-2018-111934,GD-14590,2018-05-05,US,South,United States,Corporate,Medium,47.32,3,0.0,0.0,2,1,0
CA-2018-160738,KH-16330,2018-05-05,US,Central,United States,Corporate,Medium,45.248000000000005,2,0.2,0.2,1,1,0
CA-2018-166457,PF-19120,2018-05-05,US,South,United States,Consumer,Medium,40.54,7,0.0,0.0,3,1,0
CA-2018-121664,HP-14815,2018-05-06,US,West,United States,Home Office,Medium,140.736,8,0.2,0.2,1,1,0
US-2018-154879,SN-20710,2018-05-06,US,West,United States,Home Office,Medium,113.72,8,0.0,0.0,2,1,0
CA-2018-166086,CT-11995,2018-05-07,US,East,United States,Consumer,Medium,1091.35,12,0.075,0.3,4,2,0
CA-2018-116666,KT-16480,2018-05-08,US,East,United States,Consumer,Medium,1799.9699999999998,5,0.4,0.4,1,1,0
CA-2018-158771,SB-20290,2018-05-09,US,South,United States,Corporate,Medium,158.71,18,0.0,0.0,4,1,0
US-2018-102071,PG-18820,2018-05-09,US,West,United States,Consumer,Medium,235.77,7,0.0,0.0,2,1,0
CA-2018-103310,GM-14680,2018-05-10,US,West,United States,Consumer,Medium,1769.7840000000003,14,0.1,0.2,4,3,0
CA-2018-114181,AF-10885,2018-05-10,US,East,United States,Consumer,Medium,372.285,12,0.35,0.5,2,2,0
CA-2018-159709,AI-10855,2018-05-10,US,West,United States,Consumer,Medium,201.73,8,0.1,0.2,2,2,0
CA-2018-103849,PG-18895,2018-05-11,US,Central,United States,Consumer,Medium,225.016,7,0.3333333333333333,0.6,3,2,0
CA-2018-119172,HD-14785,2018-05-11,US,Central,United States,Home Office,Medium,122.052,12,0.5,0.8,2,1,0
CA-2018-127523,BG-11695,2018-05-11,US,East,United States,Corporate,Medium,35.910000000000004,3,0.0,0.0,1,1,0
CA-2018-139017,RM-19375,2018-05-11,US,Central,United States,Consumer,Medium,46.864,2,0.2,0.2,1,1,0
CA-2018-152100,VW-21775,2018-05-11,US,Central,United States,Corporate,Medium,1212.9599999999998,8,0.3,0.3,1,1,0
CA-2018-127159,HL-15040,2018-05-12,US,Central,United States,Consumer,Medium,34.79,7,0.0,0.0,1,1,0
CA-2018-155887,KT-16480,2018-05-12,US,East,United States,Consumer,Medium,700.056,3,0.3,0.3,1,1,0
CA-2018-113768,AH-10030,2018-05-13,US,West,United States,Corporate,Medium,287.456,8,0.1,0.2,2,2,0
CA-2018-114433,NP-18325,2018-05-13,US,West,United States,Consumer,Medium,149.97,3,0.0,0.0,1,1,0
CA-2018-140165,EH-14005,2018-05-13,US,South,United States,Home Office,Medium,405.456,10,0.4499999999999999,0.7,2,1,0
CA-2018-167164,AG-10270,2018-05-13,US,West,United States,Consumer,Medium,55.5,2,0.0,0.0,1,1,0
CA-2018-106810,AJ-10795,2018-05-14,US,South,United States,Corporate,Medium,310.88000000000005,2,0.2,0.2,1,1,0
CA-2018-125150,PW-19030,2018-05-16,US,West,United States,Corporate,Medium,232.88,5,0.2,0.2,1,1,0
US-2018-163146,CC-12475,2018-05-16,US,West,United States,Consumer,Medium,56.400000000000006,3,0.0,0.0,1,1,0
CA-2018-148761,PA-19060,2018-05-17,US,Central,United States,Home Office,Medium,91.68,3,0.0,0.0,1,1,0
CA-2018-103373,BS-11755,2018-05-18,US,East,United States,Consumer,Medium,779.796,2,0.4,0.4,1,1,1
CA-2018-133963,GA-14515,2018-05-18,US,Central,United States,Consumer,Medium,3.984,1,0.2,0.2,1,1,0
CA-2018-164224,TT-21070,2018-05-18,US,East,United States,Consumer,Medium,165.168,7,0.2,0.2,2,2,0
CA-2018-130155,TD-20995,2018-05-19,US,South,United States,Consumer,Medium,34.2,5,0.0,0.0,1,1,0
US-2018-107699,JH-15820,2018-05-19,US,Central,United States,Consumer,Medium,57.42,9,0.0,0.0,1,1,0
CA-2018-130673,MC-17590,2018-05-20,US,Central,United States,Corporate,Medium,108.444,12,0.3,0.6,4,3,0
US-2018-114188,RF-19345,2018-05-20,US,East,United States,Corporate,Medium,211.66000000000005,20,0.0,0.0,3,2,0
CA-2018-104780,BT-11530,2018-05-21,US,West,United States,Home Office,Medium,31.84,8,0.0,0.0,1,1,0
CA-2018-117639,MW-18235,2018-05-21,US,South,United States,Corporate,Medium,3333.9000000000005,10,0.0,0.0,2,2,0
CA-2018-127166,KH-16360,2018-05-21,US,Central,United States,Consumer,Medium,186.908,12,0.375,0.8,4,2,0
CA-2018-152443,FG-14260,2018-05-21,US,East,United States,Home Office,Medium,711.68,16,0.0,0.0,3,1,0
CA-2018-143840,EH-14185,2018-05-22,US,South,United States,Consumer,Medium,180.93,3,0.0,0.0,2,1,1
CA-2018-138513,EH-13990,2018-05-23,US,West,United States,Consumer,Medium,12.96,2,0.0,0.0,1,1,0
US-2018-105767,AR-10510,2018-05-23,US,East,United States,Consumer,Medium,79.638,13,0.4333333333333333,0.7,3,2,0
US-2018-135881,GT-14710,2018-05-23,US,East,United States,Consumer,Medium,231.16,8,0.0666666666666666,0.2,3,1,0
CA-2018-143413,RP-19390,2018-05-24,US,East,United States,Consumer,Medium,116.28,3,0.0,0.0,1,1,0
CA-2018-100391,BW-11065,2018-05-25,US,East,United States,Consumer,Medium,14.62,2,0.0,0.0,1,1,0
US-2018-130379,JL-15235,2018-05-25,US,Central,United States,Consumer,Medium,104.92,4,0.7,0.8,2,2,0
CA-2018-129574,Dp-13240,2018-05-26,US,West,United States,Home Office,Medium,48.4,5,0.0,0.0,1,1,0
CA-2018-144029,MM-18055,2018-05-26,US,Central,United States,Consumer,Medium,475.788,8,0.2333333333333333,0.3,3,2,0
CA-2018-156349,ML-17395,2018-05-26,US,West,United States,Corporate,Medium,576.234,6,0.1833333333333333,0.2,3,2,1
CA-2018-158029,HF-14995,2018-05-26,US,West,United States,Consumer,Medium,225.296,2,0.2,0.2,1,1,0
CA-2018-124429,MH-17785,2018-05-27,US,West,United States,Corporate,Medium,926.44,14,0.1,0.2,2,2,0
CA-2018-139192,LC-16885,2018-05-27,US,West,United States,Consumer,Medium,1213.494,13,0.1,0.2,2,1,0
US-2018-117058,LE-16810,2018-05-27,US,Central,United States,Consumer,Medium,17.459999999999997,6,0.8,0.8,1,1,0
CA-2018-108861,MM-17260,2018-05-28,US,West,United States,Consumer,Medium,136.96,4,0.2,0.2,1,1,1
CA-2018-135993,PJ-18835,2018-05-28,US,West,United States,Corporate,Medium,85.00800000000001,10,0.1,0.2,2,1,0
CA-2018-103429,LW-16825,2018-05-30,US,East,United States,Corporate,Medium,765.494,14,0.05,0.2,4,2,0
CA-2018-105872,JG-15160,2018-05-30,US,East,United States,Consumer,Medium,70.368,4,0.2,0.2,1,1,0
CA-2018-140473,MC-17425,2018-05-30,US,Central,United States,Corporate,Medium,719.9760000000001,3,0.2,0.2,1,1,0
CA-2018-145800,SS-20410,2018-05-30,US,Central,United States,Consumer,Medium,355.455,3,0.5,0.5,1,1,0
CA-2018-146885,EB-13840,2018-05-30,US,South,United States,Corporate,Medium,13.62,3,0.0,0.0,1,1,0
CA-2018-166051,JK-15625,2018-05-31,US,South,United States,Consumer,Medium,773.7,6,0.0,0.0,2,1,0
CA-2018-111003,CR-12625,2018-06-01,US,East,United States,Home Office,Medium,334.68000000000006,9,0.0,0.0,2,1,0
CA-2018-131926,DW-13480,2018-06-01,US,Central,United States,Home Office,Medium,3745.63,24,0.0,0.0,5,2,0
US-2018-157070,QJ-19255,2018-06-01,US,Central,United States,Corporate,Medium,204.08,9,0.05,0.1,2,1,0
US-2018-165659,LT-17110,2018-06-01,US,South,United States,Consumer,Medium,904.13,13,0.0,0.0,2,2,0
CA-2018-100895,SV-20785,2018-06-02,US,South,United States,Consumer,Medium,605.4699999999999,7,0.0,0.0,3,2,0
CA-2018-104472,CK-12325,2018-06-02,US,West,United States,Home Office,Medium,133.128,9,0.1,0.2,2,2,0
CA-2018-135657,SC-20725,2018-06-03,US,West,United States,Consumer,Medium,515.88,6,0.0,0.0,1,1,1
CA-2018-141299,RB-19795,2018-06-03,US,Central,United States,Home Office,Medium,15.28,2,0.0,0.0,1,1,0
CA-2018-163867,RE-19450,2018-06-03,US,Central,United States,Consumer,Medium,210.176,14,0.3333333333333333,0.6,3,2,0
CA-2018-147914,MP-17470,2018-06-04,US,East,United States,Home Office,Medium,16.224,2,0.2,0.2,1,1,0
CA-2018-151946,BT-11440,2018-06-04,US,East,United States,Consumer,Medium,440.048,10,0.05,0.2,4,2,0
CA-2018-133270,BM-11785,2018-06-06,US,East,United States,Consumer,Medium,13.36,2,0.0,0.0,1,1,0
CA-2018-151897,VT-21700,2018-06-06,US,Central,United States,Home Office,Medium,100.24,10,0.2,0.2,1,1,0
CA-2018-159520,GT-14635,2018-06-06,US,East,United States,Corporate,Medium,1158.448,14,0.2,0.4,3,2,0
CA-2018-169257,SV-20785,2018-06-06,US,South,United States,Consumer,Medium,63.381,3,0.4499999999999999,0.7,2,1,0
US-2018-161305,SB-20170,2018-06-06,US,Central,United States,Consumer,Medium,38.572,5,0.5,0.8,2,1,0
CA-2018-106229,NR-18550,2018-06-07,US,Central,United States,Consumer,Medium,268.935,3,0.5,0.5,1,1,0
US-2018-134971,BP-11095,2018-06-07,US,Central,United States,Corporate,Medium,12.461999999999996,3,0.8,0.8,1,1,0
CA-2018-108147,RD-19480,2018-06-08,US,East,United States,Consumer,Medium,1745.36,8,0.1,0.2,2,1,0
US-2018-109162,KE-16420,2018-06-08,US,South,United States,Corporate,Medium,170.35200000000003,3,0.2,0.2,1,1,0
US-2018-141257,CS-11950,2018-06-08,US,West,United States,Consumer,Medium,585.552,3,0.2,0.2,1,1,0
CA-2018-115812,BH-11710,2018-06-09,US,West,United States,Consumer,Medium,3714.304,38,0.1142857142857143,0.2,7,3,0
CA-2018-132612,FO-14305,2018-06-09,US,South,United States,Consumer,Medium,1441.3,7,0.0,0.0,1,1,0
CA-2018-133753,CW-11905,2018-06-09,US,Central,United States,Home Office,Medium,142.344,5,0.2,0.2,3,2,0
CA-2018-133851,CM-12445,2018-06-09,US,West,United States,Consumer,Medium,30.46,4,0.0,0.0,2,1,0
CA-2018-160262,TS-21205,2018-06-09,US,West,United States,Corporate,Medium,134.6,12,0.0,0.0,3,2,0
CA-2018-144281,HK-14890,2018-06-10,US,Central,United States,Corporate,Medium,491.55,5,0.0,0.0,1,1,0
CA-2018-114643,FM-14215,2018-06-13,US,West,United States,Corporate,Medium,14.52,3,0.0,0.0,1,1,0
CA-2018-140487,SR-20425,2018-06-14,US,Central,United States,Home Office,Medium,212.94,3,0.0,0.0,1,1,0
CA-2018-126963,PS-18760,2018-06-15,US,Central,United States,Consumer,Medium,36.544,2,0.2,0.2,1,1,0
US-2018-141215,KL-16555,2018-06-15,US,Central,United States,Corporate,Medium,906.43,9,0.4666666666666666,0.8,3,2,0
CA-2018-113929,CK-12205,2018-06-16,US,East,United States,Consumer,Medium,115.952,12,0.0666666666666666,0.2,3,1,0
CA-2018-136644,SC-20575,2018-06-16,US,Central,United States,Consumer,Medium,647.84,8,0.0,0.0,1,1,0
CA-2018-104402,DB-13660,2018-06-17,US,East,United States,Consumer,Medium,65.97,3,0.0,0.0,1,1,0
CA-2018-144414,GH-14425,2018-06-17,US,West,United States,Consumer,Medium,3290.516,11,0.0666666666666666,0.2,3,2,0
CA-2018-156342,JF-15415,2018-06-17,US,Central,United States,Consumer,Medium,62.016,2,0.2,0.2,1,1,0
CA-2018-123855,MC-18100,2018-06-18,US,West,United States,Consumer,Medium,139.8,5,0.2,0.2,1,1,0
CA-2018-166863,SC-20020,2018-06-20,US,Central,United States,Consumer,Medium,1353.5296,24,0.3314285714285714,0.8,7,3,0
US-2018-112949,Co-12640,2018-06-20,US,Central,United States,Consumer,Medium,475.42,8,0.0,0.0,2,1,0
CA-2018-128146,DB-13060,2018-06-21,US,East,United States,Consumer,Medium,1326.69,9,0.0,0.0,2,2,0
CA-2018-130624,TB-21280,2018-06-21,US,East,United States,Consumer,Medium,697.32,9,0.0,0.0,3,2,0
CA-2018-138317,NW-18400,2018-06-21,US,East,United States,Consumer,Medium,385.2610000000001,16,0.3666666666666667,0.7,6,3,0
CA-2018-141278,RM-19375,2018-06-21,US,East,United States,Consumer,Medium,21.4,5,0.0,0.0,1,1,0
CA-2018-141796,JG-15160,2018-06-21,US,East,United States,Consumer,Medium,1214.85,3,0.0,0.0,1,1,0
US-2018-117135,NP-18325,2018-06-21,US,South,United States,Consumer,Medium,425.67,5,0.0,0.0,3,3,0
US-2018-160780,SV-20785,2018-06-21,US,West,United States,Consumer,Medium,36.252,9,0.7,0.7,2,1,0
CA-2018-124646,DV-13465,2018-06-22,US,Central,United States,Consumer,Medium,663.75,6,0.0,0.0,2,1,0
CA-2018-133389,TB-21280,2018-06-22,US,West,United States,Consumer,Medium,8.226,3,0.7,0.7,1,1,0
CA-2018-142048,JE-15745,2018-06-22,US,West,United States,Consumer,Medium,196.752,6,0.2,0.2,1,1,0
CA-2018-154963,AA-10645,2018-06-22,US,East,United States,Consumer,Medium,1106.7699999999998,11,0.3333333333333333,0.4,3,2,0
CA-2018-126032,BS-11665,2018-06-23,US,East,United States,Consumer,Medium,86.376,3,0.2,0.2,1,1,0
US-2018-130358,DL-13330,2018-06-23,US,South,United States,Consumer,Medium,23.12,10,0.2,0.2,2,1,0
CA-2018-159814,LP-17080,2018-06-24,US,West,United States,Consumer,Medium,4.272,2,0.2,0.2,1,1,0
CA-2018-159338,NS-18640,2018-06-25,US,West,United States,Corporate,Medium,447.84,5,0.2,0.2,1,1,1
CA-2018-164469,GK-14620,2018-06-25,US,West,United States,Corporate,Medium,344.92,17,0.2,0.2,3,2,0
CA-2018-104283,LM-17065,2018-06-27,US,South,United States,Consumer,Medium,616.14,10,0.0,0.0,3,3,0
CA-2018-140858,CA-12775,2018-06-28,US,East,United States,Consumer,Medium,1639.711,23,0.42,0.7,5,2,0
CA-2018-156993,RW-19630,2018-06-28,US,Central,United States,Corporate,Medium,6.08,1,0.0,0.0,1,1,0
CA-2018-111773,JK-15625,2018-06-29,US,East,United States,Consumer,Medium,13.919999999999998,3,0.2,0.2,1,1,0
CA-2018-165974,DL-12865,2018-06-29,US,East,United States,Consumer,Medium,32.76,7,0.2,0.2,1,1,0
CA-2018-109218,AR-10825,2018-06-30,US,West,United States,Corporate,Medium,32.400000000000006,5,0.0,0.0,1,1,0
CA-2018-116757,MS-17980,2018-06-30,US,Central,United States,Corporate,Medium,47.23200000000001,11,0.2,0.2,2,1,0
CA-2018-123064,RA-19915,2018-06-30,US,Central,United States,Consumer,Medium,5.248,4,0.2,0.2,1,1,0
CA-2018-146640,HA-14905,2018-06-30,US,East,United States,Consumer,Medium,334.76800000000003,7,0.2,0.2,1,1,0
CA-2018-152254,BD-11620,2018-06-30,US,South,United States,Consumer,Medium,310.688,7,0.2,0.2,1,1,0
US-2018-121566,CS-11860,2018-06-30,US,East,United States,Consumer,Medium,9.288,4,0.1,0.2,2,1,0
CA-2018-153150,Dl-13600,2018-07-01,US,West,United States,Corporate,Medium,19.92,5,0.2,0.2,1,1,1
CA-2018-160773,LW-16825,2018-07-01,US,South,United States,Corporate,Medium,581.1039999999999,8,0.4499999999999999,0.7,2,2,1
CA-2018-107594,EH-13945,2018-07-02,US,East,United States,Consumer,Medium,79.56,3,0.0,0.0,2,2,0
CA-2018-120096,KE-16420,2018-07-04,US,West,United States,Corporate,Medium,209.968,6,0.2,0.2,2,1,0
CA-2018-138709,MS-17770,2018-07-04,US,South,United States,Consumer,Medium,37.44,8,0.0,0.0,2,1,0
CA-2018-103317,DM-13525,2018-07-05,US,South,United States,Corporate,Medium,242.546,10,0.3666666666666667,0.7,3,2,0
CA-2018-107139,DP-13390,2018-07-05,US,West,United States,Home Office,Medium,180.96000000000004,6,0.2,0.2,1,1,0
CA-2018-152849,DW-13195,2018-07-05,US,South,United States,Corporate,Medium,4.368,3,0.2,0.2,1,1,0
CA-2018-157784,MC-17845,2018-07-05,US,South,United States,Consumer,Medium,514.03,8,0.0,0.0,3,2,0
US-2018-160444,DC-12850,2018-07-05,US,Central,United States,Consumer,Medium,502.2000000000001,14,0.2,0.2,2,1,0
CA-2018-134278,EP-13915,2018-07-06,US,East,United States,Consumer,Medium,559.9920000000001,1,0.2,0.2,1,1,0
CA-2018-147543,BC-11125,2018-07-06,US,West,United States,Home Office,Medium,478.48,2,0.2,0.2,1,1,0
US-2018-138758,JL-15835,2018-07-07,US,East,United States,Consumer,Medium,241.194,4,0.25,0.3,2,1,1
CA-2018-100090,EB-13705,2018-07-08,US,West,United States,Corporate,Medium,699.192,9,0.2,0.2,2,2,0
CA-2018-150301,MH-18025,2018-07-08,US,East,United States,Consumer,Medium,63.882000000000005,1,0.1,0.1,1,1,0
CA-2018-113271,DS-13030,2018-07-09,US,West,United States,Home Office,Medium,172.09699999999998,14,0.0875,0.2,4,2,0
CA-2018-114125,GH-14410,2018-07-09,US,West,United States,Home Office,Medium,68.70400000000001,11,0.0666666666666666,0.2,3,1,0
CA-2018-165379,BM-11650,2018-07-09,US,Central,United States,Corporate,Medium,24.72000000000001,5,0.2,0.2,2,1,0
CA-2018-123225,MN-17935,2018-07-11,US,Central,United States,Consumer,Medium,586.3360000000001,6,0.2,0.2,2,2,1
CA-2018-133305,MH-17455,2018-07-11,US,East,United States,Consumer,Medium,67.4,9,0.1,0.2,2,1,0
CA-2018-163552,LA-16780,2018-07-11,US,East,United States,Corporate,Medium,1368.62,25,0.0,0.0,5,3,0
CA-2018-166555,JK-15205,2018-07-11,US,East,United States,Consumer,Medium,164.85000000000002,3,0.0,0.0,1,1,0
CA-2018-110184,BF-11170,2018-07-12,US,West,United States,Home Office,Medium,505.686,17,0.1,0.2,2,2,0
CA-2018-124807,ME-17725,2018-07-12,US,Central,United States,Consumer,Medium,59.696000000000005,13,0.2,0.2,2,2,0
CA-2018-129924,AC-10420,2018-07-12,US,West,United States,Corporate,Medium,706.0640000000001,5,0.2,0.2,2,2,0
CA-2018-131310,CL-12565,2018-07-12,US,West,United States,Consumer,Medium,134.4,8,0.2,0.2,2,2,0
CA-2018-161508,PV-18985,2018-07-12,US,Central,United States,Home Office,Medium,554.1659999999999,15,0.225,0.3,4,2,0
US-2018-165862,GK-14620,2018-07-13,US,West,United States,Corporate,Medium,351.216,3,0.2,0.2,1,1,0
CA-2018-109904,BF-10975,2018-07-14,US,East,United States,Corporate,Medium,17.94,3,0.0,0.0,1,1,0
CA-2018-124464,SS-20515,2018-07-14,US,East,United States,Home Office,Medium,39.48,1,0.0,0.0,1,1,0
CA-2018-164182,ST-20530,2018-07-14,US,East,United States,Consumer,Medium,111.05,7,0.3,0.4,4,3,0
US-2018-103905,AW-10930,2018-07-14,US,Central,United States,Home Office,Medium,68.204,11,0.5,0.8,2,2,0
US-2018-150532,PB-19150,2018-07-14,US,West,United States,Consumer,Medium,55.92,5,0.2,0.2,1,1,0
CA-2018-115980,VW-21775,2018-07-15,US,Central,United States,Corporate,Medium,9.510000000000002,6,0.0,0.0,2,2,0
CA-2018-123295,AH-10120,2018-07-18,US,West,United States,Home Office,Medium,259.136,4,0.2,0.2,1,1,0
CA-2018-138198,JL-15130,2018-07-18,US,East,United States,Consumer,Medium,13.904,2,0.2,0.2,1,1,0
CA-2018-168158,EM-14140,2018-07-19,US,West,United States,Home Office,Medium,6.096,2,0.2,0.2,1,1,0
US-2018-150434,CA-12310,2018-07-19,US,East,United States,Corporate,Medium,455.23,6,0.075,0.3,4,3,0
CA-2018-127866,JD-15895,2018-07-20,US,West,United States,Corporate,Medium,602.43,11,0.0,0.0,4,2,0
CA-2018-141726,CC-12145,2018-07-20,US,West,United States,Consumer,Medium,176.494,10,0.05,0.2,4,2,1
CA-2018-142965,SW-20245,2018-07-20,US,East,United States,Consumer,Medium,53.344,4,0.4499999999999999,0.7,2,1,0
CA-2018-143903,KM-16375,2018-07-20,US,Central,United States,Home Office,Medium,1340.976,10,0.3666666666666667,0.6,3,2,0
CA-2018-157546,RD-19720,2018-07-20,US,West,United States,Consumer,Medium,112.54200000000002,9,0.1,0.2,2,1,0
CA-2018-109890,PG-18820,2018-07-21,US,Central,United States,Consumer,Medium,35.98,2,0.0,0.0,1,1,0
CA-2018-116932,ME-18010,2018-07-21,US,West,United States,Corporate,Medium,1173.6160000000002,8,0.1333333333333333,0.2,3,2,0
CA-2018-129189,HM-14860,2018-07-21,US,Central,United States,Corporate,Medium,751.886,14,0.525,0.8,4,2,0
CA-2018-117464,NP-18325,2018-07-22,US,West,United States,Consumer,Medium,1136.092,20,0.1,0.2,4,2,0
CA-2018-122679,AB-10255,2018-07-22,US,West,United States,Home Office,Medium,19.68,6,0.0,0.0,1,1,0
CA-2018-127691,EM-14065,2018-07-22,US,East,United States,Consumer,Medium,165.94,4,0.0,0.0,2,2,0
US-2018-164644,JL-15850,2018-07-22,US,Central,United States,Consumer,Medium,26.632,1,0.2,0.2,1,1,0
CA-2018-103058,AG-10270,2018-07-23,US,East,United States,Consumer,Medium,99.98,2,0.0,0.0,1,1,0
CA-2018-145254,NC-18535,2018-07-23,US,West,United States,Corporate,Medium,992.828,17,0.1,0.2,4,2,0
US-2018-119137,AG-10900,2018-07-23,US,West,United States,Consumer,Medium,1520.3760000000002,24,0.325,0.7,4,2,0
CA-2018-143917,KL-16645,2018-07-25,US,West,United States,Consumer,Medium,8319.289999999999,17,0.0,0.0,3,2,0
CA-2018-146528,VF-21715,2018-07-25,US,West,United States,Home Office,Medium,22.0,5,0.0,0.0,2,1,0
CA-2018-116190,SG-20470,2018-07-26,US,South,United States,Consumer,Medium,256.48,18,0.0,0.0,3,2,0
CA-2018-126760,KM-16720,2018-07-26,US,West,United States,Consumer,Medium,1891.316,17,0.1,0.2,4,2,0
CA-2018-159121,JO-15145,2018-07-26,US,West,United States,Corporate,Medium,111.93,7,0.0,0.0,1,1,0
CA-2018-169019,LF-17185,2018-07-26,US,Central,United States,Consumer,Medium,2656.7159999999994,31,0.6666666666666666,0.8,6,3,1
US-2018-155894,CL-11890,2018-07-26,US,Central,United States,Consumer,Medium,123.552,3,0.2,0.2,1,1,0
CA-2018-124709,GW-14605,2018-07-27,US,West,United States,Consumer,Medium,238.0,2,0.0,0.0,1,1,0
CA-2018-169642,BB-10990,2018-07-27,US,West,United States,Corporate,Medium,276.28,2,0.0,0.0,1,1,0
US-2018-150126,AS-10045,2018-07-27,US,East,United States,Corporate,Medium,65.78,11,0.0,0.0,1,1,0
CA-2018-131541,CK-12205,2018-07-28,US,South,United States,Consumer,Medium,193.152,18,0.2,0.2,3,2,0
CA-2018-111192,TS-21430,2018-07-30,US,West,United States,Corporate,Medium,1367.84,8,0.0,0.0,1,1,0
CA-2018-117345,BF-10975,2018-08-01,US,South,United States,Corporate,Medium,202.896,10,0.2,0.2,4,2,0
CA-2018-152296,IL-15100,2018-08-01,US,West,United States,Consumer,Medium,19.752,3,0.2,0.2,1,1,0
CA-2018-162684,AS-10630,2018-08-01,US,East,United States,Home Office,Medium,5.68,2,0.2,0.2,1,1,0
US-2018-106299,NZ-18565,2018-08-02,US,Central,United States,Home Office,Medium,886.28,9,0.0,0.0,3,2,0
CA-2018-125612,BK-11260,2018-08-03,US,East,United States,Consumer,Medium,163.62,14,0.0,0.0,3,1,0
CA-2018-128986,GH-14410,2018-08-03,US,West,United States,Home Office,Medium,93.024,3,0.2,0.2,1,1,0
CA-2018-133690,BS-11755,2018-08-03,US,West,United States,Consumer,Medium,221.35,3,0.35,0.5,2,2,1
CA-2018-126361,VD-21670,2018-08-04,US,West,United States,Consumer,Medium,2126.034,27,0.0666666666666666,0.2,6,2,1
CA-2018-134215,ML-17395,2018-08-04,US,East,United States,Corporate,Medium,617.12,24,0.0,0.0,3,2,0
CA-2018-110065,SP-20650,2018-08-05,US,East,United States,Corporate,Medium,151.95000000000002,8,0.0,0.0,2,2,0
CA-2018-118962,CS-12130,2018-08-05,US,West,United States,Consumer,Medium,472.044,12,0.0666666666666666,0.2,3,2,0
CA-2018-124723,GZ-14470,2018-08-05,US,Central,United States,Consumer,Medium,489.23,2,0.3,0.3,1,1,0
CA-2018-150490,SS-20590,2018-08-05,US,West,United States,Consumer,Medium,78.11999999999999,5,0.0,0.0,3,2,0
US-2018-117968,RS-19420,2018-08-05,US,East,United States,Corporate,Medium,1217.38,10,0.0,0.0,3,2,0
CA-2018-115357,RF-19735,2018-08-06,US,South,United States,Consumer,Medium,62.91,3,0.0,0.0,1,1,0
CA-2018-137575,TB-21625,2018-08-06,US,East,United States,Consumer,Medium,199.98,2,0.0,0.0,1,1,0
CA-2018-124478,MA-17560,2018-08-08,US,Central,United States,Home Office,Medium,1109.725,15,0.02,0.1,5,3,0
CA-2018-131450,LR-16915,2018-08-08,US,West,United States,Consumer,Medium,2049.8160000000003,18,0.1,0.2,4,3,0
CA-2018-151708,MB-17305,2018-08-08,US,West,United States,Consumer,Medium,217.35200000000003,7,0.2,0.2,2,2,0
CA-2018-154669,TM-21010,2018-08-08,US,West,United States,Consumer,Medium,423.28,11,0.0,0.0,1,1,0
CA-2018-156790,VG-21790,2018-08-08,US,South,United States,Consumer,Medium,155.45600000000002,4,0.2,0.2,1,1,0
CA-2018-110527,ED-13885,2018-08-09,US,West,United States,Home Office,Medium,20.88,8,0.0,0.0,1,1,0
CA-2018-141901,GM-14500,2018-08-09,US,West,United States,Consumer,Medium,5.98,1,0.0,0.0,1,1,0
CA-2018-161249,RD-19720,2018-08-09,US,West,United States,Consumer,Medium,13.809000000000005,8,0.4499999999999999,0.7,2,1,0
CA-2018-166471,MG-17650,2018-08-09,US,West,United States,Home Office,Medium,1310.3360000000002,6,0.2,0.2,2,1,0
CA-2018-167850,AG-10525,2018-08-09,US,South,United States,Corporate,Medium,193.936,5,0.2,0.2,2,2,0
CA-2018-169726,JH-15985,2018-08-09,US,West,United States,Consumer,Medium,2060.744,7,0.2,0.2,1,1,0
CA-2018-127012,GM-14680,2018-08-11,US,West,United States,Consumer,Medium,76.28,4,0.0,0.0,3,2,1
CA-2018-154641,KL-16645,2018-08-11,US,East,United States,Consumer,Medium,375.34,1,0.0,0.0,1,1,0
CA-2018-109302,CS-12175,2018-08-12,US,East,United States,Corporate,Medium,196.21,7,0.0,0.0,1,1,0
CA-2018-109897,BW-11200,2018-08-12,US,West,United States,Consumer,Medium,891.7760000000001,11,0.1,0.2,2,2,0
CA-2018-153927,LL-16840,2018-08-12,US,South,United States,Consumer,Medium,286.65000000000003,16,0.0,0.0,2,2,0
CA-2018-156244,DH-13675,2018-08-12,US,South,United States,Home Office,Medium,457.744,27,0.2,0.2,6,2,0
CA-2018-109043,CS-12355,2018-08-15,US,South,United States,Consumer,Medium,243.6,10,0.2,0.2,2,1,0
CA-2018-138023,KH-16510,2018-08-15,US,Central,United States,Consumer,Medium,30.959999999999997,8,0.8,0.8,1,1,0
CA-2018-141005,CS-12355,2018-08-15,US,East,United States,Consumer,Medium,62.94,3,0.0,0.0,1,1,0
US-2018-164406,BD-11605,2018-08-15,US,West,United States,Consumer,Medium,505.282,17,0.12,0.2,5,2,1
CA-2018-142839,TS-21610,2018-08-16,US,East,United States,Consumer,Medium,853.0919999999999,6,0.4,0.4,1,1,0
CA-2018-111500,DJ-13510,2018-08-17,US,South,United States,Corporate,Medium,484.79,20,0.0,0.0,4,2,0
CA-2018-129168,KB-16585,2018-08-17,US,Central,United States,Corporate,Medium,15.552000000000003,3,0.2,0.2,1,1,0
CA-2018-121727,JK-15625,2018-08-19,US,East,United States,Consumer,Medium,10.72,2,0.2,0.2,1,1,0
CA-2018-133158,DW-13195,2018-08-19,US,West,United States,Corporate,Medium,358.696,9,0.1,0.2,2,2,0
US-2018-143581,BS-11365,2018-08-19,US,South,United States,Corporate,Medium,344.91,3,0.0,0.0,1,1,0
US-2018-156559,LH-16900,2018-08-19,US,South,United States,Consumer,Medium,638.82,9,0.0,0.0,1,1,0
US-2018-164616,MS-17770,2018-08-19,US,East,United States,Consumer,Medium,85.96000000000001,6,0.4499999999999999,0.7,2,1,0
CA-2018-114321,NC-18535,2018-08-20,US,South,United States,Corporate,Medium,1417.35,16,0.0,0.0,3,2,0
CA-2018-166716,CR-12730,2018-08-20,US,Central,United States,Consumer,Medium,421.372,2,0.3,0.3,1,1,0
CA-2018-123253,DE-13255,2018-08-22,US,East,United States,Home Office,Medium,3.912,1,0.2,0.2,1,1,1
CA-2018-130918,JP-15520,2018-08-22,US,South,United States,Consumer,Medium,7.6320000000000014,3,0.2,0.2,1,1,0
US-2018-166828,JF-15415,2018-08-22,US,Central,United States,Consumer,Medium,11.56,2,0.0,0.0,1,1,0
CA-2018-110639,RH-19495,2018-08-23,US,East,United States,Consumer,Medium,71.84,8,0.0,0.0,2,1,0
CA-2018-124737,AP-10915,2018-08-23,US,West,United States,Consumer,Medium,424.376,31,0.2,0.2,6,3,0
CA-2018-154837,RB-19645,2018-08-23,US,West,United States,Corporate,Medium,49.568000000000005,2,0.2,0.2,1,1,0
US-2018-112795,CR-12625,2018-08-23,US,Central,United States,Home Office,Medium,19.44,3,0.0,0.0,1,1,0
CA-2018-106719,RB-19645,2018-08-24,US,West,United States,Corporate,Medium,8.288,2,0.2,0.2,1,1,0
CA-2018-107916,JP-15460,2018-08-24,US,East,United States,Corporate,Medium,25.952,5,0.1,0.2,2,2,0
CA-2018-120432,DW-13585,2018-08-24,US,South,United States,Corporate,Medium,25.5,3,0.0,0.0,1,1,0
CA-2018-103660,MW-18220,2018-08-25,US,West,United States,Consumer,Medium,1007.9440000000002,7,0.2,0.2,1,1,0
CA-2018-104178,JM-15265,2018-08-25,US,West,United States,Corporate,Medium,176.14,14,0.0,0.0,4,3,0
CA-2018-107398,BS-11590,2018-08-25,US,East,United States,Corporate,Medium,30.246,15,0.6999999999999998,0.7,3,1,0
CA-2018-115259,RC-19960,2018-08-25,US,East,United States,Consumer,Medium,199.256,25,0.2,0.2,4,1,0
CA-2018-126200,JE-15715,2018-08-25,US,Central,United States,Consumer,Medium,38.06399999999999,6,0.8,0.8,2,1,0
CA-2018-103331,KB-16315,2018-08-26,US,East,United States,Consumer,Medium,31.4,8,0.0,0.0,3,2,0
CA-2018-123260,FM-14290,2018-08-26,US,West,United States,Home Office,Medium,176.8,8,0.0,0.0,1,1,0
US-2018-115413,PP-18955,2018-08-26,US,East,United States,Home Office,Medium,158.61,6,0.0,0.0,2,2,0
CA-2018-101266,MM-17920,2018-08-27,US,South,United States,Consumer,Medium,13.36,2,0.0,0.0,1,1,0
CA-2018-124688,CC-12610,2018-08-27,US,South,United States,Corporate,Medium,1812.01,12,0.0,0.0,3,2,1
CA-2018-143336,ZD-21925,2018-08-27,US,West,United States,Consumer,Medium,244.76,9,0.1333333333333333,0.2,3,2,1
CA-2018-135699,HH-15010,2018-08-29,US,West,United States,Corporate,Medium,123.28,4,0.0,0.0,2,1,1
CA-2018-169775,RA-19945,2018-08-29,US,South,United States,Consumer,Medium,709.0425000000001,9,0.45,0.7,3,2,0
CA-2018-146500,AT-10735,2018-08-30,US,East,United States,Consumer,Medium,121.24,8,0.0,0.0,2,1,0
CA-2018-143385,SJ-20500,2018-08-31,US,West,United States,Consumer,Medium,92.52,9,0.0,0.0,1,1,0
CA-2018-109855,LH-16900,2018-09-01,US,East,United States,Consumer,Medium,380.744,5,0.1,0.2,2,2,0
CA-2018-126522,LT-16765,2018-09-01,US,West,United States,Consumer,Medium,53.94,3,0.0,0.0,1,1,1
CA-2018-165428,JL-15130,2018-09-01,US,Central,United States,Consumer,Medium,34.752,9,0.5,0.8,2,1,0
CA-2018-106971,BM-11785,2018-09-02,US,Central,United States,Consumer,Medium,475.944,7,0.2,0.2,1,1,0
CA-2018-127936,CL-12565,2018-09-02,US,East,United States,Consumer,Medium,21.24,3,0.0,0.0,1,1,0
CA-2018-151792,CV-12295,2018-09-02,US,Central,United States,Consumer,Medium,239.976,3,0.2,0.2,1,1,0
CA-2018-152268,SC-20095,2018-09-02,US,South,United States,Consumer,Medium,1793.98,2,0.0,0.0,1,1,0
CA-2018-157721,JM-16195,2018-09-02,US,East,United States,Consumer,Medium,90.61,2,0.0,0.0,2,2,0
CA-2018-158281,AG-10525,2018-09-02,US,Central,United States,Corporate,Medium,559.71,3,0.4,0.4,1,1,0
US-2018-138828,KD-16345,2018-09-02,US,East,United States,Consumer,Medium,72.69,8,0.0,0.0,2,1,0
CA-2018-125171,AG-10390,2018-09-03,US,East,United States,Consumer,Medium,14.4,5,0.0,0.0,1,1,0
US-2018-120236,MR-17545,2018-09-03,US,Central,United States,Home Office,Medium,7.679999999999998,5,0.8,0.8,1,1,0
CA-2018-106572,NP-18700,2018-09-05,US,East,United States,Consumer,Medium,264.32,2,0.2,0.2,1,1,0
CA-2018-136861,PR-18880,2018-09-05,US,South,United States,Consumer,Medium,31.984,2,0.2,0.2,1,1,0
CA-2018-130449,VP-21760,2018-09-06,US,West,United States,Corporate,Medium,100.36,14,0.0,0.0,2,2,0
CA-2018-100006,DK-13375,2018-09-07,US,East,United States,Consumer,Medium,377.97,3,0.0,0.0,1,1,0
CA-2018-105165,SZ-20035,2018-09-07,US,Central,United States,Home Office,Medium,469.043,13,0.34,0.8,5,3,0
CA-2018-109918,LR-17035,2018-09-07,US,West,United States,Corporate,Medium,131.84,11,0.0666666666666666,0.2,3,1,1
CA-2018-117765,RB-19465,2018-09-07,US,Central,United States,Home Office,Medium,643.7800000000001,11,0.0,0.0,4,2,0
CA-2018-122882,SB-20290,2018-09-07,US,East,United States,Corporate,Medium,539.0740000000001,10,0.375,0.7,4,3,0
CA-2018-126193,SS-20410,2018-09-07,US,Central,United States,Consumer,Medium,321.97799999999995,13,0.6,0.8,3,1,0
CA-2018-131002,TB-21400,2018-09-07,US,Central,United States,Consumer,Medium,1040.1899999999998,17,0.0,0.0,5,3,0
CA-2018-107818,MC-17275,2018-09-08,US,West,United States,Consumer,Medium,1771.52,21,0.05,0.2,4,2,0
CA-2018-123127,SP-20620,2018-09-08,US,East,United States,Corporate,Medium,16.78,2,0.0,0.0,1,1,0
CA-2018-128839,TT-21070,2018-09-08,US,South,United States,Consumer,Medium,254.97,12,0.0,0.0,2,2,0
CA-2018-132500,GZ-14470,2018-09-08,US,West,United States,Consumer,Medium,49.98,2,0.0,0.0,1,1,0
CA-2018-139892,BM-11140,2018-09-08,US,Central,United States,Consumer,Medium,10539.896,37,0.3285714285714286,0.8,7,3,0
CA-2018-140032,TS-21340,2018-09-08,US,West,United States,Consumer,Medium,8.608,2,0.2,0.2,1,1,0
CA-2018-146283,KT-16465,2018-09-08,US,Central,United States,Consumer,Medium,1166.716,13,0.2333333333333333,0.3,3,2,0
CA-2018-146815,PP-18955,2018-09-08,US,East,United States,Home Office,Medium,176.28400000000002,4,0.05,0.1,2,2,0
CA-2018-163293,KC-16255,2018-09-08,US,South,United States,Corporate,Medium,116.85,7,0.0,0.0,2,1,0
CA-2018-168592,DP-13390,2018-09-08,US,West,United States,Home Office,Medium,75.64,8,0.0,0.0,3,1,0
US-2018-115987,LH-17020,2018-09-08,US,Central,United States,Consumer,Medium,51.18399999999998,4,0.8,0.8,1,1,0
CA-2018-102869,LC-17140,2018-09-09,US,East,United States,Consumer,Medium,233.244,13,0.25,0.4,4,3,0
CA-2018-103527,CC-12220,2018-09-09,US,Central,United States,Consumer,Medium,10.896,3,0.2,0.2,1,1,0
CA-2018-126403,RR-19525,2018-09-09,US,East,United States,Corporate,Medium,2304.37,16,0.0,0.0,4,2,1
CA-2018-144407,MS-17365,2018-09-09,US,Central,United States,Consumer,Medium,103.6,7,0.0,0.0,1,1,0
US-2018-115196,DL-12925,2018-09-09,US,South,United States,Consumer,Medium,1299.99,2,0.5,0.5,1,1,0
US-2018-131870,NF-18595,2018-09-09,US,East,United States,Home Office,Medium,91.488,15,0.2,0.2,2,2,0
CA-2018-113383,SF-20065,2018-09-10,US,East,United States,Consumer,Medium,336.82,9,0.0,0.0,2,2,0
CA-2018-125731,CL-12565,2018-09-10,US,West,United States,Consumer,Medium,1508.768,12,0.2,0.2,2,2,0
US-2018-138835,DA-13450,2018-09-10,US,South,United States,Home Office,Medium,9.64,2,0.0,0.0,1,1,0
CA-2018-112837,LW-17125,2018-09-11,US,West,United States,Consumer,Medium,127.95,3,0.0,0.0,1,1,0
CA-2018-101476,SD-20485,2018-09-12,US,East,United States,Home Office,Medium,69.99,1,0.0,0.0,1,1,0
CA-2018-103702,AF-10885,2018-09-12,US,East,United States,Consumer,Medium,63.92400000000001,7,0.7,0.7,1,1,0
CA-2018-116246,LW-17215,2018-09-12,US,East,United States,Consumer,Medium,3785.292,6,0.1,0.1,1,1,0
CA-2018-138527,BN-11470,2018-09-12,US,South,United States,Corporate,Medium,192.424,8,0.2,0.2,3,2,0
US-2018-119081,TA-21385,2018-09-12,US,Central,United States,Home Office,Medium,787.85,12,0.0,0.0,4,3,0
US-2018-150924,PT-19090,2018-09-12,US,Central,United States,Consumer,Medium,5.179999999999999,5,0.8,0.8,1,1,0
CA-2018-113859,BC-11125,2018-09-13,US,Central,United States,Home Office,Medium,340.116,6,0.3,0.3,1,1,0
CA-2018-126277,LH-16900,2018-09-13,US,East,United States,Consumer,Medium,2.502,3,0.7,0.7,1,1,0
CA-2018-132962,JM-15535,2018-09-13,US,East,United States,Consumer,Medium,267.552,8,0.2,0.2,2,2,0
CA-2018-140039,ON-18715,2018-09-13,US,West,United States,Corporate,Medium,79.4,5,0.2,0.2,1,1,0
CA-2018-142769,RP-19390,2018-09-13,US,West,United States,Consumer,Medium,561.73,21,0.0,0.0,8,3,1
CA-2018-145212,DC-12850,2018-09-13,US,East,United States,Consumer,Medium,5.46,3,0.0,0.0,1,1,0
US-2018-156216,EA-14035,2018-09-13,US,South,United States,Corporate,Medium,18.648000000000003,7,0.7,0.7,1,1,0
CA-2018-113362,AJ-10960,2018-09-14,US,East,United States,Consumer,Medium,460.22,8,0.0,0.0,2,1,0
CA-2018-145576,CA-12775,2018-09-14,US,South,United States,Consumer,Medium,26.128,8,0.2,0.2,2,2,0
CA-2018-159184,JC-15775,2018-09-14,US,South,United States,Consumer,Medium,149.56,7,0.0,0.0,2,2,0
CA-2018-160766,DM-13015,2018-09-14,US,East,United States,Consumer,Medium,4283.792,35,0.0571428571428571,0.4,7,3,1
US-2018-100853,JB-15400,2018-09-14,US,Central,United States,Corporate,Medium,72.60799999999999,6,0.5,0.8,2,1,0
US-2018-127635,SC-20260,2018-09-14,US,Central,United States,Corporate,Medium,31.408,13,0.45,0.8,4,2,0
CA-2018-138100,AA-10315,2018-09-15,US,East,United States,Consumer,Medium,29.5,5,0.0,0.0,2,2,0
CA-2018-149594,MF-18250,2018-09-15,US,East,United States,Corporate,Medium,103.936,4,0.2,0.2,1,1,0
CA-2018-141152,RF-19345,2018-09-16,US,East,United States,Corporate,Medium,33.552,1,0.2,0.2,1,1,0
CA-2018-103940,BN-11515,2018-09-17,US,West,United States,Consumer,Medium,260.79,12,0.05,0.2,4,2,1
CA-2018-112851,NR-18550,2018-09-17,US,West,United States,Consumer,Medium,182.94,3,0.0,0.0,1,1,0
CA-2018-131947,JA-15970,2018-09-17,US,West,United States,Consumer,Medium,318.293,31,0.2833333333333333,0.7,6,2,0
US-2018-117170,KT-16465,2018-09-17,US,South,United States,Consumer,Medium,52.608,3,0.2,0.2,2,2,0
US-2018-158638,AG-10765,2018-09-17,US,East,United States,Home Office,Medium,5.892000000000001,4,0.7,0.7,1,1,0
CA-2018-127299,JL-15835,2018-09-19,US,South,United States,Consumer,Medium,2692.329,9,0.35,0.5,2,2,0
CA-2018-132787,MC-18130,2018-09-19,US,West,United States,Corporate,Medium,92.52,6,0.0,0.0,1,1,0
CA-2018-138177,ND-18460,2018-09-19,US,West,United States,Corporate,Medium,73.915,1,0.5,0.5,1,1,0
CA-2018-156601,FA-14230,2018-09-19,US,West,United States,Corporate,Medium,7.16,2,0.0,0.0,1,1,0
CA-2018-159849,JK-15640,2018-09-19,US,West,United States,Home Office,Medium,5.67,3,0.0,0.0,1,1,0
CA-2018-168130,BS-11365,2018-09-19,US,East,United States,Corporate,Medium,887.103,7,0.1,0.1,1,1,0
US-2018-106992,SB-20290,2018-09-19,US,Central,United States,Corporate,Medium,5579.94,10,0.4,0.4,2,1,0
CA-2018-120411,SB-20185,2018-09-20,US,Central,United States,Consumer,Medium,504.55,7,0.25,0.3,2,2,0
CA-2018-125997,MW-18220,2018-09-20,US,East,United States,Consumer,Medium,3519.3700000000003,25,0.05,0.2,6,3,0
CA-2018-126480,HG-14965,2018-09-20,US,West,United States,Corporate,Medium,8.56,2,0.0,0.0,1,1,0
CA-2018-133704,MA-17995,2018-09-20,US,West,United States,Home Office,Medium,64.152,7,0.1,0.2,2,1,0
CA-2018-151953,DB-13555,2018-09-20,US,South,United States,Corporate,Medium,2.8160000000000003,2,0.2,0.2,1,1,0
CA-2018-156433,ES-14020,2018-09-20,US,West,United States,Consumer,Medium,31.68,6,0.0,0.0,2,1,0
CA-2018-166744,DN-13690,2018-09-20,US,East,United States,Consumer,Medium,587.14,8,0.0,0.0,3,2,1
US-2018-134614,PF-19165,2018-09-20,US,Central,United States,Consumer,Medium,617.7,6,0.5,0.5,1,1,0
CA-2018-117478,LH-16750,2018-09-21,US,East,United States,Consumer,Medium,6.570000000000001,3,0.7,0.7,1,1,0
CA-2018-124513,SL-20155,2018-09-21,US,East,United States,Home Office,Medium,66.03,3,0.0,0.0,1,1,0
CA-2018-125514,BM-11650,2018-09-21,US,Central,United States,Corporate,Medium,68.71,6,0.0,0.0,3,1,0
CA-2018-153969,HF-14995,2018-09-21,US,West,United States,Consumer,Medium,451.2840000000001,24,0.0333333333333333,0.2,6,2,0
CA-2018-168823,MA-17560,2018-09-21,US,East,United States,Home Office,Medium,32.160000000000004,12,0.2,0.2,2,1,0
US-2018-135972,JG-15115,2018-09-21,US,West,United States,Consumer,Medium,2046.354,5,0.1,0.2,2,1,0
US-2018-166310,JS-15940,2018-09-21,US,Central,United States,Home Office,Medium,8.544,2,0.6,0.6,1,1,0
CA-2018-103191,VG-21805,2018-09-22,US,Central,United States,Corporate,Medium,331.536,3,0.2,0.2,1,1,0
CA-2018-127488,MS-17365,2018-09-22,US,South,United States,Consumer,Medium,4.608,2,0.2,0.2,1,1,0
CA-2018-156160,AS-10090,2018-09-22,US,East,United States,Consumer,Medium,693.992,12,0.075,0.2,4,2,0
CA-2018-158225,SE-20110,2018-09-22,US,West,United States,Consumer,Medium,210.13,7,0.0,0.0,2,1,0
CA-2018-113964,JP-16135,2018-09-23,US,East,United States,Home Office,Medium,18.464,4,0.2,0.2,1,1,0
CA-2018-116904,SC-20095,2018-09-23,US,Central,United States,Consumer,Medium,9900.19,17,0.0,0.0,4,1,0
CA-2018-147900,JK-15640,2018-09-23,US,East,United States,Home Office,Medium,28.8,9,0.2,0.2,1,1,0
CA-2018-148369,TH-21115,2018-09-23,US,East,United States,Corporate,Medium,11.12,4,0.0,0.0,1,1,0
CA-2018-163559,ST-20530,2018-09-23,US,East,United States,Consumer,Medium,139.44,3,0.2,0.2,1,1,0
CA-2018-163650,TT-21220,2018-09-23,US,East,United States,Consumer,Medium,44.34,6,0.0,0.0,2,1,0
US-2018-134733,BM-11650,2018-09-23,US,West,United States,Corporate,Medium,519.9830000000001,5,0.175,0.2,2,2,0
CA-2018-123344,JD-16060,2018-09-24,US,West,United States,Consumer,Medium,211.96,4,0.0,0.0,1,1,0
CA-2018-141355,BF-11005,2018-09-25,US,West,United States,Home Office,Medium,14.576,2,0.2,0.2,1,1,0
US-2018-112914,MT-18070,2018-09-25,US,Central,United States,Home Office,Medium,340.3127999999999,14,0.38,0.8,4,2,0
CA-2018-115049,MM-17920,2018-09-26,US,Central,United States,Consumer,Medium,153.824,11,0.2,0.2,1,1,0
CA-2018-115133,DA-13450,2018-09-26,US,East,United States,Home Office,Medium,52.752,12,0.2,0.2,3,2,0
CA-2018-127586,CS-12400,2018-09-26,US,West,United States,Home Office,Medium,310.12,2,0.0,0.0,1,1,0
CA-2018-132451,KF-16285,2018-09-26,US,West,United States,Home Office,Medium,604.9920000000001,6,0.1,0.2,2,2,0
CA-2018-144974,CM-12715,2018-09-26,US,East,United States,Corporate,Medium,68.53,12,0.3666666666666667,0.7,3,2,0
CA-2018-164385,NB-18580,2018-09-26,US,East,United States,Corporate,Medium,143.952,3,0.2,0.2,1,1,0
US-2018-151925,KT-16465,2018-09-26,US,West,United States,Consumer,Medium,145.568,2,0.2,0.2,1,1,0
US-2018-152723,HG-14965,2018-09-26,US,Central,United States,Corporate,Medium,0.8759999999999998,1,0.8,0.8,1,1,0
CA-2018-120887,TS-21205,2018-09-27,US,East,United States,Corporate,Medium,87.53999999999999,3,0.0,0.0,1,1,0
US-2018-133130,TH-21100,2018-09-27,US,West,United States,Consumer,Medium,685.9,7,0.1,0.2,2,2,0
CA-2018-107153,GZ-14545,2018-09-28,US,East,United States,Corporate,Medium,46.26,3,0.0,0.0,1,1,0
CA-2018-114335,XP-21865,2018-09-28,US,South,United States,Consumer,Medium,337.088,4,0.2,0.2,1,1,0
CA-2018-125136,KD-16495,2018-09-28,US,South,United States,Corporate,Medium,106.944,10,0.2,0.2,2,1,0
CA-2018-111962,EB-14170,2018-09-29,US,West,United States,Consumer,Medium,817.798,7,0.1,0.2,2,1,0
CA-2018-122931,SM-20950,2018-09-29,US,East,United States,Corporate,Medium,2358.672,27,0.2666666666666666,0.4,6,2,0
CA-2018-124856,LD-17005,2018-09-29,US,East,United States,Consumer,Medium,1609.32,18,0.0,0.0,4,2,0
CA-2018-126683,PP-18955,2018-09-29,US,West,United States,Home Office,Medium,2354.98,11,0.0,0.0,2,1,0
CA-2018-146969,AP-10915,2018-09-29,US,West,United States,Consumer,Medium,968.3,10,0.04,0.2,5,3,0
CA-2018-102008,RA-19915,2018-09-30,US,East,United States,Consumer,Medium,48.94,1,0.0,0.0,1,1,0
CA-2018-137351,DB-13615,2018-09-30,US,West,United States,Consumer,Medium,43.176,7,0.2,0.2,1,1,0
CA-2018-140886,KW-16570,2018-09-30,US,South,United States,Consumer,Medium,69.21600000000001,6,0.2,0.2,1,1,0
CA-2018-141649,DM-12955,2018-09-30,US,East,United States,Corporate,Medium,795.4080000000001,6,0.2,0.2,1,1,0
CA-2018-159478,MH-17785,2018-09-30,US,East,United States,Corporate,Medium,15.24,3,0.0,0.0,1,1,0
US-2018-167633,BW-11200,2018-09-30,US,South,United States,Consumer,Medium,15.552000000000003,3,0.2,0.2,1,1,0
US-2018-132745,NF-18475,2018-10-01,US,West,United States,Home Office,Medium,4.71,1,0.0,0.0,1,1,0
CA-2018-108189,ES-14080,2018-10-02,US,West,United States,Corporate,Medium,598.144,18,0.2,0.2,7,2,0
CA-2018-108903,DO-13435,2018-10-03,US,East,United States,Consumer,Medium,212.952,10,0.2,0.2,3,2,0
CA-2018-120775,RD-19930,2018-10-03,US,Central,United States,Consumer,Medium,57.90800000000001,15,0.4,0.8,5,2,0
CA-2018-153976,BP-11290,2018-10-03,US,Central,United States,Consumer,Medium,258.279,3,0.3,0.3,1,1,0
CA-2018-157882,AR-10405,2018-10-03,US,West,United States,Corporate,Medium,265.784,4,0.2,0.2,2,1,0
US-2018-155817,SL-20155,2018-10-03,US,South,United States,Home Office,Medium,67.75999999999999,5,0.2,0.2,2,1,0
CA-2018-102085,JD-16015,2018-10-04,US,West,United States,Consumer,Medium,29.24,4,0.0,0.0,1,1,0
CA-2018-153479,DF-13135,2018-10-04,US,West,United States,Consumer,Medium,110.098,7,0.1,0.2,2,1,0
CA-2018-166891,CC-12220,2018-10-04,US,East,United States,Consumer,Medium,589.41,5,0.1,0.1,1,1,0
CA-2018-152233,KH-16510,2018-10-05,US,West,United States,Consumer,Medium,99.98,2,0.0,0.0,1,1,0
CA-2018-152422,BD-11635,2018-10-05,US,East,United States,Consumer,Medium,91.92,5,0.2,0.2,1,1,0
CA-2018-109680,VP-21760,2018-10-06,US,Central,United States,Corporate,Medium,386.34,2,0.0,0.0,1,1,0
CA-2018-110611,JD-16015,2018-10-06,US,East,United States,Consumer,Medium,83.92000000000002,5,0.2,0.2,1,1,0
CA-2018-132542,AM-10360,2018-10-06,US,Central,United States,Corporate,Medium,15.36,2,0.0,0.0,1,1,0
CA-2018-134677,XP-21865,2018-10-06,US,West,United States,Consumer,Medium,9.09,3,0.0,0.0,1,1,0
CA-2018-117429,MR-17545,2018-10-07,US,East,United States,Home Office,Medium,129.92,5,0.2,0.2,1,1,0
CA-2018-132801,JG-15805,2018-10-07,US,Central,United States,Corporate,Medium,107.44,10,0.2,0.2,1,1,0
CA-2018-119977,DN-13690,2018-10-08,US,East,United States,Consumer,Medium,123.92,4,0.0,0.0,1,1,0
CA-2018-142951,JG-15115,2018-10-08,US,South,United States,Consumer,Medium,23.472,3,0.2,0.2,1,1,0
CA-2018-137911,BP-11095,2018-10-09,US,South,United States,Corporate,Medium,88.768,2,0.2,0.2,1,1,0
CA-2018-138240,SJ-20500,2018-10-09,US,West,United States,Consumer,Medium,160.592,4,0.1,0.2,2,2,0
CA-2018-103492,CM-12715,2018-10-10,US,Central,United States,Corporate,Medium,1488.7740000000003,19,0.5,0.8,4,2,0
CA-2018-140403,TN-21040,2018-10-10,US,West,United States,Home Office,Medium,137.632,5,0.1,0.2,2,2,0
CA-2018-150329,SD-20485,2018-10-10,US,West,United States,Home Office,Medium,46.872,7,0.2,0.2,1,1,0
US-2018-105137,RB-19435,2018-10-10,US,East,United States,Consumer,Medium,120.258,4,0.7,0.7,2,2,1
US-2018-134054,FC-14335,2018-10-10,US,West,United States,Corporate,Medium,255.85,7,0.0,0.0,1,1,0
CA-2018-114314,DB-13555,2018-10-11,US,South,United States,Corporate,Medium,16.23,5,0.0,0.0,2,2,0
CA-2018-116834,Dp-13240,2018-10-11,US,West,United States,Home Office,Medium,408.47,16,0.0,0.0,2,2,0
CA-2018-128538,AS-10240,2018-10-11,US,West,United States,Consumer,Medium,7.64,1,0.0,0.0,1,1,0
CA-2018-157924,HA-14920,2018-10-11,US,West,United States,Consumer,Medium,465.48800000000006,6,0.1,0.2,2,2,1
US-2018-126571,JF-15565,2018-10-11,US,East,United States,Consumer,Medium,483.336,5,0.2,0.2,2,1,0
CA-2018-139451,DN-13690,2018-10-12,US,West,United States,Consumer,Medium,36.29,6,0.0,0.0,2,1,0
US-2018-154655,BP-11050,2018-10-12,US,Central,United States,Corporate,Medium,22.24,2,0.2,0.2,1,1,0
CA-2018-123316,SP-20545,2018-10-13,US,East,United States,Corporate,Medium,7.752000000000001,3,0.2,0.2,1,1,0
CA-2018-132010,MA-17995,2018-10-13,US,South,United States,Home Office,Medium,389.74,14,0.0,0.0,4,2,0
CA-2018-151995,ZC-21910,2018-10-13,US,West,United States,Consumer,Medium,1549.77,15,0.0,0.0,4,3,0
CA-2018-164742,ML-17395,2018-10-13,US,East,United States,Corporate,Medium,264.92,3,0.0,0.0,2,2,0
CA-2018-151330,TC-21295,2018-10-14,US,East,United States,Consumer,Medium,1885.27,19,0.0,0.0,3,3,0
CA-2018-163748,HG-15025,2018-10-14,US,Central,United States,Consumer,Medium,2003.12,9,0.5,0.8,2,2,0
US-2018-146353,JE-15610,2018-10-14,US,East,United States,Corporate,Medium,292.82,9,0.0,0.0,2,1,0
US-2018-151015,BD-11500,2018-10-14,US,Central,United States,Consumer,Medium,344.274,20,0.4000000000000001,0.8,3,1,0
CA-2018-143182,DL-12865,2018-10-15,US,South,United States,Consumer,Medium,15.384,1,0.2,0.2,1,1,0
US-2018-122021,AC-10660,2018-10-15,US,East,United States,Consumer,Medium,191.34,4,0.25,0.3,2,2,0
US-2018-109456,LS-17245,2018-10-16,US,West,United States,Consumer,Medium,194.322,6,0.1,0.2,2,2,0
CA-2018-103086,EB-14170,2018-10-17,US,Central,United States,Consumer,Medium,5.312,2,0.6,0.6,1,1,0
CA-2018-124394,TB-21520,2018-10-17,US,Central,United States,Consumer,Medium,130.756,8,0.5,0.8,2,2,0
CA-2018-110408,AS-10225,2018-10-18,US,South,United States,Corporate,Medium,2216.8,14,0.0,0.0,3,3,0
CA-2018-115084,LS-17200,2018-10-18,US,South,United States,Corporate,Medium,605.34,6,0.0,0.0,1,1,0
CA-2018-138450,EH-13765,2018-10-18,US,East,United States,Corporate,Medium,249.472,16,0.2,0.2,3,1,0
CA-2018-143168,IG-15085,2018-10-18,US,West,United States,Consumer,Medium,63.304,3,0.1,0.2,2,1,0
CA-2018-100867,EH-14125,2018-10-19,US,West,United States,Home Office,Medium,321.552,6,0.2,0.2,1,1,1
CA-2018-117317,JF-15490,2018-10-19,US,West,United States,Consumer,Medium,13.44,3,0.0,0.0,1,1,0
CA-2018-155264,RP-19270,2018-10-19,US,West,United States,Corporate,Medium,306.112,18,0.12,0.2,5,2,0
CA-2018-137092,LS-16975,2018-10-20,US,Central,United States,Home Office,Medium,862.2020000000001,10,0.32,0.8,5,2,0
CA-2018-146703,PO-18865,2018-10-20,US,Central,United States,Consumer,Medium,211.96,4,0.0,0.0,1,1,0
CA-2018-169684,FH-14365,2018-10-20,US,South,United States,Corporate,Medium,426.942,6,0.3,0.4,2,2,0
CA-2018-100916,FH-14275,2018-10-21,US,South,United States,Corporate,Medium,788.86,10,0.0,0.0,3,2,0
CA-2018-142587,TB-21520,2018-10-21,US,East,United States,Consumer,Medium,531.3820000000001,7,0.3,0.4,2,2,0
CA-2018-169852,SF-20965,2018-10-21,US,West,United States,Corporate,Medium,36.36,3,0.2,0.2,1,1,0
CA-2018-110072,MG-17680,2018-10-22,US,East,United States,Home Office,Medium,93.888,4,0.2,0.2,1,1,0
CA-2018-151967,NB-18580,2018-10-22,US,South,United States,Corporate,Medium,129.92,4,0.0,0.0,1,1,0
CA-2018-108707,DB-12910,2018-10-24,US,South,United States,Home Office,Medium,10.368000000000002,2,0.2,0.2,1,1,0
CA-2018-113047,AP-10915,2018-10-24,US,South,United States,Consumer,Medium,11.85,3,0.0,0.0,1,1,0
CA-2018-130729,AA-10375,2018-10-24,US,West,United States,Consumer,Medium,34.272,3,0.2,0.2,1,1,0
CA-2018-139542,EH-14185,2018-10-25,US,East,United States,Consumer,Medium,54.474,6,0.4499999999999999,0.7,2,2,0
US-2018-158400,AH-10030,2018-10-25,US,West,United States,Corporate,Medium,49.408,4,0.2,0.2,1,1,0
CA-2018-162278,AH-10585,2018-10-26,US,West,United States,Consumer,Medium,447.88000000000005,9,0.1,0.2,2,2,0
CA-2018-148285,RD-19810,2018-10-27,US,South,United States,Home Office,Medium,22.320000000000004,5,0.2,0.2,2,1,0
CA-2018-101931,TS-21370,2018-10-28,US,West,United States,Corporate,Medium,1252.602,17,0.0699999999999999,0.2,5,2,0
CA-2018-107769,BT-11395,2018-10-28,US,Central,United States,Corporate,Medium,257.98,2,0.0,0.0,1,1,0
CA-2018-154627,SA-20830,2018-10-29,US,Central,United States,Consumer,Medium,2735.952,6,0.2,0.2,1,1,0
CA-2018-166590,NC-18625,2018-10-29,US,Central,United States,Corporate,Medium,77.86,4,0.0,0.0,2,2,0
CA-2018-106439,GG-14650,2018-10-31,US,West,United States,Corporate,Medium,1007.936,45,0.0666666666666666,0.2,9,3,0
CA-2018-108609,AJ-10780,2018-10-31,US,East,United States,Corporate,Medium,1421.664,8,0.4,0.4,1,1,1
CA-2018-145387,AM-10705,2018-10-31,US,East,United States,Consumer,Medium,2116.506,20,0.0428571428571428,0.3,7,2,0
US-2018-120313,NL-18310,2018-10-31,US,West,United States,Home Office,Medium,73.584,2,0.2,0.2,1,1,0
US-2018-167262,AC-10450,2018-10-31,US,West,United States,Consumer,Medium,742.336,8,0.2,0.2,1,1,0
CA-2018-102673,KH-16630,2018-11-01,US,South,United States,Corporate,Medium,1044.4399999999998,29,0.2,0.2,4,2,0
CA-2018-114195,EA-14035,2018-11-01,US,East,United States,Corporate,Medium,94.264,7,0.5333333333333333,0.7,3,2,0
CA-2018-126907,SM-20950,2018-11-01,US,Central,United States,Corporate,Medium,15.696000000000002,3,0.2,0.2,1,1,0
CA-2018-134313,RA-19915,2018-11-01,US,West,United States,Consumer,Medium,2027.144,7,0.2,0.2,2,2,0
CA-2018-139423,DG-13300,2018-11-01,US,East,United States,Corporate,Medium,76.12,2,0.0,0.0,1,1,0
CA-2018-148915,ND-18370,2018-11-01,US,West,United States,Consumer,Medium,599.896,8,0.2,0.2,2,2,0
CA-2018-152562,JO-15145,2018-11-01,US,South,United States,Corporate,Medium,75.16,5,0.0,0.0,2,1,0
CA-2018-168305,PL-18925,2018-11-01,US,West,United States,Home Office,Medium,65.80000000000001,8,0.0,0.0,2,1,0
US-2018-137155,DL-12925,2018-11-01,US,East,United States,Consumer,Medium,733.56,12,0.0,0.0,3,2,0
CA-2018-107454,RD-19720,2018-11-02,US,East,United States,Consumer,Medium,124.2,13,0.0,0.0,2,2,0
CA-2018-115889,SH-20395,2018-11-02,US,West,United States,Consumer,Medium,409.304,4,0.1,0.2,2,2,0
CA-2018-120670,JK-16120,2018-11-02,US,South,United States,Home Office,Medium,799.9200000000001,10,0.2,0.2,1,1,0
CA-2018-129147,LC-17050,2018-11-02,US,East,United States,Consumer,Medium,609.438,16,0.5,0.7,3,2,0
CA-2018-134726,SW-20755,2018-11-02,US,West,United States,Corporate,Medium,94.732,3,0.1,0.2,2,1,1
CA-2018-148782,PO-18850,2018-11-02,US,Central,United States,Consumer,Medium,88.77600000000001,3,0.2,0.2,1,1,0
CA-2018-119529,DM-13345,2018-11-03,US,East,United States,Corporate,Medium,5.76,2,0.0,0.0,1,1,0
CA-2018-121573,SG-20605,2018-11-03,US,East,United States,Consumer,Medium,840.712,8,0.1333333333333333,0.2,3,2,0
CA-2018-137589,MS-17770,2018-11-03,US,East,United States,Consumer,Medium,286.34400000000005,3,0.2,0.2,1,1,0
CA-2018-146731,AT-10735,2018-11-03,US,South,United States,Consumer,Medium,147.34400000000002,11,0.2,0.2,2,1,0
CA-2018-153619,TC-21535,2018-11-03,US,West,United States,Home Office,Medium,6.72,4,0.0,0.0,1,1,0
CA-2018-155593,RP-19390,2018-11-03,US,East,United States,Consumer,Medium,11.64,3,0.0,0.0,1,1,0
CA-2018-165764,SH-20395,2018-11-03,US,South,United States,Consumer,Medium,1395.673,18,0.375,0.7,4,2,0
US-2018-124625,SP-20650,2018-11-03,US,Central,United States,Corporate,Medium,89.97,3,0.0,0.0,1,1,0
CA-2018-121286,ON-18715,2018-11-04,US,South,United States,Corporate,Medium,66.61600000000001,8,0.2,0.2,2,1,0
CA-2018-125829,WB-21850,2018-11-04,US,West,United States,Consumer,Medium,1729.4160000000002,21,0.16,0.2,5,3,0
CA-2018-132227,SZ-20035,2018-11-04,US,East,United States,Home Office,Medium,52.064,4,0.2,0.2,1,1,0
CA-2018-149244,MS-17530,2018-11-04,US,West,United States,Consumer,Medium,35.34,2,0.0,0.0,1,1,0
CA-2018-164973,NM-18445,2018-11-04,US,East,United States,Home Office,Medium,4807.372,14,0.02,0.1,5,3,0
US-2018-134187,TH-21235,2018-11-04,US,West,United States,Corporate,Medium,2.94,1,0.0,0.0,1,1,0
CA-2018-109134,DE-13255,2018-11-05,US,West,United States,Home Office,Medium,20.04,6,0.0,0.0,1,1,0
CA-2018-114251,MD-17350,2018-11-05,US,East,United States,Consumer,Medium,1476.834,17,0.3,0.7,5,3,0
CA-2018-133634,SR-20740,2018-11-05,US,South,United States,Home Office,Medium,47.79,3,0.0,0.0,1,1,0
US-2018-114377,BG-11035,2018-11-05,US,South,United States,Consumer,Medium,149.9,5,0.0,0.0,1,1,0
CA-2018-120950,GA-14515,2018-11-06,US,South,United States,Consumer,Medium,43.68,6,0.0,0.0,1,1,0
CA-2018-120278,MS-17365,2018-11-07,US,Central,United States,Consumer,Medium,317.48,14,0.0,0.0,4,1,0
CA-2018-123323,LH-16900,2018-11-07,US,West,United States,Consumer,Medium,123.144,7,0.2,0.2,1,1,0
CA-2018-123498,TC-20980,2018-11-07,US,Central,United States,Corporate,Medium,100.398,6,0.5,0.8,2,1,1
CA-2018-146990,BP-11095,2018-11-07,US,East,United States,Corporate,Medium,36.1,7,0.0,0.0,2,1,0
CA-2018-159310,SC-20725,2018-11-07,US,Central,United States,Consumer,Medium,725.3319999999999,14,0.4333333333333333,0.8,3,2,0
US-2018-139640,TB-21595,2018-11-07,US,West,United States,Consumer,Medium,146.68800000000002,9,0.2,0.2,2,1,0
US-2018-126340,EB-13870,2018-11-08,US,West,United States,Consumer,Medium,333.576,3,0.2,0.2,1,1,0
CA-2018-103219,BF-11215,2018-11-09,US,East,United States,Home Office,Medium,56.52,9,0.0,0.0,1,1,0
CA-2018-144666,JP-15520,2018-11-09,US,West,United States,Consumer,Medium,1517.574,27,0.0583333333333333,0.2,6,3,0
CA-2018-121006,SC-20020,2018-11-10,US,Central,United States,Consumer,Medium,1194.87,17,0.0,0.0,6,2,0
CA-2018-158372,RD-19900,2018-11-10,US,West,United States,Consumer,Medium,807.6859999999999,32,0.0333333333333333,0.2,6,3,0
CA-2018-105270,AP-10915,2018-11-11,US,West,United States,Consumer,Medium,143.128,4,0.1,0.2,2,2,1
CA-2018-105893,PK-19075,2018-11-11,US,Central,United States,Consumer,Medium,665.88,6,0.0,0.0,1,1,0
CA-2018-128524,MZ-17515,2018-11-11,US,West,United States,Corporate,Medium,2158.694,10,0.0666666666666666,0.2,3,2,0
CA-2018-140732,MA-17560,2018-11-11,US,West,United States,Home Office,Medium,707.628,15,0.0666666666666666,0.2,3,2,0
CA-2018-155796,TS-21430,2018-11-11,US,East,United States,Corporate,Medium,545.928,6,0.35,0.5,2,1,0
CA-2018-163419,TZ-21580,2018-11-11,US,West,United States,Consumer,Medium,1167.296,8,0.2,0.2,3,3,0
CA-2018-165309,KD-16270,2018-11-11,US,Central,United States,Consumer,Medium,1639.496,27,0.3714285714285714,0.8,7,2,0
US-2018-140914,BH-11710,2018-11-11,US,Central,United States,Consumer,Medium,808.928,6,0.4499999999999999,0.6,2,1,0
US-2018-143287,KN-16705,2018-11-11,US,East,United States,Home Office,Medium,277.57,11,0.0,0.0,3,1,1
CA-2018-122609,DP-13000,2018-11-12,US,Central,United States,Consumer,Medium,153.112,5,0.4,0.6,2,2,0
CA-2018-151078,RF-19840,2018-11-12,US,Central,United States,Consumer,Medium,49.632000000000005,4,0.2,0.2,1,1,0
CA-2018-151295,JA-15970,2018-11-12,US,West,United States,Consumer,Medium,641.0240000000001,5,0.1,0.2,2,2,0
CA-2018-164910,DM-13345,2018-11-12,US,South,United States,Corporate,Medium,7.872,3,0.2,0.2,1,1,0
US-2018-159618,DB-12970,2018-11-12,US,Central,United States,Corporate,Medium,203.1212,18,0.224,0.32,5,3,0
CA-2018-125556,ML-17410,2018-11-14,US,East,United States,Consumer,Medium,876.7299999999999,17,0.0,0.0,2,2,0
CA-2018-151554,CM-11815,2018-11-14,US,Central,United States,Corporate,Medium,20.736000000000004,4,0.2,0.2,1,1,0
CA-2018-161634,CC-12220,2018-11-14,US,South,United States,Consumer,Medium,32.400000000000006,5,0.0,0.0,1,1,0
CA-2018-162362,JL-15505,2018-11-14,US,Central,United States,Consumer,Medium,24.24,7,0.0,0.0,2,1,0
CA-2018-166989,RM-19675,2018-11-14,US,East,United States,Home Office,Medium,80.624,4,0.05,0.1,2,2,0
CA-2018-116407,JF-15190,2018-11-15,US,South,United States,Consumer,Medium,362.176,9,0.2,0.2,3,1,0
CA-2018-127558,SS-20410,2018-11-15,US,West,United States,Consumer,Medium,803.0400000000001,8,0.0,0.0,3,3,0
CA-2018-128622,SC-20260,2018-11-15,US,West,United States,Corporate,Medium,10.95,3,0.0,0.0,1,1,0
CA-2018-128888,PB-19105,2018-11-15,US,Central,United States,Consumer,Medium,604.6560000000001,9,0.2,0.2,1,1,0
CA-2018-119144,JD-16150,2018-11-16,US,West,United States,Corporate,Medium,730.8525,10,0.1166666666666666,0.2,3,3,0
CA-2018-149643,RH-19510,2018-11-16,US,Central,United States,Home Office,Medium,273.96,2,0.0,0.0,1,1,0
CA-2018-160066,AH-10075,2018-11-16,US,West,United States,Corporate,Medium,5.22,2,0.0,0.0,1,1,0
US-2018-139500,AB-10165,2018-11-16,US,Central,United States,Consumer,Medium,37.296,2,0.3,0.3,1,1,0
US-2018-147704,SR-20740,2018-11-16,US,Central,United States,Home Office,Medium,308.6,20,0.0,0.0,4,1,0
CA-2018-101833,FG-14260,2018-11-17,US,East,United States,Home Office,Medium,34.44,3,0.0,0.0,1,1,0
CA-2018-119375,YC-21895,2018-11-17,US,East,United States,Corporate,Medium,3116.49,15,0.0,0.0,3,2,0
CA-2018-128209,GT-14710,2018-11-17,US,East,United States,Consumer,Medium,6160.616000000001,13,0.2,0.2,2,2,0
CA-2018-130869,CB-12025,2018-11-17,US,Central,United States,Consumer,Medium,7.080000000000001,3,0.2,0.2,1,1,0
CA-2018-140662,TS-21205,2018-11-17,US,West,United States,Corporate,Medium,1075.37,12,0.0,0.0,3,2,0
CA-2018-145926,MP-17470,2018-11-17,US,Central,United States,Home Office,Medium,479.9,5,0.0,0.0,1,1,0
CA-2018-159835,RB-19330,2018-11-17,US,East,United States,Consumer,Medium,670.3779999999999,7,0.25,0.3,2,2,0
CA-2018-104829,JG-15805,2018-11-18,US,West,United States,Corporate,Medium,21.98,7,0.0,0.0,1,1,1
CA-2018-115336,AB-10600,2018-11-18,US,Central,United States,Corporate,Medium,14.479999999999997,5,0.8,0.8,1,1,0
CA-2018-124702,MH-17785,2018-11-18,US,West,United States,Corporate,Medium,867.74,6,0.0,0.0,2,1,0
CA-2018-133809,MS-17530,2018-11-18,US,East,United States,Consumer,Medium,21.396,10,0.55,0.7,2,2,0
CA-2018-141173,JC-16105,2018-11-18,US,Central,United States,Corporate,Medium,67.15,5,0.0,0.0,1,1,0
CA-2018-161032,MK-17905,2018-11-18,US,Central,United States,Corporate,Medium,392.94,3,0.0,0.0,1,1,0
CA-2018-163468,JK-15730,2018-11-18,US,Central,United States,Consumer,Medium,1109.372,20,0.48,0.8,5,2,0
CA-2018-164210,PW-19240,2018-11-18,US,West,United States,Consumer,Medium,181.788,6,0.35,0.5,2,2,0
US-2018-159926,CS-11950,2018-11-18,US,East,United States,Consumer,Medium,730.0089999999999,14,0.44,0.7,5,3,0
CA-2018-100972,DB-13360,2018-11-19,US,West,United States,Home Office,Medium,166.44,3,0.0,0.0,1,1,0
CA-2018-128062,AD-10180,2018-11-19,US,East,United States,Home Office,Medium,5.88,1,0.2,0.2,1,1,0
CA-2018-144624,JM-15865,2018-11-19,US,East,United States,Consumer,Medium,4548.81,7,0.0,0.0,1,1,0
CA-2018-150518,MW-18220,2018-11-19,US,Central,United States,Consumer,Medium,503.13,7,0.0,0.0,2,2,0
CA-2018-158274,RM-19675,2018-11-19,US,South,United States,Home Office,Medium,682.91,11,0.0,0.0,3,1,0
US-2018-123183,GR-14560,2018-11-19,US,East,United States,Corporate,Medium,1271.4199999999998,21,0.0,0.0,4,2,0
US-2018-149034,RD-19900,2018-11-19,US,East,United States,Consumer,Medium,47.496,1,0.2,0.2,1,1,0
CA-2018-140396,KH-16330,2018-11-20,US,East,United States,Corporate,Medium,907.56,16,0.05,0.2,4,2,0
CA-2018-102274,DH-13075,2018-11-21,US,South,United States,Corporate,Medium,865.4999999999999,13,0.0,0.0,4,2,0
CA-2018-103401,GR-14560,2018-11-21,US,West,United States,Corporate,Medium,12.96,2,0.0,0.0,1,1,0
CA-2018-154781,SC-20680,2018-11-21,US,West,United States,Home Office,Medium,101.57,3,0.0,0.0,2,2,0
US-2018-168501,JK-15325,2018-11-21,US,Central,United States,Corporate,Medium,269.592,6,0.2,0.2,2,2,0
CA-2018-105340,EH-14185,2018-11-22,US,Central,United States,Consumer,Medium,6.927999999999998,1,0.8,0.8,1,1,0
CA-2018-125682,RB-19645,2018-11-22,US,South,United States,Corporate,Medium,9.96,2,0.0,0.0,1,1,0
CA-2018-129091,RA-19885,2018-11-22,US,South,United States,Corporate,Medium,1022.61,13,0.0,0.0,4,1,0
CA-2018-135090,SP-20920,2018-11-22,US,West,United States,Consumer,Medium,53.82000000000001,9,0.0,0.0,1,1,0
US-2018-112200,TC-21475,2018-11-22,US,Central,United States,Home Office,Medium,9.979999999999997,5,0.8,0.8,1,1,0
CA-2018-110352,ED-13885,2018-11-23,US,Central,United States,Home Office,Medium,23.680000000000003,2,0.2,0.2,1,1,0
CA-2018-120544,SS-20140,2018-11-23,US,Central,United States,Corporate,Medium,46.088,12,0.5333333333333333,0.8,3,3,0
CA-2018-139283,BT-11440,2018-11-23,US,Central,United States,Consumer,Medium,14.669999999999998,3,0.0,0.0,1,1,0
CA-2018-149055,PB-19210,2018-11-23,US,East,United States,Corporate,Medium,62.80800000000001,3,0.2,0.2,1,1,0
CA-2018-159625,SM-20005,2018-11-23,US,West,United States,Consumer,Medium,23.472,3,0.2,0.2,1,1,0
US-2018-143721,DK-12835,2018-11-23,US,Central,United States,Corporate,Medium,155.372,2,0.3,0.3,1,1,0
US-2018-157385,SC-20095,2018-11-23,US,West,United States,Consumer,Medium,1037.19,11,0.1,0.2,4,3,0
CA-2018-100762,NG-18355,2018-11-24,US,Central,United States,Corporate,Medium,508.62,11,0.0,0.0,4,1,1
CA-2018-102295,EH-13990,2018-11-24,US,West,United States,Consumer,Medium,120.712,1,0.2,0.2,1,1,0
CA-2018-105984,MY-18295,2018-11-24,US,East,United States,Corporate,Medium,1661.028,8,0.35,0.4,2,2,0
CA-2018-111360,AT-10435,2018-11-24,US,East,United States,Home Office,Medium,5.742000000000001,3,0.7,0.7,1,1,0
CA-2018-115973,NG-18430,2018-11-24,US,East,United States,Consumer,Medium,2.624,1,0.2,0.2,1,1,0
CA-2018-122217,HP-14815,2018-11-24,US,South,United States,Home Office,Medium,111.15,5,0.0,0.0,1,1,0
CA-2018-127131,HR-14830,2018-11-24,US,West,United States,Corporate,Medium,721.476,19,0.05,0.2,4,1,1
CA-2018-153850,TH-21100,2018-11-24,US,East,United States,Consumer,Medium,1537.544,11,0.3,0.4,2,2,0
CA-2018-158540,VG-21790,2018-11-24,US,West,United States,Consumer,Medium,151.72,4,0.0,0.0,1,1,0
CA-2018-163034,DK-12985,2018-11-24,US,Central,United States,Consumer,Medium,646.2,5,0.2,0.2,1,1,0
CA-2018-167360,RB-19435,2018-11-24,US,Central,United States,Consumer,Medium,111.79,7,0.0,0.0,1,1,0
CA-2018-119151,MP-18175,2018-11-25,US,East,United States,Home Office,Medium,1393.872,7,0.1,0.2,2,2,0
CA-2018-122588,AR-10540,2018-11-25,US,East,United States,Consumer,Medium,52.96,2,0.0,0.0,1,1,0
CA-2018-127446,MC-17590,2018-11-25,US,Central,United States,Corporate,Medium,1273.6229999999996,17,0.2833333333333333,0.6,6,3,0
CA-2018-164721,LW-16825,2018-11-25,US,West,United States,Corporate,Medium,371.52,13,0.0,0.0,3,2,1
US-2018-107993,SE-20110,2018-11-25,US,West,United States,Consumer,Medium,51.016000000000005,7,0.2,0.2,1,1,0
US-2018-144078,RB-19435,2018-11-25,US,West,United States,Consumer,Medium,1272.704,12,0.1333333333333333,0.2,3,3,0
CA-2018-124730,LS-17245,2018-11-26,US,East,United States,Consumer,Medium,414.63,24,0.08,0.2,5,2,0
CA-2018-141110,LS-17200,2018-11-26,US,West,United States,Corporate,Medium,67.112,9,0.1,0.2,4,1,0
CA-2018-168984,NW-18400,2018-11-26,US,West,United States,Consumer,Medium,1122.968,12,0.2,0.2,3,2,0
US-2018-147606,JE-15745,2018-11-26,US,Central,United States,Consumer,Medium,19.3,5,0.6,0.6,1,1,0
US-2018-147648,LS-16975,2018-11-26,US,West,United States,Home Office,Medium,81.98,2,0.0,0.0,1,1,0
CA-2018-119032,MS-17770,2018-11-27,US,East,United States,Consumer,Medium,3.76,2,0.0,0.0,1,1,0
CA-2018-167486,JO-15145,2018-11-27,US,East,United States,Corporate,Medium,199.9,5,0.0,0.0,1,1,0
CA-2018-101560,CS-12250,2018-11-28,US,South,United States,Corporate,Medium,542.3399999999999,19,0.0,0.0,4,2,0
CA-2018-105249,DH-13675,2018-11-28,US,West,United States,Home Office,Medium,460.092,10,0.0499999999999999,0.15,3,2,0
CA-2018-121167,MO-17500,2018-11-28,US,East,United States,Consumer,Medium,17.248,2,0.2,0.2,1,1,0
CA-2018-121629,BT-11680,2018-11-28,US,Central,United States,Consumer,Medium,998.85,5,0.4,0.4,1,1,0
CA-2018-159800,SG-20470,2018-11-28,US,West,United States,Consumer,Medium,183.61,10,0.0,0.0,2,2,0
CA-2018-163013,BF-11080,2018-11-28,US,South,United States,Consumer,Medium,14.669999999999998,3,0.0,0.0,1,1,0
US-2018-120175,MC-17635,2018-11-28,US,Central,United States,Corporate,Medium,64.02,6,0.0,0.0,1,1,0
CA-2018-136280,Co-12640,2018-11-29,US,East,United States,Consumer,Medium,5.04,2,0.2,0.2,1,1,0
CA-2018-153983,AH-10210,2018-11-29,US,West,United States,Consumer,Medium,606.3199999999999,7,0.1,0.2,2,2,0
US-2018-111353,PB-19150,2018-11-29,US,East,United States,Consumer,Medium,25.06,2,0.0,0.0,1,1,0
US-2018-134712,BS-11380,2018-11-29,US,Central,United States,Corporate,Medium,12.624,2,0.2,0.2,1,1,0
CA-2018-103590,JL-15505,2018-11-30,US,East,United States,Consumer,Medium,62.28,4,0.0,0.0,1,1,0
CA-2018-146843,PB-19150,2018-11-30,US,West,United States,Consumer,Medium,150.23200000000003,11,0.2,0.2,2,2,0
CA-2018-148425,RF-19345,2018-11-30,US,South,United States,Corporate,Medium,6.642000000000001,9,0.7,0.7,1,1,0
CA-2018-120474,RP-19390,2018-12-01,US,Central,United States,Consumer,Medium,2854.48,12,0.0,0.0,2,2,0
CA-2018-131051,TR-21325,2018-12-01,US,West,United States,Consumer,Medium,58.2,3,0.0,0.0,1,1,0
CA-2018-131527,TB-21280,2018-12-01,US,South,United States,Consumer,Medium,95.968,4,0.2,0.2,1,1,0
CA-2018-143210,AA-10645,2018-12-01,US,East,United States,Consumer,Medium,327.55999999999995,7,0.0,0.0,3,2,0
CA-2018-150798,JK-15730,2018-12-01,US,East,United States,Consumer,Medium,1614.1239999999998,17,0.275,0.4,4,3,0
US-2018-161613,MC-17605,2018-12-01,US,Central,United States,Corporate,Medium,674.058,3,0.3,0.3,1,1,0
CA-2018-101147,MC-17575,2018-12-02,US,Central,United States,Consumer,Medium,2.394,1,0.8,0.8,1,1,0
CA-2018-103807,EM-13825,2018-12-02,US,South,United States,Corporate,Medium,21.19,4,0.0,0.0,2,2,0
CA-2018-112158,DP-13165,2018-12-02,US,East,United States,Consumer,Medium,1050.6,17,0.1333333333333333,0.2,3,3,0
CA-2018-132864,KN-16390,2018-12-02,US,East,United States,Corporate,Medium,119.8,5,0.2,0.2,1,1,0
CA-2018-154095,ON-18715,2018-12-02,US,East,United States,Corporate,Medium,463.04,20,0.0,0.0,4,2,0
US-2018-117744,MD-17860,2018-12-02,US,Central,United States,Corporate,Medium,114.784,17,0.4666666666666666,0.6,3,2,0
CA-2018-122749,NG-18430,2018-12-03,US,Central,United States,Consumer,Medium,479.96,4,0.0,0.0,1,1,0
CA-2018-164861,MC-17635,2018-12-03,US,Central,United States,Corporate,Medium,25.92,4,0.0,0.0,1,1,1
CA-2018-127187,CP-12085,2018-12-04,US,East,United States,Corporate,Medium,129.98,2,0.0,0.0,1,1,0
CA-2018-106376,BS-11590,2018-12-05,US,West,United States,Corporate,Medium,1280.9920000000002,12,0.2,0.2,2,2,0
CA-2018-125542,NB-18655,2018-12-05,US,East,United States,Corporate,Medium,521.2239999999999,11,0.2,0.2,2,1,0
CA-2018-133830,RL-19615,2018-12-05,US,West,United States,Consumer,Medium,90.58,16,0.0,0.0,3,1,0
CA-2018-138296,RC-19825,2018-12-05,US,South,United States,Consumer,Medium,24.56,2,0.0,0.0,1,1,0
CA-2018-150203,JB-15925,2018-12-05,US,West,United States,Consumer,Medium,250.26,6,0.0,0.0,1,1,0
CA-2018-151162,EA-14035,2018-12-05,US,East,United States,Corporate,Medium,362.466,13,0.38,0.7,5,2,1
CA-2018-166191,DK-13150,2018-12-05,US,Central,United States,Corporate,Medium,433.56,9,0.2,0.2,2,2,0
CA-2018-106726,RS-19765,2018-12-06,US,West,United States,Corporate,Medium,1261.33,7,0.0,0.0,1,1,0
CA-2018-110030,LF-17185,2018-12-06,US,Central,United States,Consumer,Medium,23.976000000000003,3,0.6,0.6,1,1,0
CA-2018-155390,BG-11035,2018-12-06,US,South,United States,Consumer,Medium,42.208,2,0.2,0.2,1,1,0
US-2018-112872,RC-19960,2018-12-06,US,West,United States,Consumer,Medium,328.914,4,0.35,0.5,2,2,0
US-2018-140452,BK-11260,2018-12-06,US,Central,United States,Consumer,Medium,314.55,20,0.5166666666666667,0.8,6,3,1
CA-2018-101392,AS-10630,2018-12-07,US,West,United States,Home Office,Medium,269.36,7,0.0,0.0,1,1,0
CA-2018-138737,FP-14320,2018-12-07,US,West,United States,Consumer,Medium,8.64,3,0.0,0.0,1,1,0
CA-2018-154592,EH-14005,2018-12-07,US,West,United States,Home Office,Medium,164.88,3,0.0,0.0,1,1,0
CA-2018-159681,PO-18850,2018-12-07,US,South,United States,Consumer,Medium,105.52,4,0.0,0.0,1,1,0
CA-2018-104773,TB-21175,2018-12-08,US,Central,United States,Corporate,Medium,60.416,2,0.2,0.2,1,1,0
CA-2018-129364,TB-21250,2018-12-08,US,West,United States,Consumer,Medium,265.784,39,0.2625,0.7,8,2,0
CA-2018-135608,JK-15625,2018-12-08,US,West,United States,Consumer,Medium,649.5999999999999,7,0.1,0.2,2,2,0
CA-2018-144071,DJ-13420,2018-12-08,US,West,United States,Corporate,Medium,119.32,5,0.0,0.0,2,1,0
CA-2018-101175,DM-12955,2018-12-09,US,West,United States,Corporate,Medium,100.704,6,0.2,0.2,1,1,0
CA-2018-104976,CK-12760,2018-12-09,US,West,United States,Corporate,Medium,34.68,6,0.0,0.0,1,1,0
CA-2018-109932,VP-21760,2018-12-09,US,Central,United States,Corporate,Medium,247.784,5,0.2,0.2,2,1,0
CA-2018-138128,FP-14320,2018-12-09,US,East,United States,Consumer,Medium,1110.648,7,0.3,0.4,2,2,0
CA-2018-169649,TS-21205,2018-12-09,US,Central,United States,Corporate,Medium,28.835999999999995,4,0.5,0.8,2,1,0
CA-2018-148488,SM-20005,2018-12-10,US,East,United States,Consumer,Medium,117.704,9,0.1,0.2,2,1,0
US-2018-112991,SH-19975,2018-12-10,US,West,United States,Corporate,Medium,455.632,11,0.0666666666666666,0.2,3,2,0
CA-2018-107573,PB-19150,2018-12-12,US,South,United States,Consumer,Medium,23.472,3,0.2,0.2,1,1,0
CA-2018-113320,LH-17155,2018-12-12,US,West,United States,Consumer,Medium,30.72,9,0.0,0.0,3,2,0
CA-2018-141607,WB-21850,2018-12-12,US,West,United States,Consumer,Medium,43.31,1,0.0,0.0,1,1,0
CA-2018-168494,NP-18700,2018-12-12,US,West,United States,Consumer,Medium,4630.5105,21,0.1833333333333333,0.2,3,1,0
US-2018-122959,CY-12745,2018-12-12,US,Central,United States,Corporate,Medium,210.392,2,0.8,0.8,1,1,0
CA-2018-113579,KD-16345,2018-12-13,US,West,United States,Consumer,Medium,90.24,6,0.0,0.0,1,1,0
CA-2018-124079,RF-19345,2018-12-13,US,West,United States,Corporate,Medium,93.174,5,0.4499999999999999,0.7,2,2,0
CA-2018-129819,KC-16675,2018-12-13,US,South,United States,Corporate,Medium,12.39,3,0.0,0.0,1,1,0
CA-2018-154186,RA-19285,2018-12-13,US,Central,United States,Consumer,Medium,2.92,1,0.2,0.2,1,1,0
US-2018-102631,EB-13840,2018-12-13,US,Central,United States,Corporate,Medium,94.428,3,0.6,0.6,1,1,0
CA-2018-116568,BM-11785,2018-12-14,US,South,United States,Consumer,Medium,186.304,4,0.2,0.2,1,1,0
CA-2018-130575,CS-11845,2018-12-14,US,Central,United States,Corporate,Medium,9.263999999999998,3,0.8,0.8,1,1,0
CA-2018-145541,TB-21400,2018-12-14,US,East,United States,Consumer,Medium,6999.96,4,0.0,0.0,1,1,0
CA-2018-148950,JD-16015,2018-12-14,US,Central,United States,Consumer,Medium,43.016000000000005,9,0.4000000000000001,0.8,3,2,1
US-2018-123519,SS-20875,2018-12-14,US,East,United States,Consumer,Medium,403.114,3,0.2666666666666666,0.4,3,3,0
CA-2018-101602,MC-18100,2018-12-15,US,Central,United States,Consumer,Medium,803.9599999999999,8,0.25,0.3,2,2,0
CA-2018-116673,JO-15280,2018-12-15,US,West,United States,Consumer,Medium,6.16,2,0.0,0.0,1,1,0
CA-2018-119466,SP-20860,2018-12-15,US,Central,United States,Corporate,Medium,8.544,2,0.6,0.6,1,1,0
CA-2018-129938,EB-13705,2018-12-15,US,East,United States,Corporate,Medium,445.802,7,0.3,0.3,1,1,0
CA-2018-100706,LE-16810,2018-12-16,US,South,United States,Consumer,Medium,129.44,8,0.0,0.0,2,2,0
CA-2018-108273,EJ-13720,2018-12-16,US,Central,United States,Consumer,Medium,92.856,9,0.4,0.6,2,2,0
CA-2018-112718,KN-16450,2018-12-16,US,South,United States,Corporate,Medium,1.1670000000000005,1,0.7,0.7,1,1,0
CA-2018-113257,SC-20305,2018-12-16,US,Central,United States,Consumer,Medium,328.59200000000004,11,0.4,0.6,2,2,0
CA-2018-124247,SH-20635,2018-12-16,US,West,United States,Corporate,Medium,1403.9200000000003,5,0.2,0.2,1,1,0
CA-2018-136399,CC-12100,2018-12-16,US,West,United States,Home Office,Medium,1308.196,13,0.1,0.2,4,2,0
CA-2018-151379,SC-20695,2018-12-16,US,Central,United States,Corporate,Medium,114.2,5,0.0,0.0,1,1,0
CA-2018-153913,KB-16585,2018-12-16,US,South,United States,Corporate,Medium,1015.816,11,0.2,0.2,2,2,0
CA-2018-123925,RF-19840,2018-12-17,US,South,United States,Consumer,Medium,40.05,3,0.0,0.0,1,1,0
CA-2018-139633,EC-14050,2018-12-17,US,East,United States,Consumer,Medium,5.484000000000001,4,0.7,0.7,1,1,0
CA-2018-120768,IM-15070,2018-12-19,US,South,United States,Consumer,Medium,1979.89,21,0.0,0.0,3,2,0
CA-2018-162992,BP-11095,2018-12-19,US,West,United States,Corporate,Medium,832.1379999999999,16,0.1,0.2,4,2,0
CA-2018-169446,SG-20605,2018-12-19,US,Central,United States,Consumer,Medium,372.12000000000006,9,0.2,0.2,3,2,0
US-2018-150574,MK-18160,2018-12-19,US,South,United States,Consumer,Medium,252.612,7,0.4499999999999999,0.7,2,2,1
CA-2018-103100,AB-10105,2018-12-20,US,Central,United States,Consumer,Medium,1107.66,4,0.0,0.0,2,1,0
CA-2018-120852,WB-21850,2018-12-20,US,Central,United States,Consumer,Medium,84.87199999999999,7,0.5,0.8,2,2,0
CA-2018-134551,TS-21505,2018-12-20,US,South,United States,Consumer,Medium,732.312,15,0.2,0.2,3,2,0
CA-2018-136567,PS-19045,2018-12-20,US,South,United States,Home Office,Medium,2884.37,14,0.0,0.0,4,2,0
CA-2018-138681,CT-11995,2018-12-20,US,West,United States,Consumer,Medium,596.664,15,0.2,0.2,5,3,0
CA-2018-140816,TC-21295,2018-12-20,US,West,United States,Consumer,Medium,447.944,7,0.2,0.2,1,1,1
CA-2018-156594,MC-17845,2018-12-20,US,West,United States,Consumer,Medium,694.534,10,0.1,0.2,4,1,0
CA-2018-160157,MH-17455,2018-12-20,US,East,United States,Consumer,Medium,190.848,3,0.2,0.2,1,1,0
CA-2018-163412,SM-20950,2018-12-20,US,East,United States,Corporate,Medium,192.18600000000004,3,0.1,0.1,1,1,0
US-2018-109036,KH-16510,2018-12-20,US,West,United States,Consumer,Medium,31.05,3,0.0,0.0,1,1,0
CA-2018-109127,JC-15775,2018-12-21,US,East,United States,Consumer,Medium,17.28,6,0.0,0.0,1,1,0
CA-2018-134621,DP-13390,2018-12-21,US,South,United States,Home Office,Medium,18.24,2,0.7,0.7,1,1,0
CA-2018-154893,GM-14440,2018-12-21,US,West,United States,Consumer,Medium,1897.92,9,0.2,0.2,2,1,0
CA-2018-101364,TW-21025,2018-12-22,US,East,United States,Home Office,Medium,296.71200000000005,13,0.2,0.2,1,1,0
CA-2018-133543,KM-16660,2018-12-22,US,West,United States,Consumer,Medium,11.76,4,0.0,0.0,1,1,0
CA-2018-142510,NP-18700,2018-12-22,US,Central,United States,Consumer,Medium,274.096,11,0.4000000000000001,0.8,3,1,0
CA-2018-146864,BT-11530,2018-12-22,US,East,United States,Home Office,Medium,216.4,4,0.0,0.0,1,1,0
CA-2018-114517,TH-21235,2018-12-23,US,East,United States,Corporate,Medium,109.83599999999998,5,0.2,0.4,2,2,0
CA-2018-126333,ME-18010,2018-12-23,US,Central,United States,Corporate,Medium,5.184000000000001,1,0.2,0.2,1,1,0
CA-2018-142314,SF-20200,2018-12-23,US,Central,United States,Consumer,Medium,207.24,11,0.0,0.0,1,1,0
CA-2018-154158,CC-12670,2018-12-23,US,South,United States,Consumer,Medium,619.8480000000001,12,0.2,0.2,5,2,0
CA-2018-113166,LF-17185,2018-12-24,US,South,United States,Consumer,Medium,9.568,2,0.2,0.2,1,1,0
CA-2018-132913,AS-10090,2018-12-24,US,West,United States,Consumer,Medium,13.97,1,0.0,0.0,1,1,0
CA-2018-156314,RP-19390,2018-12-24,US,East,United States,Consumer,Medium,30.36,5,0.2,0.2,1,1,0
US-2018-138247,BF-11170,2018-12-24,US,West,United States,Home Office,Medium,1461.172,17,0.0666666666666666,0.2,6,3,0
US-2018-167738,JC-16105,2018-12-24,US,West,United States,Corporate,Medium,435.13200000000006,7,0.1,0.2,2,2,0
CA-2018-101427,AY-10555,2018-12-26,US,East,United States,Corporate,Medium,8.016,3,0.2,0.2,1,1,0
CA-2018-106264,CK-12595,2018-12-26,US,West,United States,Consumer,Medium,15.39,5,0.0,0.0,2,2,0
CA-2018-111451,KL-16555,2018-12-26,US,West,United States,Corporate,Medium,855.272,22,0.3,0.7,5,2,0
CA-2018-139598,MG-17695,2018-12-26,US,East,United States,Consumer,Medium,361.60800000000006,11,0.2,0.2,4,1,0
CA-2018-168473,TB-21520,2018-12-26,US,East,United States,Consumer,Medium,191.88,6,0.0,0.0,1,1,0
US-2018-111171,CA-12265,2018-12-26,US,Central,United States,Consumer,Medium,8.689999999999998,5,0.8,0.8,1,1,0
US-2018-152030,AD-10180,2018-12-26,US,Central,United States,Home Office,Medium,600.558,3,0.3,0.3,1,1,0
CA-2018-120243,AT-10435,2018-12-27,US,West,United States,Home Office,Medium,11.56,4,0.0,0.0,1,1,0
CA-2018-148383,RP-19390,2018-12-27,US,West,United States,Consumer,Medium,946.7640000000002,6,0.7,0.7,1,1,0
CA-2018-153087,TC-20980,2018-12-27,US,South,United States,Corporate,Medium,521.92,9,0.0,0.0,2,2,0
CA-2018-162866,Co-12640,2018-12-27,US,Central,United States,Consumer,Medium,62.96800000000001,10,0.4,0.6,2,2,0
CA-2018-163447,TB-21190,2018-12-27,US,East,United States,Home Office,Medium,767.214,14,0.1,0.1,1,1,0
CA-2018-165393,NC-18415,2018-12-27,US,Central,United States,Consumer,Medium,4.983999999999999,1,0.8,0.8,1,1,0
CA-2018-166961,CD-12790,2018-12-27,US,West,United States,Home Office,Medium,107.346,10,0.05,0.2,4,1,0
US-2018-106334,JF-15490,2018-12-27,US,West,United States,Consumer,Medium,243.12000000000003,6,0.1,0.2,2,2,0
US-2018-159611,KB-16315,2018-12-27,US,East,United States,Consumer,Medium,300.51200000000006,5,0.2,0.2,2,2,0
CA-2018-141313,AJ-10780,2018-12-28,US,East,United States,Corporate,Medium,2583.19,15,0.0,0.0,3,1,0
CA-2018-143371,MD-17350,2018-12-28,US,West,United States,Consumer,Medium,1049.97,14,0.0,0.0,2,1,0
CA-2018-164259,SP-20860,2018-12-28,US,East,United States,Corporate,Medium,99.136,4,0.2,0.2,1,1,0
CA-2018-102330,AI-10855,2018-12-29,US,West,United States,Consumer,Medium,408.768,10,0.1,0.2,2,2,0
CA-2018-106803,DC-13285,2018-12-29,US,Central,United States,Consumer,Medium,144.36,6,0.0,0.0,2,2,0
CA-2018-110786,AJ-10795,2018-12-29,US,West,United States,Corporate,Medium,1365.63,36,0.0857142857142857,0.2,7,3,1
CA-2018-118276,MG-17890,2018-12-29,US,Central,United States,Home Office,Medium,8.736,3,0.6,0.6,1,1,0
CA-2018-126802,ZC-21910,2018-12-29,US,Central,United States,Consumer,Medium,38.976,3,0.6,0.6,1,1,0
CA-2018-152345,ST-20530,2018-12-29,US,West,United States,Consumer,Medium,57.266000000000005,4,0.1,0.2,2,2,1
CA-2018-165477,RE-19405,2018-12-29,US,East,United States,Consumer,Medium,48.36,5,0.2,0.2,1,1,0
CA-2018-104738,SP-20620,2018-12-30,US,Central,United States,Corporate,Medium,609.6140000000001,13,0.32,0.8,5,2,0
CA-2018-130960,KB-16600,2018-12-30,US,Central,United States,Corporate,Medium,9.84,3,0.0,0.0,1,1,0
CA-2018-131800,AJ-10960,2018-12-30,US,East,United States,Consumer,Medium,158.388,10,0.1,0.2,2,1,0
CA-2018-138072,GA-14725,2018-12-30,US,East,United States,Consumer,Medium,27.968000000000004,2,0.2,0.2,1,1,0
CA-2018-166730,DD-13570,2018-12-30,US,South,United States,Consumer,Medium,39.128,1,0.2,0.2,1,1,0
US-2018-115189,AR-10345,2018-12-30,US,East,United States,Corporate,Medium,775.728,9,0.4,0.4,2,2,0
US-2018-169789,MF-17665,2018-12-30,US,West,United States,Corporate,Medium,551.9850000000001,5,0.7,0.7,1,1,0
CA-2018-111150,RW-19630,2018-12-31,US,Central,United States,Corporate,Medium,77.21000000000001,14,0.0,0.0,2,2,0
CA-2018-127383,CM-11815,2018-12-31,US,Central,United States,Corporate,Medium,49.568000000000005,2,0.2,0.2,1,1,0
CA-2018-133592,KM-16375,2018-12-31,US,East,United States,Home Office,Medium,2846.22,19,0.0,0.0,5,3,0
CA-2018-150245,PC-18745,2018-12-31,US,East,United States,Corporate,Medium,1573.488,7,0.2,0.2,1,1,0
CA-2018-157644,AH-10030,2018-12-31,US,East,United States,Corporate,Medium,53.67,6,0.0,0.0,2,2,0
US-2018-133949,JL-15175,2018-12-31,US,West,United States,Home Office,Medium,475.944,7,0.2,0.2,1,1,0
US-2018-143231,GM-14455,2018-12-31,US,East,United States,Home Office,Medium,177.17000000000002,8,0.0,0.0,2,2,0
CA-2019-104514,CB-12535,2019-01-02,US,East,United States,Corporate,Medium,115.4,8,0.0,0.0,3,1,0
CA-2019-146262,VW-21775,2019-01-02,US,East,United States,Corporate,Medium,1816.696,21,0.4,0.7,5,3,1
CA-2019-121097,SF-20965,2019-01-03,US,Central,United States,Corporate,Medium,10.368000000000002,2,0.2,0.2,1,1,0
CA-2019-141243,AH-10465,2019-01-03,US,Central,United States,Consumer,Medium,1757.8536,17,0.24,0.32,3,3,0
CA-2019-104241,AG-10495,2019-01-04,US,South,United States,Corporate,Medium,192.22,14,0.0,0.0,1,1,0
CA-2019-149811,CS-12250,2019-01-04,US,Central,United States,Corporate,Medium,72.24000000000001,8,0.0,0.0,2,1,0
CA-2019-108588,BG-11695,2019-01-05,US,East,United States,Corporate,Medium,90.168,7,0.0666666666666666,0.2,3,1,0
CA-2019-154970,SR-20740,2019-01-05,US,West,United States,Home Office,Medium,61.584,1,0.2,0.2,1,1,1
CA-2019-158701,JL-15175,2019-01-05,US,West,United States,Home Office,Medium,143.51999999999998,12,0.1,0.2,2,1,0
CA-2019-149636,SP-20620,2019-01-06,US,West,United States,Corporate,Medium,31.538000000000004,7,0.4499999999999999,0.7,2,1,1
CA-2019-119480,CC-12685,2019-01-09,US,South,United States,Consumer,Medium,364.07,13,0.0,0.0,4,1,0
US-2019-157154,MM-17920,2019-01-10,US,East,United States,Consumer,Medium,1018.104,4,0.4,0.4,1,1,0
CA-2019-128608,CS-12490,2019-01-12,US,East,United States,Corporate,Medium,389.434,13,0.32,0.4,5,2,0
CA-2019-156755,YS-21880,2019-01-12,US,East,United States,Corporate,Medium,465.18,3,0.0,0.0,1,1,0
CA-2019-137526,PB-19150,2019-01-13,US,West,United States,Consumer,Medium,612.458,16,0.0666666666666666,0.2,3,2,0
CA-2019-169677,KS-16300,2019-01-13,US,South,United States,Corporate,Medium,9.82,2,0.0,0.0,1,1,0
CA-2019-151547,AH-10465,2019-01-17,US,South,United States,Consumer,Medium,88.96000000000001,8,0.2,0.2,1,1,1
CA-2019-152681,SC-20260,2019-01-17,US,East,United States,Corporate,Medium,6.68,2,0.0,0.0,1,1,0
US-2019-101399,JS-15940,2019-01-17,US,Central,United States,Home Office,Medium,254.74400000000003,7,0.6,0.6,1,1,0
CA-2019-141250,PM-18940,2019-01-19,US,Central,United States,Consumer,Medium,301.742,5,0.3,0.3,2,1,0
CA-2019-119214,CW-11905,2019-01-23,US,West,United States,Home Office,Medium,43.66,5,0.0,0.0,2,1,1
CA-2019-128958,CR-12820,2019-01-24,US,South,United States,Home Office,Medium,13.12,5,0.2,0.2,1,1,0
CA-2019-109603,EM-13825,2019-01-26,US,West,United States,Corporate,Medium,182.72,8,0.0,0.0,1,1,0
CA-2019-164777,SC-20305,2019-01-27,US,West,United States,Consumer,Medium,2803.92,5,0.2,0.2,1,1,0
CA-2019-168746,SV-20365,2019-01-27,US,East,United States,Consumer,Medium,769.332,7,0.3666666666666667,0.4,3,2,0
CA-2019-116638,JH-15985,2019-01-28,US,South,United States,Consumer,Medium,4297.644,13,0.4,0.4,1,1,0
CA-2019-121797,CC-12145,2019-01-30,US,West,United States,Consumer,Medium,2147.336,10,0.1,0.2,2,2,0
CA-2019-145401,JP-15520,2019-01-30,US,Central,United States,Consumer,Medium,14.303999999999998,6,0.2,0.2,1,1,0
CA-2019-149587,KB-16315,2019-01-31,US,Central,United States,Consumer,Medium,99.26,7,0.0,0.0,3,2,0
CA-2019-103093,FO-14305,2019-02-03,US,South,United States,Consumer,Medium,74.52,9,0.0,0.0,1,1,0
CA-2019-127327,PW-19030,2019-02-03,US,East,United States,Corporate,Medium,90.882,1,0.1,0.1,1,1,0
CA-2019-132633,KH-16630,2019-02-03,US,West,United States,Corporate,Medium,12.144,3,0.2,0.2,1,1,0
CA-2019-140921,AA-10375,2019-02-03,US,Central,United States,Consumer,Medium,178.37,5,0.0,0.0,2,2,0
CA-2019-157959,RW-19540,2019-02-03,US,West,United States,Corporate,Medium,136.92,4,0.0,0.0,1,1,0
CA-2019-104038,LO-17170,2019-02-06,US,South,United States,Corporate,Medium,176.63,8,0.0,0.0,2,1,0
CA-2019-111507,VW-21775,2019-02-06,US,West,United States,Corporate,Medium,5.28,3,0.0,0.0,1,1,0
CA-2019-137064,TS-21655,2019-02-06,US,Central,United States,Consumer,Medium,692.214,8,0.4000000000000001,0.8,3,2,0
CA-2019-156482,IL-15100,2019-02-06,US,East,United States,Consumer,Medium,1558.4199999999998,15,0.0,0.0,3,2,0
CA-2019-147529,DK-12835,2019-02-07,US,South,United States,Corporate,Medium,324.11,7,0.0,0.0,2,1,0
CA-2019-114923,LH-17020,2019-02-08,US,East,United States,Consumer,Medium,107.982,3,0.4,0.4,1,1,0
US-2019-130491,BH-11710,2019-02-08,US,Central,United States,Consumer,Medium,21.11,5,0.0,0.0,3,1,0
CA-2019-101007,MS-17980,2019-02-09,US,Central,United States,Corporate,Medium,20.8,2,0.2,0.2,1,1,0
CA-2019-135391,FA-14230,2019-02-09,US,Central,United States,Corporate,Medium,80.88,6,0.4,0.6,2,2,0
CA-2019-146038,SJ-20215,2019-02-09,US,West,United States,Consumer,Medium,203.92,5,0.2,0.2,1,1,0
US-2019-153374,JF-15565,2019-02-09,US,Central,United States,Consumer,Medium,479.952,6,0.2,0.2,1,1,0
CA-2019-101126,NB-18655,2019-02-10,US,East,United States,Corporate,Medium,77.24000000000001,5,0.2,0.2,1,1,0
CA-2019-116876,TT-21070,2019-02-14,US,East,United States,Consumer,Medium,652.414,10,0.1,0.2,2,2,0
US-2019-147662,KB-16315,2019-02-14,US,East,United States,Consumer,Medium,427.548,13,0.44,0.7,5,2,0
CA-2019-116092,JM-16195,2019-02-15,US,West,United States,Consumer,Medium,627.4799999999999,21,0.08,0.2,5,1,1
CA-2019-154326,RP-19855,2019-02-15,US,Central,United States,Corporate,Medium,974.9,10,0.0,0.0,3,1,0
CA-2019-121776,RD-19585,2019-02-16,US,West,United States,Consumer,Medium,124.54999999999998,10,0.0,0.0,2,1,0
CA-2019-156923,SP-20860,2019-02-16,US,East,United States,Corporate,Medium,35.88,6,0.0,0.0,1,1,0
CA-2019-105725,GT-14755,2019-02-18,US,West,United States,Consumer,Medium,96.604,3,0.1,0.2,2,2,0
CA-2019-111234,AB-10600,2019-02-18,US,West,United States,Corporate,Medium,9.24,3,0.0,0.0,1,1,0
CA-2019-152611,KA-16525,2019-02-20,US,East,United States,Consumer,Medium,286.79,7,0.0,0.0,1,1,0
CA-2019-169740,LM-17065,2019-02-20,US,South,United States,Consumer,Medium,29.99,1,0.0,0.0,1,1,0
CA-2019-129770,JE-15715,2019-02-21,US,West,United States,Consumer,Medium,49.12,4,0.0,0.0,1,1,0
CA-2019-162782,PW-19240,2019-02-21,US,East,United States,Consumer,Medium,2541.98,2,0.0,0.0,1,1,0
CA-2019-132374,PS-19045,2019-02-22,US,Central,United States,Home Office,Medium,79.36,4,0.0,0.0,1,1,1
CA-2019-132276,LC-16960,2019-02-23,US,East,United States,Home Office,Medium,37.776,8,0.1,0.2,2,1,0
CA-2019-154900,SS-20875,2019-02-25,US,East,United States,Consumer,Medium,25.87,5,0.0,0.0,2,1,0
CA-2019-104129,ES-14080,2019-02-27,US,East,United States,Corporate,Medium,599.8999999999999,9,0.15,0.3,2,2,1
CA-2019-111325,BT-11395,2019-02-27,US,East,United States,Corporate,Medium,20.451,9,0.4499999999999999,0.7,2,1,0
CA-2019-138485,NP-18670,2019-02-27,US,West,United States,Consumer,Medium,538.9200000000001,9,0.0,0.0,1,1,0
US-2019-145436,VD-21670,2019-02-28,US,South,United States,Consumer,Medium,551.264,10,0.2,0.2,2,1,0
CA-2019-102316,DH-13075,2019-03-01,US,West,United States,Corporate,Medium,200.736,5,0.2,0.2,2,2,0
CA-2019-104052,TP-21565,2019-03-01,US,Central,United States,Corporate,Medium,95.84,4,0.2,0.2,1,1,0
CA-2019-133494,RP-19390,2019-03-01,US,East,United States,Consumer,Medium,3.5520000000000005,2,0.2,0.2,1,1,0
CA-2019-133585,CM-12715,2019-03-01,US,Central,United States,Corporate,Medium,1283.3264,8,0.26,0.32,2,2,0
CA-2019-153325,ST-20530,2019-03-01,US,South,United States,Consumer,Medium,58.72,4,0.0,0.0,1,1,0
CA-2019-105970,PA-19060,2019-03-02,US,Central,United States,Home Office,Medium,112.04,7,0.0,0.0,2,1,0
CA-2019-110457,DK-13090,2019-03-02,US,West,United States,Consumer,Medium,787.53,3,0.0,0.0,1,1,0
CA-2019-109001,KN-16390,2019-03-05,US,East,United States,Corporate,Medium,479.026,11,0.4333333333333333,0.7,3,2,0
CA-2019-109512,LF-17185,2019-03-05,US,East,United States,Consumer,Medium,976.347,14,0.0333333333333333,0.1,3,2,0
CA-2019-120320,MV-18190,2019-03-05,US,Central,United States,Consumer,Medium,31.92,2,0.2,0.2,1,1,0
CA-2019-125185,AH-10195,2019-03-05,US,East,United States,Corporate,Medium,132.94,4,0.25,0.3,2,1,0
CA-2019-140221,MS-17365,2019-03-05,US,Central,United States,Consumer,Medium,257.31999999999994,11,0.6,0.8,4,2,0
CA-2019-151785,JJ-15445,2019-03-05,US,Central,United States,Consumer,Medium,7.103999999999999,6,0.2,0.2,1,1,0
CA-2019-153108,SF-20200,2019-03-05,US,Central,United States,Consumer,Medium,84.61,9,0.0,0.0,2,2,0
CA-2019-142944,JL-15850,2019-03-06,US,West,United States,Consumer,Medium,1555.244,9,0.1,0.2,2,2,0
CA-2019-146255,EM-14140,2019-03-07,US,East,United States,Home Office,Medium,807.5400000000001,10,0.0,0.0,4,2,1
CA-2019-105627,DK-12895,2019-03-08,US,Central,United States,Consumer,Medium,2531.88,22,0.0,0.0,5,3,0
CA-2019-107741,FC-14335,2019-03-08,US,West,United States,Corporate,Medium,3.408,1,0.2,0.2,1,1,0
CA-2019-132136,FO-14305,2019-03-08,US,Central,United States,Consumer,Medium,8.567999999999998,3,0.8,0.8,1,1,0
CA-2019-160213,AR-10825,2019-03-08,US,East,United States,Corporate,Medium,19.44,3,0.0,0.0,1,1,0
CA-2019-110345,TG-21310,2019-03-09,US,South,United States,Consumer,Medium,4.608,2,0.2,0.2,1,1,0
CA-2019-123155,NS-18640,2019-03-09,US,Central,United States,Corporate,Medium,473.4,8,0.2,0.2,2,1,0
CA-2019-146829,TS-21340,2019-03-10,US,Central,United States,Consumer,Medium,1.1119999999999997,2,0.8,0.8,1,1,0
US-2019-118906,KB-16585,2019-03-10,US,East,United States,Corporate,Medium,89.82000000000001,6,0.0,0.0,1,1,0
CA-2019-128083,EB-13750,2019-03-12,US,South,United States,Corporate,Medium,45.976000000000006,10,0.2,0.2,3,2,0
CA-2019-148705,EB-14170,2019-03-12,US,South,United States,Consumer,Medium,5.04,2,0.2,0.2,1,1,0
CA-2019-114237,MC-17275,2019-03-13,US,West,United States,Consumer,Medium,141.96,2,0.0,0.0,1,1,0
US-2019-139675,NF-18595,2019-03-13,US,West,United States,Home Office,Medium,1242.8960000000002,12,0.1,0.2,2,1,0
CA-2019-163587,EP-13915,2019-03-14,US,East,United States,Consumer,Medium,688.4599999999999,7,0.0,0.0,2,1,0
CA-2019-167479,AI-10855,2019-03-14,US,West,United States,Consumer,Medium,19.44,3,0.0,0.0,1,1,0
CA-2019-155124,KS-16300,2019-03-15,US,West,United States,Corporate,Medium,16.776000000000003,3,0.2,0.2,1,1,0
CA-2019-112116,JE-15475,2019-03-16,US,West,United States,Consumer,Medium,171.96,2,0.0,0.0,1,1,0
CA-2019-134257,MS-17710,2019-03-16,US,South,United States,Consumer,Medium,498.93,7,0.0,0.0,2,1,0
CA-2019-144722,MF-18250,2019-03-16,US,West,United States,Corporate,Medium,43.13,1,0.0,0.0,1,1,0
CA-2019-145352,CM-12385,2019-03-16,US,South,United States,Consumer,Medium,6412.77,12,0.0,0.0,4,1,0
CA-2019-153906,MS-17980,2019-03-16,US,East,United States,Corporate,Medium,85.9,2,0.0,0.0,1,1,0
US-2019-150231,JK-15640,2019-03-16,US,East,United States,Home Office,Medium,17.52,3,0.0,0.0,1,1,0
CA-2019-110632,HR-14830,2019-03-17,US,East,United States,Corporate,Medium,48.84,3,0.0,0.0,2,2,0
CA-2019-111829,FH-14365,2019-03-19,US,West,United States,Corporate,Medium,4607.27,12,0.0,0.0,3,2,0
CA-2019-113110,BK-11260,2019-03-19,US,West,United States,Consumer,Medium,105.688,14,0.05,0.2,4,1,0
CA-2019-132101,JO-15550,2019-03-19,US,West,United States,Home Office,Medium,453.576,3,0.2,0.2,1,1,0
CA-2019-143532,DC-12850,2019-03-19,US,South,United States,Consumer,Medium,14.496000000000002,3,0.2,0.2,1,1,0
CA-2019-149993,GA-14725,2019-03-19,US,West,United States,Consumer,Medium,10.9,5,0.0,0.0,1,1,0
CA-2019-163104,MC-18130,2019-03-19,US,West,United States,Corporate,Medium,11.96,2,0.0,0.0,1,1,0
CA-2019-168088,CM-12655,2019-03-19,US,Central,United States,Home Office,Medium,449.0496,6,0.26,0.32,2,2,0
CA-2019-106565,BW-11110,2019-03-20,US,Central,United States,Corporate,Medium,51.84,8,0.0,0.0,1,1,0
CA-2019-127607,JK-15730,2019-03-20,US,Central,United States,Consumer,Medium,21.376,11,0.5,0.8,2,1,0
CA-2019-159534,DH-13075,2019-03-20,US,East,United States,Corporate,Medium,1445.6740000000002,18,0.08,0.2,5,2,0
CA-2019-165813,BM-11785,2019-03-20,US,West,United States,Consumer,Medium,29.304,3,0.2,0.2,1,1,0
CA-2019-120621,JW-16075,2019-03-21,US,South,United States,Consumer,Medium,1270.379,21,0.3666666666666667,0.7,3,1,0
CA-2019-117884,DC-13285,2019-03-22,US,South,United States,Consumer,Medium,598.352,16,0.2,0.2,2,2,0
CA-2019-121552,FW-14395,2019-03-22,US,South,United States,Corporate,Medium,19.56,4,0.0,0.0,1,1,0
CA-2019-157812,DB-13210,2019-03-22,US,Central,United States,Consumer,Medium,162.072,12,0.4000000000000001,0.8,3,2,1
CA-2019-163440,RD-19900,2019-03-22,US,West,United States,Consumer,Medium,15.984000000000002,2,0.2,0.2,1,1,0
US-2019-163279,JD-16150,2019-03-22,US,West,United States,Corporate,Medium,1685.456,9,0.0666666666666666,0.2,3,3,0
CA-2019-130218,SG-20470,2019-03-23,US,South,United States,Consumer,Medium,59.48,8,0.0,0.0,2,1,0
CA-2019-138219,BP-11095,2019-03-23,US,West,United States,Corporate,Medium,33.36,4,0.0,0.0,1,1,0
US-2019-107944,AM-10360,2019-03-23,US,West,United States,Corporate,Medium,432.69,14,0.0,0.0,2,2,0
US-2019-125374,JD-16060,2019-03-23,US,Central,United States,Consumer,Medium,107.772,2,0.3,0.3,1,1,0
CA-2019-118423,DP-13390,2019-03-24,US,Central,United States,Home Office,Medium,359.05799999999994,3,0.3,0.3,1,1,0
CA-2019-145457,CP-12085,2019-03-24,US,West,United States,Corporate,Medium,46.900000000000006,5,0.0,0.0,1,1,0
US-2019-112508,BP-11185,2019-03-24,US,South,United States,Corporate,Medium,6.992000000000001,2,0.2,0.2,1,1,0
CA-2019-103793,BV-11245,2019-03-26,US,South,United States,Corporate,Medium,74.352,3,0.2,0.2,1,1,0
CA-2019-164301,EB-13840,2019-03-26,US,West,United States,Corporate,Medium,3393.68,8,0.0,0.0,1,1,0
CA-2019-167374,GM-14500,2019-03-26,US,East,United States,Consumer,Medium,56.80800000000001,9,0.2,0.2,2,2,0
US-2019-116981,SM-20950,2019-03-26,US,East,United States,Corporate,Medium,1098.53,10,0.0,0.0,2,1,0
CA-2019-132948,MV-17485,2019-03-27,US,West,United States,Consumer,Medium,83.69999999999999,5,0.0,0.0,1,1,0
CA-2019-131534,AB-10165,2019-03-28,US,West,United States,Consumer,Medium,199.64,6,0.0,0.0,2,2,0
CA-2019-133536,JH-15820,2019-03-28,US,East,United States,Consumer,Medium,22.92,3,0.0,0.0,1,1,0
CA-2019-135363,CK-12205,2019-03-28,US,East,United States,Consumer,Medium,20.784,4,0.2,0.2,2,1,0
CA-2019-105361,CM-12115,2019-03-29,US,East,United States,Consumer,Medium,17.64,4,0.0,0.0,1,1,0
CA-2019-121272,DO-13435,2019-03-29,US,West,United States,Consumer,Medium,73.28,4,0.0,0.0,1,1,0
CA-2019-150749,AS-10240,2019-03-29,US,South,United States,Consumer,Medium,5.56,2,0.0,0.0,1,1,0
CA-2019-153549,SL-20155,2019-03-29,US,South,United States,Home Office,Medium,1166.92,5,0.2,0.2,1,1,0
US-2019-103996,RB-19435,2019-03-29,US,West,United States,Consumer,Medium,295.68,15,0.0,0.0,4,3,0
CA-2019-104871,DR-12940,2019-03-30,US,Central,United States,Home Office,Medium,366.744,4,0.3,0.3,1,1,0
CA-2019-121405,FC-14335,2019-03-30,US,Central,United States,Corporate,Medium,204.48,10,0.2,0.2,2,2,0
CA-2019-128125,EB-13705,2019-03-31,US,Central,United States,Corporate,Medium,120.756,6,0.4,0.6,2,2,0
CA-2019-137106,SC-20260,2019-03-31,US,South,United States,Corporate,Medium,79.96,5,0.2,0.2,1,1,0
CA-2019-136378,CS-11845,2019-04-02,US,Central,United States,Corporate,Medium,9.155999999999995,3,0.8,0.8,1,1,0
US-2019-122140,MO-17950,2019-04-02,US,Central,United States,Consumer,Medium,130.288,12,0.4000000000000001,0.8,3,2,0
US-2019-142811,JL-15850,2019-04-02,US,West,United States,Consumer,Medium,87.8,5,0.2,0.2,1,1,0
US-2019-159513,JD-15790,2019-04-02,US,West,United States,Consumer,Medium,71.976,3,0.2,0.2,1,1,0
CA-2019-110667,NF-18595,2019-04-04,US,East,United States,Home Office,Medium,210.992,11,0.1,0.2,4,2,0
CA-2019-112452,NC-18340,2019-04-04,US,Central,United States,Consumer,Medium,1273.606,9,0.02,0.1,5,2,0
CA-2019-102855,JF-15415,2019-04-05,US,West,United States,Consumer,Medium,263.78,14,0.0,0.0,2,2,0
CA-2019-119942,TT-21070,2019-04-05,US,East,United States,Consumer,Medium,23.904000000000003,6,0.2,0.2,1,1,0
CA-2019-161452,CA-11965,2019-04-05,US,West,United States,Corporate,Medium,892.224,3,0.2,0.2,1,1,0
CA-2019-167010,VT-21700,2019-04-05,US,East,United States,Home Office,Medium,1636.356,32,0.35,0.7,8,3,0
US-2019-136476,GG-14650,2019-04-05,US,South,United States,Corporate,Medium,157.79400000000004,1,0.7,0.7,1,1,0
CA-2019-100888,MH-17455,2019-04-06,US,South,United States,Consumer,Medium,47.952000000000005,3,0.2,0.2,1,1,0
CA-2019-124541,TT-21220,2019-04-06,US,Central,United States,Consumer,Medium,92.052,22,0.44,0.8,5,2,0
CA-2019-130554,FM-14290,2019-04-07,US,East,United States,Home Office,Medium,11.736,3,0.2,0.2,1,1,0
CA-2019-140025,PF-19120,2019-04-07,US,Central,United States,Consumer,Medium,847.1999999999998,14,0.5,0.8,2,2,0
CA-2019-166492,RP-19390,2019-04-07,US,East,United States,Consumer,Medium,48.5,6,0.0,0.0,2,1,0
CA-2019-101000,IG-15085,2019-04-09,US,East,United States,Consumer,Medium,370.14,3,0.0,0.0,1,1,0
CA-2019-116512,MC-18100,2019-04-09,US,East,United States,Consumer,Medium,17.94,3,0.0,0.0,1,1,0
CA-2019-142027,JK-15370,2019-04-09,US,West,United States,Consumer,Medium,369.912,3,0.2,0.2,1,1,0
CA-2019-134201,EH-14125,2019-04-10,US,East,United States,Home Office,Medium,156.70999999999998,7,0.0,0.0,2,1,1
CA-2019-168767,DM-12955,2019-04-10,US,West,United States,Corporate,Medium,12.832,2,0.2,0.2,1,1,0
CA-2019-111164,SE-20110,2019-04-11,US,East,United States,Consumer,Medium,513.73,9,0.0,0.0,3,2,0
CA-2019-125563,PR-18880,2019-04-11,US,South,United States,Consumer,Medium,121.888,5,0.2,0.2,2,1,0
US-2019-136987,AR-10540,2019-04-11,US,West,United States,Consumer,Medium,692.7280000000001,6,0.1,0.2,2,2,1
CA-2019-145415,RD-19660,2019-04-12,US,West,United States,Home Office,Medium,40.74,3,0.0,0.0,1,1,0
CA-2019-100216,HJ-14875,2019-04-13,US,West,United States,Home Office,Medium,85.92000000000002,9,0.2,0.2,2,1,0
CA-2019-106257,EB-14110,2019-04-13,US,West,United States,Consumer,Medium,721.488,4,0.2,0.2,2,2,0
CA-2019-120551,SS-20590,2019-04-13,US,Central,United States,Consumer,Medium,17.43,3,0.0,0.0,1,1,0
CA-2019-133452,ZC-21910,2019-04-13,US,West,United States,Consumer,Medium,910.792,7,0.1,0.2,2,2,0
CA-2019-133837,TH-21100,2019-04-13,US,West,United States,Consumer,Medium,10.744,1,0.2,0.2,1,1,0
CA-2019-149678,AW-10840,2019-04-13,US,West,United States,Consumer,Medium,12.88,1,0.0,0.0,1,1,0
US-2019-120502,BT-11395,2019-04-13,US,West,United States,Corporate,Medium,372.096,6,0.0666666666666666,0.2,3,3,0
US-2019-168704,FP-14320,2019-04-13,US,Central,United States,Consumer,Medium,1061.328,9,0.2666666666666666,0.3,3,2,0
CA-2019-116841,TP-21130,2019-04-14,US,West,United States,Consumer,Medium,35.208,1,0.2,0.2,1,1,0
CA-2019-106215,BN-11470,2019-04-16,US,East,United States,Corporate,Medium,12.576,4,0.2,0.2,1,1,0
CA-2019-137974,LL-16840,2019-04-16,US,South,United States,Consumer,Medium,2298.9,19,0.0,0.0,4,3,0
CA-2019-142734,DM-13345,2019-04-16,US,East,United States,Corporate,Medium,127.764,2,0.1,0.1,1,1,0
CA-2019-146675,SB-20185,2019-04-16,US,Central,United States,Consumer,Medium,1483.528,7,0.2,0.2,2,1,0
CA-2019-161263,TS-21160,2019-04-16,US,East,United States,Corporate,Medium,239.204,22,0.3166666666666666,0.7,6,2,0
CA-2019-148712,JM-15535,2019-04-17,US,East,United States,Consumer,Medium,172.606,17,0.0666666666666666,0.2,3,2,0
CA-2019-155306,GA-14515,2019-04-17,US,West,United States,Consumer,Medium,2572.5,17,0.04,0.2,5,2,0
CA-2019-102722,KW-16570,2019-04-18,US,South,United States,Consumer,Medium,106.5,6,0.0,0.0,1,1,0
CA-2019-115742,DP-13000,2019-04-18,US,Central,United States,Consumer,Medium,209.55,15,0.0,0.0,4,2,0
CA-2019-142601,DE-13255,2019-04-18,US,West,United States,Home Office,Medium,1009.13,9,0.0,0.0,2,1,1
US-2019-113593,NC-18415,2019-04-18,US,West,United States,Consumer,Medium,115.44,3,0.0,0.0,1,1,0
US-2019-134271,RF-19735,2019-04-18,US,East,United States,Consumer,Medium,21.93,3,0.0,0.0,1,1,0
US-2019-163433,MP-17965,2019-04-18,US,Central,United States,Corporate,Medium,544.41,21,0.3444444444444444,0.8,9,3,0
US-2019-155369,PG-18820,2019-04-19,US,Central,United States,Consumer,Medium,329.9599999999999,6,0.8,0.8,2,1,0
CA-2019-109169,OT-18730,2019-04-20,US,Central,United States,Consumer,Medium,180.96,2,0.0,0.0,1,1,0
CA-2019-142433,ES-14020,2019-04-20,US,Central,United States,Consumer,Medium,117.456,3,0.2,0.2,1,1,0
CA-2019-149342,TS-21160,2019-04-20,US,South,United States,Corporate,Medium,896.31,11,0.0,0.0,3,3,1
CA-2019-107678,JK-16090,2019-04-21,US,South,United States,Consumer,Medium,893.09,13,0.0,0.0,4,3,1
CA-2019-151253,AZ-10750,2019-04-22,US,West,United States,Consumer,Medium,152.916,6,0.1,0.2,2,2,0
CA-2019-118227,DB-13270,2019-04-24,US,East,United States,Home Office,Medium,25.99,1,0.0,0.0,1,1,0
CA-2019-112557,JL-15850,2019-04-25,US,East,United States,Consumer,Medium,206.43,3,0.0,0.0,1,1,0
CA-2019-115420,LS-16945,2019-04-25,US,West,United States,Corporate,Medium,21.34,2,0.0,0.0,1,1,0
CA-2019-130365,ZC-21910,2019-04-25,US,Central,United States,Consumer,Medium,349.082,5,0.25,0.3,2,2,0
CA-2019-143602,JS-15595,2019-04-25,US,West,United States,Corporate,Medium,13.944,3,0.2,0.2,1,1,1
CA-2019-153878,TS-21655,2019-04-25,US,Central,United States,Consumer,Medium,330.15,10,0.0,0.0,2,1,0
CA-2019-122266,SA-20830,2019-04-26,US,South,United States,Consumer,Medium,194.1395,2,0.325,0.45,2,2,0
CA-2019-137302,BW-11110,2019-04-26,US,West,United States,Corporate,Medium,485.7840000000001,12,0.15,0.2,4,3,0
US-2019-114839,PW-19240,2019-04-26,US,Central,United States,Consumer,Medium,408.422,2,0.3,0.3,1,1,0
US-2019-134026,JE-15745,2019-04-26,US,South,United States,Consumer,Medium,1001.7600000000002,11,0.2,0.2,3,2,0
CA-2019-124450,GT-14710,2019-04-27,US,East,United States,Consumer,Medium,2670.19,14,0.0,0.0,3,3,0
CA-2019-151841,TC-21475,2019-04-27,US,West,United States,Home Office,Medium,49.400000000000006,7,0.2,0.2,2,1,0
CA-2019-120782,SD-20485,2019-04-28,US,Central,United States,Home Office,Medium,3999.702,4,0.05,0.1,2,1,0
CA-2019-130792,RA-19915,2019-04-28,US,Central,United States,Consumer,Medium,44.66,10,0.6,0.8,3,1,0
CA-2019-157434,JK-15640,2019-04-29,US,East,United States,Home Office,Medium,7.968000000000001,2,0.2,0.2,1,1,0
CA-2019-103716,KB-16585,2019-04-30,US,West,United States,Corporate,Medium,54.45,8,0.1,0.2,2,2,1
CA-2019-135174,BP-11230,2019-04-30,US,East,United States,Consumer,Medium,1022.97,5,0.4,0.4,1,1,0
US-2019-115238,JW-15220,2019-04-30,US,East,United States,Corporate,Medium,281.16,22,0.0,0.0,5,3,0
US-2019-164175,PS-18970,2019-04-30,US,Central,United States,Home Office,Medium,213.115,5,0.3,0.3,1,1,0
CA-2019-104486,PO-18850,2019-05-01,US,West,United States,Consumer,Medium,84.55600000000001,6,0.0666666666666666,0.2,3,1,0
CA-2019-145821,JB-15400,2019-05-01,US,West,United States,Corporate,Medium,88.752,3,0.2,0.2,1,1,0
CA-2019-161998,DB-13120,2019-05-01,US,South,United States,Corporate,Medium,277.632,12,0.2,0.2,3,2,0
CA-2019-116687,NC-18625,2019-05-02,US,Central,United States,Corporate,Medium,167.232,6,0.2,0.2,2,2,0
CA-2019-107937,JB-16045,2019-05-03,US,West,United States,Home Office,Medium,665.88,6,0.0,0.0,1,1,0
CA-2019-112130,SV-20785,2019-05-03,US,East,United States,Consumer,Medium,1058.188,25,0.2142857142857142,0.3,7,3,0
CA-2019-150770,LC-16870,2019-05-03,US,West,United States,Consumer,Medium,460.844,11,0.1,0.2,4,2,1
CA-2019-160864,NF-18595,2019-05-03,US,West,United States,Home Office,Medium,13.848,3,0.2,0.2,1,1,0
CA-2019-110548,AH-10690,2019-05-04,US,Central,United States,Corporate,Medium,946.344,7,0.2,0.2,1,1,0
CA-2019-129700,LA-16780,2019-05-04,US,Central,United States,Corporate,Medium,22.288,7,0.6,0.6,1,1,0
CA-2019-144253,AS-10225,2019-05-04,US,East,United States,Corporate,Medium,26.8,2,0.0,0.0,1,1,0
CA-2019-146290,SV-20815,2019-05-04,US,Central,United States,Corporate,Medium,125.93,7,0.0,0.0,1,1,0
CA-2019-137512,AG-10675,2019-05-07,US,Central,United States,Consumer,Medium,259.94199999999995,6,0.25,0.3,2,2,0
CA-2019-147879,CC-12220,2019-05-07,US,South,United States,Consumer,Medium,45.68,2,0.0,0.0,1,1,0
CA-2019-109939,AA-10375,2019-05-08,US,West,United States,Consumer,Medium,5.248,2,0.2,0.2,1,1,0
CA-2019-113971,CB-12535,2019-05-08,US,East,United States,Corporate,Medium,8.352,6,0.2,0.2,1,1,0
CA-2019-136798,DL-12925,2019-05-08,US,Central,United States,Consumer,Medium,545.91,8,0.0,0.0,3,3,0
CA-2019-142055,AB-10255,2019-05-08,US,East,United States,Home Office,Medium,37.94,2,0.0,0.0,1,1,0
US-2019-160857,NW-18400,2019-05-08,US,East,United States,Consumer,Medium,3384.518,18,0.06,0.2,5,3,1
CA-2019-155635,ME-17725,2019-05-09,US,South,United States,Consumer,Medium,48.81,3,0.0,0.0,1,1,0
CA-2019-129217,DP-13390,2019-05-10,US,Central,United States,Home Office,Medium,107.754,7,0.5,0.8,2,1,0
CA-2019-144043,AB-10165,2019-05-10,US,West,United States,Consumer,Medium,46.688,4,0.2,0.2,1,1,0
CA-2019-135727,PS-18970,2019-05-11,US,West,United States,Home Office,Medium,191.968,7,0.2,0.2,1,1,0
CA-2019-130876,AZ-10750,2019-05-12,US,East,United States,Consumer,Medium,36.63,3,0.0,0.0,1,1,0
CA-2019-131856,JG-15160,2019-05-12,US,Central,United States,Consumer,Medium,769.0240000000001,17,0.3333333333333333,0.6,3,3,0
CA-2019-159380,CS-12505,2019-05-12,US,West,United States,Consumer,Medium,38.52,9,0.0,0.0,2,1,0
CA-2019-162607,RO-19780,2019-05-12,US,West,United States,Consumer,Medium,14.592000000000002,3,0.2,0.2,1,1,0
US-2019-122910,LT-16765,2019-05-12,US,West,United States,Consumer,Medium,201.584,2,0.2,0.2,1,1,0
CA-2019-145835,BF-11170,2019-05-13,US,Central,United States,Home Office,Medium,238.384,6,0.2,0.2,2,2,0
CA-2019-100146,CB-12535,2019-05-14,US,West,United States,Corporate,Medium,1452.7875,13,0.1375,0.2,4,1,0
CA-2019-119291,JO-15550,2019-05-14,US,East,United States,Home Office,Medium,570.4920000000001,29,0.3428571428571428,0.7,7,1,0
CA-2019-165162,HG-15025,2019-05-14,US,West,United States,Consumer,Medium,1117.92,4,0.0,0.0,1,1,0
CA-2019-138492,FC-14335,2019-05-15,US,East,United States,Corporate,Medium,51.968,2,0.2,0.2,1,1,0
CA-2019-166604,AH-10690,2019-05-15,US,South,United States,Corporate,Medium,17.94,3,0.0,0.0,1,1,0
CA-2019-100769,TH-21550,2019-05-16,US,South,United States,Home Office,Medium,255.968,4,0.2,0.2,1,1,0
CA-2019-100251,DV-13465,2019-05-17,US,East,United States,Consumer,Medium,87.1,14,0.0,0.0,2,1,0
US-2019-117184,ON-18715,2019-05-17,US,Central,United States,Corporate,Medium,47.368,8,0.5,0.8,2,1,0
CA-2019-165554,AJ-10780,2019-05-18,US,West,United States,Corporate,Medium,10.86,2,0.0,0.0,1,1,0
CA-2019-153535,SG-20470,2019-05-20,US,South,United States,Consumer,Medium,169.54399999999998,8,0.4499999999999999,0.7,2,2,0
CA-2019-102806,HG-14965,2019-05-21,US,East,United States,Corporate,Medium,24.588,2,0.7,0.7,1,1,0
CA-2019-169278,ME-18010,2019-05-21,US,West,United States,Corporate,Medium,26.976,4,0.2,0.2,1,1,0
US-2019-168914,JE-15745,2019-05-21,US,Central,United States,Consumer,Medium,20.768,8,0.8,0.8,1,1,0
CA-2019-149846,SB-20185,2019-05-22,US,West,United States,Consumer,Medium,3862.098,22,0.1,0.2,4,2,0
CA-2019-119102,KH-16690,2019-05-23,US,East,United States,Corporate,Medium,51.45,3,0.0,0.0,1,1,0
CA-2019-136805,NM-18445,2019-05-23,US,Central,United States,Home Office,Medium,925.83,14,0.05,0.1,2,2,0
CA-2019-154921,EA-14035,2019-05-23,US,South,United States,Corporate,Medium,186.69,3,0.0,0.0,1,1,0
US-2019-110569,EB-13870,2019-05-23,US,West,United States,Consumer,Medium,140.98600000000002,11,0.4499999999999999,0.7,2,1,1
US-2019-165512,VS-21820,2019-05-24,US,Central,United States,Consumer,Medium,610.3069999999999,13,0.55,0.8,2,2,0
CA-2019-109708,CY-12745,2019-05-25,US,South,United States,Corporate,Medium,467.04,4,0.2,0.2,1,1,0
CA-2019-132941,MM-18280,2019-05-25,US,Central,United States,Corporate,Medium,262.72,11,0.2,0.2,3,2,1
CA-2019-138898,JH-16180,2019-05-25,US,West,United States,Consumer,Medium,845.728,13,0.2,0.2,1,1,0
CA-2019-141768,NP-18685,2019-05-25,US,West,United States,Home Office,Medium,14.73,3,0.0,0.0,1,1,0
US-2019-152128,NM-18445,2019-05-25,US,Central,United States,Home Office,Medium,149.2,5,0.0,0.0,2,1,0
CA-2019-143147,PS-18760,2019-05-26,US,Central,United States,Consumer,Medium,610.156,8,0.3333333333333333,0.4,3,2,0
CA-2019-148964,RD-19900,2019-05-26,US,West,United States,Consumer,Medium,20.24,1,0.0,0.0,1,1,0
US-2019-113327,BF-11170,2019-05-26,US,South,United States,Home Office,Medium,352.168,14,0.2,0.2,4,2,0
CA-2019-118948,NK-18490,2019-05-28,US,West,United States,Home Office,Medium,6.63,3,0.0,0.0,1,1,0
CA-2019-131758,KB-16315,2019-05-28,US,East,United States,Consumer,Medium,60.87,8,0.0,0.0,2,1,0
CA-2019-135020,MS-17770,2019-05-28,US,East,United States,Consumer,Medium,632.856,13,0.05,0.2,4,2,0
CA-2019-149601,TB-21625,2019-05-28,US,East,United States,Consumer,Medium,93.79,6,0.0,0.0,2,1,0
CA-2019-104297,CC-12100,2019-05-29,US,East,United States,Home Office,Medium,85.056,3,0.2,0.2,1,1,0
CA-2019-111339,VP-21760,2019-05-29,US,East,United States,Corporate,Medium,366.666,12,0.2333333333333333,0.3,3,2,0
CA-2019-120880,JL-15850,2019-05-29,US,West,United States,Consumer,Medium,740.7299999999999,13,0.0666666666666666,0.2,3,1,0
CA-2019-168277,KB-16315,2019-05-29,US,Central,United States,Consumer,Medium,12.39,3,0.0,0.0,1,1,0
CA-2019-103177,EN-13780,2019-05-30,US,East,United States,Consumer,Medium,529.14,8,0.0,0.0,3,2,0
CA-2019-163923,BD-11560,2019-05-30,US,South,United States,Home Office,Medium,151.96,4,0.0,0.0,1,1,0
CA-2019-100818,JM-15265,2019-05-31,US,Central,United States,Corporate,Medium,234.516,14,0.45,0.8,4,2,0
CA-2019-120677,BD-11320,2019-05-31,US,Central,United States,Consumer,Medium,2567.84,8,0.0,0.0,1,1,0
CA-2019-124919,SP-20650,2019-05-31,US,West,United States,Corporate,Medium,244.78,17,0.0,0.0,3,1,0
CA-2019-133627,SC-20050,2019-05-31,US,East,United States,Home Office,Medium,22.200000000000003,6,0.0,0.0,1,1,0
CA-2019-136224,ML-18265,2019-05-31,US,South,United States,Consumer,Medium,10.272000000000002,3,0.2,0.2,1,1,0
CA-2019-147788,TM-21010,2019-05-31,US,West,United States,Consumer,Medium,1745.71,14,0.0,0.0,3,2,0
CA-2019-149748,EM-13825,2019-05-31,US,East,United States,Corporate,Medium,345.26,8,0.0,0.0,3,2,0
CA-2019-156153,CW-11905,2019-05-31,US,East,United States,Home Office,Medium,7.56,6,0.0,0.0,1,1,0
CA-2019-161242,CG-12040,2019-06-01,US,West,United States,Home Office,Medium,11.76,2,0.0,0.0,1,1,0
US-2019-132836,AJ-10945,2019-06-01,US,Central,United States,Consumer,Medium,774.47,17,0.0,0.0,4,2,0
US-2019-163685,KE-16420,2019-06-01,US,Central,United States,Corporate,Medium,47.968,18,0.5,0.8,2,1,0
CA-2019-158491,BP-11155,2019-06-04,US,West,United States,Consumer,Medium,1109.95,5,0.0,0.0,2,1,0
CA-2019-164833,LL-16840,2019-06-04,US,West,United States,Consumer,Medium,16.64,4,0.0,0.0,2,1,0
US-2019-142020,TC-21535,2019-06-04,US,East,United States,Home Office,Medium,65.72,7,0.0,0.0,2,2,0
CA-2019-115168,BB-11545,2019-06-05,US,Central,United States,Corporate,Medium,10.56,2,0.0,0.0,1,1,0
CA-2019-166947,EB-13750,2019-06-05,US,East,United States,Corporate,Medium,1522.638,9,0.1,0.1,1,1,0
CA-2019-142041,EM-13810,2019-06-07,US,West,United States,Corporate,Medium,7.52,5,0.2,0.2,1,1,0
CA-2019-157343,HD-14785,2019-06-07,US,East,United States,Home Office,Medium,52.248000000000005,12,0.3666666666666667,0.7,3,1,0
CA-2019-162201,AG-10495,2019-06-08,US,South,United States,Corporate,Medium,937.608,35,0.2714285714285714,0.7,7,2,0
CA-2019-164007,MG-17695,2019-06-08,US,Central,United States,Consumer,Medium,145.50399999999996,5,0.5,0.8,2,2,0
CA-2019-101868,MJ-17740,2019-06-09,US,South,United States,Consumer,Medium,175.32,13,0.5333333333333333,0.7,3,2,0
CA-2019-110947,AG-10765,2019-06-09,US,South,United States,Home Office,Medium,113.1,3,0.0,0.0,1,1,0
CA-2019-141012,TG-21640,2019-06-09,US,West,United States,Consumer,Medium,495.736,7,0.1,0.2,2,2,0
CA-2019-144190,NC-18415,2019-06-09,US,Central,United States,Consumer,Medium,12.96,2,0.0,0.0,1,1,0
CA-2019-121720,JE-15610,2019-06-11,US,South,United States,Corporate,Medium,3165.744,25,0.325,0.7,8,3,0
US-2019-123960,BD-11605,2019-06-11,US,South,United States,Consumer,Medium,207.82,22,0.0,0.0,5,3,0
CA-2019-104115,JH-15910,2019-06-12,US,South,United States,Consumer,Medium,55.98400000000001,2,0.2,0.2,1,1,0
CA-2019-131779,LE-16810,2019-06-12,US,East,United States,Consumer,Medium,29.9,5,0.0,0.0,1,1,0
CA-2019-136105,SZ-20035,2019-06-12,US,Central,United States,Home Office,Medium,24.56,2,0.0,0.0,1,1,0
CA-2019-139850,GB-14575,2019-06-12,US,East,United States,Consumer,Medium,64.03200000000001,6,0.2,0.2,2,2,0
CA-2019-104059,FC-14245,2019-06-13,US,East,United States,Home Office,Medium,3.4240000000000004,1,0.2,0.2,1,1,0
CA-2019-104941,DH-13075,2019-06-13,US,South,United States,Corporate,Medium,976.29,17,0.0,0.0,4,2,0
CA-2019-127418,JJ-15445,2019-06-13,US,West,United States,Consumer,Medium,36.624,3,0.2,0.2,1,1,0
CA-2019-137281,BF-10975,2019-06-13,US,South,United States,Corporate,Medium,6.48,1,0.0,0.0,1,1,0
CA-2019-155054,PS-19045,2019-06-13,US,East,United States,Home Office,Medium,106.08,6,0.0,0.0,3,2,0
CA-2019-120439,AD-10180,2019-06-14,US,East,United States,Home Office,Medium,51.072,6,0.2,0.2,1,1,0
CA-2019-129896,PF-19120,2019-06-15,US,West,United States,Consumer,Medium,496.8960000000001,14,0.2,0.2,4,2,0
CA-2019-164567,GK-14620,2019-06-15,US,West,United States,Corporate,Medium,225.576,3,0.2,0.2,1,1,0
US-2019-106495,AC-10450,2019-06-15,US,South,United States,Consumer,Medium,11.672,1,0.2,0.2,1,1,0
CA-2019-118955,LS-17230,2019-06-16,US,Central,United States,Consumer,Medium,253.34,8,0.2333333333333333,0.3,3,2,0
CA-2019-167269,PB-19150,2019-06-16,US,East,United States,Consumer,Medium,6.208,2,0.2,0.2,1,1,0
US-2019-163825,LC-16885,2019-06-16,US,East,United States,Consumer,Medium,3184.356,5,0.1,0.2,2,2,0
CA-2019-122287,SN-20560,2019-06-18,US,West,United States,Home Office,Medium,101.004,17,0.4499999999999999,0.7,4,2,0
CA-2019-133242,KH-16510,2019-06-18,US,South,United States,Consumer,Medium,1046.47,12,0.0,0.0,5,3,0
CA-2019-147011,HR-14830,2019-06-18,US,South,United States,Corporate,Medium,13.632,4,0.2,0.2,1,1,0
CA-2019-154200,BG-11740,2019-06-18,US,West,United States,Consumer,Medium,51.98,2,0.0,0.0,1,1,0
CA-2019-156734,BV-11245,2019-06-18,US,South,United States,Corporate,Medium,670.001,11,0.3666666666666667,0.7,3,2,0
CA-2019-111864,PP-18955,2019-06-19,US,East,United States,Home Office,Medium,5.904,2,0.2,0.2,1,1,0
CA-2019-121965,LH-17155,2019-06-19,US,West,United States,Consumer,Medium,205.73,6,0.0,0.0,3,2,0
CA-2019-144302,ME-17320,2019-06-19,US,Central,United States,Home Office,Medium,5.791999999999999,2,0.8,0.8,1,1,0
CA-2019-163734,KM-16375,2019-06-19,US,Central,United States,Home Office,Medium,228.92,5,0.2,0.2,1,1,0
CA-2019-140144,SC-20770,2019-06-20,US,West,United States,Corporate,Medium,383.616,9,0.1,0.2,2,2,0
CA-2019-158351,BC-11125,2019-06-20,US,East,United States,Home Office,Medium,319.98400000000004,2,0.2,0.2,1,1,0
US-2019-136427,JM-16195,2019-06-20,US,West,United States,Consumer,Medium,125.944,7,0.2,0.2,1,1,0
CA-2019-123330,EP-13915,2019-06-21,US,South,United States,Consumer,Medium,107.976,3,0.2,0.2,1,1,0
CA-2019-124975,MG-17875,2019-06-22,US,Central,United States,Home Office,Medium,796.4250000000001,7,0.5,0.5,1,1,0
CA-2019-128167,KL-16645,2019-06-22,US,West,United States,Consumer,Medium,4.96,4,0.0,0.0,1,1,0
CA-2019-153423,SW-20455,2019-06-22,US,East,United States,Consumer,Medium,1217.568,2,0.2,0.2,1,1,0
CA-2019-106187,RF-19345,2019-06-23,US,South,United States,Corporate,Medium,268.4,7,0.0,0.0,3,3,0
CA-2019-122826,RD-19480,2019-06-23,US,West,United States,Consumer,Medium,201.568,4,0.2,0.2,1,1,0
CA-2019-139164,CS-12355,2019-06-23,US,West,United States,Consumer,Medium,366.99,8,0.1333333333333333,0.2,3,2,0
CA-2019-115945,AB-10165,2019-06-25,US,West,United States,Consumer,Medium,413.942,8,0.0666666666666666,0.2,3,1,0
CA-2019-119690,MV-17485,2019-06-25,US,Central,United States,Consumer,Medium,128.92800000000005,16,0.45,0.8,4,2,0
CA-2019-127110,CH-12070,2019-06-25,US,East,United States,Home Office,Medium,109.36,8,0.2,0.2,2,1,0
CA-2019-137750,JF-15565,2019-06-25,US,West,United States,Consumer,Medium,204.85,5,0.0,0.0,1,1,0
CA-2019-115938,SA-20830,2019-06-26,US,South,United States,Consumer,Medium,535.36,16,0.0,0.0,4,2,0
CA-2019-125395,LA-16780,2019-06-26,US,Central,United States,Corporate,Medium,41.9,2,0.0,0.0,1,1,0
CA-2019-143882,DB-13360,2019-06-26,US,East,United States,Home Office,Medium,43.056,9,0.2,0.2,1,1,0
CA-2019-166583,VD-21670,2019-06-26,US,Central,United States,Consumer,Medium,971.88,3,0.2,0.2,1,1,0
CA-2019-103772,MP-17470,2019-06-28,US,South,United States,Home Office,Medium,260.31,7,0.0,0.0,2,1,0
CA-2019-112144,CY-12745,2019-06-28,US,West,United States,Corporate,Medium,627.6640000000001,6,0.2,0.2,2,2,1
CA-2019-162950,DW-13585,2019-06-28,US,East,United States,Corporate,Medium,498.492,9,0.35,0.5,2,2,0
CA-2019-128860,SC-20725,2019-06-29,US,East,United States,Consumer,Medium,20.104,1,0.2,0.2,1,1,0
CA-2019-165799,SG-20470,2019-06-29,US,East,United States,Consumer,Medium,117.882,1,0.1,0.1,1,1,0
US-2019-100069,NF-18475,2019-06-29,US,Central,United States,Home Office,Medium,269.98,2,0.0,0.0,1,1,0
US-2019-141684,MM-18055,2019-06-29,US,East,United States,Consumer,Medium,24.96,4,0.0,0.0,1,1,0
CA-2019-111703,KB-16315,2019-07-02,US,South,United States,Consumer,Medium,27.504000000000005,6,0.2,0.2,2,1,0
CA-2019-120397,RB-19435,2019-07-02,US,Central,United States,Consumer,Medium,32.78399999999999,4,0.8,0.8,1,1,0
CA-2019-140718,FA-14230,2019-07-02,US,South,United States,Corporate,Medium,246.36400000000003,15,0.325,0.7,4,3,0
CA-2019-150196,SR-20740,2019-07-02,US,East,United States,Home Office,Medium,19.44,3,0.0,0.0,1,1,0
CA-2019-157322,RH-19600,2019-07-02,US,Central,United States,Consumer,Medium,1305.81,18,0.24,0.3,5,2,0
CA-2019-128139,BD-11725,2019-07-03,US,South,United States,Consumer,Medium,365.91,4,0.0,0.0,2,2,0
US-2019-153500,DG-13300,2019-07-03,US,East,United States,Corporate,Medium,458.07200000000006,13,0.2,0.2,3,2,0
CA-2019-124268,AD-10180,2019-07-04,US,East,United States,Home Office,Medium,15.48,3,0.0,0.0,1,1,0
CA-2019-152513,JP-16135,2019-07-04,US,West,United States,Home Office,Medium,22.848,2,0.2,0.2,1,1,0
CA-2019-154956,IM-15070,2019-07-04,US,Central,United States,Consumer,Medium,1099.96,4,0.0,0.0,1,1,0
CA-2019-116750,BF-10975,2019-07-05,US,South,United States,Corporate,Medium,12.158000000000005,7,0.4499999999999999,0.7,2,2,0
CA-2019-130610,VP-21730,2019-07-05,US,Central,United States,Home Office,Medium,19.0,5,0.0,0.0,1,1,0
CA-2019-164336,MW-18220,2019-07-05,US,East,United States,Consumer,Medium,73.77600000000001,6,0.2,0.2,2,2,0
US-2019-158911,RS-19765,2019-07-05,US,South,United States,Corporate,Medium,16.712000000000003,5,0.2,0.2,2,2,0
CA-2019-108665,KM-16225,2019-07-06,US,East,United States,Corporate,Medium,896.38,15,0.0,0.0,4,3,0
CA-2019-116260,BF-10975,2019-07-06,US,East,United States,Corporate,Medium,11.12,4,0.0,0.0,1,1,0
CA-2019-146087,PP-18955,2019-07-06,US,East,United States,Home Office,Medium,301.96,2,0.0,0.0,1,1,0
CA-2019-161627,SJ-20215,2019-07-06,US,West,United States,Consumer,Medium,170.35200000000003,3,0.2,0.2,1,1,1
CA-2019-129392,DM-13015,2019-07-08,US,Central,United States,Consumer,Medium,21.12,5,0.2,0.2,1,1,0
CA-2019-111094,CB-12535,2019-07-09,US,East,United States,Corporate,Medium,129.52,5,0.0,0.0,2,1,0
CA-2019-123456,KN-16450,2019-07-09,US,Central,United States,Corporate,Medium,48.63199999999999,2,0.8,0.8,1,1,0
CA-2019-132626,BT-11680,2019-07-09,US,East,United States,Consumer,Medium,1133.82,41,0.0,0.0,9,3,0
CA-2019-135314,MC-17575,2019-07-09,US,East,United States,Consumer,Medium,269.982,3,0.4,0.4,1,1,0
CA-2019-153626,EB-13870,2019-07-09,US,South,United States,Consumer,Medium,5.16,3,0.2,0.2,1,1,0
CA-2019-107020,MV-18190,2019-07-10,US,West,United States,Consumer,Medium,39.92,2,0.2,0.2,1,1,0
CA-2019-149384,EH-13945,2019-07-10,US,West,United States,Consumer,Medium,3.366000000000001,3,0.7,0.7,1,1,0
CA-2019-136469,TS-21370,2019-07-11,US,East,United States,Corporate,Medium,1136.896,13,0.0999999999999999,0.3,3,3,0
CA-2019-142237,CK-12595,2019-07-11,US,East,United States,Consumer,Medium,676.734,33,0.3833333333333333,0.7,6,2,0
CA-2019-142419,SC-20380,2019-07-11,US,West,United States,Consumer,Medium,128.322,6,0.1,0.2,2,1,0
CA-2019-112711,FM-14380,2019-07-12,US,Central,United States,Consumer,Medium,307.168,4,0.2,0.2,1,1,0
CA-2019-126557,RL-19615,2019-07-12,US,Central,United States,Consumer,Medium,1745.399,28,0.3571428571428571,0.8,7,3,0
CA-2019-114069,ND-18370,2019-07-13,US,East,United States,Consumer,Medium,1952.808,13,0.1,0.2,3,2,0
US-2019-107349,SL-20155,2019-07-13,US,Central,United States,Home Office,Medium,41.56799999999999,6,0.8,0.8,1,1,0
US-2019-140851,ND-18460,2019-07-13,US,South,United States,Corporate,Medium,38.88,6,0.0,0.0,1,1,0
CA-2019-143364,TG-21310,2019-07-14,US,West,United States,Consumer,Medium,860.916,15,0.325,0.7,4,2,0
CA-2019-113404,EM-13810,2019-07-16,US,West,United States,Corporate,Medium,2048.856,9,0.2,0.2,2,1,0
CA-2019-146948,MG-17890,2019-07-16,US,East,United States,Home Office,Medium,299.75,14,0.0,0.0,3,2,0
US-2019-166520,KE-16420,2019-07-16,US,East,United States,Corporate,Medium,680.78,13,0.0,0.0,2,2,0
CA-2019-121132,VB-21745,2019-07-17,US,Central,United States,Corporate,Medium,20.696,7,0.2,0.2,2,1,0
CA-2019-138534,JM-15535,2019-07-17,US,West,United States,Consumer,Medium,195.466,2,0.15,0.15,1,1,0
US-2019-149629,MP-17965,2019-07-17,US,South,United States,Corporate,Medium,231.92,5,0.2,0.2,1,1,0
CA-2019-111206,RF-19735,2019-07-18,US,West,United States,Consumer,Medium,519.96,4,0.0,0.0,1,1,0
CA-2019-122973,PJ-19015,2019-07-18,US,East,United States,Consumer,Medium,146.698,4,0.0666666666666666,0.2,3,3,0
CA-2019-159590,KC-16255,2019-07-18,US,East,United States,Corporate,Medium,5.76,2,0.0,0.0,1,1,0
US-2019-160150,TS-21085,2019-07-19,US,West,United States,Consumer,Medium,2.0250000000000004,1,0.7,0.7,1,1,0
CA-2019-160472,RK-19300,2019-07-20,US,Central,United States,Consumer,Medium,1238.3300000000002,25,0.0,0.0,6,2,0
US-2019-122784,RA-19915,2019-07-20,US,Central,United States,Consumer,Medium,1454.838,16,0.4,0.8,4,3,0
CA-2019-120810,TH-21550,2019-07-23,US,East,United States,Home Office,Medium,197.76,6,0.0,0.0,2,2,0
CA-2019-124044,MS-17830,2019-07-23,US,East,United States,Consumer,Medium,10.512,3,0.2,0.2,1,1,0
CA-2019-103135,SS-20515,2019-07-24,US,South,United States,Home Office,Medium,525.9499999999999,32,0.0,0.0,4,3,0
CA-2019-139248,RD-19930,2019-07-25,US,West,United States,Consumer,Medium,623.96,5,0.2,0.2,1,1,0
CA-2019-148635,MH-18025,2019-07-25,US,West,United States,Consumer,Medium,1288.8480000000002,11,0.05,0.2,4,2,0
CA-2019-154291,YS-21880,2019-07-25,US,South,United States,Corporate,Medium,457.04,11,0.0,0.0,2,2,0
US-2019-150161,RB-19795,2019-07-25,US,East,United States,Home Office,Medium,25.176000000000005,4,0.7,0.7,1,1,0
CA-2019-127754,CK-12760,2019-07-26,US,West,United States,Corporate,Medium,266.35200000000003,3,0.2,0.2,1,1,0
CA-2019-136735,HA-14920,2019-07-26,US,West,United States,Consumer,Medium,167.86,2,0.0,0.0,1,1,0
CA-2019-143700,AS-10240,2019-07-26,US,East,United States,Consumer,Medium,10.368000000000002,2,0.2,0.2,1,1,0
CA-2019-148180,BP-11095,2019-07-26,US,West,United States,Corporate,Medium,131.48000000000002,14,0.1333333333333333,0.2,3,1,0
US-2019-140200,CA-12775,2019-07-26,US,West,United States,Consumer,Medium,393.165,3,0.5,0.5,1,1,0
US-2019-129553,PG-18820,2019-07-27,US,South,United States,Consumer,Medium,29.97,3,0.0,0.0,1,1,0
CA-2019-132507,CC-12610,2019-07-30,US,Central,United States,Corporate,Medium,61.792,4,0.2,0.2,1,1,0
CA-2019-155334,HA-14920,2019-07-30,US,West,United States,Consumer,Medium,226.13,13,0.0666666666666666,0.2,3,3,0
US-2019-164966,GH-14410,2019-07-30,US,Central,United States,Home Office,Medium,155.88,6,0.0,0.0,1,1,0
CA-2019-111017,SC-20695,2019-07-31,US,Central,United States,Corporate,Medium,52.59,3,0.0,0.0,1,1,0
CA-2019-124891,RH-19495,2019-07-31,US,East,United States,Consumer,Medium,3419.872,17,0.1333333333333333,0.4,3,3,0
CA-2019-164427,AR-10405,2019-07-31,US,South,United States,Corporate,Medium,239.7,6,0.0,0.0,1,1,0
CA-2019-153388,PC-19000,2019-08-01,US,West,United States,Home Office,Medium,1011.696,10,0.1,0.2,2,2,0
CA-2019-112767,DK-12985,2019-08-02,US,West,United States,Consumer,Medium,277.5,4,0.5,0.5,1,1,0
CA-2019-122406,BE-11455,2019-08-02,US,East,United States,Home Office,Medium,448.21,8,0.0,0.0,4,3,0
CA-2019-147501,Co-12640,2019-08-02,US,West,United States,Consumer,Medium,564.768,4,0.2,0.2,2,2,0
CA-2019-112214,AH-10690,2019-08-05,US,Central,United States,Corporate,Medium,72.65,16,0.45,0.8,4,2,0
CA-2019-135251,RP-19270,2019-08-06,US,Central,United States,Corporate,Medium,467.6532,13,0.38,0.8,4,2,0
CA-2019-160794,MS-17980,2019-08-06,US,Central,United States,Corporate,Medium,27.216,3,0.2,0.2,1,1,0
CA-2019-138331,JK-15625,2019-08-07,US,East,United States,Consumer,Medium,106.8,10,0.2,0.2,1,1,0
CA-2019-141936,PN-18775,2019-08-07,US,West,United States,Home Office,Medium,19.152,3,0.2,0.2,1,1,0
CA-2019-163237,EM-14095,2019-08-07,US,South,United States,Corporate,Medium,520.03,5,0.0,0.0,2,2,0
CA-2019-163895,NS-18640,2019-08-07,US,West,United States,Corporate,Medium,3.3040000000000003,1,0.2,0.2,1,1,0
US-2019-117492,NS-18640,2019-08-07,US,East,United States,Corporate,Medium,77.58,9,0.0,0.0,1,1,0
US-2019-124219,KW-16570,2019-08-07,US,Central,United States,Consumer,Medium,241.34,7,0.0,0.0,2,2,0
CA-2019-127544,RD-19585,2019-08-08,US,East,United States,Consumer,Medium,79.99,1,0.0,0.0,1,1,0
CA-2019-129322,DB-13405,2019-08-08,US,East,United States,Consumer,Medium,601.4399999999999,11,0.0,0.0,3,1,0
CA-2019-168564,TT-21220,2019-08-08,US,West,United States,Consumer,Medium,158.672,5,0.2,0.2,3,2,1
CA-2019-103954,HR-14770,2019-08-09,US,Central,United States,Home Office,Medium,687.4,5,0.0,0.0,1,1,0
CA-2019-128013,MF-18250,2019-08-09,US,East,United States,Corporate,Medium,154.14,6,0.0,0.0,2,2,0
CA-2019-131338,NP-18325,2019-08-09,US,East,United States,Consumer,Medium,3385.614,35,0.06,0.4,10,3,0
CA-2019-155453,RA-19885,2019-08-09,US,South,United States,Corporate,Medium,4.608,2,0.2,0.2,1,1,0
CA-2019-163055,DS-13180,2019-08-09,US,Central,United States,Corporate,Medium,646.6299999999999,7,0.0,0.0,3,2,0
CA-2019-121699,BD-11320,2019-08-10,US,Central,United States,Consumer,Medium,64.75,5,0.0,0.0,1,1,0
CA-2019-130022,JK-16120,2019-08-10,US,Central,United States,Home Office,Medium,74.94,8,0.0,0.0,3,1,0
US-2019-156496,WB-21850,2019-08-10,US,West,United States,Consumer,Medium,711.7840000000001,15,0.2,0.2,3,2,0
CA-2019-119634,BW-11065,2019-08-11,US,South,United States,Consumer,Medium,46.152,3,0.2,0.2,1,1,0
US-2019-156797,PO-19180,2019-08-11,US,East,United States,Home Office,Medium,149.96,4,0.0,0.0,2,2,0
CA-2019-112014,ON-18715,2019-08-13,US,West,United States,Corporate,Medium,50.8,5,0.0,0.0,1,1,0
CA-2019-120516,CK-12595,2019-08-13,US,South,United States,Consumer,Medium,5.64,3,0.0,0.0,1,1,0
CA-2019-133396,GK-14620,2019-08-13,US,South,United States,Corporate,Medium,64.68,7,0.2,0.2,1,1,0
CA-2019-148495,SF-20065,2019-08-13,US,West,United States,Consumer,Medium,31.56,3,0.0,0.0,1,1,0
CA-2019-150441,RA-19285,2019-08-13,US,Central,United States,Consumer,Medium,11.36,4,0.0,0.0,1,1,0
CA-2019-169656,EJ-13720,2019-08-13,US,East,United States,Consumer,Medium,422.856,3,0.2,0.2,1,1,0
CA-2019-142454,RE-19450,2019-08-15,US,West,United States,Consumer,Medium,174.49,10,0.0,0.0,2,2,0
CA-2019-162369,TT-21265,2019-08-15,US,West,United States,Corporate,Medium,323.1,2,0.0,0.0,1,1,0
US-2019-126753,SP-20860,2019-08-16,US,East,United States,Corporate,Medium,832.446,20,0.3714285714285714,0.7,7,3,0
US-2019-128090,JM-15865,2019-08-16,US,West,United States,Consumer,Medium,2200.328,16,0.2,0.2,4,2,1
US-2019-164238,JW-15955,2019-08-16,US,East,United States,Consumer,Medium,346.158,10,0.35,0.5,2,2,0
CA-2019-111297,SC-20440,2019-08-17,US,East,United States,Corporate,Medium,52.2,9,0.0,0.0,1,1,0
CA-2019-119627,SC-20725,2019-08-17,US,West,United States,Consumer,Medium,329.44000000000005,16,0.2,0.2,4,2,0
CA-2019-122168,HG-14965,2019-08-21,US,South,United States,Corporate,Medium,53.28,15,0.0,0.0,2,1,0
CA-2019-130456,DS-13180,2019-08-21,US,West,United States,Corporate,Medium,667.378,7,0.075,0.15,2,2,1
CA-2019-144267,NZ-18565,2019-08-21,US,West,United States,Home Office,Medium,632.148,11,0.05,0.2,4,2,1
CA-2019-154823,KN-16390,2019-08-21,US,East,United States,Corporate,Medium,637.27,6,0.3999999999999999,0.7,3,2,0
US-2019-130512,SM-20320,2019-08-21,US,East,United States,Home Office,Medium,837.4440000000001,16,0.3,0.7,5,2,0
CA-2019-129854,RB-19705,2019-08-22,US,East,United States,Home Office,Medium,16.52,4,0.0,0.0,1,1,0
CA-2019-132080,DP-13105,2019-08-22,US,East,United States,Corporate,Medium,50.112,6,0.2,0.2,1,1,0
CA-2019-114468,TD-20995,2019-08-23,US,Central,United States,Consumer,Medium,59.848000000000006,16,0.35,0.8,4,1,0
CA-2019-165624,FH-14350,2019-08-23,US,South,United States,Consumer,Medium,1142.4299999999998,30,0.0,0.0,7,2,0
CA-2019-102491,KW-16435,2019-08-24,US,South,United States,Consumer,Medium,3747.93,14,0.0,0.0,3,1,0
CA-2019-113740,SC-20380,2019-08-24,US,East,United States,Consumer,Medium,14.91,3,0.0,0.0,1,1,0
CA-2019-123939,MS-17710,2019-08-24,US,East,United States,Consumer,Medium,469.398,9,0.2666666666666666,0.4,3,2,0
CA-2019-139584,EM-13810,2019-08-24,US,East,United States,Corporate,Medium,310.364,4,0.2,0.4,2,2,0
CA-2019-146563,CB-12025,2019-08-24,US,Central,United States,Consumer,Medium,2645.021,29,0.375,0.8,4,2,0
CA-2019-169299,DO-13435,2019-08-24,US,West,United States,Consumer,Medium,7.151999999999999,3,0.2,0.2,1,1,0
CA-2019-168809,MC-18100,2019-08-25,US,Central,United States,Consumer,Medium,31.782,8,0.6666666666666666,0.8,3,2,0
US-2019-139759,NL-18310,2019-08-25,US,West,United States,Home Office,Medium,146.744,5,0.1,0.2,2,2,0
CA-2019-101707,PF-19165,2019-08-27,US,West,United States,Consumer,Medium,150.22,9,0.0,0.0,3,1,0
CA-2019-113040,CC-12100,2019-08-27,US,West,United States,Home Office,Medium,5.104,1,0.2,0.2,1,1,0
CA-2019-126445,RA-19945,2019-08-27,US,West,United States,Consumer,Medium,484.65,3,0.0,0.0,1,1,0
CA-2019-107902,SM-20950,2019-08-28,US,East,United States,Corporate,Medium,470.36,11,0.0,0.0,1,1,0
CA-2019-121188,CB-12025,2019-08-28,US,West,United States,Consumer,Medium,2017.532,26,0.0916666666666666,0.2,6,3,0
CA-2019-166219,BP-11185,2019-08-28,US,Central,United States,Corporate,Medium,1203.441,6,0.25,0.3,2,2,0
US-2019-100377,TS-21370,2019-08-28,US,Central,United States,Corporate,Medium,2799.9600000000005,5,0.2,0.2,1,1,0
CA-2019-108532,CC-12100,2019-08-29,US,Central,United States,Home Office,Medium,246.5,9,0.0,0.0,2,1,0
CA-2019-111514,SC-20260,2019-08-31,US,West,United States,Corporate,Medium,1966.557,16,0.1375,0.2,4,3,0
CA-2019-112319,AR-10510,2019-08-31,US,West,United States,Consumer,Medium,58.32000000000001,9,0.0,0.0,1,1,0
CA-2019-142139,SD-20485,2019-08-31,US,Central,United States,Home Office,Medium,20.96,4,0.2,0.2,1,1,0
CA-2019-157805,RH-19510,2019-08-31,US,West,United States,Home Office,Medium,555.96,5,0.2,0.2,1,1,0
CA-2019-104626,DR-12940,2019-09-01,US,East,United States,Home Office,Medium,1388.46,14,0.0,0.0,4,2,0
CA-2019-137946,DB-13615,2019-09-01,US,West,United States,Consumer,Medium,979.104,7,0.2,0.2,3,2,0
CA-2019-113215,CP-12085,2019-09-03,US,West,United States,Corporate,Medium,238.15200000000004,3,0.2,0.2,1,1,0
CA-2019-121608,JB-15400,2019-09-03,US,East,United States,Corporate,Medium,238.11,3,0.0,0.0,2,2,0
CA-2019-130204,DB-13120,2019-09-03,US,West,United States,Corporate,Medium,178.79,10,0.0,0.0,3,2,0
CA-2019-149734,JC-16105,2019-09-03,US,South,United States,Corporate,Medium,200.98400000000004,7,0.2,0.2,1,1,0
CA-2019-169537,JH-15820,2019-09-03,US,Central,United States,Consumer,Medium,7.5,2,0.0,0.0,1,1,0
US-2019-104185,JB-15400,2019-09-03,US,East,United States,Corporate,Medium,120.33,1,0.0,0.0,1,1,0
US-2019-138303,MG-18145,2019-09-03,US,East,United States,Consumer,Medium,755.096,10,0.2,0.2,3,1,0
US-2019-146745,AS-10630,2019-09-03,US,West,United States,Home Office,Medium,135.936,4,0.2,0.2,2,2,0
CA-2019-101924,KB-16585,2019-09-04,US,West,United States,Corporate,Medium,9.762,2,0.7,0.7,1,1,0
CA-2019-113523,SC-20440,2019-09-04,US,East,United States,Corporate,Medium,7.656000000000001,4,0.7,0.7,1,1,0
CA-2019-142755,CS-12355,2019-09-04,US,South,United States,Consumer,Medium,919.49,14,0.0,0.0,4,2,0
CA-2019-159863,DS-13180,2019-09-04,US,Central,United States,Corporate,Medium,134.376,3,0.2,0.2,1,1,0
CA-2019-105158,SP-20860,2019-09-05,US,Central,United States,Corporate,Medium,43.0,5,0.0,0.0,2,2,1
CA-2019-130785,AG-10900,2019-09-05,US,West,United States,Consumer,Medium,733.283,13,0.1666666666666666,0.2,3,2,1
CA-2019-135510,TW-21025,2019-09-05,US,South,United States,Home Office,Medium,67.96,4,0.0,0.0,1,1,0
CA-2019-162621,CA-12055,2019-09-05,US,Central,United States,Home Office,Medium,89.86,17,0.6,0.8,3,1,0
CA-2019-133977,AT-10435,2019-09-06,US,South,United States,Home Office,Medium,3.444000000000001,1,0.7,0.7,1,1,0
CA-2019-138002,BT-11305,2019-09-06,US,West,United States,Home Office,Medium,197.916,5,0.1,0.2,2,2,0
CA-2019-143238,LO-17170,2019-09-06,US,West,United States,Corporate,Medium,46.32,4,0.0,0.0,1,1,1
CA-2019-150791,CC-12430,2019-09-06,US,East,United States,Home Office,Medium,271.764,2,0.1,0.1,1,1,0
CA-2019-160696,CK-12760,2019-09-06,US,South,United States,Corporate,Medium,7.240000000000001,5,0.2,0.2,1,1,0
CA-2019-169572,AG-10525,2019-09-06,US,South,United States,Corporate,Medium,46.62,9,0.0,0.0,1,1,0
US-2019-109015,BS-11590,2019-09-06,US,East,United States,Corporate,Medium,346.37,3,0.0,0.0,2,2,0
US-2019-151435,SW-20455,2019-09-06,US,South,United States,Consumer,Medium,85.98,1,0.0,0.0,1,1,0
CA-2019-102876,LR-17035,2019-09-07,US,East,United States,Corporate,Medium,806.409,10,0.6,0.7,3,2,0
CA-2019-105599,MC-17275,2019-09-07,US,East,United States,Consumer,Medium,41.374,5,0.2,0.4,2,2,0
CA-2019-110744,HA-14920,2019-09-07,US,West,United States,Consumer,Medium,671.93,7,0.0,0.0,1,1,0
CA-2019-122623,CC-12145,2019-09-07,US,Central,United States,Consumer,Medium,47.51599999999999,2,0.3,0.3,1,1,0
CA-2019-140557,TN-21040,2019-09-07,US,East,United States,Home Office,Medium,559.93,7,0.0,0.0,1,1,0
CA-2019-161445,CC-12610,2019-09-07,US,South,United States,Corporate,Medium,140.736,4,0.2,0.2,1,1,0
CA-2019-164084,AG-10525,2019-09-07,US,East,United States,Corporate,Medium,654.772,16,0.12,0.4,5,3,0
CA-2019-151624,VW-21775,2019-09-08,US,South,United States,Corporate,Medium,21.36,8,0.0,0.0,1,1,0
CA-2019-162166,NM-18520,2019-09-08,US,West,United States,Consumer,Medium,68.28,11,0.0,0.0,2,1,1
CA-2019-108672,FA-14230,2019-09-10,US,West,United States,Corporate,Medium,106.68,6,0.0,0.0,1,1,0
CA-2019-117772,MC-17575,2019-09-10,US,West,United States,Consumer,Medium,353.88,6,0.0,0.0,1,1,0
CA-2019-132906,CC-12145,2019-09-10,US,West,United States,Consumer,Medium,51.52,4,0.0,0.0,1,1,0
CA-2019-136658,BO-11425,2019-09-10,US,East,United States,Consumer,Medium,6.08,2,0.0,0.0,1,1,0
CA-2019-139374,AR-10345,2019-09-10,US,Central,United States,Corporate,Medium,179.886,1,0.3,0.3,1,1,0
CA-2019-168186,AB-10150,2019-09-10,US,Central,United States,Consumer,Medium,14.94,3,0.0,0.0,1,1,0
US-2019-147242,EH-13765,2019-09-10,US,East,United States,Corporate,Medium,702.74,13,0.0,0.0,3,2,0
CA-2019-125934,SN-20560,2019-09-11,US,East,United States,Home Office,Medium,399.49,21,0.0,0.0,5,2,0
CA-2019-126186,GB-14530,2019-09-11,US,West,United States,Corporate,Medium,24.64,4,0.2,0.2,1,1,0
CA-2019-132465,DM-13525,2019-09-11,US,East,United States,Corporate,Medium,1082.15,8,0.0,0.0,4,3,0
CA-2019-153794,SB-20290,2019-09-11,US,West,United States,Corporate,Medium,265.86,7,0.0,0.0,1,1,0
CA-2019-165057,SC-20725,2019-09-11,US,West,United States,Consumer,Medium,189.99,12,0.0,0.0,2,1,0
CA-2019-102016,TM-21010,2019-09-12,US,East,United States,Consumer,Medium,193.26,13,0.0,0.0,6,1,0
CA-2019-128993,CC-12670,2019-09-12,US,West,United States,Consumer,Medium,21.98,2,0.0,0.0,1,1,0
CA-2019-166464,PG-18895,2019-09-12,US,East,United States,Consumer,Medium,492.58400000000006,6,0.1,0.2,2,2,0
CA-2019-115567,ZC-21910,2019-09-13,US,Central,United States,Consumer,Medium,1716.16,11,0.0,0.0,2,2,0
CA-2019-118843,JH-15910,2019-09-13,US,South,United States,Consumer,Medium,199.86,10,0.0,0.0,2,2,0
CA-2019-136728,AG-10900,2019-09-13,US,Central,United States,Consumer,Medium,177.89600000000002,5,0.25,0.3,2,2,0
CA-2019-138457,AM-10705,2019-09-13,US,South,United States,Consumer,Medium,13.092000000000002,4,0.7,0.7,1,1,0
US-2019-129007,KD-16615,2019-09-13,US,West,United States,Corporate,Medium,1336.352,23,0.0666666666666666,0.2,6,2,0
US-2019-161347,HG-14845,2019-09-13,US,East,United States,Consumer,Medium,2.412,1,0.7,0.7,1,1,0
CA-2019-115924,BE-11455,2019-09-14,US,Central,United States,Home Office,Medium,25.9,5,0.0,0.0,1,1,0
CA-2019-120362,CA-12265,2019-09-14,US,West,United States,Consumer,Medium,912.75,5,0.0,0.0,1,1,0
CA-2019-128027,CM-12385,2019-09-14,US,South,United States,Consumer,Medium,269.49,3,0.0,0.0,1,1,0
CA-2019-131597,SP-20620,2019-09-14,US,West,United States,Corporate,Medium,170.13600000000002,3,0.2,0.2,1,1,0
CA-2019-140984,CC-12685,2019-09-14,US,East,United States,Consumer,Medium,1884.144,17,0.1333333333333333,0.2,3,2,1
CA-2019-100734,AC-10615,2019-09-15,US,East,United States,Corporate,Medium,150.76,6,0.4499999999999999,0.7,2,1,0
CA-2019-102582,NW-18400,2019-09-15,US,South,United States,Consumer,Medium,1918.79,12,0.0,0.0,3,2,0
CA-2019-105102,BM-11575,2019-09-15,US,East,United States,Corporate,Medium,139.216,6,0.1333333333333333,0.2,3,2,0
CA-2019-145849,CT-11995,2019-09-15,US,Central,United States,Consumer,Medium,215.18,10,0.0,0.0,2,1,0
US-2019-130519,NG-18355,2019-09-15,US,South,United States,Corporate,Medium,111.904,10,0.2,0.2,4,2,0
CA-2019-167696,BD-11500,2019-09-16,US,South,United States,Consumer,Medium,31.12,4,0.0,0.0,1,1,0
CA-2019-133025,MO-17800,2019-09-17,US,West,United States,Home Office,Medium,32.400000000000006,5,0.0,0.0,1,1,0
CA-2019-141145,DB-13405,2019-09-17,US,South,United States,Consumer,Medium,87.168,3,0.2,0.2,1,1,0
CA-2019-143077,SF-20965,2019-09-17,US,Central,United States,Corporate,Medium,28.524,5,0.7,0.8,2,2,0
US-2019-126977,PF-19120,2019-09-17,US,East,United States,Consumer,Medium,7678.228000000001,40,0.05,0.2,10,3,0
US-2019-138716,CS-11845,2019-09-17,US,West,United States,Corporate,Medium,25.032,3,0.2,0.2,1,1,0
US-2019-138919,LS-16975,2019-09-17,US,East,United States,Home Office,Medium,344.22,2,0.4,0.4,1,1,0
US-2019-150630,TB-21520,2019-09-17,US,East,United States,Consumer,Medium,3329.434,28,0.3857142857142857,0.7,7,2,0
CA-2019-101154,CM-12190,2019-09-18,US,West,United States,Consumer,Medium,443.92,4,0.0,0.0,1,1,0
CA-2019-109575,KH-16630,2019-09-18,US,East,United States,Corporate,Medium,2503.82,21,0.0,0.0,5,2,0
CA-2019-142202,JR-16210,2019-09-18,US,South,United States,Corporate,Medium,717.1200000000001,9,0.2,0.2,1,1,0
CA-2019-149713,TG-21640,2019-09-18,US,West,United States,Consumer,Medium,187.94,20,0.0,0.0,3,1,0
CA-2019-150511,AB-10060,2019-09-18,US,West,United States,Home Office,Medium,18.54,2,0.0,0.0,1,1,0
CA-2019-167745,GB-14530,2019-09-18,US,West,United States,Corporate,Medium,52.98,6,0.0,0.0,3,2,0
CA-2019-115847,TC-21535,2019-09-19,US,South,United States,Home Office,Medium,61.96,2,0.0,0.0,1,1,0
CA-2019-132815,RW-19540,2019-09-19,US,West,United States,Corporate,Medium,22.96,2,0.0,0.0,1,1,0
CA-2019-135489,GW-14605,2019-09-19,US,East,United States,Consumer,Medium,279.86,14,0.0,0.0,1,1,0
CA-2019-137603,MH-17290,2019-09-19,US,West,United States,Home Office,Medium,8.4,5,0.0,0.0,1,1,0
CA-2019-147102,NH-18610,2019-09-19,US,South,United States,Corporate,Medium,66.36,4,0.0,0.0,1,1,0
CA-2019-149517,FC-14245,2019-09-19,US,West,United States,Home Office,Medium,60.84,3,0.0,0.0,1,1,0
CA-2019-126970,TP-21130,2019-09-20,US,Central,United States,Consumer,Medium,2.807999999999999,3,0.8,0.8,1,1,0
CA-2019-141565,BG-11035,2019-09-20,US,South,United States,Consumer,Medium,1664.132,10,0.4499999999999999,0.7,2,1,0
CA-2019-151470,AM-10705,2019-09-20,US,West,United States,Consumer,Medium,45.584,11,0.2,0.2,1,1,0
CA-2019-153738,AG-10270,2019-09-20,US,East,United States,Consumer,Medium,37.68,6,0.0,0.0,1,1,0
CA-2019-156013,TC-20980,2019-09-20,US,East,United States,Corporate,Medium,85.848,7,0.1,0.2,2,1,0
CA-2019-102036,CS-12130,2019-09-21,US,West,United States,Consumer,Medium,199.74,6,0.0,0.0,1,1,0
CA-2019-117800,TH-21550,2019-09-21,US,East,United States,Home Office,Medium,1132.84,5,0.0,0.0,2,2,0
CA-2019-126697,SV-20815,2019-09-21,US,Central,United States,Corporate,Medium,1102.472,14,0.3333333333333333,0.6,3,2,0
CA-2019-127593,DH-13675,2019-09-21,US,East,United States,Home Office,Medium,85.3,2,0.0,0.0,1,1,0
CA-2019-149972,CD-12790,2019-09-21,US,West,United States,Home Office,Medium,609.4359999999999,6,0.1,0.2,2,2,0
CA-2019-158421,GB-14575,2019-09-21,US,South,United States,Consumer,Medium,3631.96,37,0.0,0.0,9,3,0
CA-2019-168480,DM-12955,2019-09-21,US,Central,United States,Corporate,Medium,220.31,5,0.0,0.0,2,2,1
CA-2019-102260,SJ-20125,2019-09-22,US,South,United States,Home Office,Medium,763.508,13,0.3,0.7,5,1,0
CA-2019-112571,DL-12925,2019-09-22,US,West,United States,Consumer,Medium,204.6,2,0.0,0.0,1,1,0
CA-2019-134992,MG-17875,2019-09-22,US,South,United States,Home Office,Medium,80.38,7,0.0,0.0,2,2,0
CA-2019-168760,MM-18280,2019-09-22,US,West,United States,Corporate,Medium,61.44,3,0.0,0.0,1,1,0
US-2019-115343,FO-14305,2019-09-22,US,East,United States,Consumer,Medium,673.5760000000001,8,0.2,0.2,2,2,0
CA-2019-103835,SC-20440,2019-09-24,US,West,United States,Corporate,Medium,1173.03,7,0.0,0.0,2,2,0
CA-2019-105508,JF-15190,2019-09-24,US,East,United States,Consumer,Medium,39.98,1,0.0,0.0,1,1,0
CA-2019-113131,MB-17305,2019-09-24,US,East,United States,Consumer,Medium,97.684,16,0.3,0.7,5,1,0
CA-2019-143119,MC-17275,2019-09-24,US,South,United States,Consumer,Medium,517.5,6,0.0,0.0,1,1,0
CA-2019-147816,CM-11935,2019-09-24,US,West,United States,Consumer,Medium,35.12,2,0.2,0.2,1,1,0
CA-2019-153381,DE-13255,2019-09-24,US,Central,United States,Home Office,Medium,1423.34,14,0.0,0.0,2,2,0
CA-2019-161830,ME-17725,2019-09-24,US,West,United States,Consumer,Medium,50.912000000000006,5,0.1,0.2,2,1,0
US-2019-106873,KM-16720,2019-09-24,US,West,United States,Consumer,Medium,54.24,11,0.2,0.2,3,2,0
US-2019-161466,ON-18715,2019-09-24,US,East,United States,Corporate,Medium,6.848000000000001,2,0.2,0.2,1,1,0
US-2019-164308,SC-20680,2019-09-24,US,Central,United States,Home Office,Medium,821.94,6,0.0,0.0,1,1,0
CA-2019-100573,AM-10705,2019-09-25,US,West,United States,Consumer,Medium,17.48,2,0.0,0.0,1,1,0
CA-2019-103933,DR-12880,2019-09-25,US,East,United States,Corporate,Medium,899.91,9,0.0,0.0,1,1,0
CA-2019-106320,EB-13870,2019-09-25,US,West,United States,Consumer,Medium,1044.63,3,0.0,0.0,1,1,0
CA-2019-120845,ML-17395,2019-09-25,US,South,United States,Corporate,Medium,22.549000000000003,8,0.575,0.7,4,1,0
CA-2019-139738,DK-12895,2019-09-25,US,Central,United States,Consumer,Medium,128.744,7,0.2,0.2,1,1,0
CA-2019-149083,SH-19975,2019-09-25,US,West,United States,Corporate,Medium,479.716,8,0.0666666666666666,0.2,3,3,0
CA-2019-151869,CS-11950,2019-09-25,US,East,United States,Consumer,Medium,122.622,4,0.05,0.1,2,2,0
CA-2019-156335,PO-19195,2019-09-25,US,East,United States,Home Office,Medium,183.4,9,0.0,0.0,3,2,0
CA-2019-156510,EH-13990,2019-09-25,US,East,United States,Consumer,Medium,63.14,5,0.0,0.0,3,1,0
CA-2019-159779,SB-20185,2019-09-25,US,East,United States,Consumer,Medium,68.62,2,0.0,0.0,1,1,0
CA-2019-160787,BM-11785,2019-09-25,US,East,United States,Consumer,Medium,2.9460000000000006,2,0.7,0.7,1,1,0
CA-2019-111458,PF-19165,2019-09-26,US,East,United States,Consumer,Medium,50.0,2,0.0,0.0,1,1,0
CA-2019-120341,SF-20200,2019-09-26,US,East,United States,Consumer,Medium,166.99800000000002,7,0.55,0.7,2,2,0
CA-2019-122371,BS-11800,2019-09-26,US,West,United States,Home Office,Medium,188.63,5,0.0,0.0,2,1,0
CA-2019-124800,RW-19540,2019-09-26,US,West,United States,Corporate,Medium,1044.075,32,0.3428571428571428,0.7,7,2,0
CA-2019-127173,GM-14500,2019-09-26,US,East,United States,Consumer,Medium,743.4259999999999,19,0.0666666666666666,0.2,3,2,0
CA-2019-130883,TB-21520,2019-09-26,US,West,United States,Consumer,Medium,412.664,16,0.2,0.2,3,2,0
US-2019-161991,SC-20725,2019-09-26,US,Central,United States,Consumer,Medium,1116.48,12,0.5,0.8,2,2,0
CA-2019-103072,HW-14935,2019-09-27,US,Central,United States,Corporate,Medium,42.32,9,0.0,0.0,2,1,0
CA-2019-125976,JK-15205,2019-09-27,US,South,United States,Consumer,Medium,2026.78,17,0.0,0.0,2,2,0
CA-2019-143616,SS-20140,2019-09-27,US,West,United States,Corporate,Medium,99.2,5,0.0,0.0,1,1,0
CA-2019-167255,RH-19510,2019-09-27,US,West,United States,Home Office,Medium,175.29,6,0.0,0.0,3,1,0
US-2019-100531,NM-18520,2019-09-27,US,Central,United States,Consumer,Medium,39.368,5,0.7,0.8,2,2,0
CA-2019-106978,ZC-21910,2019-09-28,US,West,United States,Consumer,Medium,18.128000000000004,6,0.3666666666666667,0.7,3,1,0
CA-2019-120915,JJ-15445,2019-09-28,US,East,United States,Consumer,Medium,601.5,8,0.0,0.0,2,2,0
CA-2019-129546,RP-19855,2019-09-28,US,West,United States,Corporate,Medium,351.916,14,0.1,0.2,4,2,0
CA-2019-169201,HG-14965,2019-09-28,US,West,United States,Corporate,Medium,86.82,5,0.0,0.0,2,1,0
CA-2019-115392,RM-19675,2019-10-01,US,East,United States,Home Office,Medium,334.43,7,0.0,0.0,2,2,0
CA-2019-148873,EM-13960,2019-10-01,US,Central,United States,Consumer,Medium,111.76000000000002,8,0.5,0.8,2,2,1
CA-2019-156566,EM-13960,2019-10-01,US,West,United States,Consumer,Medium,572.8000000000001,2,0.2,0.2,1,1,0
CA-2019-166135,SC-20440,2019-10-01,US,West,United States,Corporate,Medium,139.424,4,0.2,0.2,1,1,0
CA-2019-104493,EB-13705,2019-10-02,US,West,United States,Corporate,Medium,57.504000000000005,6,0.2,0.2,1,1,0
CA-2019-125696,NP-18685,2019-10-02,US,South,United States,Home Office,Medium,7.380000000000001,5,0.7,0.7,1,1,0
CA-2019-128356,RP-19390,2019-10-02,US,West,United States,Consumer,Medium,10.944,2,0.2,0.2,1,1,0
CA-2019-129917,HM-14980,2019-10-02,US,West,United States,Consumer,Medium,569.336,12,0.2,0.2,3,2,0
CA-2019-140375,SG-20470,2019-10-02,US,East,United States,Consumer,Medium,26.82,4,0.0,0.0,2,1,0
US-2019-119312,CS-12400,2019-10-02,US,West,United States,Home Office,Medium,270.34,14,0.0,0.0,1,1,0
US-2019-137008,JP-15460,2019-10-02,US,East,United States,Corporate,Medium,235.97,10,0.0,0.0,3,2,1
US-2019-144771,CK-12205,2019-10-02,US,West,United States,Consumer,Medium,64.072,4,0.2,0.2,2,2,0
US-2019-145121,MP-17965,2019-10-02,US,East,United States,Corporate,Medium,26.9,5,0.0,0.0,1,1,0
CA-2019-125178,MZ-17515,2019-10-03,US,East,United States,Corporate,Medium,15.008000000000004,2,0.2,0.2,1,1,0
CA-2019-126137,BS-11755,2019-10-03,US,West,United States,Consumer,Medium,120.666,2,0.15,0.15,1,1,0
US-2019-157014,BM-11785,2019-10-03,US,East,United States,Consumer,Medium,139.544,10,0.4,0.7,4,3,0
CA-2019-121391,AA-10315,2019-10-04,US,West,United States,Consumer,Medium,26.96,2,0.0,0.0,1,1,0
CA-2019-134859,JK-16120,2019-10-04,US,East,United States,Home Office,Medium,85.68,7,0.2,0.2,2,2,0
CA-2019-168004,DJ-13420,2019-10-04,US,South,United States,Corporate,Medium,392.94,3,0.0,0.0,1,1,0
CA-2019-115091,JJ-15760,2019-10-05,US,South,United States,Home Office,Medium,75.04,6,0.0,0.0,2,1,0
CA-2019-133445,JF-15490,2019-10-05,US,West,United States,Consumer,Medium,357.462,5,0.4499999999999999,0.7,2,1,0
CA-2019-145828,MB-17305,2019-10-05,US,East,United States,Consumer,Medium,53.040000000000006,3,0.2,0.2,1,1,0
CA-2019-151722,IL-15100,2019-10-05,US,East,United States,Consumer,Medium,288.0,4,0.2,0.2,1,1,0
CA-2019-161214,SF-20965,2019-10-05,US,East,United States,Corporate,Medium,77.55,5,0.0,0.0,1,1,0
CA-2019-125710,BT-11680,2019-10-08,US,Central,United States,Consumer,Medium,3.44,2,0.2,0.2,1,1,0
CA-2019-131352,GH-14485,2019-10-08,US,Central,United States,Corporate,Medium,72.78,3,0.6,0.6,1,1,0
CA-2019-168529,MB-17305,2019-10-08,US,West,United States,Consumer,Medium,145.9,5,0.0,0.0,1,1,0
CA-2019-124107,BM-11650,2019-10-09,US,Central,United States,Corporate,Medium,736.473,18,0.025,0.1,4,2,0
CA-2019-124499,FM-14380,2019-10-09,US,Central,United States,Consumer,Medium,659.88,8,0.05,0.1,2,2,0
CA-2019-129098,DK-13090,2019-10-09,US,South,United States,Consumer,Medium,30.84,2,0.0,0.0,1,1,0
CA-2019-141040,TB-21250,2019-10-09,US,East,United States,Consumer,Medium,655.88,8,0.0,0.0,2,2,0
CA-2019-162761,SC-20575,2019-10-09,US,South,United States,Consumer,Medium,50.462,12,0.5333333333333333,0.7,3,1,0
CA-2019-109736,DJ-13420,2019-10-10,US,West,United States,Corporate,Medium,45.36,7,0.0,0.0,1,1,1
CA-2019-112522,DP-13165,2019-10-10,US,Central,United States,Consumer,Medium,8.016,3,0.2,0.2,1,1,0
CA-2019-132388,KN-16390,2019-10-10,US,West,United States,Corporate,Medium,393.186,6,0.1,0.2,2,2,0
CA-2019-134719,JD-15790,2019-10-10,US,South,United States,Consumer,Medium,1801.632,6,0.2,0.2,1,1,0
CA-2019-112053,SH-20395,2019-10-11,US,East,United States,Consumer,Medium,31.95,1,0.0,0.0,1,1,0
US-2019-108966,SO-20335,2019-10-11,US,South,United States,Consumer,Medium,979.9455,7,0.325,0.45,2,2,0
CA-2019-102281,MP-17470,2019-10-12,US,East,United States,Home Office,Medium,1668.9880000000005,26,0.08,0.2,5,3,0
CA-2019-134747,DL-12925,2019-10-12,US,Central,United States,Consumer,Medium,412.24,9,0.0,0.0,3,2,0
CA-2019-142993,KA-16525,2019-10-12,US,West,United States,Consumer,Medium,99.86,4,0.0,0.0,2,2,0
CA-2019-159786,RK-19300,2019-10-12,US,East,United States,Consumer,Medium,209.67,1,0.4,0.4,1,1,0
CA-2019-114300,AF-10885,2019-10-13,US,South,United States,Consumer,Medium,371.66,10,0.0,0.0,2,2,0
CA-2019-129476,PA-19060,2019-10-15,US,Central,United States,Home Office,Medium,339.96000000000004,5,0.2,0.2,1,1,0
CA-2019-139731,JE-15745,2019-10-15,US,Central,United States,Consumer,Medium,2717.31,8,0.25,0.3,2,2,1
US-2019-118766,LS-16975,2019-10-15,US,Central,United States,Home Office,Medium,8.424,11,0.5,0.8,2,1,0
US-2019-123918,CG-12520,2019-10-15,US,Central,United States,Consumer,Medium,136.72,7,0.4,0.6,2,2,0
US-2019-126235,GA-14725,2019-10-15,US,Central,United States,Consumer,Medium,17.14,2,0.0,0.0,1,1,0
CA-2019-110765,MP-17965,2019-10-16,US,East,United States,Corporate,Medium,824.97,3,0.0,0.0,1,1,0
CA-2019-152527,CM-12190,2019-10-17,US,West,United States,Consumer,Medium,77.88,2,0.0,0.0,1,1,0
CA-2019-105613,KN-16705,2019-10-18,US,Central,United States,Home Office,Medium,100.86,9,0.5,0.8,2,2,0
CA-2019-127824,JC-15775,2019-10-18,US,West,United States,Consumer,Medium,277.634,8,0.0666666666666666,0.2,3,3,0
CA-2019-113901,NH-18610,2019-10-19,US,Central,United States,Corporate,Medium,188.23,11,0.0,0.0,2,2,0
CA-2019-131128,TB-21520,2019-10-19,US,East,United States,Consumer,Medium,34.44,3,0.0,0.0,1,1,0
CA-2019-150413,CS-11860,2019-10-19,US,Central,United States,Consumer,Medium,1.7199999999999995,1,0.8,0.8,1,1,0
CA-2019-160171,RM-19675,2019-10-19,US,West,United States,Home Office,Medium,1910.7,8,0.0,0.0,2,2,0
CA-2019-149097,SV-20785,2019-10-20,US,West,United States,Consumer,Medium,439.53600000000006,10,0.1,0.2,2,1,0
CA-2019-164623,MS-17770,2019-10-20,US,East,United States,Consumer,Medium,24.56,2,0.0,0.0,1,1,0
US-2019-160563,NS-18640,2019-10-20,US,West,United States,Corporate,Medium,255.99,9,0.0,0.0,2,2,0
CA-2019-169733,GM-14500,2019-10-22,US,South,United States,Consumer,Medium,9.952,1,0.2,0.2,1,1,0
US-2019-104430,LT-17110,2019-10-22,US,Central,United States,Consumer,Medium,5.175999999999998,4,0.8,0.8,1,1,0
CA-2019-109190,CC-12685,2019-10-23,US,Central,United States,Consumer,Medium,546.792,12,0.4000000000000001,0.8,3,2,0
CA-2019-110877,JE-15715,2019-10-23,US,Central,United States,Consumer,Medium,186.672,9,0.2,0.2,2,2,0
CA-2019-132486,JF-15355,2019-10-23,US,West,United States,Consumer,Medium,1446.784,26,0.1,0.2,6,3,0
CA-2019-142692,AG-10495,2019-10-23,US,West,United States,Corporate,Medium,3.5920000000000005,1,0.2,0.2,1,1,0
CA-2019-155068,RA-19285,2019-10-23,US,South,United States,Consumer,Medium,78.456,11,0.2,0.2,3,2,0
CA-2019-118738,AG-10495,2019-10-24,US,Central,United States,Corporate,Medium,373.281,12,0.2333333333333333,0.3,3,2,0
CA-2019-149650,RD-19660,2019-10-24,US,West,United States,Home Office,Medium,454.2720000000001,8,0.2,0.2,1,1,1
CA-2019-156608,MT-18070,2019-10-24,US,Central,United States,Home Office,Medium,3.591999999999999,4,0.8,0.8,1,1,0
CA-2019-105844,JF-15415,2019-10-25,US,West,United States,Consumer,Medium,79.36,4,0.0,0.0,1,1,0
CA-2019-109862,HK-14890,2019-10-25,US,East,United States,Corporate,Medium,450.09,6,0.0,0.0,2,2,0
CA-2019-130848,DG-13300,2019-10-25,US,West,United States,Corporate,Medium,582.336,8,0.2,0.2,1,1,0
CA-2019-152891,TB-21625,2019-10-25,US,West,United States,Consumer,Medium,313.626,6,0.1,0.2,2,2,0
CA-2019-139290,MY-17380,2019-10-26,US,West,United States,Corporate,Medium,5.76,2,0.0,0.0,1,1,0
CA-2019-150714,KH-16690,2019-10-26,US,West,United States,Corporate,Medium,1215.2690000000002,31,0.3,0.7,5,1,0
CA-2019-156146,AG-10495,2019-10-26,US,West,United States,Corporate,Medium,174.30400000000003,4,0.2,0.2,2,1,0
CA-2019-162537,RD-19585,2019-10-28,US,South,United States,Consumer,Medium,104.51,16,0.0,0.0,4,2,0
CA-2019-110289,NB-18655,2019-10-29,US,West,United States,Corporate,Medium,244.24,9,0.0,0.0,2,1,0
CA-2019-123673,CH-12070,2019-10-30,US,Central,United States,Home Office,Medium,299.9,2,0.0,0.0,1,1,0
CA-2019-132318,TT-21220,2019-10-30,US,South,United States,Consumer,Medium,182.91,3,0.0,0.0,1,1,0
CA-2019-145758,BF-11020,2019-10-30,US,East,United States,Corporate,Medium,1035.8,4,0.0,0.0,1,1,0
US-2019-131359,FA-14230,2019-10-30,US,West,United States,Corporate,Medium,603.434,12,0.325,0.7,4,2,0
CA-2019-122259,HP-14815,2019-10-31,US,Central,United States,Home Office,Medium,70.12,4,0.0,0.0,1,1,0
CA-2019-131457,MZ-17515,2019-10-31,US,West,United States,Corporate,Medium,14.28,7,0.0,0.0,1,1,0
CA-2019-132570,KT-16480,2019-10-31,US,East,United States,Consumer,Medium,82.74,4,0.0,0.0,2,1,0
CA-2019-164882,SG-20080,2019-10-31,US,West,United States,Consumer,Medium,2562.1710000000003,26,0.0833333333333333,0.2,9,3,1
US-2019-164448,DK-12835,2019-10-31,US,West,United States,Corporate,Medium,481.698,26,0.1,0.2,4,1,0
CA-2019-105221,VM-21685,2019-11-01,US,East,United States,Home Office,Medium,38.528000000000006,4,0.2,0.2,2,2,0
CA-2019-108119,MS-17530,2019-11-01,US,South,United States,Consumer,Medium,301.96,2,0.0,0.0,1,1,0
CA-2019-113145,VD-21670,2019-11-01,US,East,United States,Consumer,Medium,2220.06,21,0.0,0.0,5,3,0
CA-2019-126739,JH-16180,2019-11-01,US,East,United States,Consumer,Medium,327.564,4,0.1,0.1,1,1,0
CA-2019-130995,QJ-19255,2019-11-01,US,East,United States,Corporate,Medium,4.95,1,0.0,0.0,1,1,0
CA-2019-141740,JF-15490,2019-11-01,US,East,United States,Consumer,Medium,205.164,2,0.1,0.1,1,1,0
US-2019-110163,GA-14725,2019-11-01,US,West,United States,Consumer,Medium,7.88,1,0.2,0.2,1,1,0
CA-2019-100657,SW-20245,2019-11-02,US,East,United States,Consumer,Medium,109.764,2,0.1,0.1,1,1,0
CA-2019-125416,KC-16540,2019-11-02,US,West,United States,Consumer,Medium,447.93,9,0.0,0.0,1,1,0
CA-2019-130890,JO-15280,2019-11-02,US,West,United States,Consumer,Medium,1038.84,5,0.2,0.2,1,1,0
CA-2019-138625,EG-13900,2019-11-02,US,South,United States,Consumer,Medium,197.72,4,0.0,0.0,1,1,0
CA-2019-141810,BB-10990,2019-11-02,US,Central,United States,Corporate,Medium,374.076,9,0.5,0.8,2,2,0
CA-2019-160227,ED-13885,2019-11-02,US,East,United States,Home Office,Medium,2621.322,11,0.1,0.1,1,1,0
CA-2019-168207,LT-17110,2019-11-02,US,West,United States,Consumer,Medium,738.899,19,0.1375,0.2,4,2,0
CA-2019-121041,CS-12250,2019-11-03,US,Central,United States,Corporate,Medium,6.6080000000000005,2,0.2,0.2,1,1,0
CA-2019-140410,CM-12655,2019-11-03,US,West,United States,Home Office,Medium,1345.418,13,0.0666666666666666,0.2,3,2,0
CA-2019-162047,FH-14365,2019-11-03,US,East,United States,Corporate,Medium,1448.8200000000002,10,0.1,0.1,1,1,0
CA-2019-103961,NG-18430,2019-11-05,US,Central,United States,Consumer,Medium,19.824,6,0.2,0.2,1,1,0
CA-2019-118444,VD-21670,2019-11-05,US,South,United States,Consumer,Medium,387.136,4,0.2,0.2,1,1,0
CA-2019-131072,KL-16645,2019-11-05,US,West,United States,Consumer,Medium,98.352,3,0.2,0.2,1,1,0
CA-2019-131422,GB-14530,2019-11-05,US,South,United States,Corporate,Medium,207.0,3,0.2,0.2,1,1,0
CA-2019-144386,GT-14635,2019-11-05,US,East,United States,Corporate,Medium,25.344,6,0.2,0.2,1,1,0
CA-2019-145485,JM-16195,2019-11-05,US,West,United States,Consumer,Medium,62.8,4,0.0,0.0,1,1,0
US-2019-136259,CB-12415,2019-11-05,US,East,United States,Consumer,Medium,34.418000000000006,7,0.4499999999999999,0.7,2,1,0
CA-2019-105312,MT-17815,2019-11-06,US,West,United States,Consumer,Medium,11.481000000000002,6,0.4499999999999999,0.7,2,1,0
CA-2019-102848,KB-16240,2019-11-07,US,West,United States,Corporate,Medium,190.72000000000003,1,0.2,0.2,1,1,0
CA-2019-105571,CP-12340,2019-11-07,US,South,United States,Corporate,Medium,1361.631,14,0.7,0.7,2,1,0
CA-2019-126669,DO-13645,2019-11-07,US,Central,United States,Consumer,Medium,76.64,2,0.2,0.2,1,1,0
CA-2019-134922,KB-16240,2019-11-07,US,East,United States,Corporate,Medium,24.4,2,0.2,0.2,1,1,0
CA-2019-148432,MC-18130,2019-11-07,US,East,United States,Corporate,Medium,33.48,9,0.0,0.0,2,1,0
CA-2019-162887,SV-20785,2019-11-07,US,East,United States,Consumer,Medium,715.2,3,0.0,0.0,1,1,0
CA-2019-163181,AB-10105,2019-11-07,US,Central,United States,Consumer,Medium,671.002,25,0.3999999999999999,0.8,6,3,0
CA-2019-105634,HA-14905,2019-11-08,US,East,United States,Consumer,Medium,11.65,5,0.0,0.0,1,1,0
CA-2019-108259,NS-18640,2019-11-08,US,South,United States,Corporate,Medium,81.135,20,0.325,0.7,4,2,0
CA-2019-109386,RH-19600,2019-11-08,US,South,United States,Consumer,Medium,750.93,23,0.0,0.0,5,3,0
CA-2019-111990,DB-13660,2019-11-08,US,Central,United States,Consumer,Medium,10.476,6,0.8,0.8,1,1,0
CA-2019-114811,KD-16495,2019-11-08,US,East,United States,Corporate,Medium,5850.514,16,0.02,0.1,5,3,0
CA-2019-117086,QJ-19255,2019-11-08,US,East,United States,Corporate,Medium,4404.9,5,0.0,0.0,1,1,0
CA-2019-117611,MZ-17335,2019-11-08,US,West,United States,Home Office,Medium,376.97,4,0.0,0.0,2,2,0
CA-2019-123568,SC-20095,2019-11-08,US,West,United States,Consumer,Medium,256.35,14,0.05,0.2,4,2,1
CA-2019-154886,SW-20455,2019-11-08,US,West,United States,Consumer,Medium,119.9,2,0.0,0.0,1,1,0
CA-2019-164441,AC-10450,2019-11-08,US,East,United States,Consumer,Medium,70.212,14,0.1,0.2,2,1,0
US-2019-151407,RD-19585,2019-11-08,US,Central,United States,Consumer,Medium,263.96,4,0.0,0.0,1,1,0
CA-2019-113222,AG-10765,2019-11-09,US,Central,United States,Home Office,Medium,10.74,3,0.0,0.0,1,1,0
CA-2019-126466,JO-15550,2019-11-09,US,West,United States,Home Office,Medium,2.48,2,0.0,0.0,1,1,0
CA-2019-127509,AS-10090,2019-11-09,US,Central,United States,Consumer,Medium,1085.16,16,0.0,0.0,4,2,0
CA-2019-146486,DV-13465,2019-11-09,US,East,United States,Consumer,Medium,1170.72,18,0.0,0.0,4,2,1
CA-2019-158554,CM-12190,2019-11-09,US,East,United States,Consumer,Medium,11.352000000000002,3,0.2,0.2,1,1,0
CA-2019-169796,Dp-13240,2019-11-09,US,East,United States,Home Office,Medium,2339.84,5,0.0,0.0,2,2,0
CA-2019-121783,PO-19180,2019-11-10,US,Central,United States,Home Office,Medium,2165.12,12,0.0,0.0,5,3,0
CA-2019-147690,SC-20020,2019-11-10,US,East,United States,Consumer,Medium,577.5840000000001,6,0.2,0.2,1,1,0
CA-2019-155040,AH-10210,2019-11-10,US,West,United States,Consumer,Medium,79.9,2,0.0,0.0,1,1,0
CA-2019-158659,SC-20695,2019-11-10,US,Central,United States,Corporate,Medium,714.3000000000001,5,0.0,0.0,1,1,0
CA-2019-111948,AG-10495,2019-11-11,US,Central,United States,Corporate,Medium,542.178,9,0.05,0.1,2,1,1
CA-2019-113628,AH-10690,2019-11-12,US,South,United States,Corporate,Medium,792.508,19,0.3666666666666667,0.7,6,3,1
CA-2019-153220,YC-21895,2019-11-12,US,West,United States,Corporate,Medium,15.7,5,0.0,0.0,1,1,1
CA-2019-162964,MF-18250,2019-11-12,US,Central,United States,Corporate,Medium,304.224,11,0.2,0.2,3,1,0
US-2019-153283,EB-14110,2019-11-12,US,East,United States,Consumer,Medium,15.56,2,0.0,0.0,1,1,0
CA-2019-104948,KH-16510,2019-11-13,US,West,United States,Consumer,Medium,723.164,13,0.1166666666666666,0.2,3,2,0
CA-2019-111199,JK-15730,2019-11-13,US,South,United States,Consumer,Medium,115.296,3,0.2,0.2,1,1,0
CA-2019-114503,AA-10375,2019-11-13,US,South,United States,Consumer,Medium,84.96000000000001,6,0.2,0.2,1,1,0
CA-2019-115798,KL-16645,2019-11-13,US,East,United States,Consumer,Medium,810.1999999999999,15,0.0,0.0,4,3,0
CA-2019-130183,PO-18850,2019-11-13,US,Central,United States,Consumer,Medium,613.9992,3,0.32,0.32,1,1,0
CA-2019-136147,FM-14380,2019-11-13,US,South,United States,Consumer,Medium,233.064,11,0.4499999999999999,0.7,2,2,0
CA-2019-144519,AW-10930,2019-11-13,US,West,United States,Home Office,Medium,403.94000000000005,12,0.1,0.2,2,2,0
CA-2019-149909,RA-19915,2019-11-13,US,Central,United States,Consumer,Medium,210.82,12,0.0,0.0,3,2,0
CA-2019-153073,HA-14905,2019-11-13,US,Central,United States,Consumer,Medium,17.496000000000002,9,0.6,0.6,1,1,0
US-2019-156867,LC-16870,2019-11-13,US,West,United States,Consumer,Medium,378.138,12,0.3666666666666667,0.7,3,3,0
CA-2019-123141,GZ-14470,2019-11-14,US,West,United States,Consumer,Medium,1114.192,7,0.2,0.2,2,1,0
CA-2019-137897,PJ-18835,2019-11-14,US,East,United States,Corporate,Medium,134.5,9,0.0,0.0,3,2,0
CA-2019-138674,KB-16585,2019-11-14,US,West,United States,Corporate,Medium,259.86400000000003,12,0.2,0.2,3,2,1
CA-2019-151043,MG-17680,2019-11-14,US,East,United States,Home Office,Medium,47.984,2,0.2,0.2,1,1,0
CA-2019-154746,PJ-18835,2019-11-14,US,South,United States,Corporate,Medium,860.07,5,0.0,0.0,2,1,0
US-2019-111927,LS-17230,2019-11-14,US,East,United States,Consumer,Medium,96.1,5,0.0,0.0,2,2,0
CA-2019-113173,DK-13225,2019-11-15,US,Central,United States,Corporate,Medium,270.356,17,0.4000000000000001,0.8,3,1,0
CA-2019-129525,VP-21760,2019-11-15,US,East,United States,Corporate,Medium,166.92000000000002,13,0.7,0.7,1,1,0
CA-2019-138954,MH-17785,2019-11-15,US,East,United States,Corporate,Medium,224.934,15,0.0666666666666666,0.2,3,1,0
CA-2019-145324,DH-13675,2019-11-15,US,South,United States,Home Office,Medium,39.96,2,0.0,0.0,1,1,0
CA-2019-120446,JG-15805,2019-11-16,US,West,United States,Corporate,Medium,18.9,3,0.0,0.0,1,1,0
CA-2019-135685,MP-18175,2019-11-16,US,Central,United States,Home Office,Medium,2233.02,25,0.0,0.0,5,3,0
CA-2019-145394,MC-17605,2019-11-16,US,Central,United States,Corporate,Medium,295.968,7,0.3333333333333333,0.6,3,3,0
CA-2019-150875,HK-14890,2019-11-16,US,West,United States,Corporate,Medium,1001.196,5,0.1,0.2,2,2,1
CA-2019-164539,PO-19180,2019-11-16,US,East,United States,Home Office,Medium,523.25,5,0.0,0.0,1,1,0
CA-2019-110863,AA-10645,2019-11-17,US,Central,United States,Consumer,Medium,1971.46,12,0.0,0.0,3,2,0
CA-2019-126725,BS-11665,2019-11-17,US,West,United States,Consumer,Medium,1873.606,30,0.0571428571428571,0.2,7,3,0
CA-2019-163090,GH-14665,2019-11-17,US,Central,United States,Consumer,Medium,40.92,5,0.2,0.2,1,1,0
CA-2019-145814,KD-16345,2019-11-19,US,East,United States,Consumer,Medium,867.744,6,0.1,0.2,2,2,0
CA-2019-151680,TC-21475,2019-11-19,US,West,United States,Home Office,Medium,141.96,2,0.0,0.0,1,1,0
CA-2019-166800,AG-10300,2019-11-19,US,West,United States,Corporate,Medium,31.08,4,0.0,0.0,1,1,0
CA-2019-100454,BM-11650,2019-11-20,US,East,United States,Corporate,Medium,258.018,11,0.0666666666666666,0.2,3,2,0
CA-2019-110891,PO-19195,2019-11-20,US,East,United States,Home Office,Medium,344.372,4,0.3,0.3,1,1,0
CA-2019-112305,KB-16405,2019-11-20,US,West,United States,Home Office,Medium,155.16,11,0.0,0.0,3,3,0
CA-2019-116484,JK-15205,2019-11-20,US,East,United States,Consumer,Medium,205.376,5,0.2,0.2,2,2,0
CA-2019-124058,LC-16885,2019-11-20,US,West,United States,Consumer,Medium,644.9040000000001,10,0.2,0.2,2,2,1
CA-2019-136420,CS-12250,2019-11-20,US,West,United States,Corporate,Medium,139.816,8,0.1,0.2,2,1,0
CA-2019-144652,SN-20560,2019-11-20,US,West,United States,Home Office,Medium,19.46,7,0.0,0.0,1,1,0
CA-2019-146465,PB-18805,2019-11-20,US,West,United States,Home Office,Medium,24.192,9,0.2,0.2,1,1,0
CA-2019-156524,DL-12865,2019-11-20,US,East,United States,Consumer,Medium,19.65,3,0.0,0.0,1,1,0
CA-2019-161767,GK-14620,2019-11-20,US,Central,United States,Corporate,Medium,479.988,2,0.4,0.4,1,1,0
CA-2019-163965,SS-20875,2019-11-20,US,South,United States,Consumer,Medium,377.902,14,0.4499999999999999,0.7,4,2,0
US-2019-158589,KW-16570,2019-11-20,US,West,United States,Consumer,Medium,32.04,3,0.0,0.0,1,1,0
US-2019-165743,MM-18055,2019-11-20,US,West,United States,Consumer,Medium,160.27200000000002,15,0.6999999999999998,0.7,3,2,0
CA-2019-102778,JH-15820,2019-11-21,US,South,United States,Consumer,Medium,18.176,1,0.2,0.2,1,1,0
CA-2019-105690,CA-11965,2019-11-21,US,Central,United States,Corporate,Medium,697.8208,5,0.24,0.32,3,3,0
CA-2019-107083,BB-11545,2019-11-21,US,Central,United States,Corporate,Medium,39.60799999999999,12,0.65,0.8,4,1,0
CA-2019-109337,DL-13330,2019-11-21,US,Central,United States,Consumer,Medium,508.11,16,0.0,0.0,4,2,0
CA-2019-115511,NW-18400,2019-11-21,US,West,United States,Consumer,Medium,208.008,6,0.1,0.2,2,2,0
CA-2019-119879,SS-20410,2019-11-21,US,East,United States,Consumer,Medium,1363.674,13,0.4,0.4,2,2,0
US-2019-101511,JE-15745,2019-11-21,US,East,United States,Consumer,Medium,412.682,12,0.25,0.3,2,2,0
US-2019-159499,EM-14095,2019-11-21,US,West,United States,Corporate,Medium,365.4960000000001,13,0.2,0.2,3,2,0
CA-2019-100545,IM-15070,2019-11-22,US,East,United States,Consumer,Medium,11.610000000000005,2,0.7,0.7,1,1,0
CA-2019-123505,AR-10540,2019-11-22,US,East,United States,Consumer,Medium,14.94,3,0.0,0.0,1,1,0
CA-2019-137708,NG-18430,2019-11-22,US,West,United States,Consumer,Medium,114.37,15,0.0,0.0,3,1,0
CA-2019-139094,MO-17800,2019-11-22,US,Central,United States,Home Office,Medium,206.962,2,0.3,0.3,1,1,0
CA-2019-149300,BH-11710,2019-11-22,US,South,United States,Consumer,Medium,32.985,3,0.5,0.5,1,1,0
CA-2019-162376,HD-14785,2019-11-22,US,East,United States,Home Office,Medium,77.06,7,0.0,0.0,2,1,0
CA-2019-168459,MC-17275,2019-11-22,US,South,United States,Consumer,Medium,58.05,8,0.4499999999999999,0.7,2,1,0
US-2019-118983,HP-14815,2019-11-22,US,Central,United States,Home Office,Medium,71.35399999999998,8,0.8,0.8,2,1,0
US-2019-165449,AP-10720,2019-11-22,US,Central,United States,Home Office,Medium,27.168000000000003,4,0.2,0.2,1,1,0
CA-2019-111395,VB-21745,2019-11-23,US,Central,United States,Corporate,Medium,386.488,8,0.4000000000000001,0.8,3,1,0
CA-2019-123113,AT-10735,2019-11-23,US,East,United States,Consumer,Medium,2643.06,11,0.0,0.0,2,1,0
CA-2019-144274,PW-19240,2019-11-23,US,East,United States,Consumer,Medium,420.64,20,0.0,0.0,5,2,0
CA-2019-105347,DP-13000,2019-11-24,US,West,United States,Consumer,Medium,383.61,14,0.0,0.0,2,1,0
CA-2019-135545,KM-16720,2019-11-24,US,West,United States,Consumer,Medium,266.294,15,0.05,0.2,4,3,0
CA-2019-153416,TS-21340,2019-11-24,US,West,United States,Consumer,Medium,568.86,20,0.1,0.2,4,1,0
US-2019-164357,SF-20065,2019-11-25,US,South,United States,Consumer,Medium,13.12,5,0.2,0.2,1,1,0
CA-2019-117961,GP-14740,2019-11-26,US,East,United States,Corporate,Medium,191.62,15,0.0,0.0,4,1,0
CA-2019-158939,EA-14035,2019-11-26,US,Central,United States,Corporate,Medium,599.99,1,0.0,0.0,1,1,0
CA-2019-166975,SH-20635,2019-11-26,US,South,United States,Corporate,Medium,692.472,11,0.2,0.2,1,1,0
CA-2019-101910,CD-11920,2019-11-27,US,West,United States,Consumer,Medium,283.92,5,0.2,0.2,1,1,1
CA-2019-125234,SN-20710,2019-11-27,US,West,United States,Home Office,Medium,221.79,6,0.0,0.0,2,2,0
CA-2019-130974,MA-17560,2019-11-27,US,East,United States,Home Office,Medium,1170.918,24,0.0428571428571428,0.3,7,3,0
CA-2019-145184,JD-16150,2019-11-27,US,East,United States,Corporate,Medium,188.94,6,0.0,0.0,2,1,0
CA-2019-160059,TB-21190,2019-11-27,US,South,United States,Home Office,Medium,6.24,2,0.0,0.0,1,1,0
CA-2019-163762,JE-15475,2019-11-27,US,East,United States,Consumer,Medium,29.79,3,0.0,0.0,1,1,0
US-2019-154389,EH-14125,2019-11-27,US,East,United States,Home Office,Medium,748.7520000000001,8,0.4,0.4,1,1,0
US-2019-168935,DO-13435,2019-11-27,US,South,United States,Consumer,Medium,459.4335,6,0.325,0.45,2,2,0
CA-2019-111612,EB-14110,2019-11-28,US,East,United States,Consumer,Medium,74.128,7,0.2,0.2,2,2,0
CA-2019-136196,TP-21415,2019-11-28,US,East,United States,Consumer,Medium,322.59000000000003,3,0.0,0.0,1,1,0
CA-2019-142930,EB-14170,2019-11-28,US,Central,United States,Consumer,Medium,335.52,4,0.2,0.2,1,1,0
CA-2019-157028,MA-17995,2019-11-28,US,West,United States,Home Office,Medium,8.28,2,0.0,0.0,1,1,0
CA-2019-157133,LC-16885,2019-11-28,US,Central,United States,Consumer,Medium,151.96,5,0.6,0.6,1,1,0
CA-2019-161711,MC-17425,2019-11-28,US,East,United States,Corporate,Medium,130.4,11,0.0,0.0,2,2,0
CA-2019-164497,AJ-10945,2019-11-28,US,West,United States,Consumer,Medium,45.28,4,0.0,0.0,1,1,0
US-2019-159982,DR-12880,2019-11-28,US,Central,United States,Corporate,Medium,796.324,22,0.3,0.6,4,3,0
CA-2019-110016,BT-11395,2019-11-29,US,Central,United States,Corporate,Medium,1126.83,13,0.0,0.0,2,2,0
CA-2019-129112,AW-10840,2019-11-29,US,Central,United States,Consumer,Medium,30.264,7,0.5,0.8,2,2,0
CA-2019-138009,SF-20965,2019-11-29,US,Central,United States,Corporate,Medium,1542.47,20,0.025,0.1,4,2,0
CA-2019-144099,PO-19195,2019-11-29,US,West,United States,Home Office,Medium,4.304,1,0.2,0.2,1,1,0
CA-2019-154340,EK-13795,2019-11-29,US,West,United States,Home Office,Medium,56.3,2,0.0,0.0,1,1,0
CA-2019-107685,JM-15865,2019-11-30,US,West,United States,Consumer,Medium,106.88,8,0.0,0.0,2,2,0
CA-2019-122210,WB-21850,2019-11-30,US,East,United States,Consumer,Medium,258.495,14,0.4333333333333333,0.7,3,2,0
CA-2019-137925,JL-15235,2019-11-30,US,East,United States,Consumer,Medium,705.0680000000001,19,0.1,0.2,2,2,0
CA-2019-140830,PS-18970,2019-11-30,US,South,United States,Home Office,Medium,89.36,4,0.0,0.0,2,1,0
CA-2019-141327,LR-16915,2019-11-30,US,South,United States,Consumer,Medium,440.144,12,0.3666666666666667,0.7,3,2,0
CA-2019-156328,RM-19375,2019-11-30,US,South,United States,Consumer,Medium,177.48000000000002,3,0.2,0.2,1,1,0
CA-2019-158323,AB-10600,2019-11-30,US,South,United States,Corporate,Medium,17.088,2,0.2,0.2,1,1,0
US-2019-141453,DB-13270,2019-11-30,US,Central,United States,Home Office,Medium,3.881999999999999,3,0.8,0.8,1,1,0
CA-2019-103723,BT-11305,2019-12-01,US,West,United States,Home Office,Medium,13.9,5,0.0,0.0,1,1,0
CA-2019-110324,MA-17560,2019-12-01,US,Central,United States,Home Office,Medium,41.62,7,0.0,0.0,3,1,0
CA-2019-111038,LC-16960,2019-12-01,US,West,United States,Home Office,Medium,2676.672,9,0.2,0.2,1,1,0
CA-2019-119907,LC-17140,2019-12-01,US,West,United States,Consumer,Medium,55.42400000000001,2,0.2,0.2,1,1,1
CA-2019-137113,TW-21025,2019-12-01,US,West,United States,Home Office,Medium,4210.650000000001,27,0.04,0.2,5,2,0
US-2019-105676,NM-18520,2019-12-01,US,Central,United States,Consumer,Medium,6.688,4,0.6,0.6,1,1,0
US-2019-148817,KD-16495,2019-12-01,US,South,United States,Corporate,Medium,125.64,8,0.0,0.0,2,1,0
CA-2019-110093,AB-10255,2019-12-03,US,East,United States,Home Office,Medium,53.232,4,0.2,0.2,2,2,0
CA-2019-122756,DK-13225,2019-12-03,US,East,United States,Corporate,Medium,485.3,5,0.4499999999999999,0.7,2,2,0
CA-2019-123092,JG-15115,2019-12-03,US,South,United States,Consumer,Medium,288.85,12,0.325,0.7,4,3,0
CA-2019-142475,BS-11380,2019-12-03,US,East,United States,Corporate,Medium,590.352,6,0.2,0.2,1,1,0
CA-2019-147851,MP-17470,2019-12-03,US,East,United States,Home Office,Medium,10.752,4,0.2,0.2,1,1,0
CA-2019-156853,HP-14815,2019-12-03,US,East,United States,Home Office,Medium,184.66,7,0.0,0.0,1,1,0
US-2019-145422,PW-19240,2019-12-03,US,West,United States,Consumer,Medium,359.499,3,0.15,0.15,1,1,0
CA-2019-110247,RH-19555,2019-12-04,US,South,United States,Consumer,Medium,8.226,3,0.7,0.7,1,1,0
CA-2019-118871,HM-14860,2019-12-04,US,West,United States,Corporate,Medium,418.192,11,0.0666666666666666,0.2,3,3,0
CA-2019-119508,TZ-21580,2019-12-04,US,West,United States,Consumer,Medium,41.98,11,0.0,0.0,2,2,0
CA-2019-130659,MS-17365,2019-12-04,US,East,United States,Consumer,Medium,2201.864,15,0.0333333333333333,0.1,3,3,0
CA-2019-142377,MS-17980,2019-12-04,US,Central,United States,Corporate,Medium,85.96,7,0.0,0.0,1,1,0
CA-2019-155600,RO-19780,2019-12-04,US,South,United States,Consumer,Medium,1635.0180000000005,11,0.4499999999999999,0.7,2,1,0
CA-2019-161718,SO-20335,2019-12-04,US,East,United States,Consumer,Medium,794.5740000000001,14,0.05,0.1,4,2,0
CA-2019-101091,SW-20245,2019-12-05,US,East,United States,Consumer,Medium,74.048,8,0.4499999999999999,0.7,2,2,0
CA-2019-110814,BD-11635,2019-12-05,US,East,United States,Consumer,Medium,419.726,10,0.1,0.2,3,2,1
CA-2019-117898,TB-21250,2019-12-05,US,Central,United States,Consumer,Medium,12.224,2,0.2,0.2,1,1,0
CA-2019-134943,SU-20665,2019-12-05,US,Central,United States,Home Office,Medium,152.79999999999998,5,0.0,0.0,1,1,0
CA-2019-142937,SF-20065,2019-12-05,US,Central,United States,Consumer,Medium,45.04,2,0.2,0.2,1,1,0
CA-2019-149566,GB-14530,2019-12-05,US,West,United States,Corporate,Medium,51.6,7,0.0,0.0,2,2,0
CA-2019-156440,MH-17620,2019-12-05,US,West,United States,Corporate,Medium,44.46,2,0.0,0.0,1,1,1
US-2019-131842,RR-19525,2019-12-05,US,South,United States,Corporate,Medium,97.424,2,0.2,0.2,1,1,0
CA-2019-131884,DK-13375,2019-12-06,US,East,United States,Consumer,Medium,594.002,11,0.3,0.4,3,3,0
CA-2019-136700,DB-13120,2019-12-06,US,West,United States,Corporate,Medium,8.96,2,0.0,0.0,1,1,0
CA-2019-143490,NP-18325,2019-12-06,US,West,United States,Consumer,Medium,339.334,11,0.1,0.2,2,2,1
CA-2019-144806,GH-14425,2019-12-06,US,West,United States,Consumer,Medium,757.712,31,0.2,0.2,5,2,0
CA-2019-148628,KM-16375,2019-12-06,US,West,United States,Home Office,Medium,32.75,5,0.0,0.0,1,1,0
CA-2019-153752,RO-19780,2019-12-06,US,South,United States,Consumer,Medium,173.94,6,0.0,0.0,1,1,0
CA-2019-156104,NP-18685,2019-12-06,US,Central,United States,Home Office,Medium,999.98,2,0.0,0.0,1,1,0
CA-2019-166338,MP-18175,2019-12-06,US,East,United States,Home Office,Medium,14.832000000000004,3,0.7,0.7,1,1,0
CA-2019-168634,AF-10870,2019-12-06,US,West,United States,Consumer,Medium,7.78,2,0.0,0.0,1,1,0
US-2019-114741,IL-15100,2019-12-06,US,West,United States,Consumer,Medium,1347.2700000000002,9,0.0,0.0,3,1,0
US-2019-127040,SG-20605,2019-12-06,US,East,United States,Consumer,Medium,1782.17,21,0.0,0.0,4,3,0
US-2019-149692,KW-16435,2019-12-06,US,Central,United States,Consumer,Medium,2.772,7,0.8,0.8,1,1,0
CA-2019-130736,JF-15490,2019-12-07,US,West,United States,Consumer,Medium,6.57,3,0.0,0.0,2,1,0
CA-2019-134894,DK-12985,2019-12-07,US,South,United States,Consumer,Medium,436.86,7,0.0,0.0,2,2,0
CA-2019-135272,MS-17830,2019-12-07,US,West,United States,Consumer,Medium,79.92,4,0.0,0.0,1,1,0
CA-2019-165050,AH-10210,2019-12-07,US,East,United States,Consumer,Medium,801.988,13,0.1333333333333333,0.2,3,2,0
US-2019-120957,KH-16690,2019-12-07,US,West,United States,Corporate,Medium,12.96,2,0.0,0.0,1,1,0
CA-2019-103205,JJ-15760,2019-12-08,US,Central,United States,Home Office,Medium,119.96,5,0.2,0.2,1,1,0
CA-2019-129532,YS-21880,2019-12-08,US,West,United States,Corporate,Medium,457.96,6,0.0,0.0,2,2,0
CA-2019-135622,TT-21460,2019-12-08,US,Central,United States,Home Office,Medium,2079.112,17,0.2,0.2,2,2,0
CA-2019-156118,HG-14965,2019-12-08,US,West,United States,Corporate,Medium,15.696000000000002,3,0.2,0.2,1,1,0
CA-2019-157035,KB-16600,2019-12-09,US,Central,United States,Corporate,Medium,34.02,3,0.0,0.0,1,1,0
CA-2019-106208,JW-16075,2019-12-10,US,Central,United States,Consumer,Medium,53.088,7,0.8,0.8,1,1,0
CA-2019-112823,RA-19945,2019-12-10,US,East,United States,Consumer,Medium,25.488,2,0.2,0.2,1,1,0
CA-2019-115693,FC-14245,2019-12-10,US,West,United States,Home Office,Medium,56.3,2,0.0,0.0,1,1,0
CA-2019-121650,KD-16495,2019-12-10,US,Central,United States,Corporate,Medium,1000.43,7,0.0,0.0,4,2,0
CA-2019-127502,MT-17815,2019-12-10,US,West,United States,Consumer,Medium,5.76,2,0.0,0.0,1,1,0
CA-2019-143105,MA-17560,2019-12-10,US,East,United States,Home Office,Medium,1033.234,16,0.05,0.2,4,2,0
US-2019-138093,KM-16225,2019-12-10,US,East,United States,Corporate,Medium,776.4399999999999,23,0.0,0.0,5,3,0
US-2019-168732,KM-16660,2019-12-10,US,South,United States,Consumer,Medium,129.64,11,0.0,0.0,3,2,0
CA-2019-104346,IM-15070,2019-12-11,US,West,United States,Consumer,Medium,730.038,41,0.2888888888888889,0.7,9,3,0
CA-2019-106362,LC-16885,2019-12-11,US,East,United States,Consumer,Medium,10.332000000000004,3,0.7,0.7,1,1,0
CA-2019-134082,JK-15640,2019-12-11,US,West,United States,Home Office,Medium,110.528,4,0.2,0.2,1,1,0
CA-2019-135853,CA-12775,2019-12-11,US,Central,United States,Consumer,Medium,324.22,14,0.0,0.0,3,2,0
CA-2019-150560,SW-20455,2019-12-11,US,South,United States,Consumer,Medium,196.62,2,0.0,0.0,1,1,0
CA-2019-155761,SC-20800,2019-12-11,US,Central,United States,Consumer,Medium,206.328,5,0.2,0.2,2,2,1
US-2019-120572,GH-14425,2019-12-11,US,South,United States,Consumer,Medium,12.828,2,0.7,0.7,1,1,0
CA-2019-110870,KD-16270,2019-12-12,US,West,United States,Consumer,Medium,325.7,13,0.0,0.0,2,2,0
CA-2019-127481,JD-15895,2019-12-12,US,West,United States,Corporate,Medium,130.28,7,0.0,0.0,2,1,0
CA-2019-129042,EM-13960,2019-12-12,US,East,United States,Consumer,Medium,8.22,3,0.0,0.0,1,1,0
CA-2019-134075,HA-14905,2019-12-12,US,West,United States,Consumer,Medium,526.88,5,0.0,0.0,2,2,1
CA-2019-145065,DK-13375,2019-12-12,US,West,United States,Consumer,Medium,32.308,4,0.1,0.2,2,1,0
CA-2019-154620,LT-17110,2019-12-12,US,West,United States,Consumer,Medium,348.92800000000005,2,0.2,0.2,1,1,0
CA-2019-155586,XP-21865,2019-12-12,US,West,United States,Consumer,Medium,54.17,9,0.0,0.0,3,1,0
US-2019-167220,JB-15925,2019-12-12,US,Central,United States,Consumer,Medium,22.368,4,0.2,0.2,1,1,0
CA-2019-125423,MC-17575,2019-12-13,US,West,United States,Consumer,Medium,9.96,2,0.0,0.0,1,1,0
CA-2019-139962,Dp-13240,2019-12-13,US,East,United States,Home Office,Medium,57.32000000000001,5,0.0,0.0,2,1,0
CA-2019-148250,RP-19270,2019-12-13,US,West,United States,Corporate,Medium,147.44,6,0.0,0.0,2,1,0
CA-2019-157770,RD-19585,2019-12-13,US,West,United States,Consumer,Medium,808.6660000000002,14,0.1,0.2,4,2,1
CA-2019-114048,EH-13945,2019-12-14,US,West,United States,Consumer,Medium,29.22,3,0.0,0.0,1,1,1
CA-2019-119592,MM-18280,2019-12-14,US,South,United States,Corporate,Medium,3.76,2,0.0,0.0,1,1,0
CA-2019-123232,DJ-13630,2019-12-14,US,West,United States,Consumer,Medium,319.968,4,0.2,0.2,1,1,0
CA-2019-125066,KD-16495,2019-12-14,US,South,United States,Corporate,Medium,62.46,4,0.0,0.0,2,2,0
CA-2019-126347,AJ-10945,2019-12-14,US,West,United States,Consumer,Medium,50.0,2,0.0,0.0,1,1,0
CA-2019-130253,PP-18955,2019-12-14,US,West,United States,Home Office,Medium,15.24,3,0.0,0.0,1,1,0
CA-2019-141593,DB-12970,2019-12-14,US,West,United States,Corporate,Medium,369.56,8,0.15,0.2,4,2,1
CA-2019-146696,RD-19480,2019-12-14,US,West,United States,Consumer,Medium,8.096,2,0.2,0.2,1,1,0
CA-2019-109638,JH-15985,2019-12-15,US,West,United States,Consumer,Medium,1055.142,16,0.0666666666666666,0.2,3,2,0
CA-2019-137225,JK-15640,2019-12-15,US,East,United States,Home Office,Medium,3.28,1,0.0,0.0,1,1,0
CA-2019-147830,NF-18385,2019-12-15,US,East,United States,Consumer,Medium,4190.206,17,0.375,0.7,4,2,0
CA-2019-150308,RR-19525,2019-12-15,US,South,United States,Corporate,Medium,246.168,3,0.2,0.2,1,1,0
CA-2019-162544,SG-20080,2019-12-16,US,West,United States,Consumer,Medium,4.98,1,0.0,0.0,1,1,0
CA-2019-134117,PG-18895,2019-12-17,US,West,United States,Consumer,Medium,450.194,14,0.1,0.2,4,2,0
US-2019-129637,MC-18100,2019-12-17,US,Central,United States,Consumer,Medium,234.688,8,0.3333333333333333,0.6,3,2,0
US-2019-138121,JL-15835,2019-12-17,US,Central,United States,Consumer,Medium,1233.61,21,0.0,0.0,5,2,0
CA-2019-107468,MK-17905,2019-12-18,US,West,United States,Corporate,Medium,6.848000000000001,2,0.2,0.2,1,1,0
CA-2019-153038,RB-19645,2019-12-18,US,South,United States,Corporate,Medium,94.688,21,0.2,0.2,3,2,0
US-2019-120161,LM-17065,2019-12-18,US,East,United States,Consumer,Medium,646.7760000000001,9,0.2,0.2,1,1,0
US-2019-137533,JK-15640,2019-12-18,US,East,United States,Home Office,Medium,20.736000000000004,4,0.2,0.2,1,1,0
US-2019-137960,MW-18220,2019-12-18,US,East,United States,Consumer,Medium,166.24,1,0.0,0.0,1,1,0
CA-2019-100685,SM-20950,2019-12-19,US,Central,United States,Corporate,Medium,128.36,9,0.0,0.0,3,1,0
CA-2019-109113,EK-13795,2019-12-19,US,Central,United States,Home Office,Medium,25.488,2,0.2,0.2,1,1,0
CA-2019-115399,AG-10900,2019-12-19,US,East,United States,Consumer,Medium,6.911999999999999,3,0.2,0.2,1,1,0
CA-2019-127453,JK-15370,2019-12-19,US,East,United States,Consumer,Medium,526.736,9,0.2,0.2,3,1,0
CA-2019-157084,JG-15160,2019-12-19,US,West,United States,Consumer,Medium,1941.81,8,0.1,0.2,2,1,0
US-2019-110261,PR-18880,2019-12-19,US,Central,United States,Consumer,Medium,158.376,3,0.2,0.2,1,1,0
US-2019-134558,PM-19135,2019-12-19,US,East,United States,Home Office,Medium,3332.974,18,0.0999999999999999,0.3,3,3,0
CA-2019-137071,ED-13885,2019-12-20,US,Central,United States,Home Office,Medium,100.8,2,0.2,0.2,1,1,0
CA-2019-141754,EM-14200,2019-12-20,US,South,United States,Home Office,Medium,11.696,2,0.2,0.2,1,1,0
CA-2019-154144,MH-17785,2019-12-20,US,East,United States,Corporate,Medium,55.48,1,0.0,0.0,1,1,0
CA-2019-154795,GZ-14470,2019-12-20,US,West,United States,Consumer,Medium,22.288000000000004,3,0.2,0.2,2,2,0
CA-2019-158148,JM-15865,2019-12-20,US,South,United States,Consumer,Medium,36.27,3,0.0,0.0,1,1,0
CA-2019-158918,AI-10855,2019-12-20,US,West,United States,Consumer,Medium,17.12,4,0.0,0.0,1,1,0
US-2019-120712,CS-12130,2019-12-20,US,Central,United States,Consumer,Medium,88.80000000000001,4,0.2,0.2,1,1,0
US-2019-123218,KD-16345,2019-12-20,US,Central,United States,Consumer,Medium,775.01,9,0.2333333333333333,0.3,3,2,0
CA-2019-112375,RD-19720,2019-12-21,US,South,United States,Consumer,Medium,78.19200000000001,8,0.2,0.2,2,2,0
CA-2019-127019,ER-13855,2019-12-21,US,West,United States,Corporate,Medium,60.98400000000001,7,0.2,0.2,1,1,0
CA-2019-154284,SZ-20035,2019-12-21,US,Central,United States,Home Office,Medium,1349.63,15,0.325,0.6,4,3,0
CA-2019-161795,AH-10075,2019-12-21,US,East,United States,Corporate,Medium,3.008,2,0.2,0.2,1,1,0
CA-2019-165414,LS-17245,2019-12-21,US,South,United States,Consumer,Medium,47.976,3,0.2,0.2,1,1,0
US-2019-126214,JS-15880,2019-12-21,US,West,United States,Consumer,Medium,1717.9699999999998,14,0.0,0.0,2,2,1
CA-2019-153612,BT-11305,2019-12-22,US,Central,United States,Home Office,Medium,17.12,4,0.0,0.0,1,1,0
CA-2019-157287,HR-14830,2019-12-22,US,East,United States,Corporate,Medium,456.1929999999999,9,0.25,0.3,2,2,0
CA-2019-117828,BD-11500,2019-12-23,US,South,United States,Consumer,Medium,194.32,4,0.0,0.0,1,1,0
CA-2019-120103,MS-17365,2019-12-24,US,West,United States,Consumer,Medium,225.928,11,0.2,0.2,3,3,0
CA-2019-124653,DB-13120,2019-12-24,US,East,United States,Corporate,Medium,167.31,16,0.0,0.0,3,1,0
CA-2019-135538,HR-14830,2019-12-24,US,West,United States,Corporate,Medium,883.84,4,0.2,0.2,1,1,0
CA-2019-158456,KT-16465,2019-12-24,US,West,United States,Consumer,Medium,65.85600000000001,8,0.1,0.2,2,1,0
CA-2019-169397,JB-15925,2019-12-24,US,East,United States,Consumer,Medium,627.9240000000001,22,0.3666666666666667,0.7,6,3,1
US-2019-103471,JR-15670,2019-12-24,US,West,United States,Consumer,Medium,604.0980000000001,10,0.4499999999999999,0.7,2,2,0
US-2019-128587,HM-14860,2019-12-24,US,Central,United States,Corporate,Medium,4909.610000000001,9,0.0,0.0,2,2,0
CA-2019-111780,RA-19285,2019-12-25,US,West,United States,Consumer,Medium,1230.5,11,0.0666666666666666,0.2,3,2,0
CA-2019-113152,JK-15625,2019-12-25,US,East,United States,Consumer,Medium,1293.468,4,0.1,0.2,2,2,0
CA-2019-143980,JK-15640,2019-12-25,US,East,United States,Home Office,Medium,414.96,2,0.0,0.0,1,1,0
CA-2019-144288,MB-17305,2019-12-25,US,South,United States,Consumer,Medium,19.584000000000003,6,0.2,0.2,2,1,0
CA-2019-144890,SM-20320,2019-12-25,US,West,United States,Home Office,Medium,9.96,2,0.0,0.0,1,1,0
CA-2019-153717,DL-13495,2019-12-25,US,Central,United States,Corporate,Medium,255.58,7,0.0,0.0,4,3,0
US-2019-136749,LH-16900,2019-12-25,US,South,United States,Consumer,Medium,433.78,11,0.0,0.0,2,2,1
US-2019-147739,JD-16150,2019-12-25,US,East,United States,Corporate,Medium,547.136,4,0.2,0.2,1,1,0
CA-2019-111073,MC-18100,2019-12-26,US,East,United States,Consumer,Medium,51.588,1,0.4,0.4,1,1,0
CA-2019-119550,RB-19705,2019-12-26,US,Central,United States,Home Office,Medium,275.058,3,0.3,0.3,1,1,0
CA-2019-124933,DF-13135,2019-12-26,US,East,United States,Consumer,Medium,212.64,6,0.0,0.0,1,1,0
CA-2019-158792,BD-11605,2019-12-26,US,East,United States,Consumer,Medium,22.200000000000003,5,0.0,0.0,1,1,0
CA-2019-101889,DB-13120,2019-12-27,US,East,United States,Corporate,Medium,1568.8620000000003,12,0.3,0.4,2,2,0
CA-2019-103870,SP-20860,2019-12-27,US,South,United States,Corporate,Medium,284.44000000000005,18,0.2,0.2,5,3,0
CA-2019-117415,SN-20710,2019-12-27,US,Central,United States,Home Office,Medium,1228.9532,19,0.255,0.32,4,3,0
CA-2019-130113,AH-10030,2019-12-27,US,West,United States,Corporate,Medium,991.26,11,0.1,0.2,2,2,0
CA-2019-134782,MD-17350,2019-12-27,US,South,United States,Consumer,Medium,105.42,2,0.0,0.0,1,1,0
CA-2019-148376,AG-10900,2019-12-27,US,West,United States,Consumer,Medium,128.51999999999998,9,0.0,0.0,2,1,0
CA-2019-151589,RE-19450,2019-12-27,US,Central,United States,Consumer,Medium,435.54,6,0.0,0.0,2,2,0
CA-2019-155145,KN-16450,2019-12-27,US,West,United States,Corporate,Medium,7.92,8,0.0,0.0,1,1,0
CA-2019-165085,BT-11485,2019-12-27,US,East,United States,Home Office,Medium,384.86,7,0.0,0.0,2,1,0
US-2019-163783,DR-12940,2019-12-27,US,Central,United States,Home Office,Medium,12.672,3,0.2,0.2,1,1,0
CA-2019-119697,EM-13960,2019-12-28,US,East,United States,Consumer,Medium,54.38400000000001,2,0.2,0.2,1,1,0
CA-2019-148859,FH-14350,2019-12-28,US,Central,United States,Consumer,Medium,24.816000000000003,2,0.2,0.2,1,1,0
CA-2019-130855,RF-19840,2019-12-29,US,East,United States,Consumer,Medium,6.36,2,0.0,0.0,1,1,0
CA-2019-135580,CL-12565,2019-12-30,US,West,United States,Consumer,Medium,3251.3400000000006,18,0.08,0.2,5,2,1
CA-2019-109197,JO-15280,2019-12-31,US,West,United States,Consumer,Medium,487.984,2,0.2,0.2,1,1,0
CA-2019-109470,KC-16255,2019-12-31,US,South,United States,Corporate,Medium,596.4799999999999,24,0.0,0.0,4,1,0
CA-2019-120901,BG-11035,2019-12-31,US,Central,United States,Consumer,Medium,162.06400000000002,6,0.2,0.2,3,1,0
CA-2019-139780,AH-10690,2019-12-31,US,Central,United States,Corporate,Medium,116.4,8,0.0,0.0,1,1,0
CA-2019-156377,TB-21625,2019-12-31,US,Central,United States,Consumer,Medium,18.416,9,0.7,0.8,2,2,0
CA-2020-160304,BM-11575,2020-01-02,US,East,United States,Corporate,Medium,405.92,5,0.0,0.0,2,2,0
CA-2020-105207,BO-11350,2020-01-03,US,Central,United States,Corporate,Medium,1604.7300000000002,9,0.0,0.0,2,2,0
CA-2020-125206,LR-16915,2020-01-03,US,West,United States,Consumer,Medium,114.46,2,0.0,0.0,1,1,0
US-2020-116365,CA-12310,2020-01-03,US,Central,United States,Corporate,Medium,376.64,10,0.2,0.2,3,1,0
CA-2020-158211,BP-11185,2020-01-04,US,East,United States,Corporate,Medium,109.252,7,0.4499999999999999,0.7,2,1,0
US-2020-164630,EB-13975,2020-01-04,US,South,United States,Corporate,Medium,959.968,4,0.2,0.2,1,1,0
CA-2020-134474,AJ-10795,2020-01-05,US,South,United States,Corporate,Medium,255.904,10,0.2,0.2,3,2,0
CA-2020-101938,DW-13480,2020-01-07,US,West,United States,Home Office,Medium,34.58,1,0.0,0.0,1,1,0
CA-2020-158806,NM-18520,2020-01-07,US,Central,United States,Consumer,Medium,48.99600000000001,8,0.4,0.6,2,2,0
US-2020-100461,JO-15145,2020-01-08,US,Central,United States,Corporate,Medium,1671.93,13,0.0,0.0,2,2,0
US-2020-137295,VS-21820,2020-01-08,US,South,United States,Consumer,Medium,187.228,12,0.3666666666666667,0.7,3,2,0
CA-2020-108882,LA-16780,2020-01-09,US,West,United States,Corporate,Medium,727.878,14,0.1,0.2,2,1,0
CA-2020-126543,MF-17665,2020-01-09,US,East,United States,Corporate,Medium,15.168,2,0.2,0.2,1,1,0
CA-2020-116547,KB-16585,2020-01-10,US,West,United States,Corporate,Medium,149.9,6,0.0,0.0,2,2,1
CA-2020-163937,JB-16000,2020-01-10,US,West,United States,Consumer,Medium,24.85,5,0.0,0.0,1,1,0
CA-2020-126529,DE-13255,2020-01-11,US,East,United States,Home Office,Medium,94.452,8,0.2666666666666666,0.4,3,2,1
CA-2020-141887,MP-17470,2020-01-11,US,East,United States,Home Office,Medium,54.992,14,0.2,0.2,1,1,0
CA-2020-133368,AG-10675,2020-01-14,US,South,United States,Consumer,Medium,405.3440000000001,10,0.2,0.2,2,2,1
CA-2020-137848,WB-21850,2020-01-15,US,East,United States,Consumer,Medium,126.176,16,0.0666666666666666,0.2,3,1,0
CA-2020-140746,RC-19825,2020-01-15,US,East,United States,Consumer,Medium,181.797,1,0.3,0.3,1,1,0
CA-2020-152072,Dp-13240,2020-01-15,US,East,United States,Home Office,Medium,311.97,7,0.0,0.0,3,2,0
CA-2020-166912,BE-11335,2020-01-15,US,East,United States,Home Office,Medium,81.98,2,0.0,0.0,1,1,0
CA-2020-121755,EH-13945,2020-01-16,US,West,United States,Consumer,Medium,102.218,5,0.1,0.2,2,2,0
CA-2020-106558,DL-13495,2020-01-17,US,South,United States,Corporate,Medium,316.0,4,0.0,0.0,1,1,0
CA-2020-116736,CC-12430,2020-01-17,US,East,United States,Home Office,Medium,724.55,7,0.0,0.0,3,2,1
US-2020-167339,TD-20995,2020-01-21,US,West,United States,Consumer,Medium,1167.056,9,0.2,0.2,2,1,0
CA-2020-111010,PG-18895,2020-01-22,US,East,United States,Consumer,Medium,7.56,6,0.0,0.0,1,1,0
CA-2020-125850,FP-14320,2020-01-22,US,West,United States,Consumer,Medium,65.05000000000001,8,0.0,0.0,2,1,0
CA-2020-138079,AJ-10795,2020-01-22,US,West,United States,Corporate,Medium,109.9,5,0.0,0.0,1,1,0
CA-2020-146318,MC-17275,2020-01-22,US,West,United States,Consumer,Medium,12.96,2,0.0,0.0,1,1,0
CA-2020-148208,BT-11530,2020-01-22,US,East,United States,Home Office,Medium,165.55200000000002,7,0.3,0.4,2,1,0
US-2020-135923,CM-11935,2020-01-22,US,South,United States,Consumer,Medium,530.2719999999999,16,0.2,0.2,3,2,0
US-2020-155180,TB-21280,2020-01-22,US,East,United States,Consumer,Medium,26.336,4,0.2,0.2,1,1,0
CA-2020-113656,CB-12415,2020-01-23,US,West,United States,Consumer,Medium,59.99,7,0.0,0.0,1,1,0
US-2020-165505,CB-12535,2020-01-23,US,East,United States,Corporate,Medium,1672.31,21,0.0,0.0,3,2,0
CA-2020-109407,HG-14965,2020-01-24,US,South,United States,Corporate,Medium,31.36,4,0.0,0.0,1,1,0
CA-2020-153346,TB-21355,2020-01-25,US,East,United States,Corporate,Medium,27.21,8,0.0,0.0,2,1,0
CA-2020-168046,JD-15895,2020-01-25,US,East,United States,Corporate,Medium,831.502,16,0.15,0.4,4,2,0
CA-2020-146437,HG-14965,2020-01-28,US,West,United States,Corporate,Medium,39.68,2,0.0,0.0,1,1,0
CA-2020-114944,HE-14800,2020-01-30,US,Central,United States,Corporate,Medium,156.512,4,0.2,0.2,1,1,0
CA-2020-153661,SC-20725,2020-01-30,US,West,United States,Consumer,Medium,381.804,20,0.0666666666666666,0.2,3,1,0
CA-2020-164483,JF-15490,2020-01-30,US,West,United States,Consumer,Medium,17.456,2,0.2,0.2,1,1,0
CA-2020-168032,DF-13135,2020-01-30,US,Central,United States,Consumer,Medium,2067.796,10,0.5,0.8,3,3,0
US-2020-166660,TB-21250,2020-01-30,US,West,United States,Consumer,Medium,483.7480000000001,5,0.1,0.2,2,1,0
CA-2020-129238,SC-20050,2020-01-31,US,West,United States,Home Office,Medium,166.29200000000003,6,0.1,0.2,2,2,0
CA-2020-147970,AB-10150,2020-01-31,US,Central,United States,Consumer,Medium,15.552000000000003,3,0.2,0.2,1,1,0
CA-2020-158043,JK-15325,2020-01-31,US,East,United States,Corporate,Medium,23.36,2,0.0,0.0,1,1,0
CA-2020-159891,BF-11170,2020-01-31,US,South,United States,Home Office,Medium,1396.35,9,0.0,0.0,2,1,0
CA-2020-154067,SM-20950,2020-02-01,US,West,United States,Corporate,Medium,105.52,4,0.0,0.0,1,1,0
US-2020-140809,CK-12760,2020-02-01,US,South,United States,Corporate,Medium,56.45,5,0.0,0.0,1,1,0
CA-2020-144645,NS-18640,2020-02-02,US,Central,United States,Corporate,Medium,73.784,2,0.6,0.6,1,1,0
CA-2020-147431,AB-10105,2020-02-02,US,East,United States,Consumer,Medium,117.96,2,0.0,0.0,1,1,0
CA-2020-158841,SE-20110,2020-02-02,US,South,United States,Consumer,Medium,8805.04,20,0.0,0.0,3,3,0
CA-2020-118514,LC-17050,2020-02-03,US,South,United States,Consumer,Medium,866.4,4,0.0,0.0,1,1,0
CA-2020-101189,JB-15400,2020-02-04,US,West,United States,Corporate,Medium,93.02,2,0.0,0.0,1,1,0
CA-2020-117912,TB-21520,2020-02-04,US,West,United States,Consumer,Medium,14.368000000000002,2,0.2,0.2,1,1,0
CA-2020-150077,MS-17365,2020-02-04,US,East,United States,Consumer,Medium,90.48,2,0.0,0.0,1,1,1
CA-2020-100993,AZ-10750,2020-02-05,US,West,United States,Consumer,Medium,918.966,14,0.1,0.2,4,3,0
US-2020-108504,PP-18955,2020-02-05,US,South,United States,Home Office,Medium,2075.51,41,0.0,0.0,11,3,0
CA-2020-125017,KB-16240,2020-02-06,US,South,United States,Corporate,Medium,132.22400000000002,4,0.2,0.2,1,1,0
CA-2020-106894,CA-12265,2020-02-07,US,South,United States,Consumer,Medium,107.83,7,0.0,0.0,2,2,0
CA-2020-135461,EB-13975,2020-02-07,US,West,United States,Corporate,Medium,623.96,5,0.2,0.2,1,1,0
CA-2020-161662,BE-11410,2020-02-07,US,East,United States,Consumer,Medium,30.352,2,0.2,0.2,1,1,0
CA-2020-109344,CH-12070,2020-02-08,US,South,United States,Home Office,Medium,1127.976,3,0.2,0.2,1,1,0
CA-2020-163048,MH-17440,2020-02-08,US,Central,United States,Corporate,Medium,241.5,4,0.3,0.3,1,1,0
US-2020-112396,JR-16210,2020-02-09,US,West,United States,Corporate,Medium,121.83,5,0.0,0.0,2,1,0
CA-2020-164938,PB-19210,2020-02-11,US,Central,United States,Corporate,Medium,69.93,7,0.0,0.0,1,1,0
CA-2020-110492,JS-15880,2020-02-12,US,South,United States,Consumer,Medium,1366.0400000000002,10,0.0,0.0,2,1,0
CA-2020-112942,RD-19810,2020-02-13,US,West,United States,Home Office,Medium,146.82,3,0.0,0.0,1,1,0
CA-2020-134334,DK-13090,2020-02-14,US,East,United States,Consumer,Medium,573.741,13,0.075,0.3,4,2,0
CA-2020-146150,FM-14380,2020-02-14,US,South,United States,Consumer,Medium,264.18,7,0.0,0.0,1,1,0
US-2020-162859,PG-18820,2020-02-15,US,East,United States,Consumer,Medium,407.072,7,0.1,0.2,2,1,0
CA-2020-105781,JF-15565,2020-02-16,US,East,United States,Consumer,Medium,416.616,6,0.05,0.1,2,2,0
CA-2020-108105,GW-14605,2020-02-16,US,South,United States,Consumer,Medium,323.88,5,0.0,0.0,2,2,0
CA-2020-134138,JD-15790,2020-02-16,US,East,United States,Consumer,Medium,227.96,2,0.0,0.0,1,1,0
CA-2020-168956,EA-14035,2020-02-16,US,Central,United States,Corporate,Medium,167.182,14,0.375,0.8,4,2,0
CA-2020-101630,CK-12760,2020-02-19,US,East,United States,Corporate,Medium,34.38,6,0.0,0.0,2,1,0
CA-2020-106460,GT-14710,2020-02-19,US,West,United States,Consumer,Medium,70.88,2,0.0,0.0,1,1,0
CA-2020-123274,GT-14710,2020-02-19,US,East,United States,Consumer,Medium,287.4,5,0.0,0.0,2,2,0
CA-2020-166485,AH-10210,2020-02-20,US,South,United States,Consumer,Medium,16.496000000000002,2,0.2,0.2,1,1,0
CA-2020-121447,EA-14035,2020-02-21,US,East,United States,Corporate,Medium,135.79999999999998,7,0.0,0.0,1,1,0
CA-2020-139010,MC-17635,2020-02-21,US,West,United States,Corporate,Medium,511.948,17,0.1,0.2,4,2,0
US-2020-139262,LC-16960,2020-02-21,US,South,United States,Home Office,Medium,471.078,8,0.5333333333333333,0.7,3,1,0
US-2020-168410,BV-11245,2020-02-21,US,East,United States,Corporate,Medium,405.3,10,0.0,0.0,3,3,0
CA-2020-119025,PV-18985,2020-02-22,US,Central,United States,Home Office,Medium,490.32,9,0.0,0.0,1,1,0
US-2020-143280,TZ-21580,2020-02-22,US,West,United States,Consumer,Medium,492.85,9,0.0666666666666666,0.2,3,2,0
CA-2020-144400,AC-10420,2020-02-23,US,East,United States,Corporate,Medium,57.576,3,0.2,0.2,1,1,0
CA-2020-165015,BD-11725,2020-02-25,US,East,United States,Consumer,Medium,46.72,5,0.2,0.2,1,1,0
CA-2020-101448,EB-13930,2020-02-27,US,Central,United States,Consumer,Medium,56.82000000000001,3,0.0,0.0,1,1,0
CA-2020-102456,DL-12865,2020-02-27,US,East,United States,Consumer,Medium,170.88,3,0.0,0.0,1,1,0
CA-2020-128706,DW-13540,2020-02-27,US,Central,United States,Consumer,Medium,16.192,2,0.6,0.6,1,1,0
CA-2020-101623,RR-19525,2020-02-28,US,East,United States,Corporate,Medium,36.48,6,0.0,0.0,1,1,0
CA-2020-111283,LC-16870,2020-02-28,US,East,United States,Consumer,Medium,111.104,7,0.2,0.2,1,1,0
US-2020-143819,KD-16270,2020-03-01,US,East,United States,Consumer,Medium,6125.822,18,0.1,0.4,4,3,0
US-2020-151862,ON-18715,2020-03-01,US,West,United States,Corporate,Medium,159.984,2,0.2,0.2,1,1,0
CA-2020-103982,AA-10315,2020-03-03,US,Central,United States,Consumer,Medium,4406.072,14,0.2,0.2,4,2,0
CA-2020-112123,BH-11710,2020-03-03,US,East,United States,Consumer,Medium,1094.25,15,0.0,0.0,3,2,1
CA-2020-116799,JG-15310,2020-03-03,US,Central,United States,Corporate,Medium,606.2139999999998,12,0.25,0.3,2,2,0
CA-2020-120005,TS-21160,2020-03-03,US,West,United States,Corporate,Medium,60.63,6,0.0,0.0,2,2,0
CA-2020-145730,CC-12220,2020-03-03,US,Central,United States,Consumer,Medium,962.406,9,0.3,0.4,3,3,0
CA-2020-167759,CC-12670,2020-03-03,US,Central,United States,Consumer,Medium,134.85000000000002,3,0.0,0.0,1,1,1
CA-2020-122518,RF-19345,2020-03-04,US,South,United States,Corporate,Medium,10.08,4,0.2,0.2,1,1,0
CA-2020-154053,MG-17890,2020-03-04,US,West,United States,Home Office,Medium,16.99,1,0.0,0.0,1,1,0
CA-2020-158358,EM-13810,2020-03-04,US,East,United States,Corporate,Medium,159.98,2,0.0,0.0,1,1,0
CA-2020-164637,RD-19480,2020-03-04,US,Central,United States,Consumer,Medium,128.39999999999998,3,0.0,0.0,1,1,0
CA-2020-165218,RW-19630,2020-03-05,US,Central,United States,Corporate,Medium,162.344,4,0.2,0.2,2,1,0
CA-2020-110898,LC-16870,2020-03-06,US,Central,United States,Consumer,Medium,309.082,14,0.675,0.8,4,2,0
US-2020-155173,JB-16045,2020-03-06,US,East,United States,Home Office,Medium,502.221,6,0.5,0.7,3,2,0
US-2020-137547,EB-13705,2020-03-07,US,Central,United States,Corporate,Medium,21.072,3,0.2,0.2,1,1,0
CA-2020-106306,PG-18820,2020-03-08,US,West,United States,Consumer,Medium,9.702000000000002,3,0.7,0.7,1,1,0
CA-2020-111976,BD-11620,2020-03-08,US,East,United States,Consumer,Medium,114.56,6,0.3,0.4,2,2,0
CA-2020-130400,SJ-20125,2020-03-08,US,Central,United States,Home Office,Medium,183.168,17,0.4000000000000001,0.8,3,2,0
CA-2020-137337,GB-14575,2020-03-08,US,East,United States,Consumer,Medium,196.016,12,0.0666666666666666,0.2,3,2,0
CA-2020-169103,ZC-21910,2020-03-08,US,South,United States,Consumer,Medium,1466.32,8,0.2,0.2,2,2,0
US-2020-140172,SP-20650,2020-03-08,US,Central,United States,Corporate,Medium,221.044,8,0.05,0.1,2,1,1
CA-2020-120803,RB-19465,2020-03-09,US,East,United States,Home Office,Medium,199.75,5,0.0,0.0,1,1,0
CA-2020-153269,PS-18760,2020-03-09,US,East,United States,Consumer,Medium,435.85,13,0.0,0.0,4,2,0
CA-2020-108959,MH-17785,2020-03-10,US,West,United States,Corporate,Medium,104.696,1,0.2,0.2,1,1,0
CA-2020-159016,KF-16285,2020-03-10,US,West,United States,Home Office,Medium,4173.812,13,0.1,0.2,2,2,0
CA-2020-169663,RH-19510,2020-03-10,US,West,United States,Home Office,Medium,3384.4500000000003,6,0.1,0.2,2,1,0
US-2020-112977,CJ-12010,2020-03-10,US,East,United States,Consumer,Medium,176.784,1,0.2,0.2,1,1,0
US-2020-122182,BD-11770,2020-03-10,US,East,United States,Consumer,Medium,39.992,1,0.2,0.2,1,1,0
CA-2020-118255,ON-18715,2020-03-11,US,Central,United States,Corporate,Medium,63.44,4,0.0,0.0,2,2,0
CA-2020-122511,BT-11485,2020-03-11,US,East,United States,Home Office,Medium,30.336,4,0.2,0.2,1,1,0
CA-2020-146171,JP-16135,2020-03-11,US,South,United States,Home Office,Medium,558.24,8,0.0,0.0,2,2,0
US-2020-128902,MB-18085,2020-03-11,US,East,United States,Consumer,Medium,244.006,2,0.3,0.3,1,1,0
CA-2020-115504,MC-18130,2020-03-12,US,South,United States,Corporate,Medium,12.96,2,0.0,0.0,1,1,0
CA-2020-119683,CK-12595,2020-03-12,US,East,United States,Consumer,Medium,29.34,3,0.0,0.0,1,1,0
CA-2020-127138,DK-13225,2020-03-12,US,West,United States,Corporate,Medium,1632.362,17,0.05,0.2,4,2,0
US-2020-119270,SW-20245,2020-03-12,US,West,United States,Consumer,Medium,19.98,2,0.0,0.0,1,1,0
CA-2020-119123,DB-13360,2020-03-13,US,West,United States,Home Office,Medium,51.18400000000001,7,0.2,0.2,1,1,0
CA-2020-136301,EH-13765,2020-03-13,US,West,United States,Corporate,Medium,4940.87,5,0.0,0.0,2,2,0
CA-2020-158834,TW-21025,2020-03-13,US,West,United States,Home Office,Medium,361.104,7,0.2,0.2,2,2,0
CA-2020-159373,LT-17110,2020-03-13,US,Central,United States,Consumer,Medium,628.937,12,0.4333333333333333,0.8,3,2,0
US-2020-108637,AB-10060,2020-03-13,US,South,United States,Home Office,Medium,334.2,8,0.0,0.0,3,2,0
US-2020-114013,SC-20770,2020-03-13,US,East,United States,Corporate,Medium,2550.587,31,0.4,0.7,9,3,0
CA-2020-102134,SP-20545,2020-03-14,US,Central,United States,Corporate,Medium,16.74,2,0.0,0.0,1,1,0
CA-2020-124793,MM-18280,2020-03-14,US,West,United States,Corporate,Medium,196.784,2,0.2,0.2,1,1,0
CA-2020-133802,SP-20650,2020-03-14,US,West,United States,Corporate,Medium,41.904,6,0.2,0.2,1,1,1
CA-2020-162082,JS-15880,2020-03-14,US,Central,United States,Consumer,Medium,392.06,13,0.24,0.32,3,2,0
US-2020-154361,HZ-14950,2020-03-14,US,East,United States,Consumer,Medium,21.880000000000003,5,0.2,0.2,1,1,0
CA-2020-138968,FC-14335,2020-03-15,US,West,United States,Corporate,Medium,1356.5760000000002,6,0.2,0.2,2,2,0
CA-2020-140571,SJ-20125,2020-03-15,US,South,United States,Home Office,Medium,365.44,16,0.0,0.0,2,1,0
CA-2020-149272,MY-18295,2020-03-15,US,Central,United States,Corporate,Medium,550.8159999999999,12,0.55,0.8,2,2,0
US-2020-113509,PL-18925,2020-03-15,US,East,United States,Home Office,Medium,83.97600000000001,3,0.2,0.2,1,1,0
CA-2020-115476,VM-21835,2020-03-17,US,East,United States,Consumer,Medium,162.51999999999998,4,0.0,0.0,2,2,0
CA-2020-128111,CS-12355,2020-03-17,US,East,United States,Consumer,Medium,39.68,2,0.0,0.0,1,1,0
CA-2020-131737,GZ-14470,2020-03-17,US,East,United States,Consumer,Medium,2073.35,13,0.0,0.0,3,2,0
CA-2020-134544,AC-10660,2020-03-17,US,West,United States,Consumer,Medium,84.784,2,0.2,0.2,1,1,0
CA-2020-113292,DB-13060,2020-03-18,US,South,United States,Consumer,Medium,871.8000000000001,3,0.2,0.2,1,1,0
US-2020-120929,RO-19780,2020-03-18,US,South,United States,Consumer,Medium,189.882,3,0.4,0.4,1,1,0
CA-2020-106383,BT-11440,2020-03-19,US,West,United States,Consumer,Medium,72.29400000000001,1,0.7,0.7,1,1,0
CA-2020-118178,CC-12610,2020-03-19,US,South,United States,Corporate,Medium,31.08600000000001,3,0.7,0.7,1,1,0
CA-2020-136371,SV-20935,2020-03-19,US,East,United States,Consumer,Medium,35.3,5,0.0,0.0,2,1,0
CA-2020-127670,RD-19660,2020-03-20,US,Central,United States,Home Office,Medium,697.16,4,0.0,0.0,1,1,0
CA-2020-150889,PB-19105,2020-03-20,US,Central,United States,Consumer,Medium,11.992,1,0.2,0.2,1,1,0
CA-2020-162747,AH-10030,2020-03-20,US,South,United States,Corporate,Medium,86.45,7,0.0,0.0,1,1,0
US-2020-156986,ZC-21910,2020-03-20,US,West,United States,Consumer,Medium,132.709,11,0.325,0.7,4,2,1
CA-2020-163153,DM-12955,2020-03-21,US,Central,United States,Corporate,Medium,100.716,3,0.25,0.3,2,2,0
US-2020-133879,KT-16465,2020-03-21,US,Central,United States,Consumer,Medium,544.9899999999999,10,0.4333333333333333,0.8,3,2,0
CA-2020-107615,RB-19645,2020-03-22,US,West,United States,Corporate,Medium,58.58,2,0.0,0.0,1,1,0
CA-2020-118899,MC-17275,2020-03-22,US,West,United States,Consumer,Medium,167.888,7,0.2,0.2,1,1,1
CA-2020-113803,VG-21805,2020-03-24,US,Central,United States,Corporate,Medium,22.48,1,0.0,0.0,1,1,0
CA-2020-130911,DC-12850,2020-03-24,US,East,United States,Consumer,Medium,320.126,5,0.35,0.5,2,2,0
US-2020-164189,DR-12880,2020-03-24,US,West,United States,Corporate,Medium,403.168,4,0.2,0.2,1,1,0
CA-2020-120082,DK-12835,2020-03-25,US,East,United States,Corporate,Medium,59.52,3,0.0,0.0,1,1,0
CA-2020-134887,TB-21280,2020-03-25,US,Central,United States,Consumer,Medium,1287.45,5,0.0,0.0,1,1,0
CA-2020-123666,SP-20545,2020-03-26,US,East,United States,Corporate,Medium,459.95,5,0.0,0.0,1,1,0
CA-2020-161361,MV-17485,2020-03-26,US,West,United States,Consumer,Medium,34.68,6,0.1,0.2,2,1,0
US-2020-162677,DB-13210,2020-03-26,US,South,United States,Consumer,Medium,187.616,8,0.2,0.2,2,2,0
CA-2020-119074,DS-13180,2020-03-27,US,South,United States,Corporate,Medium,92.7,7,0.0,0.0,3,2,0
CA-2020-131380,CC-12220,2020-03-28,US,West,United States,Consumer,Medium,93.9,5,0.0,0.0,2,1,0
CA-2020-162901,AS-10045,2020-03-28,US,South,United States,Corporate,Medium,31.4,2,0.0,0.0,1,1,0
CA-2020-127236,TB-21595,2020-03-29,US,East,United States,Consumer,Medium,458.351,9,0.45,0.5,2,2,0
CA-2020-152555,ME-17320,2020-03-29,US,Central,United States,Home Office,Medium,1702.38,17,0.2333333333333333,0.3,3,3,0
CA-2020-167556,JM-15250,2020-03-29,US,East,United States,Consumer,Medium,498.608,22,0.1,0.2,4,2,0
CA-2020-128258,CP-12085,2020-03-30,US,East,United States,Corporate,Medium,11.34,1,0.0,0.0,1,1,0
CA-2020-124100,EH-13990,2020-03-31,US,East,United States,Consumer,Medium,327.99600000000004,6,0.1,0.1,1,1,0
US-2020-151827,CS-11950,2020-03-31,US,East,United States,Consumer,Medium,312.766,5,0.3,0.4,2,1,1
CA-2020-103947,BB-10990,2020-04-01,US,West,United States,Corporate,Medium,61.70400000000001,7,0.2,0.2,2,1,0
CA-2020-111213,FP-14320,2020-04-01,US,East,United States,Consumer,Medium,1384.924,15,0.1,0.2,3,2,0
CA-2020-127985,DB-12910,2020-04-01,US,South,United States,Home Office,Medium,7.04,4,0.0,0.0,1,1,0
CA-2020-149902,DW-13540,2020-04-01,US,East,United States,Consumer,Medium,88.04,4,0.0,0.0,1,1,0
CA-2020-161473,TB-21175,2020-04-01,US,East,United States,Corporate,Medium,46.002,8,0.0666666666666666,0.2,3,1,0
CA-2020-166674,RB-19360,2020-04-01,US,East,United States,Consumer,Medium,560.78,22,0.0,0.0,6,2,0
US-2020-160206,MY-18295,2020-04-01,US,Central,United States,Corporate,Medium,12.99,1,0.0,0.0,1,1,0
CA-2020-123540,DJ-13420,2020-04-02,US,Central,United States,Corporate,Medium,1454.9,5,0.0,0.0,1,1,0
CA-2020-120796,CS-11950,2020-04-03,US,East,United States,Consumer,Medium,99.846,9,0.7,0.7,1,1,0
CA-2020-162222,SR-20740,2020-04-03,US,Central,United States,Home Office,Medium,10.272000000000002,3,0.2,0.2,1,1,0
CA-2020-167682,ZD-21925,2020-04-03,US,Central,United States,Consumer,Medium,331.08,8,0.0,0.0,2,2,0
CA-2020-123050,BC-11125,2020-04-04,US,East,United States,Home Office,Medium,203.63,7,0.0,0.0,3,3,0
CA-2020-159142,ME-17320,2020-04-04,US,South,United States,Home Office,Medium,177.78,6,0.0,0.0,2,2,0
CA-2020-167115,EH-14185,2020-04-04,US,East,United States,Consumer,Medium,588.784,2,0.2,0.2,1,1,0
CA-2020-159695,GM-14455,2020-04-05,US,Central,United States,Home Office,Medium,158.36800000000002,7,0.2,0.2,1,1,0
CA-2020-161907,JH-16180,2020-04-05,US,East,United States,Consumer,Medium,887.9660000000001,7,0.3,0.4,2,2,0
US-2020-150140,VM-21685,2020-04-06,US,East,United States,Home Office,Medium,1294.75,5,0.0,0.0,1,1,0
CA-2020-110499,YC-21895,2020-04-07,US,West,United States,Corporate,Medium,1199.976,3,0.2,0.2,1,1,0
CA-2020-114405,AS-10240,2020-04-07,US,East,United States,Consumer,Medium,70.272,6,0.2,0.2,2,1,0
CA-2020-120530,Dl-13600,2020-04-07,US,East,United States,Corporate,Medium,658.746,3,0.1,0.1,1,1,0
CA-2020-132899,SF-20200,2020-04-07,US,East,United States,Consumer,Medium,3.64,2,0.0,0.0,1,1,0
CA-2020-154998,ES-14080,2020-04-07,US,East,United States,Corporate,Medium,37.94,2,0.0,0.0,1,1,0
CA-2020-104969,EH-14125,2020-04-08,US,East,United States,Home Office,Medium,129.97600000000003,7,0.4499999999999999,0.7,2,1,0
CA-2020-124233,CK-12595,2020-04-08,US,West,United States,Consumer,Medium,24.700000000000003,5,0.0,0.0,1,1,0
CA-2020-130477,LC-17140,2020-04-08,US,West,United States,Consumer,Medium,97.96,7,0.0,0.0,3,1,1
CA-2020-130946,ZC-21910,2020-04-08,US,Central,United States,Consumer,Medium,1616.7039999999995,17,0.4333333333333333,0.8,3,3,0
CA-2020-134789,CK-12325,2020-04-08,US,South,United States,Home Office,Medium,215.84,14,0.0,0.0,3,2,0
CA-2020-138520,JL-15505,2020-04-08,US,East,United States,Consumer,Medium,448.40400000000005,17,0.05,0.2,4,2,0
CA-2020-150000,PG-18820,2020-04-08,US,South,United States,Consumer,Medium,17.92,4,0.0,0.0,1,1,0
US-2020-106600,RM-19375,2020-04-08,US,South,United States,Consumer,Medium,354.90000000000003,5,0.0,0.0,1,1,0
CA-2020-117681,HF-14995,2020-04-09,US,West,United States,Consumer,Medium,556.665,5,0.15,0.15,1,1,0
CA-2020-126809,EB-13750,2020-04-09,US,West,United States,Corporate,Medium,35.352000000000004,9,0.2,0.2,1,1,0
CA-2020-128517,SW-20350,2020-04-09,US,Central,United States,Home Office,Medium,523.18,4,0.0,0.0,2,2,0
CA-2020-109652,QJ-19255,2020-04-10,US,Central,United States,Corporate,Medium,13.568,4,0.2,0.2,1,1,0
CA-2020-123358,BT-11680,2020-04-10,US,West,United States,Consumer,Medium,891.962,19,0.05,0.2,4,1,0
CA-2020-124814,FM-14215,2020-04-10,US,West,United States,Corporate,Medium,36.16,7,0.1,0.2,2,1,0
US-2020-114622,JR-16210,2020-04-10,US,East,United States,Corporate,Medium,8.904000000000002,2,0.7,0.7,1,1,0
CA-2020-112102,BD-11605,2020-04-12,US,South,United States,Consumer,Medium,448.81,10,0.0,0.0,3,2,0
CA-2020-124254,TB-21175,2020-04-12,US,South,United States,Corporate,Medium,191.808,7,0.2,0.2,3,1,0
CA-2020-142398,BP-11290,2020-04-12,US,West,United States,Consumer,Medium,651.4960000000001,8,0.2,0.2,2,2,1
CA-2020-163594,JF-15295,2020-04-12,US,West,United States,Consumer,Medium,250.41600000000005,9,0.1333333333333333,0.2,3,2,0
CA-2020-152800,SP-20920,2020-04-13,US,West,United States,Consumer,Medium,6.12,3,0.0,0.0,1,1,0
CA-2020-112669,KT-16465,2020-04-14,US,West,United States,Consumer,Medium,976.512,8,0.2,0.2,2,2,0
CA-2020-148796,PB-19150,2020-04-14,US,West,United States,Consumer,Medium,383.8,5,0.2,0.2,1,1,1
CA-2020-164735,TB-21400,2020-04-14,US,South,United States,Consumer,Medium,81.19999999999999,5,0.0,0.0,1,1,0
CA-2020-166625,JM-15580,2020-04-14,US,East,United States,Consumer,Medium,25.06,2,0.0,0.0,1,1,0
CA-2020-117849,JK-16120,2020-04-15,US,West,United States,Home Office,Medium,143.7,3,0.0,0.0,1,1,0
CA-2020-136406,BD-11320,2020-04-15,US,West,United States,Consumer,Medium,1121.568,2,0.2,0.2,1,1,0
US-2020-123750,RB-19795,2020-04-15,US,South,United States,Home Office,Medium,895.06,16,0.325,0.7,4,2,0
US-2020-132423,MY-18295,2020-04-15,US,Central,United States,Corporate,Medium,41.528000000000006,12,0.2,0.2,2,1,0
CA-2020-105473,BM-11785,2020-04-16,US,West,United States,Consumer,Medium,28.8,3,0.0,0.0,1,1,0
CA-2020-166282,PK-19075,2020-04-16,US,South,United States,Consumer,Medium,158.256,11,0.2,0.2,2,2,0
US-2020-107440,BS-11365,2020-04-16,US,East,United States,Corporate,Medium,9135.19,14,0.0,0.0,3,3,0
US-2020-164588,AP-10915,2020-04-16,US,South,United States,Consumer,Medium,12.84,3,0.0,0.0,1,1,0
CA-2020-108735,JM-15535,2020-04-17,US,West,United States,Consumer,Medium,257.499,3,0.15,0.15,1,1,0
CA-2020-149111,BF-11170,2020-04-17,US,South,United States,Home Office,Medium,55.416,9,0.2,0.2,2,2,0
US-2020-133508,SW-20350,2020-04-17,US,Central,United States,Home Office,Medium,29.05,5,0.0,0.0,1,1,0
US-2020-159415,CS-12175,2020-04-17,US,South,United States,Corporate,Medium,79.12,5,0.2,0.2,1,1,0
CA-2020-125087,TH-21115,2020-04-18,US,Central,United States,Corporate,Medium,2027.188,12,0.3666666666666667,0.6,3,2,0
CA-2020-139381,RF-19840,2020-04-18,US,South,United States,Consumer,Medium,233.48,8,0.0,0.0,2,2,0
CA-2020-144785,CS-12490,2020-04-18,US,East,United States,Corporate,Medium,13.83,4,0.0,0.0,2,1,0
CA-2020-155551,CR-12580,2020-04-18,US,Central,United States,Home Office,Medium,240.04,5,0.2,0.2,2,1,0
CA-2020-109666,KM-16720,2020-04-19,US,East,United States,Consumer,Medium,633.04,19,0.0285714285714285,0.2,7,2,0
US-2020-115819,JO-15280,2020-04-19,US,West,United States,Consumer,Medium,156.51600000000002,21,0.1,0.2,6,2,0
US-2020-161396,GM-14455,2020-04-19,US,East,United States,Home Office,Medium,624.576,7,0.3,0.4,2,2,0
CA-2020-146423,BT-11680,2020-04-21,US,East,United States,Consumer,Medium,67.32000000000001,11,0.0,0.0,2,1,0
CA-2020-151498,DN-13690,2020-04-21,US,West,United States,Consumer,Medium,8.32,5,0.2,0.2,1,1,0
US-2020-103646,SP-20545,2020-04-21,US,Central,United States,Corporate,Medium,195.976,15,0.6,0.8,3,1,0
CA-2020-101329,MM-17920,2020-04-22,US,East,United States,Consumer,Medium,35.01,10,0.0,0.0,2,1,0
CA-2020-109057,TT-21460,2020-04-22,US,Central,United States,Home Office,Medium,23.952,2,0.2,0.2,1,1,0
CA-2020-109869,TN-21040,2020-04-22,US,West,United States,Home Office,Medium,1588.323,20,0.36,0.7,5,2,1
CA-2020-113061,EL-13735,2020-04-22,US,Central,United States,Home Office,Medium,86.62,2,0.0,0.0,1,1,0
CA-2020-147578,PG-18895,2020-04-22,US,West,United States,Consumer,Medium,31.56,3,0.0,0.0,1,1,0
CA-2020-124149,MJ-17740,2020-04-23,US,East,United States,Consumer,Medium,242.56,13,0.2,0.2,3,1,0
CA-2020-126270,AF-10870,2020-04-23,US,West,United States,Consumer,Medium,90.05799999999999,10,0.1,0.2,2,1,0
CA-2020-130001,HK-14890,2020-04-23,US,South,United States,Corporate,Medium,36.24000000000001,5,0.2,0.2,1,1,0
CA-2020-162138,GK-14620,2020-04-23,US,West,United States,Corporate,Medium,351.51,7,0.1,0.2,2,2,1
CA-2020-138933,JL-15130,2020-04-24,US,West,United States,Consumer,Medium,3.984,1,0.2,0.2,1,1,0
CA-2020-149279,CL-12700,2020-04-24,US,West,United States,Home Office,Medium,1344.42,11,0.3666666666666667,0.7,3,2,0
CA-2020-168081,CA-12055,2020-04-24,US,Central,United States,Home Office,Medium,258.696,3,0.2,0.2,1,1,0
US-2020-150147,JL-15850,2020-04-25,US,East,United States,Consumer,Medium,108.42,7,0.6,0.7,3,2,0
CA-2020-139556,DB-13360,2020-04-26,US,East,United States,Home Office,Medium,434.646,3,0.1,0.1,1,1,0
CA-2020-137204,BO-11350,2020-04-28,US,West,United States,Corporate,Medium,41.568000000000005,2,0.2,0.2,1,1,0
CA-2020-152814,EH-14005,2020-04-28,US,West,United States,Home Office,Medium,29.472,3,0.2,0.2,1,1,1
CA-2020-161816,NB-18655,2020-04-28,US,Central,United States,Corporate,Medium,385.288,7,0.2,0.2,2,2,0
CA-2020-167605,RB-19570,2020-04-28,US,Central,United States,Consumer,Medium,30.344,2,0.6,0.6,1,1,0
CA-2020-144792,KD-16615,2020-04-30,US,West,United States,Corporate,Medium,111.888,7,0.2,0.2,1,1,0
CA-2020-154788,JL-15835,2020-04-30,US,East,United States,Consumer,Medium,7.712000000000001,2,0.2,0.2,1,1,0
US-2020-120460,BF-11170,2020-04-30,US,Central,United States,Home Office,Medium,22.608,3,0.6,0.6,1,1,0
CA-2020-101525,CM-12235,2020-05-01,US,South,United States,Consumer,Medium,140.52,7,0.0,0.0,3,1,0
CA-2020-164784,HF-14995,2020-05-01,US,South,United States,Consumer,Medium,377.346,6,0.4333333333333333,0.7,3,2,0
CA-2020-104311,AS-10090,2020-05-02,US,Central,United States,Consumer,Medium,36.648,8,0.2,0.2,3,1,0
CA-2020-109400,NR-18550,2020-05-02,US,Central,United States,Consumer,Medium,366.744,4,0.3,0.3,1,1,0
CA-2020-146836,CC-12475,2020-05-02,US,East,United States,Consumer,Medium,90.516,6,0.1,0.2,2,1,0
CA-2020-148698,BD-11770,2020-05-02,US,Central,United States,Consumer,Medium,86.352,3,0.2,0.2,1,1,0
CA-2020-154060,DL-12865,2020-05-02,US,South,United States,Consumer,Medium,187.056,9,0.2,0.2,1,1,0
CA-2020-158155,EH-13765,2020-05-02,US,East,United States,Corporate,Medium,330.82,12,0.05,0.2,4,2,0
CA-2020-129280,SM-20905,2020-05-03,US,East,United States,Consumer,Medium,1043.0410000000002,20,0.2833333333333333,0.7,6,3,0
CA-2020-163398,CB-12415,2020-05-03,US,Central,United States,Consumer,Medium,55.972,11,0.6,0.8,3,1,0
CA-2020-105662,RB-19465,2020-05-05,US,South,United States,Home Office,Medium,270.728,7,0.2,0.2,2,2,0
CA-2020-112676,PJ-18835,2020-05-05,US,South,United States,Corporate,Medium,14.352000000000002,3,0.2,0.2,1,1,0
CA-2020-126165,AH-10465,2020-05-05,US,West,United States,Consumer,Medium,71.08800000000001,2,0.2,0.2,1,1,0
CA-2020-137729,BF-11005,2020-05-05,US,West,United States,Home Office,Medium,252.148,4,0.1,0.2,2,2,0
CA-2020-145247,ND-18370,2020-05-05,US,South,United States,Consumer,Medium,79.14,3,0.0,0.0,1,1,0
CA-2020-160500,DM-13015,2020-05-05,US,West,United States,Consumer,Medium,305.49600000000004,8,0.2,0.2,2,2,0
US-2020-102239,LW-16990,2020-05-05,US,West,United States,Corporate,Medium,1691.6080000000002,8,0.1,0.2,2,2,0
US-2020-147991,ZD-21925,2020-05-05,US,South,United States,Consumer,Medium,16.72,5,0.2,0.2,1,1,0
CA-2020-118052,BE-11455,2020-05-06,US,East,United States,Home Office,Medium,111.496,11,0.2,0.2,3,2,0
CA-2020-137393,GM-14500,2020-05-06,US,West,United States,Consumer,Medium,41.6,4,0.0,0.0,1,1,0
CA-2020-139234,AF-10870,2020-05-06,US,Central,United States,Consumer,Medium,29.384,4,0.5,0.8,2,2,0
US-2020-146857,BE-11455,2020-05-06,US,Central,United States,Home Office,Medium,54.48,1,0.0,0.0,1,1,0
CA-2020-128818,CJ-12010,2020-05-07,US,East,United States,Consumer,Medium,4835.976,32,0.05,0.2,6,3,0
CA-2020-106530,CL-12565,2020-05-08,US,East,United States,Consumer,Medium,1110.344,11,0.2,0.2,5,2,0
CA-2020-111696,TB-21625,2020-05-08,US,West,United States,Consumer,Medium,17.94,3,0.0,0.0,1,1,0
CA-2020-164672,GB-14530,2020-05-08,US,East,United States,Corporate,Medium,211.96,2,0.0,0.0,1,1,0
CA-2020-109176,JW-16075,2020-05-09,US,East,United States,Consumer,Medium,88.704,6,0.2,0.2,2,1,0
CA-2020-112382,MB-18085,2020-05-09,US,Central,United States,Consumer,Medium,19.136000000000003,2,0.2,0.2,1,1,0
CA-2020-159765,TH-21100,2020-05-09,US,South,United States,Consumer,Medium,27.86,7,0.0,0.0,1,1,0
CA-2020-161158,PS-18970,2020-05-09,US,East,United States,Home Office,Medium,8.0,5,0.0,0.0,1,1,0
CA-2020-169166,SS-20590,2020-05-09,US,West,United States,Consumer,Medium,93.98,2,0.0,0.0,1,1,0
US-2020-144057,CV-12805,2020-05-09,US,Central,United States,Corporate,Medium,1013.792,22,0.56,0.8,5,1,1
US-2020-159093,RS-19420,2020-05-09,US,West,United States,Corporate,Medium,32.04,4,0.0,0.0,1,1,0
CA-2020-117625,GM-14500,2020-05-10,US,Central,United States,Consumer,Medium,7.072,2,0.2,0.2,1,1,0
CA-2020-133816,CS-12400,2020-05-10,US,East,United States,Home Office,Medium,743.9879999999999,2,0.4,0.4,1,1,0
CA-2020-161543,RD-19720,2020-05-10,US,West,United States,Consumer,Medium,11.96,2,0.0,0.0,1,1,0
CA-2020-162733,TT-21070,2020-05-11,US,West,United States,Consumer,Medium,5.98,1,0.0,0.0,1,1,0
CA-2020-100510,HM-14860,2020-05-12,US,East,United States,Corporate,Medium,641.98,7,0.0,0.0,2,2,0
CA-2020-109911,VG-21805,2020-05-12,US,South,United States,Corporate,Medium,10.96,4,0.0,0.0,1,1,0
CA-2020-167416,JM-15580,2020-05-12,US,West,United States,Consumer,Medium,54.900000000000006,5,0.0,0.0,1,1,0
US-2020-101196,FM-14215,2020-05-12,US,East,United States,Corporate,Medium,82.368,2,0.2,0.2,1,1,0
US-2020-123610,VM-21835,2020-05-12,US,West,United States,Consumer,Medium,128.67,7,0.0,0.0,2,2,0
CA-2020-108224,TH-21235,2020-05-14,US,West,United States,Corporate,Medium,185.528,7,0.2,0.2,1,1,0
CA-2020-141019,LH-17155,2020-05-14,US,East,United States,Consumer,Medium,79.38400000000001,1,0.2,0.2,1,1,0
US-2020-148901,MK-17905,2020-05-14,US,South,United States,Corporate,Medium,191.01800000000003,29,0.4142857142857142,0.7,7,3,0
CA-2020-141180,DP-13000,2020-05-15,US,South,United States,Consumer,Medium,7.764000000000001,4,0.7,0.7,1,1,0
CA-2020-152408,TT-21220,2020-05-15,US,East,United States,Consumer,Medium,13.776000000000002,3,0.2,0.2,1,1,0
CA-2020-165673,MN-17935,2020-05-15,US,East,United States,Consumer,Medium,15.232,4,0.2,0.2,1,1,0
US-2020-146570,SN-20710,2020-05-15,US,South,United States,Home Office,Medium,612.14,15,0.0,0.0,3,1,0
CA-2020-122133,JR-15670,2020-05-16,US,East,United States,Consumer,Medium,552.56,4,0.0,0.0,1,1,0
CA-2020-130638,SC-20095,2020-05-16,US,West,United States,Consumer,Medium,310.55999999999995,13,0.0,0.0,2,2,1
CA-2020-133144,DO-13435,2020-05-16,US,West,United States,Consumer,Medium,17.34,3,0.0,0.0,1,1,0
CA-2020-158435,AG-10900,2020-05-17,US,East,United States,Consumer,Medium,253.03,13,0.0,0.0,3,2,0
US-2020-117037,LW-17215,2020-05-17,US,Central,United States,Consumer,Medium,63.922,15,0.45,0.8,4,2,0
US-2020-150567,RP-19855,2020-05-17,US,South,United States,Corporate,Medium,29.97000000000001,8,0.7,0.7,2,1,0
CA-2020-122728,EB-13930,2020-05-18,US,West,United States,Consumer,Medium,122.22,6,0.0,0.0,2,1,0
CA-2020-126935,BT-11395,2020-05-19,US,West,United States,Corporate,Medium,9.584,1,0.2,0.2,1,1,0
CA-2020-138282,AH-10690,2020-05-19,US,West,United States,Corporate,Medium,87.84,8,0.0,0.0,1,1,1
CA-2020-157245,LE-16810,2020-05-19,US,South,United States,Consumer,Medium,641.96,2,0.0,0.0,1,1,0
CA-2020-169943,BN-11515,2020-05-19,US,East,United States,Consumer,Medium,821.224,26,0.04,0.2,5,2,0
US-2020-152835,RP-19855,2020-05-19,US,Central,United States,Corporate,Medium,21.4,5,0.0,0.0,1,1,0
CA-2020-105256,JK-15730,2020-05-20,US,South,United States,Consumer,Medium,1363.96,5,0.2,0.2,1,1,0
CA-2020-108567,DB-13210,2020-05-20,US,South,United States,Consumer,Medium,2.6940000000000004,2,0.7,0.7,1,1,0
CA-2020-115917,RB-19465,2020-05-20,US,West,United States,Home Office,Medium,1064.624,9,0.1,0.2,2,2,1
CA-2020-146010,EH-14125,2020-05-20,US,West,United States,Home Office,Medium,40.63500000000001,7,0.7,0.7,1,1,0
CA-2020-107202,LC-16930,2020-05-21,US,West,United States,Corporate,Medium,2396.4,10,0.2,0.2,1,1,0
CA-2020-114209,AS-10285,2020-05-21,US,Central,United States,Corporate,Medium,84.62,11,0.5,0.8,2,1,0
CA-2020-125920,SH-19975,2020-05-21,US,Central,United States,Corporate,Medium,3.797999999999999,3,0.8,0.8,1,1,0
CA-2020-127642,CP-12340,2020-05-21,US,East,United States,Corporate,Medium,111.96,2,0.0,0.0,1,1,0
US-2020-139486,LH-17155,2020-05-21,US,West,United States,Consumer,Medium,121.436,5,0.1,0.2,2,1,0
CA-2020-146934,AF-10870,2020-05-22,US,East,United States,Consumer,Medium,1562.086,24,0.0499999999999999,0.3,6,3,0
CA-2020-154081,JE-15610,2020-05-22,US,West,United States,Corporate,Medium,222.384,2,0.2,0.2,1,1,0
CA-2020-159653,JF-15490,2020-05-22,US,South,United States,Consumer,Medium,14.73,3,0.0,0.0,1,1,0
CA-2020-133725,KL-16645,2020-05-23,US,Central,United States,Consumer,Medium,1979.928,9,0.2,0.2,1,1,0
CA-2020-142762,LD-17005,2020-05-23,US,West,United States,Consumer,Medium,37.05,3,0.0,0.0,1,1,0
CA-2020-143714,CC-12370,2020-05-23,US,East,United States,Consumer,Medium,8539.019999999999,10,0.425,0.7,4,2,0
CA-2020-154403,AP-10720,2020-05-23,US,South,United States,Home Office,Medium,4.98,1,0.0,0.0,1,1,0
CA-2020-136126,EH-14125,2020-05-24,US,South,United States,Home Office,Medium,261.1,9,0.0,0.0,2,1,0
CA-2020-138583,DP-13390,2020-05-24,US,East,United States,Home Office,Medium,16.656000000000002,3,0.2,0.2,1,1,0
CA-2020-139269,JB-16045,2020-05-25,US,South,United States,Home Office,Medium,1311.9699999999998,15,0.0,0.0,3,2,1
CA-2020-113236,CP-12085,2020-05-26,US,South,United States,Corporate,Medium,232.624,8,0.2,0.2,2,2,0
CA-2020-119186,MS-17710,2020-05-26,US,Central,United States,Consumer,Medium,477.142,11,0.225,0.3,4,3,0
CA-2020-132409,TH-21235,2020-05-26,US,East,United States,Corporate,Medium,36.352,3,0.2,0.2,2,1,0
CA-2020-148852,SV-20785,2020-05-26,US,West,United States,Consumer,Medium,1119.148,23,0.12,0.2,5,3,0
CA-2020-149237,CM-12235,2020-05-26,US,Central,United States,Consumer,Medium,26.94,3,0.0,0.0,1,1,0
CA-2020-157266,TB-21280,2020-05-26,US,East,United States,Consumer,Medium,83.15,10,0.0,0.0,4,2,0
CA-2020-101791,BS-11665,2020-05-27,US,Central,United States,Consumer,Medium,1328.1280000000002,14,0.4666666666666666,0.6,3,2,0
CA-2020-122903,LA-16780,2020-05-27,US,Central,United States,Corporate,Medium,3963.57,11,0.0,0.0,3,2,0
CA-2020-136994,LS-17245,2020-05-27,US,West,United States,Consumer,Medium,13.38,2,0.0,0.0,1,1,0
CA-2020-113747,VD-21670,2020-05-28,US,South,United States,Consumer,Medium,185.88,6,0.0,0.0,1,1,0
CA-2020-121377,TN-21040,2020-05-28,US,Central,United States,Home Office,Medium,286.40000000000003,1,0.2,0.2,1,1,0
CA-2020-134803,CL-12565,2020-05-28,US,West,United States,Consumer,Medium,1157.68,23,0.08,0.2,5,2,1
CA-2020-138695,KC-16675,2020-05-28,US,South,United States,Corporate,Medium,452.464,21,0.2,0.2,2,2,0
CA-2020-155565,EH-13765,2020-05-28,US,East,United States,Corporate,Medium,54.900000000000006,5,0.0,0.0,1,1,0
CA-2020-156573,RB-19360,2020-05-29,US,South,United States,Consumer,Medium,60.485,8,0.3666666666666667,0.7,3,2,0
CA-2020-168753,RL-19615,2020-05-29,US,South,United States,Consumer,Medium,1002.7,10,0.0,0.0,2,2,0
CA-2020-108210,AT-10735,2020-05-30,US,Central,United States,Consumer,Medium,303.92,10,0.2,0.2,2,1,0
CA-2020-113831,AH-10690,2020-05-30,US,South,United States,Corporate,Medium,4317.3,22,0.0,0.0,3,3,0
CA-2020-129728,JG-15310,2020-05-30,US,West,United States,Corporate,Medium,167.84,8,0.0,0.0,1,1,0
CA-2020-145499,RW-19690,2020-05-30,US,South,United States,Consumer,Medium,3.2820000000000005,2,0.7,0.7,1,1,0
CA-2020-147473,NL-18310,2020-05-30,US,West,United States,Home Office,Medium,38.88,6,0.0,0.0,1,1,0
CA-2020-152730,EM-14140,2020-05-30,US,Central,United States,Home Office,Medium,1282.61,33,0.0,0.0,8,3,0
CA-2020-153682,BG-11695,2020-05-30,US,East,United States,Corporate,Medium,839.9879999999999,2,0.4,0.4,1,1,0
CA-2020-158547,JM-16195,2020-05-30,US,East,United States,Consumer,Medium,123.92000000000002,5,0.2,0.2,1,1,0
CA-2020-166380,EB-13750,2020-05-30,US,South,United States,Corporate,Medium,138.53,11,0.0,0.0,2,2,0
US-2020-105578,MY-17380,2020-05-30,US,West,United States,Corporate,Medium,874.3080000000001,10,0.5,0.7,5,2,1
CA-2020-150483,BP-11290,2020-05-31,US,Central,United States,Consumer,Medium,252.007,12,0.325,0.6,4,2,0
CA-2020-168844,NM-18520,2020-05-31,US,East,United States,Consumer,Medium,186.852,9,0.1,0.2,2,2,0
US-2020-119046,EH-13765,2020-06-02,US,West,United States,Corporate,Medium,93.06,18,0.1333333333333333,0.2,3,1,1
US-2020-128293,KC-16255,2020-06-02,US,East,United States,Corporate,Medium,64.784,1,0.2,0.2,1,1,0
CA-2020-164889,CP-12340,2020-06-03,US,West,United States,Corporate,Medium,71.08800000000001,2,0.2,0.2,1,1,0
CA-2020-119823,KD-16270,2020-06-04,US,South,United States,Consumer,Medium,75.88,2,0.0,0.0,1,1,0
CA-2020-157749,KL-16645,2020-06-04,US,Central,United States,Consumer,Medium,677.9490000000001,25,0.4142857142857142,0.6,7,3,0
CA-2020-165848,EN-13780,2020-06-04,US,East,United States,Consumer,Medium,1562.694,11,0.05,0.2,4,3,0
CA-2020-110982,CK-12205,2020-06-05,US,West,United States,Consumer,Medium,79.792,10,0.1,0.2,2,1,0
CA-2020-149671,KB-16600,2020-06-05,US,West,United States,Corporate,Medium,61.38,6,0.0,0.0,1,1,0
CA-2020-165169,JL-15235,2020-06-05,US,East,United States,Consumer,Medium,386.48,7,0.0,0.0,3,1,0
US-2020-134908,JS-15940,2020-06-05,US,East,United States,Home Office,Medium,132.168,7,0.2,0.2,2,1,0
CA-2020-108350,SC-20230,2020-06-06,US,East,United States,Corporate,Medium,105.52,4,0.0,0.0,1,1,0
CA-2020-112830,LP-17095,2020-06-06,US,East,United States,Consumer,Medium,548.96,5,0.2,0.2,2,1,0
CA-2020-125318,RC-19825,2020-06-06,US,Central,United States,Consumer,Medium,328.224,4,0.2,0.2,1,1,0
CA-2020-127369,DB-13060,2020-06-06,US,East,United States,Consumer,Medium,714.3000000000001,5,0.0,0.0,1,1,0
CA-2020-160717,ME-17320,2020-06-06,US,West,United States,Home Office,Medium,3528.4880000000003,14,0.1333333333333333,0.2,3,1,0
US-2020-155971,RB-19795,2020-06-06,US,West,United States,Home Office,Medium,121.95,12,0.0,0.0,2,1,0
US-2020-167472,CK-12595,2020-06-06,US,South,United States,Consumer,Medium,678.87,23,0.0,0.0,7,2,0
CA-2020-103163,FM-14290,2020-06-07,US,West,United States,Home Office,Medium,9.514,2,0.1,0.2,2,1,0
CA-2020-107475,RS-19870,2020-06-07,US,East,United States,Home Office,Medium,9.648,6,0.2,0.2,1,1,0
CA-2020-120558,RD-19810,2020-06-07,US,East,United States,Home Office,Medium,32.400000000000006,5,0.0,0.0,1,1,0
CA-2020-122448,DB-13210,2020-06-09,US,West,United States,Consumer,Medium,122.352,3,0.2,0.2,1,1,0
CA-2020-147368,TC-21295,2020-06-09,US,South,United States,Consumer,Medium,695.7,2,0.5,0.5,1,1,0
CA-2020-154662,BF-11215,2020-06-09,US,Central,United States,Home Office,Medium,692.9399999999999,3,0.0,0.0,1,1,0
US-2020-139710,GM-14680,2020-06-09,US,West,United States,Consumer,Medium,177.48000000000002,3,0.2,0.2,1,1,0
CA-2020-113243,OT-18730,2020-06-10,US,West,United States,Consumer,Medium,1388.78,11,0.0666666666666666,0.2,3,2,0
CA-2020-121993,JB-16000,2020-06-10,US,East,United States,Consumer,Medium,23.616,8,0.2,0.2,1,1,0
CA-2020-118745,SV-20365,2020-06-11,US,West,United States,Consumer,Medium,902.712,3,0.2,0.2,1,1,0
CA-2020-127775,ES-14020,2020-06-11,US,East,United States,Consumer,Medium,239.97,3,0.0,0.0,1,1,0
CA-2020-142405,SE-20110,2020-06-11,US,West,United States,Consumer,Medium,458.574,19,0.0666666666666666,0.2,3,2,0
CA-2020-169922,MZ-17515,2020-06-11,US,Central,United States,Corporate,Medium,22.16,15,0.7333333333333334,0.8,3,2,0
CA-2020-103730,SC-20725,2020-06-12,US,East,United States,Consumer,Medium,487.5,29,0.0,0.0,5,3,0
CA-2020-104633,EA-14035,2020-06-12,US,West,United States,Corporate,Medium,198.84,8,0.0,0.0,2,1,0
CA-2020-120824,AW-10930,2020-06-12,US,Central,United States,Home Office,Medium,546.616,30,0.4428571428571429,0.8,7,2,0
CA-2020-127208,SC-20770,2020-06-12,US,South,United States,Corporate,Medium,224.9,4,0.0,0.0,2,1,0
CA-2020-138688,DV-13045,2020-06-12,US,West,United States,Corporate,Medium,14.62,2,0.0,0.0,1,1,0
CA-2020-139941,CB-12415,2020-06-12,US,East,United States,Consumer,Medium,145.5,6,0.0,0.0,2,1,0
CA-2020-147375,PO-19180,2020-06-12,US,Central,United States,Home Office,Medium,1321.467,10,0.25,0.3,2,2,1
CA-2020-164035,CR-12730,2020-06-12,US,Central,United States,Consumer,Medium,23.120000000000005,5,0.2,0.2,1,1,0
CA-2020-126795,GT-14710,2020-06-13,US,East,United States,Consumer,Medium,33.568000000000005,2,0.2,0.2,1,1,0
CA-2020-136287,SS-20590,2020-06-13,US,Central,United States,Consumer,Medium,18.9,3,0.0,0.0,1,1,0
CA-2020-155005,SC-20050,2020-06-13,US,Central,United States,Home Office,Medium,377.97,3,0.0,0.0,1,1,0
CA-2020-107216,PV-18985,2020-06-14,US,West,United States,Home Office,Medium,53.7,11,0.0,0.0,4,3,0
CA-2020-128223,EB-13705,2020-06-14,US,West,United States,Corporate,Medium,1293.4879999999998,7,0.2,0.2,1,1,0
CA-2020-132304,AR-10825,2020-06-14,US,West,United States,Corporate,Medium,1115.17,7,0.0,0.0,1,1,0
CA-2020-133872,VM-21835,2020-06-14,US,South,United States,Consumer,Medium,58.400000000000006,6,0.4499999999999999,0.7,2,2,0
CA-2020-155747,JS-15685,2020-06-14,US,East,United States,Corporate,Medium,337.176,2,0.4,0.4,1,1,0
US-2020-108497,MH-17290,2020-06-14,US,West,United States,Home Office,Medium,599.165,5,0.15,0.15,1,1,0
CA-2020-152765,LS-17245,2020-06-15,US,Central,United States,Consumer,Medium,173.48800000000003,7,0.2,0.2,1,1,0
CA-2020-137127,JJ-15445,2020-06-16,US,East,United States,Consumer,Medium,9.45,3,0.0,0.0,1,1,0
CA-2020-140977,JL-15175,2020-06-16,US,South,United States,Home Office,Medium,91.475,1,0.5,0.5,1,1,0
CA-2020-148593,BD-11320,2020-06-16,US,West,United States,Consumer,Medium,46.35,5,0.0,0.0,1,1,0
CA-2020-107146,LC-16885,2020-06-17,US,West,United States,Consumer,Medium,749.488,7,0.2,0.2,2,1,0
CA-2020-111682,TB-21055,2020-06-17,US,East,United States,Consumer,Medium,655.09,25,0.0428571428571428,0.2,7,3,1
CA-2020-123512,MV-18190,2020-06-17,US,West,United States,Consumer,Medium,482.006,12,0.0499999999999999,0.15,3,2,0
CA-2020-129861,DM-13345,2020-06-17,US,East,United States,Corporate,Medium,376.866,3,0.4,0.4,1,1,0
CA-2020-133613,CP-12340,2020-06-17,US,East,United States,Corporate,Medium,584.77,8,0.0,0.0,3,2,0
CA-2020-145842,FM-14380,2020-06-17,US,East,United States,Consumer,Medium,40.74,3,0.0,0.0,1,1,0
CA-2020-159345,IG-15085,2020-06-17,US,West,United States,Consumer,Medium,111.96,2,0.0,0.0,1,1,1
CA-2020-131744,SC-20770,2020-06-18,US,East,United States,Corporate,Medium,465.074,7,0.3666666666666667,0.7,3,1,0
US-2020-163461,BT-11440,2020-06-18,US,Central,United States,Consumer,Medium,76.864,2,0.2,0.2,1,1,0
CA-2020-105760,KC-16255,2020-06-19,US,West,United States,Corporate,Medium,17.12,2,0.0,0.0,1,1,0
CA-2020-108581,EA-14035,2020-06-20,US,Central,United States,Corporate,Medium,106.336,6,0.2,0.2,2,2,0
CA-2020-140081,CG-12040,2020-06-20,US,East,United States,Home Office,Medium,538.022,19,0.325,0.7,4,1,0
CA-2020-141397,RC-19825,2020-06-20,US,West,United States,Consumer,Medium,409.76,17,0.08,0.2,5,2,0
CA-2020-149965,BS-11365,2020-06-20,US,Central,United States,Corporate,Medium,64.59,4,0.0,0.0,2,2,0
CA-2020-152534,DP-13105,2020-06-20,US,West,United States,Corporate,Medium,44.040000000000006,8,0.0,0.0,2,1,0
CA-2020-169194,LH-16900,2020-06-20,US,East,United States,Consumer,Medium,66.8,5,0.0,0.0,2,1,0
CA-2020-119865,AS-10090,2020-06-21,US,East,United States,Consumer,Medium,576.2719999999999,13,0.2,0.2,3,2,0
CA-2020-168361,KB-16600,2020-06-21,US,Central,United States,Corporate,Medium,0.8359999999999997,1,0.8,0.8,1,1,0
CA-2020-140382,RD-19900,2020-06-23,US,West,United States,Consumer,Medium,997.934,15,0.05,0.2,4,2,0
CA-2020-140501,IM-15070,2020-06-23,US,East,United States,Consumer,Medium,616.1600000000001,19,0.0,0.0,5,1,0
US-2020-142685,MG-17695,2020-06-23,US,East,United States,Consumer,Medium,835.1700000000001,7,0.0,0.0,1,1,0
US-2020-154256,SM-20005,2020-06-23,US,East,United States,Consumer,Medium,25.83,7,0.0,0.0,1,1,0
CA-2020-100300,MJ-17740,2020-06-24,US,West,United States,Consumer,Medium,4823.09,8,0.0666666666666666,0.2,3,2,0
CA-2020-101987,HL-15040,2020-06-24,US,Central,United States,Consumer,Medium,440.91,9,0.0,0.0,1,1,0
CA-2020-130680,BD-11320,2020-06-24,US,West,United States,Consumer,Medium,38.24,4,0.2,0.2,1,1,1
CA-2020-166240,DH-13075,2020-06-24,US,Central,United States,Corporate,Medium,8.711999999999998,2,0.8,0.8,1,1,0
CA-2020-101693,LC-17140,2020-06-25,US,Central,United States,Consumer,Medium,117.958,4,0.4499999999999999,0.6,2,1,0
CA-2020-118913,AS-10240,2020-06-25,US,West,United States,Consumer,Medium,60.81,3,0.0,0.0,1,1,0
US-2020-152051,TS-21160,2020-06-25,US,East,United States,Corporate,Medium,714.4979999999999,13,0.3999999999999999,0.7,3,2,1
CA-2020-100790,JG-15805,2020-06-26,US,East,United States,Corporate,Medium,718.95,10,0.0,0.0,2,1,0
CA-2020-102127,VP-21760,2020-06-26,US,East,United States,Corporate,Medium,198.67,10,0.0,0.0,3,2,0
CA-2020-114951,DN-13690,2020-06-26,US,West,United States,Consumer,Medium,22.14,3,0.0,0.0,1,1,0
CA-2020-118101,SN-20560,2020-06-26,US,Central,United States,Home Office,Medium,547.97,14,0.0,0.0,3,1,0
CA-2020-119445,GM-14500,2020-06-26,US,East,United States,Consumer,Medium,14.9,5,0.0,0.0,1,1,0
CA-2020-144015,AH-10075,2020-06-26,US,West,United States,Corporate,Medium,262.1,9,0.0,0.0,3,1,0
CA-2020-152331,LD-16855,2020-06-26,US,Central,United States,Corporate,Medium,5.304,3,0.2,0.2,1,1,0
CA-2020-160234,PF-19225,2020-06-26,US,South,United States,Consumer,Medium,135.95,1,0.0,0.0,1,1,0
US-2020-158708,AB-10255,2020-06-26,US,Central,United States,Home Office,Medium,13.616,2,0.2,0.2,1,1,0
CA-2020-153577,KH-16330,2020-06-27,US,Central,United States,Corporate,Medium,577.1220000000001,10,0.25,0.3,2,2,0
CA-2020-161928,AC-10660,2020-06-27,US,West,United States,Consumer,Medium,201.584,2,0.2,0.2,1,1,0
CA-2020-110044,RF-19735,2020-06-28,US,Central,United States,Consumer,Medium,359.97600000000006,3,0.2,0.2,1,1,0
CA-2020-154767,BP-11155,2020-06-28,US,East,United States,Consumer,Medium,475.86,12,0.0,0.0,5,2,0
CA-2020-161095,CS-12250,2020-06-28,US,West,United States,Corporate,Medium,41.32000000000001,5,0.2,0.2,2,1,0
CA-2020-140543,Co-12640,2020-06-29,US,South,United States,Consumer,Medium,191.88,6,0.0,0.0,1,1,0
CA-2020-135594,AH-10120,2020-06-30,US,Central,United States,Home Office,Medium,50.120000000000005,7,0.2,0.2,1,1,0
CA-2020-162355,PF-19165,2020-06-30,US,South,United States,Consumer,Medium,1302.83,10,0.0,0.0,2,2,0
CA-2020-139997,EM-14140,2020-07-01,US,West,United States,Home Office,Medium,1499.95,5,0.0,0.0,1,1,0
CA-2020-152163,JF-15355,2020-07-01,US,South,United States,Consumer,Medium,85.5,6,0.0,0.0,3,1,0
US-2020-126431,SU-20665,2020-07-01,US,East,United States,Home Office,Medium,136.43,13,0.0,0.0,3,2,0
US-2020-158680,NZ-18565,2020-07-01,US,West,United States,Home Office,Medium,2.4960000000000004,1,0.2,0.2,1,1,0
CA-2020-101469,KH-16360,2020-07-02,US,South,United States,Consumer,Medium,7.7,2,0.0,0.0,1,1,0
CA-2020-102813,EA-14035,2020-07-02,US,Central,United States,Corporate,Medium,569.9019999999999,13,0.25,0.3,2,2,0
CA-2020-149314,GB-14530,2020-07-02,US,West,United States,Corporate,Medium,195.184,1,0.2,0.2,1,1,0
CA-2020-104983,FM-14215,2020-07-03,US,East,United States,Corporate,Medium,123.92000000000002,5,0.2,0.2,1,1,0
CA-2020-130029,GT-14755,2020-07-03,US,West,United States,Consumer,Medium,16.92,4,0.0,0.0,2,1,0
CA-2020-168543,DK-13225,2020-07-03,US,East,United States,Corporate,Medium,706.86,7,0.0,0.0,1,1,0
CA-2020-103107,RB-19465,2020-07-04,US,West,United States,Home Office,Medium,274.856,11,0.1333333333333333,0.2,3,2,0
CA-2020-147137,AA-10645,2020-07-04,US,West,United States,Consumer,Medium,1376.445,16,0.0375,0.15,4,2,0
CA-2020-100965,RM-19375,2020-07-07,US,West,United States,Consumer,Medium,215.65,5,0.0,0.0,1,1,0
CA-2020-106397,MJ-17740,2020-07-07,US,West,United States,Consumer,Medium,58.94,4,0.0,0.0,2,1,0
CA-2020-114713,SC-20695,2020-07-07,US,South,United States,Corporate,Medium,45.584,7,0.2,0.2,1,1,0
CA-2020-129308,CC-12100,2020-07-07,US,East,United States,Home Office,Medium,85.209,13,0.5,0.7,4,2,0
CA-2020-135265,CC-12370,2020-07-07,US,West,United States,Consumer,Medium,3136.8680000000004,10,0.1333333333333333,0.2,3,3,0
CA-2020-159940,BF-11020,2020-07-07,US,Central,United States,Corporate,Medium,339.98,20,0.325,0.6,4,2,0
CA-2020-112109,JE-15715,2020-07-08,US,West,United States,Consumer,Medium,725.072,16,0.4499999999999999,0.7,4,2,0
CA-2020-152471,ZD-21925,2020-07-08,US,South,United States,Consumer,Medium,839.9440000000002,7,0.2,0.2,2,2,0
CA-2020-152520,TH-21115,2020-07-08,US,East,United States,Corporate,Medium,12.96,2,0.0,0.0,1,1,0
CA-2020-155474,CC-12220,2020-07-08,US,West,United States,Consumer,Medium,127.28,4,0.2,0.2,2,2,0
CA-2020-156685,SC-20230,2020-07-08,US,Central,United States,Corporate,Medium,911.256,12,0.2,0.2,2,2,0
CA-2020-136329,JD-15895,2020-07-09,US,East,United States,Corporate,Medium,573.286,6,0.05,0.1,2,1,0
CA-2020-126613,AA-10375,2020-07-10,US,West,United States,Consumer,Medium,16.768,2,0.2,0.2,1,1,0
CA-2020-134222,NZ-18565,2020-07-10,US,West,United States,Home Office,Medium,44.85600000000001,6,0.7,0.7,1,1,0
CA-2020-164924,EA-14035,2020-07-10,US,East,United States,Corporate,Medium,341.99100000000004,3,0.7,0.7,1,1,0
US-2020-131149,LH-17155,2020-07-10,US,Central,United States,Consumer,Medium,492.28,7,0.2,0.2,2,1,1
CA-2020-103891,KH-16690,2020-07-12,US,West,United States,Corporate,Medium,95.76,6,0.2,0.2,1,1,0
CA-2020-101378,RH-19600,2020-07-14,US,South,United States,Consumer,Medium,29.0,2,0.0,0.0,1,1,0
CA-2020-101966,BM-11785,2020-07-14,US,Central,United States,Consumer,Medium,419.944,7,0.2,0.2,1,1,0
CA-2020-109953,RB-19360,2020-07-14,US,West,United States,Consumer,Medium,292.796,14,0.0666666666666666,0.2,3,3,0
CA-2020-115483,JS-15880,2020-07-14,US,Central,United States,Consumer,Medium,219.84000000000003,5,0.2,0.2,1,1,0
CA-2020-117282,DR-12880,2020-07-14,US,East,United States,Corporate,Medium,14.16,2,0.2,0.2,1,1,0
CA-2020-120180,TP-21130,2020-07-14,US,East,United States,Consumer,Medium,11.632,2,0.2,0.2,1,1,0
CA-2020-136924,ES-14080,2020-07-14,US,West,United States,Corporate,Medium,380.864,8,0.2,0.2,1,1,1
CA-2020-137050,SW-20755,2020-07-14,US,East,United States,Corporate,Medium,663.9639999999999,24,0.1,0.2,6,2,0
CA-2020-157588,AR-10570,2020-07-14,US,South,United States,Consumer,Medium,88.15,6,0.0,0.0,2,2,0
CA-2020-169215,RE-19450,2020-07-14,US,East,United States,Consumer,Medium,29.61,9,0.0,0.0,1,1,0
CA-2020-122322,RH-19510,2020-07-15,US,West,United States,Home Office,Medium,44.400000000000006,5,0.0,0.0,1,1,0
US-2020-168095,MC-17425,2020-07-15,US,West,United States,Corporate,Medium,335.8,8,0.2,0.2,2,2,0
CA-2020-130050,MC-17425,2020-07-16,US,Central,United States,Corporate,Medium,9.552,3,0.6,0.6,1,1,0
CA-2020-157000,AM-10360,2020-07-16,US,Central,United States,Corporate,Medium,57.24000000000001,6,0.2,0.2,2,1,0
CA-2020-157161,JD-15895,2020-07-16,US,South,United States,Corporate,Medium,199.18,26,0.0,0.0,6,2,0
US-2020-100720,CK-12205,2020-07-16,US,East,United States,Consumer,Medium,644.198,9,0.3333333333333333,0.4,3,2,0
CA-2020-101343,RA-19885,2020-07-17,US,West,United States,Corporate,Medium,77.88,2,0.0,0.0,1,1,0
CA-2020-116603,AT-10735,2020-07-17,US,East,United States,Consumer,Medium,45.96,2,0.0,0.0,1,1,0
CA-2020-121671,AA-10480,2020-07-17,US,Central,United States,Consumer,Medium,589.52,16,0.0,0.0,5,1,0
CA-2020-131835,MC-17590,2020-07-17,US,East,United States,Corporate,Medium,815.12,6,0.0,0.0,3,2,0
US-2020-139087,DK-13375,2020-07-17,US,West,United States,Consumer,Medium,656.4,25,0.0571428571428571,0.2,7,3,0
CA-2020-102561,NK-18490,2020-07-18,US,East,United States,Home Office,Medium,313.84000000000003,22,0.2,0.2,3,1,0
CA-2020-114727,LS-16945,2020-07-18,US,West,United States,Corporate,Medium,2331.84,14,0.3,0.7,5,2,1
CA-2020-124681,SV-20935,2020-07-18,US,Central,United States,Consumer,Medium,15.576,3,0.2,0.2,1,1,0
CA-2020-157763,KH-16330,2020-07-18,US,South,United States,Corporate,Medium,140.81,1,0.0,0.0,1,1,0
CA-2020-161676,JP-15460,2020-07-18,US,West,United States,Corporate,Medium,33.8,5,0.2,0.2,1,1,0
CA-2020-162110,NP-18670,2020-07-18,US,West,United States,Consumer,Medium,55.992,1,0.2,0.2,1,1,0
CA-2020-157217,TC-21535,2020-07-19,US,West,United States,Home Office,Medium,425.954,5,0.1,0.2,2,1,0
CA-2020-163776,JS-16030,2020-07-19,US,South,United States,Consumer,Medium,1110.5,24,0.0,0.0,6,2,0
CA-2020-137939,PJ-19015,2020-07-20,US,East,United States,Consumer,Medium,89.94999999999999,5,0.0,0.0,1,1,0
CA-2020-141957,JG-15310,2020-07-21,US,East,United States,Corporate,Medium,195.92,12,0.325,0.7,4,1,0
CA-2020-142895,BP-11290,2020-07-21,US,South,United States,Consumer,Medium,370.184,8,0.2,0.2,2,2,0
CA-2020-146521,CC-12610,2020-07-21,US,East,United States,Corporate,Medium,1.9410000000000005,1,0.7,0.7,1,1,0
CA-2020-160941,DK-12835,2020-07-21,US,West,United States,Corporate,Medium,423.05,6,0.0,0.0,2,1,0
CA-2020-114307,MF-17665,2020-07-22,US,East,United States,Corporate,Medium,122.34,16,0.0,0.0,4,2,1
CA-2020-122392,CJ-12010,2020-07-22,US,East,United States,Consumer,Medium,15.808000000000002,4,0.2,0.2,2,2,0
CA-2020-140613,KN-16705,2020-07-22,US,West,United States,Home Office,Medium,86.19999999999999,5,0.0,0.0,1,1,0
CA-2020-144855,DL-13495,2020-07-22,US,West,United States,Corporate,Medium,6.3,2,0.0,0.0,1,1,0
US-2020-111290,DK-13375,2020-07-22,US,Central,United States,Consumer,Medium,1137.4,16,0.0,0.0,4,2,0
CA-2020-111318,IL-15100,2020-07-23,US,Central,United States,Consumer,Medium,115.136,8,0.2,0.2,1,1,0
CA-2020-112256,CK-12205,2020-07-23,US,Central,United States,Consumer,Medium,203.648,14,0.32,0.8,5,1,0
CA-2020-162404,NF-18475,2020-07-23,US,Central,United States,Home Office,Medium,11.415999999999997,4,0.8,0.8,1,1,0
CA-2020-165316,JB-15400,2020-07-23,US,South,United States,Corporate,Medium,324.387,5,0.3,0.5,3,2,0
CA-2020-102498,JG-15160,2020-07-24,US,South,United States,Consumer,Medium,73.2,5,0.0,0.0,1,1,0
CA-2020-162943,DB-12970,2020-07-24,US,East,United States,Corporate,Medium,253.764,2,0.1,0.1,1,1,0
CA-2020-103037,KH-16630,2020-07-25,US,Central,United States,Corporate,Medium,15.712000000000002,4,0.2,0.2,1,1,0
CA-2020-104157,MT-17815,2020-07-25,US,South,United States,Consumer,Medium,2503.47,14,0.0,0.0,3,2,0
CA-2020-111115,LB-16735,2020-07-25,US,West,United States,Consumer,Medium,21.48,6,0.0,0.0,1,1,0
CA-2020-115525,RR-19525,2020-07-25,US,East,United States,Corporate,Medium,243.88,5,0.2,0.2,1,1,0
CA-2020-126158,SC-20095,2020-07-25,US,West,United States,Consumer,Medium,686.244,23,0.1,0.2,4,2,0
CA-2020-128307,BE-11335,2020-07-25,US,Central,United States,Home Office,Medium,20.936000000000003,1,0.2,0.2,1,1,0
CA-2020-147417,CB-12415,2020-07-25,US,East,United States,Consumer,Medium,1439.976,4,0.4,0.4,1,1,0
CA-2020-149335,BC-11125,2020-07-25,US,West,United States,Home Office,Medium,37.17,9,0.0,0.0,1,1,0
CA-2020-149454,KM-16375,2020-07-25,US,South,United States,Home Office,Medium,10.44,1,0.0,0.0,1,1,0
US-2020-115441,SH-19975,2020-07-25,US,Central,United States,Corporate,Medium,941.18,23,0.0,0.0,5,3,0
CA-2020-107783,OT-18730,2020-07-28,US,East,United States,Consumer,Medium,1556.6940000000002,14,0.4666666666666666,0.7,3,2,0
CA-2020-140046,KM-16660,2020-07-28,US,West,United States,Consumer,Medium,18.9,3,0.0,0.0,1,1,0
CA-2020-143924,SC-20680,2020-07-28,US,Central,United States,Home Office,Medium,130.36,9,0.0,0.0,2,1,0
US-2020-105452,BF-11005,2020-07-28,US,Central,United States,Home Office,Medium,327.42,10,0.6,0.6,2,1,0
CA-2020-116344,JO-15145,2020-07-29,US,East,United States,Corporate,Medium,84.784,2,0.2,0.2,1,1,0
CA-2020-164574,RH-19555,2020-07-29,US,South,United States,Consumer,Medium,732.156,8,0.4499999999999999,0.7,2,1,0
US-2020-131891,PW-19240,2020-07-29,US,South,United States,Consumer,Medium,2.2140000000000004,3,0.7,0.7,1,1,0
CA-2020-112025,LS-16975,2020-07-30,US,Central,United States,Home Office,Medium,9.263999999999998,3,0.8,0.8,1,1,0
CA-2020-112585,RW-19630,2020-07-30,US,West,United States,Corporate,Medium,715.64,2,0.0,0.0,1,1,0
CA-2020-137743,KH-16360,2020-07-30,US,Central,United States,Consumer,Medium,1045.872,6,0.2,0.2,2,1,0
CA-2020-133550,KL-16645,2020-07-31,US,Central,United States,Consumer,Medium,1311.03,12,0.025,0.1,4,3,0
CA-2020-144148,AH-10690,2020-07-31,US,West,United States,Corporate,Medium,863.128,7,0.2,0.2,1,1,0
CA-2020-132990,KM-16660,2020-08-01,US,East,United States,Consumer,Medium,19.312,2,0.2,0.2,1,1,0
CA-2020-144337,SG-20890,2020-08-01,US,Central,United States,Corporate,Medium,19.648,2,0.2,0.2,1,1,0
CA-2020-155978,TS-21205,2020-08-01,US,West,United States,Corporate,Medium,1085.688,4,0.1,0.2,2,2,0
CA-2020-156265,BF-11020,2020-08-02,US,West,United States,Corporate,Medium,482.58400000000006,7,0.2,0.2,3,3,0
CA-2020-104150,AG-10330,2020-08-03,US,Central,United States,Consumer,Medium,248.82,15,0.0,0.0,2,2,0
CA-2020-110254,ML-17755,2020-08-04,US,South,United States,Home Office,Medium,158.81,14,0.0,0.0,4,2,0
CA-2020-111913,LC-16930,2020-08-04,US,West,United States,Corporate,Medium,335.12,8,0.2,0.2,3,2,0
US-2020-128195,RA-19285,2020-08-04,US,Central,United States,Consumer,Medium,3.979999999999999,5,0.8,0.8,1,1,0
US-2020-102232,MF-17665,2020-08-05,US,South,United States,Corporate,Medium,197.05,7,0.0,0.0,1,1,0
CA-2020-105263,LM-17065,2020-08-06,US,East,United States,Consumer,Medium,38.34,9,0.0,0.0,1,1,0
CA-2020-151092,VG-21790,2020-08-06,US,West,United States,Consumer,Medium,211.168,4,0.2,0.2,1,1,0
CA-2020-158869,AH-10690,2020-08-06,US,East,United States,Corporate,Medium,70.88,2,0.0,0.0,1,1,0
CA-2020-148516,DW-13585,2020-08-07,US,West,United States,Corporate,Medium,179.97,3,0.0,0.0,1,1,0
CA-2020-107328,CA-12055,2020-08-08,US,West,United States,Home Office,Medium,1016.184,13,0.1333333333333333,0.2,3,2,0
CA-2020-121034,JF-15565,2020-08-08,US,Central,United States,Consumer,Medium,65.12,7,0.2,0.2,2,1,0
CA-2020-130078,CC-12145,2020-08-08,US,Central,United States,Consumer,Medium,10.56,2,0.0,0.0,1,1,0
CA-2020-169026,CM-12655,2020-08-08,US,South,United States,Home Office,Medium,23.34,3,0.0,0.0,1,1,0
CA-2020-118934,GH-14410,2020-08-09,US,South,United States,Home Office,Medium,16.218000000000004,8,0.7,0.7,2,1,0
US-2020-113649,HA-14920,2020-08-09,US,South,United States,Consumer,Medium,645.136,15,0.2,0.2,3,2,0
CA-2020-128671,MT-18070,2020-08-11,US,Central,United States,Home Office,Medium,151.82,14,0.0,0.0,3,1,1
CA-2020-105459,NP-18700,2020-08-12,US,East,United States,Consumer,Medium,1800.168,8,0.2,0.4,2,2,0
CA-2020-118073,CS-12490,2020-08-12,US,South,United States,Corporate,Medium,562.2925000000001,7,0.45,0.45,1,1,0
CA-2020-143910,BC-11125,2020-08-12,US,East,United States,Home Office,Medium,145.764,2,0.1,0.1,1,1,0
CA-2020-155845,CM-12235,2020-08-12,US,Central,United States,Consumer,Medium,1399.9440000000002,7,0.2,0.2,1,1,0
CA-2020-167584,LC-16870,2020-08-12,US,Central,United States,Consumer,Medium,6.48,1,0.0,0.0,1,1,0
US-2020-144477,DB-13270,2020-08-12,US,East,United States,Home Office,Medium,37.312000000000005,4,0.2,0.2,1,1,0
CA-2020-125843,RF-19840,2020-08-13,US,South,United States,Consumer,Medium,125.92000000000002,11,0.0,0.0,2,1,0
CA-2020-155670,EM-14065,2020-08-13,US,South,United States,Consumer,Medium,21.504000000000005,11,0.4499999999999999,0.7,2,1,0
CA-2020-156251,TS-21160,2020-08-13,US,Central,United States,Corporate,Medium,250.48,5,0.0,0.0,2,2,0
US-2020-141264,CT-11995,2020-08-13,US,Central,United States,Consumer,Medium,244.3,3,0.5,0.8,2,1,0
US-2020-156692,HG-15025,2020-08-13,US,South,United States,Consumer,Medium,89.32000000000001,4,0.0,0.0,2,2,0
CA-2020-119515,TR-21325,2020-08-14,US,South,United States,Consumer,Medium,15.552000000000003,3,0.2,0.2,1,1,0
CA-2020-136021,JM-15580,2020-08-14,US,West,United States,Consumer,Medium,121.09199999999998,9,0.1,0.2,2,2,0
CA-2020-136770,SP-20650,2020-08-14,US,East,United States,Corporate,Medium,787.044,9,0.3333333333333333,0.4,3,1,0
CA-2020-118626,JC-15775,2020-08-15,US,South,United States,Consumer,Medium,705.544,7,0.2,0.2,1,1,0
CA-2020-154690,CC-12370,2020-08-15,US,South,United States,Consumer,Medium,225.296,2,0.2,0.2,1,1,0
CA-2020-166163,CY-12745,2020-08-15,US,West,United States,Corporate,Medium,75.126,4,0.1,0.2,2,2,0
CA-2020-167241,BD-11320,2020-08-15,US,West,United States,Consumer,Medium,533.09,13,0.05,0.2,4,3,0
US-2020-123470,ME-17725,2020-08-15,US,West,United States,Consumer,Medium,141.21,6,0.4499999999999999,0.7,2,1,0
CA-2020-113117,JP-15520,2020-08-16,US,West,United States,Consumer,Medium,32.400000000000006,5,0.0,0.0,1,1,0
CA-2020-148096,AO-10810,2020-08-16,US,West,United States,Corporate,Medium,161.28,2,0.2,0.2,1,1,0
CA-2020-150343,PK-19075,2020-08-16,US,West,United States,Consumer,Medium,10.86,3,0.0,0.0,1,1,0
US-2020-157308,NM-18520,2020-08-17,US,West,United States,Consumer,Medium,15.712000000000002,4,0.2,0.2,1,1,0
CA-2020-113551,NF-18385,2020-08-18,US,Central,United States,Consumer,Medium,85.908,9,0.5,0.8,2,1,0
CA-2020-128916,MA-17560,2020-08-18,US,Central,United States,Home Office,Medium,14.896,7,0.6,0.6,2,1,0
CA-2020-136133,HW-14935,2020-08-18,US,East,United States,Corporate,Medium,355.32,9,0.0,0.0,1,1,0
CA-2020-153353,GG-14650,2020-08-18,US,East,United States,Corporate,Medium,39.99,1,0.0,0.0,1,1,0
CA-2020-101980,RP-19390,2020-08-19,US,East,United States,Consumer,Medium,448.792,13,0.2,0.2,3,1,0
CA-2020-151141,DW-13480,2020-08-20,US,Central,United States,Home Office,Medium,14.78,2,0.0,0.0,1,1,0
CA-2020-122581,JK-15370,2020-08-21,US,East,United States,Consumer,Medium,573.174,7,0.1,0.1,1,1,0
CA-2020-123414,SU-20665,2020-08-21,US,South,United States,Home Office,Medium,37.264,6,0.2,0.2,2,1,0
CA-2020-167983,RP-19270,2020-08-21,US,West,United States,Corporate,Medium,33.44,10,0.2,0.2,1,1,0
US-2020-126452,SC-20230,2020-08-21,US,West,United States,Corporate,Medium,3339.1220000000003,32,0.1142857142857143,0.2,7,3,0
US-2020-146066,RB-19465,2020-08-21,US,East,United States,Home Office,Medium,815.2919999999999,9,0.4,0.4,1,1,0
CA-2020-130484,SG-20470,2020-08-22,US,West,United States,Consumer,Medium,26.352000000000004,8,0.7,0.7,1,1,0
CA-2020-137239,CR-12730,2020-08-22,US,East,United States,Consumer,Medium,251.158,6,0.3666666666666667,0.7,3,1,0
CA-2020-140256,PW-19030,2020-08-22,US,West,United States,Corporate,Medium,5.76,2,0.0,0.0,1,1,0
US-2020-106313,DG-13300,2020-08-22,US,West,United States,Corporate,Medium,19.44,3,0.0,0.0,1,1,0
US-2020-141880,TC-21475,2020-08-22,US,West,United States,Home Office,Medium,98.328,3,0.2,0.2,1,1,0
US-2020-148334,DD-13570,2020-08-22,US,Central,United States,Consumer,Medium,4.311999999999999,2,0.8,0.8,1,1,0
CA-2020-150350,MS-17770,2020-08-23,US,West,United States,Consumer,Medium,1599.864,29,0.0666666666666666,0.2,6,3,0
CA-2020-158001,JP-15460,2020-08-23,US,East,United States,Corporate,Medium,1091.44,16,0.0,0.0,3,1,0
US-2020-117793,MA-17560,2020-08-23,US,Central,United States,Home Office,Medium,79.74,10,0.0,0.0,4,2,0
US-2020-160528,MH-18115,2020-08-23,US,Central,United States,Home Office,Medium,1416.304,18,0.3333333333333333,0.6,3,3,0
CA-2020-105585,RF-19735,2020-08-26,US,West,United States,Consumer,Medium,165.13,8,0.0,0.0,2,1,1
CA-2020-114601,AA-10480,2020-08-26,US,Central,United States,Consumer,Medium,1157.98,15,0.0,0.0,5,3,0
CA-2020-128594,DJ-13510,2020-08-26,US,West,United States,Corporate,Medium,1603.1360000000002,4,0.2,0.2,1,1,0
CA-2020-132094,VG-21805,2020-08-26,US,East,United States,Corporate,Medium,53.456,5,0.2,0.2,2,2,0
CA-2020-148201,CC-12145,2020-08-26,US,West,United States,Consumer,Medium,6.48,1,0.0,0.0,1,1,0
CA-2020-152289,LC-16930,2020-08-26,US,Central,United States,Corporate,Medium,1184.6999999999998,8,0.25,0.3,2,2,0
CA-2020-160598,SV-20815,2020-08-26,US,South,United States,Corporate,Medium,31.008,1,0.2,0.2,1,1,0
CA-2020-163174,XP-21865,2020-08-26,US,South,United States,Consumer,Medium,186.54,3,0.0,0.0,1,1,0
US-2020-100405,TS-21430,2020-08-26,US,West,United States,Corporate,Medium,8.26,2,0.0,0.0,1,1,0
US-2020-102141,KD-16615,2020-08-26,US,East,United States,Corporate,Medium,146.68800000000002,8,0.2,0.2,1,1,0
US-2020-127425,DR-12880,2020-08-26,US,East,United States,Corporate,Medium,282.95000000000005,11,0.0,0.0,2,1,1
US-2020-163538,SS-20515,2020-08-26,US,Central,United States,Home Office,Medium,47.97,3,0.0,0.0,1,1,0
CA-2020-116764,EM-13825,2020-08-27,US,South,United States,Corporate,Medium,9.216,4,0.2,0.2,1,1,0
CA-2020-117919,TB-21355,2020-08-27,US,Central,United States,Corporate,Medium,94.08,6,0.2,0.2,2,1,0
CA-2020-145982,TB-21055,2020-08-27,US,East,United States,Consumer,Medium,549.775,25,0.0499999999999999,0.3,6,3,1
US-2020-146710,SS-20875,2020-08-27,US,Central,United States,Consumer,Medium,114.84,11,0.2,0.2,4,1,0
CA-2020-137652,EB-13750,2020-08-28,US,East,United States,Corporate,Medium,18.432,8,0.7,0.7,1,1,0
CA-2020-145303,TP-21415,2020-08-28,US,Central,United States,Consumer,Medium,179.53679999999997,15,0.64,0.8,3,2,0
US-2020-144211,CS-12130,2020-08-28,US,West,United States,Consumer,Medium,124.056,6,0.2,0.2,2,2,0
CA-2020-128727,MO-17800,2020-08-29,US,East,United States,Home Office,Medium,22.0,4,0.0,0.0,1,1,0
CA-2020-158568,RB-19465,2020-08-29,US,Central,United States,Home Office,Medium,162.388,13,0.4000000000000001,0.8,3,2,0
CA-2020-159912,GB-14530,2020-08-29,US,East,United States,Corporate,Medium,419.87,17,0.45,0.7,4,2,0
CA-2020-161207,AB-10060,2020-08-29,US,East,United States,Home Office,Medium,27.93,3,0.0,0.0,1,1,0
CA-2020-165995,BG-11740,2020-08-30,US,West,United States,Consumer,Medium,387.00000000000006,9,0.1,0.2,2,2,0
US-2020-141544,PO-18850,2020-08-30,US,East,United States,Consumer,Medium,1269.87,25,0.36,0.7,5,3,0
CA-2020-117408,TP-21130,2020-08-31,US,Central,United States,Consumer,Medium,23.968000000000004,2,0.2,0.2,1,1,0
CA-2020-116526,JA-15970,2020-09-01,US,Central,United States,Consumer,Medium,477.5,21,0.0166666666666666,0.1,6,2,0
CA-2020-120859,CV-12805,2020-09-01,US,West,United States,Corporate,Medium,21.88,2,0.0,0.0,1,1,0
CA-2020-124583,LB-16795,2020-09-01,US,West,United States,Home Office,Medium,12.78,1,0.0,0.0,1,1,0
CA-2020-129714,AB-10060,2020-09-01,US,East,United States,Home Office,Medium,4438.686000000001,12,0.08,0.2,5,2,0
CA-2020-151561,PG-18820,2020-09-01,US,East,United States,Consumer,Medium,744.15,14,0.0,0.0,4,3,0
CA-2020-155481,DK-13225,2020-09-01,US,East,United States,Corporate,Medium,71.15599999999999,15,0.2666666666666666,0.4,3,2,0
CA-2020-106278,BM-11140,2020-09-02,US,West,United States,Consumer,Medium,281.916,6,0.1,0.2,2,2,0
CA-2020-106950,JE-15715,2020-09-02,US,South,United States,Consumer,Medium,1854.241,31,0.3999999999999999,0.7,6,3,1
CA-2020-112739,RD-19810,2020-09-02,US,Central,United States,Home Office,Medium,168.168,13,0.5,0.8,2,2,0
CA-2020-113096,SZ-20035,2020-09-02,US,West,United States,Home Office,Medium,46.53,3,0.0,0.0,1,1,0
CA-2020-116540,SS-20590,2020-09-02,US,Central,United States,Consumer,Medium,10.07,3,0.0,0.0,2,1,0
CA-2020-126732,LR-16915,2020-09-02,US,West,United States,Consumer,Medium,1804.2480000000005,27,0.1,0.2,6,3,1
CA-2020-129847,TA-21385,2020-09-02,US,Central,United States,Home Office,Medium,84.272,2,0.6,0.6,1,1,0
CA-2020-130407,KD-16270,2020-09-02,US,East,United States,Consumer,Medium,115.46,4,0.0,0.0,2,2,0
CA-2020-144764,RL-19615,2020-09-02,US,Central,United States,Consumer,Medium,1427.3079999999998,10,0.2333333333333333,0.3,3,2,0
CA-2020-166429,TG-21310,2020-09-02,US,West,United States,Consumer,Medium,999.98,2,0.0,0.0,1,1,0
CA-2020-132143,FM-14215,2020-09-03,US,East,United States,Corporate,Medium,48.16,7,0.0,0.0,1,1,0
CA-2020-153185,MH-17620,2020-09-03,US,East,United States,Corporate,Medium,30.96,6,0.2,0.2,1,1,0
CA-2020-158099,PK-18910,2020-09-03,US,East,United States,Home Office,Medium,1422.2520000000004,8,0.55,0.7,2,2,0
CA-2020-159737,CS-11950,2020-09-03,US,Central,United States,Consumer,Medium,8.807999999999998,3,0.8,0.8,1,1,0
CA-2020-163986,JJ-15445,2020-09-03,US,Central,United States,Consumer,Medium,54.5,5,0.0,0.0,1,1,0
US-2020-100566,JK-16120,2020-09-03,US,Central,United States,Home Office,Medium,83.952,3,0.6,0.6,1,1,0
US-2020-101616,CY-12745,2020-09-03,US,South,United States,Corporate,Medium,87.28,8,0.0,0.0,1,1,0
US-2020-104815,RB-19570,2020-09-03,US,Central,United States,Consumer,Medium,198.744,4,0.3,0.3,1,1,0
US-2020-147711,HF-14995,2020-09-03,US,East,United States,Consumer,Medium,430.94,15,0.0,0.0,4,2,0
CA-2020-117604,JP-15520,2020-09-04,US,South,United States,Consumer,Medium,239.5,5,0.0,0.0,1,1,0
CA-2020-123120,CV-12295,2020-09-04,US,East,United States,Consumer,Medium,147.26,10,0.0666666666666666,0.2,3,2,0
CA-2020-129630,IM-15055,2020-09-04,US,West,United States,Consumer,Medium,2824.2300000000005,8,0.1,0.2,2,2,0
CA-2020-131205,AA-10645,2020-09-04,US,South,United States,Consumer,Medium,291.73999999999995,16,0.0,0.0,4,2,0
CA-2020-142524,MB-18085,2020-09-04,US,Central,United States,Consumer,Medium,296.51,7,0.0,0.0,2,2,0
CA-2020-149783,DL-13315,2020-09-04,US,South,United States,Consumer,Medium,131.104,7,0.2,0.2,3,1,0
CA-2020-168774,RP-19855,2020-09-04,US,Central,United States,Corporate,Medium,535.41,3,0.0,0.0,1,1,0
CA-2020-169971,IL-15100,2020-09-04,US,Central,United States,Consumer,Medium,66.28800000000001,4,0.2,0.2,2,1,0
CA-2020-110366,JD-15895,2020-09-05,US,East,United States,Corporate,Medium,82.80000000000001,2,0.2,0.2,1,1,0
CA-2020-115756,PK-19075,2020-09-05,US,Central,United States,Consumer,Medium,634.46,21,0.0,0.0,6,2,0
CA-2020-133319,MV-17485,2020-09-05,US,East,United States,Consumer,Medium,192.16,4,0.0,0.0,1,1,1
CA-2020-136231,DM-13015,2020-09-05,US,South,United States,Consumer,Medium,228.586,15,0.325,0.7,4,2,0
CA-2020-136595,EM-13825,2020-09-05,US,Central,United States,Corporate,Medium,21.204000000000004,3,0.6,0.6,1,1,0
CA-2020-137673,ML-17395,2020-09-05,US,West,United States,Corporate,Medium,116.0,8,0.0,0.0,1,1,0
CA-2020-139409,FW-14395,2020-09-05,US,East,United States,Corporate,Medium,43.6,4,0.0,0.0,1,1,0
CA-2020-140774,BE-11455,2020-09-05,US,Central,United States,Home Office,Medium,107.94,3,0.0,0.0,1,1,0
CA-2020-144540,GH-14410,2020-09-05,US,Central,United States,Home Office,Medium,91.23,12,0.5,0.8,2,1,0
CA-2020-149195,DM-13525,2020-09-05,US,Central,United States,Corporate,Medium,52.09600000000001,15,0.2,0.2,3,1,0
CA-2020-151372,JH-15985,2020-09-05,US,West,United States,Consumer,Medium,112.12,6,0.0666666666666666,0.2,3,1,1
CA-2020-154536,JC-15340,2020-09-05,US,East,United States,Consumer,Medium,9.555,5,0.7,0.7,1,1,0
CA-2020-158778,DB-13210,2020-09-05,US,East,United States,Consumer,Medium,1024.637,17,0.25,0.3,4,2,0
CA-2020-160815,TR-21325,2020-09-05,US,Central,United States,Consumer,Medium,278.4,3,0.0,0.0,1,1,0
CA-2020-162383,MD-17350,2020-09-05,US,East,United States,Consumer,Medium,103.054,10,0.5666666666666667,0.7,3,2,0
CA-2020-164490,SU-20665,2020-09-05,US,Central,United States,Home Office,Medium,9.248,2,0.2,0.2,1,1,0
US-2020-121013,MM-17920,2020-09-05,US,South,United States,Consumer,Medium,1678.0,5,0.0,0.0,2,2,0
US-2020-148110,AR-10825,2020-09-05,US,Central,United States,Corporate,Medium,347.802,7,0.3,0.3,1,1,0
US-2020-152373,PT-19090,2020-09-05,US,Central,United States,Consumer,Medium,93.456,3,0.2,0.2,1,1,0
CA-2020-102981,MO-17500,2020-09-06,US,East,United States,Consumer,Medium,754.2120000000001,5,0.1,0.2,2,2,0
CA-2020-123932,YC-21895,2020-09-06,US,Central,United States,Corporate,Medium,371.5040000000001,6,0.2,0.2,2,2,0
CA-2020-133123,KB-16315,2020-09-06,US,South,United States,Consumer,Medium,99.156,5,0.4499999999999999,0.7,2,1,0
CA-2020-145240,BG-11740,2020-09-06,US,Central,United States,Consumer,Medium,10.784,1,0.2,0.2,1,1,0
CA-2020-149223,ER-13855,2020-09-06,US,Central,United States,Corporate,Medium,77.88,6,0.0,0.0,1,1,0
CA-2020-103709,LP-17095,2020-09-08,US,West,United States,Consumer,Medium,310.86,12,0.0,0.0,3,1,0
CA-2020-108868,KB-16585,2020-09-08,US,Central,United States,Corporate,Medium,130.328,7,0.2,0.2,2,2,0
CA-2020-108987,AG-10675,2020-09-08,US,Central,United States,Consumer,Medium,2620.9376,13,0.23,0.32,4,3,0
CA-2020-110009,TR-21325,2020-09-08,US,West,United States,Consumer,Medium,74.0,8,0.0,0.0,2,2,0
CA-2020-113516,VM-21685,2020-09-08,US,West,United States,Home Office,Medium,100.16,6,0.2,0.2,2,1,0
CA-2020-131499,MG-17875,2020-09-08,US,East,United States,Home Office,Medium,207.48,1,0.0,0.0,1,1,0
CA-2020-153101,PJ-19015,2020-09-08,US,West,United States,Consumer,Medium,146.04000000000002,1,0.2,0.2,1,1,0
CA-2020-155138,JM-15580,2020-09-08,US,South,United States,Consumer,Medium,99.872,7,0.2,0.2,2,2,0
US-2020-114174,AP-10720,2020-09-08,US,East,United States,Home Office,Medium,188.7,7,0.0,0.0,2,2,0
US-2020-115455,SE-20110,2020-09-08,US,Central,United States,Consumer,Medium,615.606,5,0.55,0.6,2,1,0
CA-2020-110023,TS-21610,2020-09-09,US,East,United States,Consumer,Medium,14.624000000000002,2,0.2,0.2,1,1,0
CA-2020-112893,AT-10735,2020-09-09,US,West,United States,Consumer,Medium,55.36000000000001,4,0.2,0.2,1,1,0
CA-2020-137176,DB-12910,2020-09-09,US,Central,United States,Home Office,Medium,15.008000000000004,4,0.6,0.6,1,1,0
CA-2020-112277,SC-20695,2020-09-10,US,South,United States,Corporate,Medium,519.68,7,0.2,0.2,1,1,0
CA-2020-126102,DV-13465,2020-09-10,US,West,United States,Consumer,Medium,276.78400000000005,2,0.2,0.2,1,1,0
CA-2020-146206,KT-16480,2020-09-10,US,Central,United States,Consumer,Medium,1020.89,10,0.25,0.3,2,2,0
CA-2020-164350,CG-12040,2020-09-10,US,South,United States,Home Office,Medium,67.56,3,0.2,0.2,1,1,0
CA-2020-165918,BD-11770,2020-09-10,US,West,United States,Consumer,Medium,143.24,10,0.1,0.2,4,1,0
US-2020-118780,PN-18775,2020-09-10,US,East,United States,Home Office,Medium,66.17,3,0.0,0.0,2,1,0
CA-2020-102162,JF-15565,2020-09-11,US,South,United States,Consumer,Medium,1611.01,9,0.0,0.0,2,2,0
CA-2020-116561,EB-14110,2020-09-11,US,West,United States,Consumer,Medium,372.812,5,0.1,0.2,2,1,0
CA-2020-121223,GD-14590,2020-09-11,US,East,United States,Corporate,Medium,737.394,11,0.3,0.4,2,2,0
CA-2020-130225,RC-19960,2020-09-11,US,Central,United States,Consumer,Medium,99.568,2,0.2,0.2,1,1,0
CA-2020-143476,LC-16930,2020-09-11,US,West,United States,Corporate,Medium,33.21600000000001,8,0.2,0.2,3,1,0
CA-2020-145625,KC-16540,2020-09-11,US,West,United States,Consumer,Medium,3354.98,14,0.0,0.0,2,2,0
CA-2020-150007,AS-10090,2020-09-11,US,Central,United States,Consumer,Medium,7.907999999999999,5,0.5,0.8,2,1,0
CA-2020-153157,TB-21625,2020-09-11,US,Central,United States,Consumer,Medium,224.75,5,0.0,0.0,1,1,0
CA-2020-164154,NZ-18565,2020-09-11,US,East,United States,Home Office,Medium,59.948000000000015,8,0.4499999999999999,0.7,2,1,0
CA-2020-113082,MC-17590,2020-09-12,US,East,United States,Corporate,Medium,40.48,2,0.0,0.0,1,1,0
CA-2020-123946,AJ-10795,2020-09-12,US,South,United States,Corporate,Medium,1159.06,15,0.0,0.0,4,3,0
CA-2020-128811,SF-20200,2020-09-12,US,West,United States,Consumer,Medium,42.244,10,0.0666666666666666,0.2,3,1,0
CA-2020-142902,BP-11185,2020-09-12,US,West,United States,Corporate,Medium,503.4,10,0.2,0.2,4,2,0
CA-2020-151148,PO-19180,2020-09-12,US,West,United States,Home Office,Medium,230.088,7,0.2,0.2,2,2,0
CA-2020-152457,SC-20695,2020-09-12,US,Central,United States,Corporate,Medium,68.52,3,0.0,0.0,1,1,0
CA-2020-105732,AG-10270,2020-09-13,US,Central,United States,Consumer,Medium,2374.73,46,0.0,0.0,10,3,0
CA-2020-153178,CL-12565,2020-09-14,US,East,United States,Consumer,Medium,1111.418,5,0.1,0.2,2,2,0
CA-2020-155439,PN-18775,2020-09-14,US,South,United States,Home Office,Medium,25.92,4,0.0,0.0,1,1,0
CA-2020-116911,JD-16150,2020-09-15,US,West,United States,Corporate,Medium,1148.8059999999998,7,0.1,0.2,2,2,0
CA-2020-149370,DB-13210,2020-09-15,US,East,United States,Consumer,Medium,5.344,1,0.2,0.2,1,1,0
CA-2020-149797,AH-10075,2020-09-15,US,East,United States,Corporate,Medium,841.5680000000001,2,0.2,0.2,1,1,0
CA-2020-160479,AH-10585,2020-09-15,US,West,United States,Consumer,Medium,35.4,5,0.0,0.0,1,1,0
US-2020-128678,RB-19570,2020-09-15,US,West,United States,Consumer,Medium,70.06400000000001,12,0.1,0.2,2,1,0
CA-2020-123337,KD-16495,2020-09-16,US,West,United States,Corporate,Medium,291.146,6,0.075,0.15,2,2,0
CA-2020-162159,CR-12625,2020-09-16,US,South,United States,Home Office,Medium,121.78,2,0.0,0.0,1,1,1
US-2020-134369,BC-11125,2020-09-16,US,West,United States,Home Office,Medium,12.96,2,0.0,0.0,1,1,0
CA-2020-105900,BS-11590,2020-09-17,US,Central,United States,Corporate,Medium,33.4,5,0.0,0.0,1,1,0
CA-2020-109806,JS-15685,2020-09-17,US,West,United States,Corporate,Medium,100.164,6,0.0666666666666666,0.2,3,2,1
CA-2020-111416,LW-17215,2020-09-17,US,East,United States,Consumer,Medium,232.40000000000003,5,0.2,0.2,1,1,0
CA-2020-131093,TS-21610,2020-09-17,US,East,United States,Consumer,Medium,295.4,5,0.2,0.2,1,1,0
CA-2020-134208,CS-12505,2020-09-17,US,South,United States,Consumer,Medium,396.0,4,0.0,0.0,1,1,0
CA-2020-159730,SJ-20125,2020-09-17,US,West,United States,Home Office,Medium,219.47200000000004,4,0.2,0.2,2,2,0
CA-2020-164091,LA-16780,2020-09-17,US,East,United States,Corporate,Medium,547.3299999999999,5,0.0,0.0,2,2,0
US-2020-148957,CC-12430,2020-09-17,US,West,United States,Home Office,Medium,12.32,4,0.0,0.0,1,1,1
US-2020-152415,PO-18865,2020-09-17,US,East,United States,Consumer,Medium,206.64,6,0.0,0.0,2,1,0
CA-2020-106075,HM-14980,2020-09-18,US,East,United States,Consumer,Medium,4.616,1,0.2,0.2,1,1,0
CA-2020-110086,BD-11320,2020-09-18,US,West,United States,Consumer,Medium,239.98400000000004,2,0.2,0.2,1,1,0
CA-2020-111409,PO-18850,2020-09-18,US,South,United States,Consumer,Medium,3.0,1,0.2,0.2,1,1,0
CA-2020-120355,MM-17260,2020-09-18,US,East,United States,Consumer,Medium,692.5020000000001,5,0.05,0.1,2,1,0
CA-2020-133935,JW-15220,2020-09-18,US,West,United States,Corporate,Medium,2056.0060000000003,20,0.1333333333333333,0.2,3,2,0
CA-2020-140928,NB-18655,2020-09-18,US,South,United States,Corporate,Medium,383.438,4,0.45,0.45,1,1,0
CA-2020-145905,AM-10705,2020-09-18,US,South,United States,Consumer,Medium,1264.14,7,0.0,0.0,3,2,0
CA-2020-157511,SV-20365,2020-09-18,US,East,United States,Consumer,Medium,107.396,6,0.2333333333333333,0.3,3,2,0
CA-2020-102932,SD-20485,2020-09-19,US,East,United States,Home Office,Medium,53.370000000000005,9,0.0,0.0,2,1,0
CA-2020-120250,AP-10720,2020-09-19,US,East,United States,Home Office,Medium,25.632,3,0.2,0.2,1,1,0
CA-2020-130267,SW-20245,2020-09-19,US,West,United States,Consumer,Medium,159.88,7,0.0,0.0,1,1,0
CA-2020-142370,TP-21130,2020-09-19,US,South,United States,Consumer,Medium,254.99,7,0.0,0.0,2,2,0
CA-2020-158610,CK-12595,2020-09-19,US,East,United States,Consumer,Medium,69.52,2,0.0,0.0,1,1,0
CA-2020-168354,RH-19510,2020-09-19,US,East,United States,Home Office,Medium,2545.12,19,0.0,0.0,4,2,0
CA-2020-168557,FH-14275,2020-09-19,US,West,United States,Corporate,Medium,8.928,2,0.2,0.2,1,1,0
US-2020-114888,CC-12430,2020-09-19,US,West,United States,Home Office,Medium,18.192,6,0.1,0.2,2,1,0
US-2020-156097,EH-14125,2020-09-19,US,Central,United States,Home Office,Medium,703.68,4,0.55,0.8,2,2,0
CA-2020-100244,GM-14695,2020-09-20,US,West,United States,Corporate,Medium,475.694,19,0.08,0.2,5,1,0
CA-2020-126284,EN-13780,2020-09-20,US,Central,United States,Consumer,Medium,83.69999999999999,5,0.0,0.0,1,1,0
CA-2020-134516,FM-14215,2020-09-20,US,South,United States,Corporate,Medium,115.48,3,0.2,0.2,2,1,0
CA-2020-145611,HA-14905,2020-09-20,US,East,United States,Consumer,Medium,393.25,5,0.0,0.0,1,1,0
CA-2020-166772,HJ-14875,2020-09-20,US,West,United States,Home Office,Medium,163.88,2,0.0,0.0,1,1,0
CA-2020-109743,SH-19975,2020-09-22,US,South,United States,Corporate,Medium,104.712,11,0.2,0.2,2,2,0
CA-2020-116232,AC-10450,2020-09-22,US,South,United States,Consumer,Medium,24.066,11,0.4499999999999999,0.7,2,1,0
CA-2020-119641,CS-12250,2020-09-22,US,Central,United States,Corporate,Medium,18.96,2,0.0,0.0,1,1,0
CA-2020-120257,PW-19240,2020-09-22,US,East,United States,Consumer,Medium,7.872,3,0.2,0.2,1,1,0
CA-2020-125724,SM-20950,2020-09-22,US,West,United States,Corporate,Medium,68.43200000000002,7,0.2,0.2,1,1,0
CA-2020-135965,SZ-20035,2020-09-22,US,East,United States,Home Office,Medium,128.34,6,0.0,0.0,1,1,0
CA-2020-151974,RD-19660,2020-09-22,US,East,United States,Home Office,Medium,16.520000000000003,5,0.2,0.2,1,1,0
CA-2020-158617,AC-10660,2020-09-22,US,Central,United States,Consumer,Medium,35.88,6,0.0,0.0,1,1,0
CA-2020-166653,NP-18685,2020-09-22,US,East,United States,Home Office,Medium,63.968,2,0.2,0.2,1,1,0
US-2020-155404,AS-10630,2020-09-22,US,South,United States,Home Office,Medium,13.28,2,0.0,0.0,1,1,0
US-2020-157728,RC-19960,2020-09-22,US,Central,United States,Consumer,Medium,133.54000000000002,9,0.0,0.0,2,2,0
CA-2020-101742,CR-12580,2020-09-23,US,East,United States,Home Office,Medium,10.528,7,0.2,0.2,1,1,0
CA-2020-106656,DV-13045,2020-09-23,US,West,United States,Corporate,Medium,22.98,5,0.0,0.0,2,1,0
CA-2020-110730,CM-11815,2020-09-23,US,West,United States,Corporate,Medium,13.68,2,0.0,0.0,1,1,0
CA-2020-124016,JS-15940,2020-09-23,US,East,United States,Home Office,Medium,52.153000000000006,14,0.3666666666666667,0.7,3,2,0
CA-2020-149979,RA-19915,2020-09-23,US,South,United States,Consumer,Medium,487.22,8,0.0,0.0,2,2,0
CA-2020-159009,DP-13105,2020-09-23,US,West,United States,Corporate,Medium,197.968,7,0.2,0.2,2,2,0
US-2020-129469,KL-16555,2020-09-23,US,East,United States,Corporate,Medium,537.6160000000001,8,0.2,0.2,2,2,0
CA-2020-100944,EH-13765,2020-09-24,US,West,United States,Corporate,Medium,868.14,10,0.1,0.2,2,2,0
CA-2020-108875,CL-12700,2020-09-24,US,West,United States,Home Office,Medium,532.4960000000001,11,0.2,0.2,2,2,0
CA-2020-132479,MK-17905,2020-09-24,US,Central,United States,Corporate,Medium,442.372,7,0.8,0.8,1,1,0
CA-2020-141551,BP-11230,2020-09-24,US,Central,United States,Consumer,Medium,12.86,2,0.0,0.0,2,1,0
CA-2020-154235,RD-19900,2020-09-24,US,Central,United States,Consumer,Medium,127.95,3,0.0,0.0,1,1,0
CA-2020-155187,LA-16780,2020-09-24,US,West,United States,Corporate,Medium,83.66,7,0.0,0.0,2,1,0
US-2020-134488,PK-19075,2020-09-24,US,East,United States,Consumer,Medium,155.372,2,0.3,0.3,1,1,0
US-2020-147340,EB-13750,2020-09-24,US,West,United States,Corporate,Medium,63.2,5,0.0,0.0,1,1,0
CA-2020-101385,JW-16075,2020-09-25,US,West,United States,Consumer,Medium,16.56,4,0.0,0.0,1,1,0
CA-2020-113978,TS-21505,2020-09-25,US,East,United States,Consumer,Medium,642.0160000000001,6,0.2,0.2,3,1,0
CA-2020-123722,NH-18610,2020-09-25,US,Central,United States,Corporate,Medium,15.936000000000002,4,0.2,0.2,1,1,0
CA-2020-140417,KE-16420,2020-09-25,US,West,United States,Corporate,Medium,65.07000000000001,10,0.4499999999999999,0.7,2,1,0
CA-2020-148747,AS-10045,2020-09-25,US,West,United States,Corporate,Medium,477.666,2,0.15,0.15,1,1,0
US-2020-122245,AB-10105,2020-09-25,US,West,United States,Consumer,Medium,393.165,3,0.5,0.5,1,1,0
US-2020-124163,SC-20695,2020-09-25,US,Central,United States,Corporate,Medium,773.59,19,0.0,0.0,4,3,0
US-2020-125402,DL-12865,2020-09-25,US,West,United States,Consumer,Medium,1059.088,25,0.0857142857142857,0.2,7,3,0
CA-2020-132017,MH-17620,2020-09-26,US,Central,United States,Corporate,Medium,6.815999999999998,2,0.8,0.8,1,1,0
CA-2020-143406,LR-17035,2020-09-26,US,Central,United States,Corporate,Medium,547.997,7,0.55,0.8,2,2,0
CA-2020-145898,CM-12445,2020-09-26,US,West,United States,Consumer,Medium,124.58,16,0.0,0.0,4,1,0
CA-2020-157714,CS-12175,2020-09-26,US,Central,United States,Corporate,Medium,9.99,1,0.0,0.0,1,1,0
CA-2020-165820,DW-13585,2020-09-26,US,West,United States,Corporate,Medium,12.96,2,0.0,0.0,1,1,0
CA-2020-169957,SN-20710,2020-09-26,US,West,United States,Home Office,Medium,366.78,15,0.0,0.0,3,2,0
US-2020-109260,TN-21040,2020-09-26,US,South,United States,Home Office,Medium,431.97600000000006,3,0.2,0.2,1,1,0
US-2020-146794,SH-19975,2020-09-26,US,West,United States,Corporate,Medium,424.9574999999999,5,0.15,0.15,1,1,0
US-2020-149790,SC-20380,2020-09-26,US,Central,United States,Consumer,Medium,15.623999999999995,2,0.8,0.8,1,1,0
US-2020-157945,NF-18385,2020-09-26,US,Central,United States,Consumer,Medium,756.486,5,0.25,0.3,2,2,0
CA-2020-123176,JG-15160,2020-09-27,US,South,United States,Consumer,Medium,31.83,6,0.0,0.0,2,1,0
CA-2020-140249,SW-20455,2020-09-27,US,West,United States,Consumer,Medium,1001.584,2,0.2,0.2,1,1,0
CA-2020-163202,BM-11650,2020-09-27,US,East,United States,Corporate,Medium,2.907,3,0.7,0.7,1,1,0
US-2020-110170,HM-14860,2020-09-27,US,Central,United States,Corporate,Medium,956.6648,7,0.32,0.32,1,1,0
US-2020-134656,MM-18280,2020-09-28,US,Central,United States,Corporate,Medium,99.136,4,0.2,0.2,1,1,0
CA-2020-106621,DM-12955,2020-09-29,US,West,United States,Corporate,Medium,10.496,4,0.2,0.2,1,1,0
CA-2020-108056,ES-14080,2020-09-29,US,West,United States,Corporate,Medium,859.2,3,0.2,0.2,1,1,0
CA-2020-108616,JK-15730,2020-09-29,US,South,United States,Consumer,Medium,298.83,15,0.0,0.0,3,2,0
CA-2020-125794,ML-17410,2020-09-29,US,West,United States,Consumer,Medium,36.24,1,0.0,0.0,1,1,0
CA-2020-134362,LS-16945,2020-09-29,US,East,United States,Corporate,Medium,15.936000000000002,4,0.2,0.2,1,1,0
CA-2020-138037,AR-10540,2020-09-29,US,West,United States,Consumer,Medium,27.24,5,0.2,0.2,1,1,0
CA-2020-161781,CC-12100,2020-09-29,US,Central,United States,Home Office,Medium,40.88,7,0.0,0.0,1,1,0
US-2020-101497,PS-18760,2020-09-29,US,West,United States,Consumer,Medium,18.97,1,0.0,0.0,1,1,0
CA-2020-106243,GM-14680,2020-09-30,US,East,United States,Consumer,Medium,523.92,5,0.2,0.2,1,1,0
CA-2020-108644,SJ-20215,2020-09-30,US,Central,United States,Consumer,Medium,1.9639999999999995,2,0.8,0.8,1,1,0
CA-2020-111794,HG-15025,2020-10-01,US,Central,United States,Consumer,Medium,107.86400000000002,4,0.2,0.2,2,2,0
CA-2020-116918,JK-15205,2020-10-01,US,South,United States,Consumer,Medium,36.364,12,0.4499999999999999,0.7,2,1,0
CA-2020-139157,GM-14680,2020-10-01,US,East,United States,Consumer,Medium,330.588,1,0.4,0.4,1,1,0
CA-2020-155992,CC-12220,2020-10-01,US,Central,United States,Consumer,Medium,111.75,7,0.0,0.0,2,2,0
CA-2020-157686,BD-11620,2020-10-01,US,West,United States,Consumer,Medium,194.848,4,0.2,0.2,1,1,0
CA-2020-118689,TC-20980,2020-10-02,US,Central,United States,Corporate,Medium,18336.74,18,0.0,0.0,5,2,0
CA-2020-118969,LP-17095,2020-10-02,US,West,United States,Consumer,Medium,54.79200000000001,6,0.7,0.7,1,1,0
CA-2020-134376,TT-21265,2020-10-02,US,East,United States,Corporate,Medium,61.44,3,0.0,0.0,1,1,0
CA-2020-101672,DB-12910,2020-10-03,US,West,United States,Home Office,Medium,1027.6760000000002,10,0.05,0.2,4,2,0
CA-2020-103919,TP-21565,2020-10-03,US,Central,United States,Corporate,Medium,38.08,5,0.6,0.6,1,1,0
CA-2020-140634,HL-15040,2020-10-03,US,Central,United States,Consumer,Medium,15.648,2,0.2,0.2,1,1,0
CA-2020-144939,EB-13870,2020-10-03,US,East,United States,Consumer,Medium,599.292,6,0.1,0.1,1,1,0
CA-2020-121601,MO-17500,2020-10-04,US,Central,United States,Consumer,Medium,59.752,7,0.2,0.2,1,1,0
CA-2020-131296,MS-17830,2020-10-04,US,East,United States,Consumer,Medium,239.372,2,0.3,0.3,1,1,0
CA-2020-145709,AH-10690,2020-10-04,US,South,United States,Corporate,Medium,64.24799999999999,6,0.2,0.2,2,2,0
US-2020-140158,DR-12940,2020-10-04,US,East,United States,Home Office,Medium,5549.41,13,0.0,0.0,3,2,0
US-2020-115952,JH-15910,2020-10-06,US,Central,United States,Consumer,Medium,28.85,5,0.0,0.0,1,1,1
US-2020-157490,LB-16795,2020-10-06,US,West,United States,Home Office,Medium,801.5500000000001,19,0.575,0.7,4,2,1
CA-2020-127649,DL-13495,2020-10-07,US,West,United States,Corporate,Medium,837.5999999999999,3,0.2,0.2,1,1,0
CA-2020-139808,MC-18100,2020-10-07,US,West,United States,Consumer,Medium,93.36,12,0.0,0.0,1,1,0
CA-2020-155033,CC-12475,2020-10-07,US,West,United States,Consumer,Medium,10.56,2,0.0,0.0,1,1,0
CA-2020-162614,TB-21250,2020-10-07,US,West,United States,Consumer,Medium,27.264,2,0.2,0.2,1,1,0
CA-2020-163216,AW-10930,2020-10-07,US,East,United States,Home Office,Medium,4.928000000000001,2,0.2,0.2,1,1,0
CA-2020-135636,DB-13615,2020-10-08,US,South,United States,Consumer,Medium,387.72,5,0.2,0.2,1,1,0
CA-2020-149685,PM-19135,2020-10-08,US,Central,United States,Home Office,Medium,60.144000000000005,6,0.2,0.2,1,1,0
US-2020-126844,BW-11110,2020-10-08,US,Central,United States,Corporate,Medium,51.712,8,0.6,0.6,1,1,0
US-2020-162026,JE-15745,2020-10-08,US,West,United States,Consumer,Medium,61.96,2,0.0,0.0,1,1,0
CA-2020-114748,MZ-17335,2020-10-09,US,West,United States,Home Office,Medium,170.976,3,0.2,0.2,2,2,0
CA-2020-116974,MP-17965,2020-10-09,US,East,United States,Corporate,Medium,23.976,4,0.4,0.4,1,1,0
US-2020-128909,SP-20545,2020-10-09,US,East,United States,Corporate,Medium,351.9680000000001,8,0.2,0.2,2,2,0
CA-2020-126627,WB-21850,2020-10-10,US,Central,United States,Consumer,Medium,30.392,6,0.7,0.8,2,2,0
CA-2020-157707,CC-12610,2020-10-10,US,West,United States,Corporate,Medium,227.658,5,0.3666666666666667,0.7,3,2,0
US-2020-150357,EB-13975,2020-10-10,US,South,United States,Corporate,Medium,24.703000000000003,5,0.4499999999999999,0.7,2,1,0
CA-2020-113390,EP-13915,2020-10-11,US,Central,United States,Consumer,Medium,33.064,5,0.2,0.2,2,1,0
CA-2020-101161,BW-11110,2020-10-13,US,East,United States,Corporate,Medium,279.67,18,0.0,0.0,5,2,0
CA-2020-145583,LC-16885,2020-10-13,US,West,United States,Consumer,Medium,256.196,33,0.0285714285714285,0.2,7,2,1
CA-2020-154018,HA-14920,2020-10-13,US,Central,United States,Consumer,Medium,362.342,18,0.4,0.8,5,3,0
US-2020-100839,NC-18625,2020-10-13,US,West,United States,Corporate,Medium,752.4100000000001,8,0.35,0.5,2,1,0
CA-2020-113607,PW-19030,2020-10-14,US,East,United States,Corporate,Medium,1203.89,9,0.0,0.0,2,2,0
CA-2020-125220,BE-11410,2020-10-14,US,Central,United States,Consumer,Medium,1649.75,5,0.0,0.0,1,1,0
CA-2020-156503,NC-18415,2020-10-14,US,South,United States,Consumer,Medium,305.24800000000005,12,0.2,0.2,6,3,0
US-2020-108098,CP-12340,2020-10-14,US,West,United States,Corporate,Medium,177.0,3,0.0,0.0,1,1,0
CA-2020-124352,CD-12790,2020-10-15,US,Central,United States,Home Office,Medium,1058.27,23,0.0,0.0,6,2,0
CA-2020-125738,PB-18805,2020-10-15,US,West,United States,Home Office,Medium,219.12,24,0.05,0.2,4,1,0
CA-2020-142097,QJ-19255,2020-10-15,US,South,United States,Corporate,Medium,342.76,16,0.0,0.0,3,1,0
CA-2020-132066,NB-18655,2020-10-16,US,East,United States,Corporate,Medium,142.182,1,0.4,0.4,1,1,0
CA-2020-141586,NK-18490,2020-10-17,US,West,United States,Home Office,Medium,18.16,5,0.2,0.2,1,1,0
CA-2020-147256,FC-14245,2020-10-17,US,Central,United States,Home Office,Medium,2377.5600000000004,10,0.0,0.0,2,2,0
CA-2020-152688,NR-18550,2020-10-17,US,East,United States,Consumer,Medium,436.96,2,0.0,0.0,2,2,0
CA-2020-163972,MG-17890,2020-10-17,US,West,United States,Home Office,Medium,120.666,2,0.15,0.15,1,1,0
US-2020-159856,EP-13915,2020-10-18,US,West,United States,Consumer,Medium,307.92,5,0.2,0.2,1,1,0
CA-2020-105753,LC-16960,2020-10-20,US,South,United States,Home Office,Medium,61.1,5,0.0,0.0,1,1,0
CA-2020-106341,LF-17185,2020-10-20,US,East,United States,Consumer,Medium,7.151999999999999,3,0.2,0.2,1,1,0
CA-2020-133697,CM-12445,2020-10-20,US,Central,United States,Consumer,Medium,132.95000000000002,12,0.2333333333333333,0.3,3,2,0
CA-2020-139549,MY-18295,2020-10-20,US,West,United States,Corporate,Medium,387.136,4,0.2,0.2,1,1,0
CA-2020-160220,JS-16030,2020-10-20,US,Central,United States,Consumer,Medium,338.54,15,0.0,0.0,3,2,0
CA-2020-168921,AG-10495,2020-10-20,US,West,United States,Corporate,Medium,19.296,3,0.2,0.2,1,1,1
CA-2020-111493,CM-12160,2020-10-21,US,East,United States,Consumer,Medium,98.16,6,0.0,0.0,1,1,0
CA-2020-112340,NM-18520,2020-10-21,US,West,United States,Consumer,Medium,22.92,3,0.0,0.0,1,1,1
CA-2020-125080,VW-21775,2020-10-21,US,East,United States,Corporate,Medium,661.176,2,0.4,0.4,1,1,0
CA-2020-133669,SV-20935,2020-10-21,US,East,United States,Consumer,Medium,235.152,8,0.4,0.4,1,1,0
CA-2020-136322,AP-10720,2020-10-21,US,South,United States,Home Office,Medium,74.32000000000001,10,0.4499999999999999,0.7,2,2,0
CA-2020-138478,DP-13390,2020-10-21,US,West,United States,Home Office,Medium,4685.076000000001,12,0.0666666666666666,0.2,3,1,0
CA-2020-144729,JE-15745,2020-10-21,US,West,United States,Consumer,Medium,154.44,3,0.0,0.0,1,1,0
CA-2020-151169,MY-18295,2020-10-21,US,East,United States,Corporate,Medium,7.92,4,0.0,0.0,1,1,0
CA-2020-155516,MK-17905,2020-10-21,US,East,United States,Corporate,Medium,1179.27,17,0.0,0.0,4,2,0
CA-2020-161746,CS-11950,2020-10-21,US,West,United States,Consumer,Medium,615.4060000000001,11,0.05,0.2,4,2,1
CA-2020-166373,JF-15565,2020-10-21,US,Central,United States,Consumer,Medium,106.08,6,0.2,0.2,1,1,0
CA-2020-169334,GW-14605,2020-10-21,US,South,United States,Consumer,Medium,111.672,9,0.2,0.2,1,1,0
CA-2020-165148,PM-19135,2020-10-22,US,Central,United States,Home Office,Medium,31.4,5,0.0,0.0,1,1,0
CA-2020-169887,MS-17530,2020-10-22,US,West,United States,Consumer,Medium,116.96,7,0.0,0.0,3,2,0
US-2020-116400,EB-13930,2020-10-22,US,South,United States,Consumer,Medium,39.92,4,0.0,0.0,1,1,0
CA-2020-132661,SR-20740,2020-10-23,US,East,United States,Home Office,Medium,379.4,10,0.0,0.0,1,1,0
CA-2020-151323,AB-10255,2020-10-23,US,West,United States,Home Office,Medium,17.05,5,0.0,0.0,1,1,1
CA-2020-165484,HK-14890,2020-10-23,US,Central,United States,Corporate,Medium,70.97200000000001,10,0.4,0.6,2,2,0
CA-2020-118311,ED-13885,2020-10-24,US,West,United States,Home Office,Medium,450.0,5,0.0,0.0,1,1,1
CA-2020-121020,CG-12040,2020-10-24,US,South,United States,Home Office,Medium,239.976,3,0.2,0.2,1,1,0
CA-2020-121748,VW-21775,2020-10-24,US,West,United States,Corporate,Medium,459.98,6,0.0,0.0,2,1,0
CA-2020-158925,JP-15460,2020-10-24,US,Central,United States,Corporate,Medium,15.552000000000003,3,0.2,0.2,1,1,0
CA-2020-166275,SS-20590,2020-10-24,US,West,United States,Consumer,Medium,199.99,1,0.0,0.0,1,1,1
CA-2020-153318,JS-15595,2020-10-25,US,South,United States,Corporate,Medium,783.9600000000002,5,0.2,0.2,1,1,0
CA-2020-116596,BW-11200,2020-10-27,US,East,United States,Consumer,Medium,511.522,25,0.075,0.2,4,2,0
CA-2020-120873,BW-11200,2020-10-27,US,South,United States,Consumer,Medium,290.98,1,0.0,0.0,1,1,1
CA-2020-152632,JE-15475,2020-10-27,US,East,United States,Consumer,Medium,40.2,3,0.0,0.0,1,1,0
CA-2020-156811,BP-11095,2020-10-27,US,West,United States,Corporate,Medium,68.952,7,0.1,0.2,2,1,0
US-2020-117387,PA-19060,2020-10-27,US,West,United States,Home Office,Medium,67.13600000000001,4,0.2,0.2,1,1,0
CA-2020-120369,VB-21745,2020-10-28,US,East,United States,Corporate,Medium,756.8000000000001,5,0.0,0.0,1,1,0
CA-2020-125815,DL-13330,2020-10-28,US,East,United States,Consumer,Medium,12.419999999999998,3,0.0,0.0,1,1,0
CA-2020-130162,JH-15910,2020-10-28,US,West,United States,Consumer,Medium,395.436,9,0.1,0.2,2,2,0
CA-2020-134775,AS-10285,2020-10-28,US,West,United States,Corporate,Medium,100.496,10,0.1,0.2,2,1,1
CA-2020-140641,EP-13915,2020-10-28,US,South,United States,Consumer,Medium,38.19000000000001,5,0.7,0.7,1,1,0
CA-2020-142545,JD-15895,2020-10-28,US,East,United States,Corporate,Medium,1263.67,21,0.0,0.0,5,2,0
CA-2020-144344,PG-18820,2020-10-28,US,South,United States,Consumer,Medium,314.39300000000003,13,0.325,0.7,4,2,0
US-2020-144393,SM-20950,2020-10-28,US,South,United States,Corporate,Medium,17.616000000000003,4,0.7,0.7,1,1,0
CA-2020-112389,JM-15655,2020-10-29,US,East,United States,Corporate,Medium,52.41,6,0.0,0.0,2,1,0
CA-2020-146682,KW-16435,2020-10-29,US,Central,United States,Consumer,Medium,67.0,5,0.0,0.0,1,1,0
US-2020-131912,LH-17155,2020-10-29,US,West,United States,Consumer,Medium,11.744,1,0.2,0.2,1,1,0
CA-2020-105291,SP-20920,2020-10-30,US,West,United States,Consumer,Medium,3.62,2,0.0,0.0,1,1,1
CA-2020-153836,EH-13765,2020-10-30,US,East,United States,Corporate,Medium,143.702,8,0.1,0.2,2,1,0
CA-2020-167290,JF-15295,2020-10-30,US,Central,United States,Consumer,Medium,11.68,2,0.0,0.0,1,1,0
CA-2020-119165,BD-11320,2020-10-31,US,East,United States,Consumer,Medium,492.835,5,0.3,0.3,1,1,0
CA-2020-140130,HW-14935,2020-10-31,US,Central,United States,Corporate,Medium,736.26,11,0.0,0.0,4,2,0
CA-2020-144218,JD-15895,2020-10-31,US,West,United States,Corporate,Medium,1085.42,7,0.0,0.0,1,1,0
CA-2020-146913,SF-20965,2020-10-31,US,West,United States,Corporate,Medium,1403.9200000000003,5,0.2,0.2,1,1,0
US-2020-142251,FO-14305,2020-10-31,US,South,United States,Consumer,Medium,32.064,6,0.2,0.2,1,1,0
CA-2020-100671,CS-12490,2020-11-01,US,Central,United States,Corporate,Medium,111.672,9,0.2,0.2,1,1,0
CA-2020-129196,XP-21865,2020-11-01,US,Central,United States,Consumer,Medium,68.112,3,0.2,0.2,1,1,0
CA-2020-159212,KM-16375,2020-11-01,US,South,United States,Home Office,Medium,273.59000000000003,5,0.0,0.0,2,2,1
CA-2020-109365,XP-21865,2020-11-03,US,West,United States,Consumer,Medium,561.73,32,0.0571428571428571,0.2,7,1,0
CA-2020-114972,PF-19225,2020-11-03,US,West,United States,Consumer,Medium,1489.7240000000002,18,0.05,0.2,4,3,0
CA-2020-127250,SF-20200,2020-11-03,US,West,United States,Consumer,Medium,8.82,3,0.0,0.0,1,1,0
CA-2020-128867,CL-12565,2020-11-03,US,Central,United States,Consumer,Medium,103.2,8,0.0,0.0,2,1,0
CA-2020-134180,JP-16135,2020-11-03,US,East,United States,Home Office,Medium,542.155,8,0.25,0.3,2,2,0
CA-2020-159023,NW-18400,2020-11-03,US,West,United States,Consumer,Medium,184.14900000000003,10,0.7,0.7,2,2,1
CA-2020-160136,PJ-18835,2020-11-03,US,Central,United States,Corporate,Medium,9.248,2,0.2,0.2,1,1,0
CA-2020-168893,AP-10915,2020-11-03,US,South,United States,Consumer,Medium,903.77,16,0.0,0.0,5,2,0
CA-2020-119018,CW-11905,2020-11-04,US,West,United States,Home Office,Medium,50.768,9,0.1333333333333333,0.2,3,1,0
CA-2020-143308,RC-19825,2020-11-04,US,South,United States,Consumer,Medium,10.74,3,0.0,0.0,1,1,0
CA-2020-146766,TT-21220,2020-11-04,US,West,United States,Consumer,Medium,192.8,4,0.0,0.0,1,1,0
CA-2020-158260,CC-12475,2020-11-04,US,West,United States,Consumer,Medium,686.4000000000001,2,0.2,0.2,1,1,0
CA-2020-162236,ER-13855,2020-11-04,US,South,United States,Corporate,Medium,1106.924,14,0.2666666666666666,0.4,3,2,0
CA-2020-163328,TP-21565,2020-11-04,US,West,United States,Corporate,Medium,1465.0320000000002,23,0.2,0.2,6,2,0
CA-2020-163755,AS-10285,2020-11-04,US,West,United States,Corporate,Medium,209.88,3,0.0,0.0,1,1,0
CA-2020-165827,MF-17665,2020-11-04,US,South,United States,Corporate,Medium,50.496,6,0.2,0.2,1,1,0
CA-2020-166443,LH-17020,2020-11-04,US,West,United States,Consumer,Medium,38.29,7,0.0,0.0,1,1,0
US-2020-111563,SM-20005,2020-11-04,US,Central,United States,Consumer,Medium,77.48800000000001,7,0.6,0.6,2,1,0
CA-2020-125094,NP-18700,2020-11-05,US,West,United States,Consumer,Medium,479.72,4,0.0,0.0,1,1,0
CA-2020-140207,CS-12400,2020-11-05,US,West,United States,Home Office,Medium,29.120000000000005,5,0.2,0.2,1,1,0
CA-2020-143441,EB-14170,2020-11-05,US,Central,United States,Consumer,Medium,11.840000000000002,1,0.2,0.2,1,1,0
CA-2020-144092,LH-17155,2020-11-05,US,West,United States,Consumer,Medium,344.01800000000003,9,0.0666666666666666,0.2,3,3,0
CA-2020-148908,JH-15985,2020-11-05,US,West,United States,Consumer,Medium,53.248000000000005,2,0.2,0.2,1,1,0
CA-2020-157280,LW-17125,2020-11-05,US,South,United States,Consumer,Medium,1120.73,10,0.0,0.0,3,2,1
US-2020-106677,AS-10285,2020-11-05,US,East,United States,Corporate,Medium,23.988,2,0.4,0.4,1,1,0
US-2020-131611,EP-13915,2020-11-05,US,Central,United States,Consumer,Medium,2007.9048,26,0.484,0.8,5,3,0
US-2020-165078,MA-17995,2020-11-05,US,Central,United States,Home Office,Medium,196.33,12,0.0,0.0,3,1,0
CA-2020-109925,IM-15070,2020-11-06,US,West,United States,Consumer,Medium,84.84,3,0.0,0.0,1,1,0
US-2020-125969,LS-16975,2020-11-06,US,West,United States,Home Office,Medium,319.98400000000004,5,0.1,0.2,2,1,0
US-2020-153815,KL-16555,2020-11-06,US,South,United States,Corporate,Medium,368.432,8,0.2,0.2,4,2,0
CA-2020-113817,MJ-17740,2020-11-07,US,West,United States,Consumer,Medium,27.680000000000003,2,0.2,0.2,1,1,0
CA-2020-116337,MC-17845,2020-11-07,US,Central,United States,Consumer,Medium,358.548,8,0.4,0.6,2,2,0
CA-2020-116379,LD-17005,2020-11-07,US,West,United States,Consumer,Medium,57.584,2,0.2,0.2,1,1,0
CA-2020-132997,LW-17215,2020-11-07,US,East,United States,Consumer,Medium,1030.494,14,0.04,0.2,5,2,0
CA-2020-144554,DM-13345,2020-11-07,US,East,United States,Corporate,Medium,119.976,3,0.2,0.2,1,1,0
CA-2020-147585,CB-12535,2020-11-07,US,West,United States,Corporate,Medium,14.82,3,0.0,0.0,1,1,0
CA-2020-152247,MA-17995,2020-11-07,US,West,United States,Home Office,Medium,1603.1360000000002,4,0.2,0.2,1,1,0
CA-2020-161669,EM-14095,2020-11-07,US,West,United States,Corporate,Medium,90.396,12,0.1,0.2,4,1,0
CA-2020-164896,PS-19045,2020-11-07,US,West,United States,Home Office,Medium,12.9,2,0.0,0.0,1,1,0
CA-2020-168830,ML-17395,2020-11-07,US,West,United States,Corporate,Medium,479.97,3,0.0,0.0,1,1,0
US-2020-139388,CC-12475,2020-11-07,US,East,United States,Consumer,Medium,14.96,4,0.0,0.0,1,1,0
CA-2020-152156,CG-12520,2020-11-08,US,South,United States,Consumer,Medium,993.9,5,0.0,0.0,2,1,0
CA-2020-138233,PF-19165,2020-11-09,US,West,United States,Consumer,Medium,479.97,3,0.0,0.0,1,1,0
CA-2020-105494,PC-18745,2020-11-10,US,West,United States,Corporate,Medium,225.82800000000003,10,0.1,0.2,2,1,0
CA-2020-115588,AF-10885,2020-11-10,US,East,United States,Consumer,Medium,53.696,8,0.2,0.2,2,1,0
CA-2020-119935,KM-16225,2020-11-10,US,Central,United States,Corporate,Medium,119.26,4,0.0,0.0,2,2,0
CA-2020-125164,SH-19975,2020-11-10,US,East,United States,Corporate,Medium,70.21600000000001,4,0.2,0.2,2,1,0
CA-2020-127761,SW-20275,2020-11-10,US,East,United States,Consumer,Medium,885.5699999999999,8,0.1,0.2,2,2,0
CA-2020-137736,DC-13285,2020-11-10,US,South,United States,Consumer,Medium,41.86,7,0.0,0.0,1,1,0
CA-2020-140935,AB-10015,2020-11-10,US,Central,United States,Consumer,Medium,563.9399999999999,4,0.0,0.0,2,2,0
CA-2020-145177,PP-18955,2020-11-10,US,East,United States,Home Office,Medium,899.59,42,0.2777777777777778,0.7,9,3,0
CA-2020-152940,RO-19780,2020-11-10,US,West,United States,Consumer,Medium,29.74,1,0.0,0.0,1,1,0
CA-2020-158694,AI-10855,2020-11-10,US,West,United States,Consumer,Medium,1467.134,33,0.0285714285714285,0.2,7,2,0
CA-2020-162348,BF-11170,2020-11-10,US,West,United States,Home Office,Medium,9.98,1,0.0,0.0,1,1,0
CA-2020-163384,CC-12430,2020-11-10,US,West,United States,Home Office,Medium,45.61600000000001,9,0.1,0.2,2,1,0
US-2020-136581,SV-20365,2020-11-10,US,East,United States,Consumer,Medium,31.104000000000006,6,0.2,0.2,1,1,0
US-2020-144547,MS-17770,2020-11-10,US,Central,United States,Consumer,Medium,279.944,7,0.2,0.2,1,1,0
CA-2020-103128,SC-20845,2020-11-11,US,Central,United States,Consumer,Medium,14.111999999999998,6,0.2,0.2,1,1,0
CA-2020-116722,LP-17080,2020-11-11,US,West,United States,Consumer,Medium,524.616,16,0.1333333333333333,0.2,3,2,0
CA-2020-124506,BB-11545,2020-11-11,US,Central,United States,Corporate,Medium,143.96,6,0.25,0.3,2,2,0
CA-2020-124667,BD-11770,2020-11-11,US,East,United States,Consumer,Medium,143.32999999999998,4,0.0,0.0,2,2,0
CA-2020-130799,BK-11260,2020-11-11,US,West,United States,Consumer,Medium,6.96,4,0.0,0.0,1,1,0
CA-2020-131968,LB-16795,2020-11-11,US,South,United States,Home Office,Medium,681.4320000000001,5,0.4499999999999999,0.7,2,1,0
CA-2020-139878,LD-17005,2020-11-11,US,Central,United States,Consumer,Medium,257.98,2,0.0,0.0,1,1,0
CA-2020-145548,EB-13750,2020-11-11,US,East,United States,Corporate,Medium,492.966,17,0.0833333333333333,0.2,6,3,0
US-2020-164196,AS-10285,2020-11-11,US,Central,United States,Corporate,Medium,2678.94,6,0.0,0.0,1,1,0
CA-2020-124590,SP-20920,2020-11-12,US,East,United States,Consumer,Medium,3588.096,26,0.26,0.3,5,2,0
CA-2020-134348,MS-17710,2020-11-12,US,West,United States,Consumer,Medium,42.622,14,0.5333333333333333,0.7,3,2,0
CA-2020-149349,SP-20650,2020-11-12,US,Central,United States,Corporate,Medium,22.752,6,0.6,0.6,1,1,0
CA-2020-152170,FH-14275,2020-11-12,US,Central,United States,Corporate,Medium,383.14,21,0.0,0.0,5,1,0
CA-2020-164399,DW-13480,2020-11-12,US,West,United States,Home Office,Medium,878.3280000000001,6,0.2,0.2,2,2,0
CA-2020-101336,CK-12760,2020-11-13,US,East,United States,Corporate,Medium,279.81,15,0.0,0.0,4,1,0
CA-2020-118570,CC-12430,2020-11-13,US,East,United States,Home Office,Medium,217.056,7,0.2,0.2,1,1,0
CA-2020-121958,CS-12505,2020-11-13,US,South,United States,Consumer,Medium,52.136,7,0.2,0.2,1,1,0
CA-2020-128972,TS-21430,2020-11-13,US,Central,United States,Corporate,Medium,30.36,4,0.0,0.0,1,1,0
CA-2020-147683,PO-19180,2020-11-13,US,West,United States,Home Office,Medium,19.54,2,0.0,0.0,1,1,0
CA-2020-149461,AS-10135,2020-11-13,US,West,United States,Home Office,Medium,4.18,1,0.0,0.0,1,1,0
CA-2020-155488,FM-14290,2020-11-13,US,West,United States,Home Office,Medium,44.02,2,0.0,0.0,1,1,0
US-2020-113677,CM-12655,2020-11-13,US,East,United States,Home Office,Medium,2294.9,7,0.0,0.0,2,2,0
US-2020-162103,LB-16795,2020-11-13,US,Central,United States,Home Office,Medium,3.1359999999999992,2,0.8,0.8,1,1,0
CA-2020-118759,MB-17305,2020-11-14,US,East,United States,Consumer,Medium,448.446,5,0.05,0.1,2,2,0
CA-2020-121370,EB-14110,2020-11-14,US,East,United States,Consumer,Medium,1628.61,10,0.3,0.4,3,2,0
CA-2020-131065,AA-10375,2020-11-14,US,South,United States,Consumer,Medium,513.52,5,0.0,0.0,3,2,0
CA-2020-134691,KC-16540,2020-11-14,US,Central,United States,Consumer,Medium,2.296,2,0.8,0.8,1,1,0
CA-2020-149482,RR-19315,2020-11-14,US,West,United States,Consumer,Medium,7.38,2,0.0,0.0,1,1,0
CA-2020-166618,DP-13000,2020-11-14,US,East,United States,Consumer,Medium,37.63,3,0.0,0.0,2,2,0
US-2020-112970,TB-21250,2020-11-14,US,West,United States,Consumer,Medium,9.84,3,0.0,0.0,1,1,0
US-2020-117541,JM-16195,2020-11-14,US,East,United States,Consumer,Medium,36.370000000000005,9,0.0,0.0,2,2,0
US-2020-144351,RC-19960,2020-11-14,US,East,United States,Consumer,Medium,89.97,3,0.0,0.0,1,1,0
CA-2020-105963,SC-20770,2020-11-15,US,West,United States,Corporate,Medium,99.39,3,0.0,0.0,1,1,0
CA-2020-130820,ON-18715,2020-11-15,US,South,United States,Corporate,Medium,630.024,4,0.4,0.4,1,1,0
CA-2020-146633,TG-21310,2020-11-15,US,West,United States,Consumer,Medium,1054.928,8,0.2,0.2,2,1,0
CA-2020-148740,AH-10690,2020-11-15,US,West,United States,Corporate,Medium,361.376,2,0.2,0.2,1,1,0
CA-2020-124527,IM-15055,2020-11-16,US,West,United States,Consumer,Medium,8.32,5,0.2,0.2,1,1,1
CA-2020-154508,RD-19900,2020-11-16,US,West,United States,Consumer,Medium,28.4,5,0.0,0.0,1,1,0
CA-2020-118500,HJ-14875,2020-11-17,US,West,United States,Home Office,Medium,49.5,5,0.0,0.0,1,1,1
CA-2020-134110,BG-11035,2020-11-17,US,Central,United States,Consumer,Medium,82.408,7,0.2,0.2,2,2,0
CA-2020-150658,MS-17365,2020-11-17,US,West,United States,Consumer,Medium,10.776000000000002,3,0.2,0.2,1,1,0
CA-2020-103464,PG-18820,2020-11-18,US,West,United States,Consumer,Medium,595.0,5,0.0,0.0,1,1,0
CA-2020-108630,BE-11410,2020-11-18,US,West,United States,Consumer,Medium,61.120000000000005,5,0.2,0.2,1,1,0
CA-2020-115378,AJ-10945,2020-11-18,US,Central,United States,Consumer,Medium,301.96,2,0.0,0.0,1,1,0
CA-2020-119963,SN-20710,2020-11-18,US,Central,United States,Home Office,Medium,329.97200000000004,12,0.225,0.3,4,2,0
CA-2020-136812,AW-10930,2020-11-18,US,Central,United States,Home Office,Medium,1117.92,4,0.0,0.0,1,1,0
CA-2020-158575,SB-20290,2020-11-18,US,East,United States,Corporate,Medium,103.968,6,0.2,0.2,1,1,0
CA-2020-166226,TC-21535,2020-11-18,US,West,United States,Home Office,Medium,129.032,2,0.1,0.2,2,2,0
US-2020-138408,KC-16255,2020-11-18,US,South,United States,Corporate,Medium,1319.96,4,0.0,0.0,1,1,0
CA-2020-111143,TT-21265,2020-11-19,US,Central,United States,Corporate,Medium,54.96,3,0.0,0.0,1,1,0
CA-2020-113138,NP-18685,2020-11-19,US,East,United States,Home Office,Medium,34.992000000000004,9,0.1,0.2,2,1,0
CA-2020-126858,JM-15265,2020-11-19,US,West,United States,Corporate,Medium,31.96,2,0.0,0.0,1,1,0
CA-2020-130778,ND-18370,2020-11-19,US,East,United States,Consumer,Medium,53.49,7,0.0,0.0,2,1,0
CA-2020-157364,LT-17110,2020-11-19,US,South,United States,Consumer,Medium,18.48,2,0.2,0.2,1,1,0
CA-2020-164511,DJ-13630,2020-11-19,US,East,United States,Consumer,Medium,147.91199999999998,9,0.0666666666666666,0.2,3,1,0
US-2020-110156,EH-13945,2020-11-19,US,Central,United States,Consumer,Medium,296.668,37,0.4,0.8,8,3,0
CA-2020-100041,BF-10975,2020-11-20,US,Central,United States,Corporate,Medium,328.54,6,0.0,0.0,3,1,0
CA-2020-107790,EH-13990,2020-11-20,US,Central,United States,Consumer,Medium,151.192,1,0.2,0.2,1,1,0
CA-2020-109820,AG-10390,2020-11-20,US,East,United States,Consumer,Medium,32.751000000000005,8,0.5333333333333333,0.7,3,1,0
CA-2020-110772,NZ-18565,2020-11-20,US,East,United States,Home Office,Medium,380.5460000000001,20,0.275,0.5,4,3,0
CA-2020-113845,FA-14230,2020-11-20,US,South,United States,Corporate,Medium,574.056,11,0.2,0.2,3,3,0
CA-2020-114104,NP-18670,2020-11-20,US,Central,United States,Consumer,Medium,959.55,9,0.0,0.0,2,2,0
CA-2020-121356,SJ-20500,2020-11-20,US,East,United States,Consumer,Medium,128.39999999999998,3,0.0,0.0,1,1,0
CA-2020-142615,BM-11575,2020-11-20,US,West,United States,Corporate,Medium,27.88,2,0.0,0.0,1,1,0
CA-2020-145492,MC-17605,2020-11-20,US,West,United States,Corporate,Medium,39.0,12,0.0,0.0,1,1,1
US-2020-127971,DW-13195,2020-11-20,US,Central,United States,Corporate,Medium,448.418,15,0.3666666666666667,0.6,3,2,0
CA-2020-113425,JK-16120,2020-11-21,US,East,United States,Home Office,Medium,113.568,2,0.2,0.2,1,1,0
CA-2020-114482,DM-13345,2020-11-21,US,Central,United States,Corporate,Medium,445.3999999999999,10,0.0,0.0,2,2,0
CA-2020-114895,MV-18190,2020-11-21,US,East,United States,Consumer,Medium,12.96,2,0.0,0.0,1,1,0
CA-2020-140018,CK-12205,2020-11-21,US,East,United States,Consumer,Medium,235.851,13,0.3999999999999999,0.7,3,2,0
CA-2020-146157,RD-19720,2020-11-21,US,Central,United States,Consumer,Medium,141.57600000000002,6,0.2,0.2,3,2,0
CA-2020-152646,TH-21235,2020-11-21,US,West,United States,Corporate,Medium,32.400000000000006,5,0.0,0.0,1,1,0
US-2020-114293,JH-16180,2020-11-21,US,West,United States,Consumer,Medium,195.136,4,0.2,0.2,1,1,1
CA-2020-131576,RD-19585,2020-11-22,US,Central,United States,Consumer,Medium,49.44,3,0.0,0.0,1,1,0
CA-2020-154711,TB-21355,2020-11-22,US,East,United States,Corporate,Medium,72.892,9,0.0666666666666666,0.2,3,2,0
US-2020-132577,JE-15475,2020-11-22,US,Central,United States,Consumer,Medium,60.44,24,0.44,0.8,5,2,0
US-2020-164945,CA-12055,2020-11-22,US,East,United States,Home Office,Medium,134.27200000000002,8,0.2,0.2,1,1,0
CA-2020-160129,LS-17200,2020-11-23,US,East,United States,Corporate,Medium,100.616,14,0.2,0.2,3,2,0
CA-2020-100083,CD-11980,2020-11-24,US,West,United States,Consumer,Medium,24.784,1,0.2,0.2,1,1,0
CA-2020-100468,AT-10435,2020-11-24,US,West,United States,Home Office,Medium,43.46,4,0.1,0.2,2,2,0
CA-2020-105284,MG-17650,2020-11-24,US,East,United States,Home Office,Medium,4.416,3,0.2,0.2,1,1,0
CA-2020-113726,SC-20680,2020-11-24,US,West,United States,Home Office,Medium,82.26,3,0.0,0.0,1,1,0
CA-2020-123533,SC-20050,2020-11-24,US,South,United States,Home Office,Medium,392.8320000000001,11,0.2,0.2,3,2,0
CA-2020-123806,LA-16780,2020-11-24,US,East,United States,Corporate,Medium,207.76,4,0.0,0.0,1,1,0
CA-2020-124485,NC-18340,2020-11-24,US,East,United States,Consumer,Medium,123.656,11,0.05,0.2,4,2,0
CA-2020-125661,CA-12055,2020-11-24,US,East,United States,Home Office,Medium,180.71200000000005,8,0.2,0.2,2,2,0
CA-2020-128531,NS-18505,2020-11-24,US,Central,United States,Consumer,Medium,527.224,19,0.2,0.2,6,2,0
CA-2020-132731,GA-14515,2020-11-24,US,Central,United States,Consumer,Medium,657.5520000000001,6,0.2,0.2,1,1,0
CA-2020-163573,AC-10450,2020-11-24,US,West,United States,Consumer,Medium,1219.96,5,0.2,0.2,1,1,0
CA-2020-165561,CR-12580,2020-11-24,US,West,United States,Home Office,Medium,25.35,3,0.0,0.0,1,1,0
US-2020-163881,SP-20860,2020-11-24,US,West,United States,Corporate,Medium,2904.572,16,0.0666666666666666,0.2,3,2,0
CA-2020-108196,CS-12505,2020-11-25,US,East,United States,Consumer,Medium,5016.549000000001,10,0.5333333333333333,0.7,3,2,0
CA-2020-113341,MH-17455,2020-11-25,US,West,United States,Consumer,Medium,194.35200000000003,3,0.2,0.2,1,1,1
CA-2020-132549,JK-15370,2020-11-25,US,South,United States,Consumer,Medium,73.36,7,0.0,0.0,1,1,0
CA-2020-160535,BP-11050,2020-11-25,US,East,United States,Corporate,Medium,883.3199999999999,12,0.0,0.0,2,2,0
CA-2020-165470,HJ-14875,2020-11-25,US,South,United States,Home Office,Medium,5.08,1,0.2,0.2,1,1,0
CA-2020-169838,BB-11545,2020-11-25,US,Central,United States,Corporate,Medium,1745.91,18,0.0,0.0,3,3,0
US-2020-119298,EP-13915,2020-11-25,US,South,United States,Consumer,Medium,59.98,2,0.0,0.0,1,1,0
CA-2020-106915,GA-14515,2020-11-26,US,Central,United States,Consumer,Medium,17.856,4,0.2,0.2,1,1,0
CA-2020-107104,MS-17365,2020-11-26,US,West,United States,Consumer,Medium,4104.174,25,0.0375,0.15,4,2,0
CA-2020-129693,TC-20980,2020-11-26,US,West,United States,Corporate,Medium,7.312000000000001,2,0.2,0.2,1,1,0
CA-2020-130288,DK-13225,2020-11-26,US,East,United States,Corporate,Medium,313.176,2,0.4,0.4,1,1,0
CA-2020-133711,MC-17425,2020-11-26,US,South,United States,Corporate,Medium,3236.41,23,0.0,0.0,4,2,0
CA-2020-145135,CD-12790,2020-11-26,US,East,United States,Home Office,Medium,73.33,5,0.0,0.0,2,2,0
US-2020-126893,CT-11995,2020-11-26,US,East,United States,Consumer,Medium,494.982,3,0.4,0.4,1,1,0
US-2020-158288,EH-13945,2020-11-26,US,East,United States,Consumer,Medium,78.75900000000001,9,0.7,0.7,1,1,0
US-2020-158309,PA-19060,2020-11-26,US,South,United States,Home Office,Medium,3.7440000000000007,4,0.7,0.7,1,1,0
CA-2020-104276,HF-14995,2020-11-27,US,South,United States,Consumer,Medium,447.7830000000001,8,0.325,0.45,2,2,0
CA-2020-117583,CB-12025,2020-11-27,US,East,United States,Consumer,Medium,345.47,17,0.0,0.0,4,1,0
CA-2020-129686,GG-14650,2020-11-27,US,Central,United States,Corporate,Medium,160.384,8,0.2,0.2,2,2,0
CA-2020-144911,RW-19630,2020-11-27,US,Central,United States,Corporate,Medium,186.95,10,0.0,0.0,2,2,0
CA-2020-152121,CC-12670,2020-11-27,US,West,United States,Consumer,Medium,271.992,1,0.2,0.2,1,1,0
CA-2020-159639,PC-18745,2020-11-27,US,East,United States,Corporate,Medium,31.56,3,0.0,0.0,1,1,0
CA-2020-162313,VB-21745,2020-11-27,US,Central,United States,Corporate,Medium,167.292,6,0.1,0.1,1,1,0
US-2020-114230,CM-12235,2020-11-27,US,West,United States,Consumer,Medium,39.808,4,0.2,0.2,1,1,1
CA-2020-105018,SK-19990,2020-11-28,US,East,United States,Consumer,Medium,7.16,2,0.0,0.0,1,1,0
CA-2020-123617,AJ-10780,2020-11-28,US,South,United States,Corporate,Medium,7.434000000000001,6,0.7,0.7,1,1,0
CA-2020-127243,DS-13180,2020-11-28,US,East,United States,Corporate,Medium,740.0880000000001,22,0.36,0.7,5,3,0
CA-2020-163167,RF-19345,2020-11-28,US,South,United States,Corporate,Medium,2673.69,18,0.0,0.0,4,3,0
CA-2020-160241,DR-12940,2020-11-29,US,Central,United States,Home Office,Medium,242.17600000000004,4,0.6,0.6,1,1,0
US-2020-131674,NC-18535,2020-11-29,US,Central,United States,Corporate,Medium,58.416,2,0.2,0.2,1,1,0
CA-2020-156748,BS-11755,2020-11-30,US,Central,United States,Consumer,Medium,933.95,16,0.0,0.0,4,2,0
US-2020-134761,DB-13210,2020-11-30,US,South,United States,Consumer,Medium,36.192,1,0.2,0.2,1,1,0
CA-2020-104689,FH-14365,2020-12-01,US,West,United States,Corporate,Medium,23.04,8,0.0,0.0,1,1,1
CA-2020-113621,JE-15745,2020-12-01,US,East,United States,Consumer,Medium,352.47,5,0.0,0.0,2,2,0
CA-2020-127698,MV-18190,2020-12-01,US,South,United States,Consumer,Medium,863.928,9,0.2,0.2,1,1,0
CA-2020-129903,GZ-14470,2020-12-01,US,Central,United States,Consumer,Medium,23.92,4,0.0,0.0,1,1,0
CA-2020-130393,JM-15865,2020-12-01,US,Central,United States,Consumer,Medium,345.324,11,0.4666666666666666,0.8,3,2,0
CA-2020-136434,RD-19480,2020-12-01,US,Central,United States,Consumer,Medium,17.31,3,0.0,0.0,1,1,0
CA-2020-136483,AG-10390,2020-12-01,US,South,United States,Consumer,Medium,4.704,2,0.2,0.2,1,1,1
CA-2020-142594,EJ-14155,2020-12-01,US,East,United States,Consumer,Medium,1517.049,14,0.075,0.3,4,3,0
CA-2020-143805,JD-15895,2020-12-01,US,South,United States,Corporate,Medium,2145.2499999999995,12,0.0,0.0,2,1,0
CA-2020-157336,SJ-20500,2020-12-01,US,East,United States,Consumer,Medium,840.0,10,0.0,0.0,2,2,0
US-2020-150035,CL-11890,2020-12-01,US,West,United States,Consumer,Medium,16.74,2,0.0,0.0,1,1,0
US-2020-155768,LB-16795,2020-12-01,US,West,United States,Home Office,Medium,1215.72,9,0.0,0.0,4,2,0
CA-2020-105354,PW-19030,2020-12-02,US,Central,United States,Corporate,Medium,115.84,8,0.0,0.0,1,1,0
CA-2020-143154,AS-10225,2020-12-02,US,West,United States,Corporate,Medium,165.60000000000002,3,0.2,0.2,1,1,0
CA-2020-163804,DB-13270,2020-12-02,US,East,United States,Home Office,Medium,2781.77,16,0.0,0.0,3,3,0
CA-2020-164770,MY-18295,2020-12-02,US,Central,United States,Corporate,Medium,812.68,19,0.26,0.32,2,2,0
US-2020-108455,MK-18160,2020-12-02,US,West,United States,Consumer,Medium,100.25,14,0.0,0.0,3,1,1
US-2020-113985,KD-16495,2020-12-02,US,West,United States,Corporate,Medium,203.108,11,0.1,0.2,4,2,0
US-2020-155103,JF-15190,2020-12-02,US,East,United States,Consumer,Medium,505.36800000000005,7,0.1333333333333333,0.2,3,1,0
CA-2020-122063,MM-17920,2020-12-03,US,Central,United States,Consumer,Medium,611.94,3,0.0,0.0,2,1,0
CA-2020-149762,RD-19720,2020-12-03,US,West,United States,Consumer,Medium,545.01,16,0.0875,0.2,4,2,0
CA-2020-153598,NM-18520,2020-12-03,US,West,United States,Consumer,Medium,1761.85,11,0.0,0.0,2,2,0
CA-2020-161025,GM-14440,2020-12-03,US,West,United States,Consumer,Medium,772.68,4,0.0,0.0,1,1,0
US-2020-150861,EG-13900,2020-12-03,US,East,United States,Consumer,Medium,1165.328,18,0.1,0.4,5,2,0
US-2020-161683,CJ-12010,2020-12-03,US,East,United States,Consumer,Medium,413.008,8,0.4499999999999999,0.7,2,1,0
CA-2020-105277,LM-17065,2020-12-04,US,East,United States,Consumer,Medium,15.528,3,0.2,0.2,1,1,0
CA-2020-112060,KT-16465,2020-12-04,US,West,United States,Consumer,Medium,104.85,1,0.0,0.0,1,1,0
CA-2020-126004,BM-11140,2020-12-04,US,East,United States,Consumer,Medium,611.028,14,0.0333333333333333,0.2,6,3,0
CA-2020-139885,EB-13840,2020-12-04,US,East,United States,Corporate,Medium,212.88,6,0.0,0.0,1,1,0
CA-2020-108434,JG-15160,2020-12-05,US,East,United States,Consumer,Medium,465.18,3,0.0,0.0,1,1,0
CA-2020-109722,TP-21130,2020-12-05,US,South,United States,Consumer,Medium,1284.8000000000002,11,0.0,0.0,2,2,0
CA-2020-114489,JE-16165,2020-12-05,US,Central,United States,Corporate,Medium,2657.81,27,0.0,0.0,4,3,0
CA-2020-124772,JG-15160,2020-12-05,US,South,United States,Consumer,Medium,191.82,3,0.0,0.0,1,1,0
CA-2020-140564,TC-21475,2020-12-05,US,East,United States,Home Office,Medium,33.92,8,0.0,0.0,1,1,0
CA-2020-143749,AG-10300,2020-12-05,US,East,United States,Corporate,Medium,81.94,1,0.0,0.0,1,1,0
CA-2020-145009,RF-19345,2020-12-05,US,Central,United States,Corporate,Medium,11.952000000000002,3,0.2,0.2,1,1,0
CA-2020-146374,HE-14800,2020-12-05,US,East,United States,Corporate,Medium,128.07,9,0.0,0.0,3,2,0
CA-2020-161389,IM-15070,2020-12-05,US,West,United States,Consumer,Medium,407.97600000000006,3,0.2,0.2,1,1,0
CA-2020-163636,MP-18175,2020-12-05,US,Central,United States,Home Office,Medium,3.536,2,0.2,0.2,1,1,0
CA-2020-162390,DP-13105,2020-12-06,US,East,United States,Corporate,Medium,1671.0800000000002,22,0.2,0.2,3,2,0
US-2020-103674,AP-10720,2020-12-06,US,West,United States,Home Office,Medium,1018.302,41,0.1142857142857143,0.2,7,2,0
US-2020-114776,GG-14650,2020-12-06,US,West,United States,Corporate,Medium,19.44,3,0.0,0.0,1,1,0
US-2020-169040,GT-14710,2020-12-06,US,West,United States,Consumer,Medium,1169.4540000000002,27,0.1142857142857143,0.2,7,2,0
CA-2020-113733,LH-16900,2020-12-08,US,South,United States,Consumer,Medium,334.25600000000003,8,0.2,0.2,3,1,0
CA-2020-115224,DB-13615,2020-12-08,US,West,United States,Consumer,Medium,386.43,5,0.0,0.0,2,1,0
CA-2020-117590,GH-14485,2020-12-08,US,Central,United States,Corporate,Medium,1288.4640000000004,12,0.4,0.6,2,2,0
CA-2020-124562,JP-16135,2020-12-08,US,East,United States,Home Office,Medium,12.957,7,0.7,0.7,1,1,0
CA-2020-131289,SP-20620,2020-12-08,US,West,United States,Corporate,Medium,1475.5840000000003,15,0.0666666666666666,0.2,3,2,0
CA-2020-134425,QJ-19255,2020-12-08,US,Central,United States,Corporate,Medium,114.95,5,0.0,0.0,1,1,0
CA-2020-158302,JB-16045,2020-12-08,US,East,United States,Home Office,Medium,10.584,3,0.2,0.2,1,1,0
CA-2020-160108,AG-10900,2020-12-08,US,Central,United States,Consumer,Medium,1085.87,10,0.0,0.0,2,1,0
CA-2020-102092,PM-18940,2020-12-09,US,South,United States,Consumer,Medium,1056.86,7,0.0,0.0,1,1,0
CA-2020-128923,GB-14530,2020-12-09,US,Central,United States,Corporate,Medium,18.72,3,0.2,0.2,2,1,0
CA-2020-133340,LH-17155,2020-12-09,US,Central,United States,Consumer,Medium,132.809,4,0.0333333333333333,0.1,3,2,0
CA-2020-137330,KB-16585,2020-12-09,US,Central,United States,Corporate,Medium,79.8,14,0.0,0.0,2,1,0
CA-2020-141082,FM-14380,2020-12-09,US,East,United States,Consumer,Medium,125.81,5,0.0,0.0,2,1,0
CA-2020-149503,SP-20650,2020-12-09,US,West,United States,Corporate,Medium,273.92,8,0.2,0.2,1,1,0
CA-2020-159989,EB-13870,2020-12-09,US,South,United States,Consumer,Medium,40.68,3,0.2,0.2,1,1,0
US-2020-131114,RW-19630,2020-12-09,US,Central,United States,Corporate,Medium,43.964000000000006,9,0.4000000000000001,0.8,3,2,0
US-2020-161844,DK-12835,2020-12-09,US,South,United States,Corporate,Medium,82.91999999999999,5,0.55,0.7,2,2,0
CA-2020-100587,SL-20155,2020-12-10,US,East,United States,Home Office,Medium,6.48,1,0.0,0.0,1,1,0
CA-2020-127194,BW-11110,2020-12-10,US,East,United States,Corporate,Medium,62.82000000000001,9,0.0,0.0,1,1,0
CA-2020-128412,AP-10915,2020-12-10,US,West,United States,Consumer,Medium,422.662,18,0.04,0.2,5,2,0
CA-2020-144309,CM-12235,2020-12-10,US,East,United States,Consumer,Medium,698.5,7,0.1,0.2,2,1,0
CA-2020-146941,DL-13315,2020-12-10,US,East,United States,Consumer,Medium,442.5,10,0.0,0.0,2,1,0
CA-2020-147123,SJ-20125,2020-12-10,US,West,United States,Home Office,Medium,80.28,12,0.0,0.0,1,1,0
CA-2020-154739,LH-17155,2020-12-10,US,West,United States,Consumer,Medium,321.568,2,0.2,0.2,1,1,0
US-2020-143448,MH-17455,2020-12-10,US,Central,United States,Consumer,Medium,1424.9,5,0.0,0.0,1,1,0
CA-2020-105816,JM-15265,2020-12-11,US,East,United States,Corporate,Medium,1045.21,12,0.0,0.0,2,2,0
CA-2020-143609,DB-13270,2020-12-11,US,West,United States,Home Office,Medium,403.92,5,0.2,0.2,1,1,0
CA-2020-160745,AR-10825,2020-12-11,US,West,United States,Corporate,Medium,633.1759999999999,11,0.0666666666666666,0.2,3,2,0
CA-2020-162187,NS-18640,2020-12-11,US,East,United States,Corporate,Medium,1252.636,19,0.26,0.4,5,2,0
CA-2020-165330,WB-21850,2020-12-11,US,West,United States,Consumer,Medium,1937.924,43,0.1090909090909091,0.2,11,3,1
US-2020-132857,CA-12775,2020-12-11,US,South,United States,Consumer,Medium,6.671999999999999,3,0.2,0.2,1,1,0
US-2020-135720,FM-14380,2020-12-11,US,West,United States,Consumer,Medium,663.952,12,0.2,0.2,3,2,1
US-2020-148803,LR-16915,2020-12-11,US,South,United States,Consumer,Medium,85.224,3,0.2,0.2,1,1,0
US-2020-151260,SC-20695,2020-12-11,US,East,United States,Corporate,Medium,73.536,4,0.2,0.2,1,1,0
CA-2020-136686,RF-19840,2020-12-12,US,West,United States,Consumer,Medium,440.16,9,0.0,0.0,2,2,0
CA-2020-139395,MG-17650,2020-12-12,US,Central,United States,Home Office,Medium,732.17,18,0.0,0.0,4,3,0
CA-2020-169824,NS-18640,2020-12-12,US,East,United States,Corporate,Medium,107.07,16,0.0,0.0,3,2,0
US-2020-108777,JM-15655,2020-12-12,US,East,United States,Corporate,Medium,402.645,9,0.4499999999999999,0.7,2,2,0
US-2020-169369,EC-14050,2020-12-12,US,South,United States,Consumer,Medium,299.07,9,0.0,0.0,2,2,0
CA-2020-100153,KH-16630,2020-12-13,US,Central,United States,Corporate,Medium,63.88,4,0.0,0.0,1,1,0
CA-2020-102792,JC-15340,2020-12-13,US,West,United States,Consumer,Medium,9.84,3,0.0,0.0,1,1,0
CA-2020-142958,RW-19630,2020-12-13,US,West,United States,Corporate,Medium,1120.368,6,0.2,0.2,2,2,0
CA-2020-129126,PK-19075,2020-12-14,US,East,United States,Consumer,Medium,479.05,17,0.0333333333333333,0.2,6,2,0
CA-2020-146143,MC-17845,2020-12-14,US,South,United States,Consumer,Medium,133.38,6,0.0,0.0,1,1,0
CA-2020-146325,DS-13180,2020-12-14,US,West,United States,Corporate,Medium,216.224,12,0.1,0.2,2,2,0
CA-2020-100307,TC-21475,2020-12-15,US,South,United States,Home Office,Medium,19.44,3,0.0,0.0,1,1,0
CA-2020-113600,SH-20395,2020-12-15,US,East,United States,Consumer,Medium,2.2140000000000004,3,0.7,0.7,1,1,0
CA-2020-142335,MP-17965,2020-12-15,US,Central,United States,Corporate,Medium,1949.31,6,0.0,0.0,2,2,0
US-2020-116442,BP-11230,2020-12-15,US,West,United States,Consumer,Medium,14.76,2,0.0,0.0,1,1,0
US-2020-127334,MP-18175,2020-12-15,US,West,United States,Home Office,Medium,651.3629999999999,5,0.35,0.5,2,2,0
CA-2020-118332,PK-19075,2020-12-16,US,West,United States,Consumer,Medium,563.92,5,0.2,0.2,1,1,0
CA-2020-130442,SF-20065,2020-12-16,US,South,United States,Consumer,Medium,34.944,3,0.2,0.2,1,1,0
CA-2020-155446,TN-21040,2020-12-16,US,West,United States,Home Office,Medium,21.21,7,0.0,0.0,1,1,0
US-2020-100419,CC-12670,2020-12-16,US,Central,United States,Consumer,Medium,4.787999999999999,3,0.8,0.8,1,1,0
US-2020-104794,KD-16495,2020-12-16,US,East,United States,Corporate,Medium,3.68,2,0.0,0.0,1,1,0
CA-2020-117121,AB-10105,2020-12-17,US,Central,United States,Consumer,Medium,9892.74,13,0.0,0.0,1,1,0
CA-2020-131639,NS-18640,2020-12-17,US,West,United States,Corporate,Medium,24.904,3,0.2,0.2,2,1,0
CA-2020-147109,AH-10075,2020-12-17,US,Central,United States,Corporate,Medium,217.44000000000003,13,0.2,0.2,2,2,0
CA-2020-155383,SC-20680,2020-12-17,US,West,United States,Home Office,Medium,46.53,3,0.0,0.0,1,1,0
CA-2020-155530,CM-12160,2020-12-17,US,West,United States,Consumer,Medium,2003.52,6,0.2,0.2,1,1,0
CA-2020-101546,GK-14620,2020-12-18,US,East,United States,Corporate,Medium,1793.98,2,0.0,0.0,1,1,0
CA-2020-112697,AH-10195,2020-12-18,US,South,United States,Corporate,Medium,1410.0660000000005,14,0.3666666666666667,0.7,3,1,0
CA-2020-133795,JE-15475,2020-12-18,US,West,United States,Consumer,Medium,885.03,9,0.0,0.0,3,2,0
CA-2020-138597,PN-18775,2020-12-18,US,Central,United States,Home Office,Medium,563.9399999999999,3,0.0,0.0,1,1,0
CA-2020-139934,AY-10555,2020-12-18,US,West,United States,Corporate,Medium,66.97600000000001,7,0.2,0.2,1,1,0
CA-2020-145261,AH-10120,2020-12-18,US,West,United States,Home Office,Medium,610.418,25,0.3142857142857143,0.7,7,3,1
CA-2020-145919,HG-14965,2020-12-18,US,West,United States,Corporate,Medium,802.02,19,0.0,0.0,3,2,1
CA-2020-147067,JD-16150,2020-12-18,US,Central,United States,Corporate,Medium,18.84,3,0.0,0.0,1,1,0
CA-2020-150945,JK-16120,2020-12-18,US,East,United States,Home Office,Medium,900.08,4,0.0,0.0,1,1,0
CA-2020-108364,BP-11050,2020-12-19,US,Central,United States,Corporate,Medium,1.7999999999999996,5,0.8,0.8,1,1,0
CA-2020-118129,CL-12565,2020-12-19,US,East,United States,Consumer,Medium,303.92,5,0.2,0.2,1,1,0
CA-2020-134936,ES-14080,2020-12-19,US,West,United States,Corporate,Medium,471.624,14,0.6333333333333333,0.7,3,2,0
CA-2020-141523,MH-17440,2020-12-19,US,East,United States,Corporate,Medium,37.76800000000001,5,0.1,0.2,2,1,0
CA-2020-151155,AB-10255,2020-12-20,US,South,United States,Home Office,Medium,34.34,6,0.0,0.0,2,2,0
CA-2020-168536,SC-20800,2020-12-20,US,South,United States,Consumer,Medium,66.30000000000001,3,0.0,0.0,1,1,0
US-2020-157840,MC-17575,2020-12-20,US,Central,United States,Consumer,Medium,33.9,5,0.0,0.0,1,1,0
CA-2020-103359,LC-16885,2020-12-22,US,East,United States,Consumer,Medium,25.584000000000003,2,0.2,0.2,1,1,0
CA-2020-114860,DN-13690,2020-12-22,US,West,United States,Consumer,Medium,884.6800000000001,10,0.0,0.0,2,1,0
CA-2020-149916,ED-13885,2020-12-22,US,West,United States,Home Office,Medium,66.92,5,0.2,0.2,2,2,0
CA-2020-167507,SA-20830,2020-12-22,US,West,United States,Consumer,Medium,65.944,15,0.3666666666666667,0.7,3,2,0
CA-2020-114867,FM-14290,2020-12-23,US,East,United States,Home Office,Medium,1507.938,7,0.3,0.4,2,2,0
CA-2020-115574,BP-11185,2020-12-23,US,Central,United States,Corporate,Medium,141.372,2,0.3,0.3,1,1,0
CA-2020-132829,LA-16780,2020-12-23,US,Central,United States,Corporate,Medium,921.024,20,0.2799999999999999,0.6,5,3,0
CA-2020-135776,EH-13765,2020-12-23,US,West,United States,Corporate,Medium,1506.02,16,0.0,0.0,7,1,0
CA-2020-136049,NM-18520,2020-12-23,US,East,United States,Consumer,Medium,5.553000000000001,3,0.7,0.7,1,1,0
CA-2020-137043,LC-17140,2020-12-23,US,South,United States,Consumer,Medium,859.14,9,0.0,0.0,2,1,0
CA-2020-157791,CA-11965,2020-12-23,US,East,United States,Corporate,Medium,1999.96,4,0.0,0.0,1,1,0
CA-2020-157868,MC-17590,2020-12-23,US,Central,United States,Corporate,Medium,24.85,7,0.0,0.0,1,1,0
CA-2020-101651,SC-20305,2020-12-24,US,West,United States,Consumer,Medium,83.72,14,0.0,0.0,2,2,0
CA-2020-123526,BV-11245,2020-12-24,US,West,United States,Corporate,Medium,33.4,5,0.0,0.0,1,1,1
CA-2020-140438,PW-19030,2020-12-24,US,East,United States,Corporate,Medium,197.97,3,0.0,0.0,1,1,0
CA-2020-157259,JM-15535,2020-12-24,US,East,United States,Consumer,Medium,799.5600000000001,9,0.0,0.0,1,1,0
US-2020-168620,RB-19795,2020-12-24,US,South,United States,Home Office,Medium,823.61,14,0.3666666666666667,0.7,3,2,0
CA-2020-101168,SS-20140,2020-12-25,US,East,United States,Corporate,Medium,21.12,4,0.0,0.0,1,1,0
CA-2020-105081,JE-15715,2020-12-25,US,West,United States,Consumer,Medium,2445.602,8,0.1,0.2,2,1,1
CA-2020-109827,LW-16825,2020-12-25,US,West,United States,Corporate,Medium,499.30300000000005,10,0.36,0.7,5,2,0
CA-2020-110975,DB-12970,2020-12-25,US,East,United States,Corporate,Medium,1179.822,5,0.25,0.4,2,1,0
CA-2020-111941,BD-11620,2020-12-25,US,East,United States,Consumer,Medium,33.568000000000005,2,0.2,0.2,1,1,0
CA-2020-148684,TS-21655,2020-12-25,US,South,United States,Consumer,Medium,870.04,19,0.0,0.0,4,3,0
CA-2020-169670,JE-15715,2020-12-25,US,East,United States,Consumer,Medium,2563.056,8,0.1,0.1,1,1,0
US-2020-116729,GK-14620,2020-12-25,US,West,United States,Corporate,Medium,2875.544,21,0.0666666666666666,0.2,3,2,0
CA-2020-114538,RC-19825,2020-12-26,US,West,United States,Consumer,Medium,11.328,2,0.2,0.2,1,1,0
CA-2020-123015,AJ-10795,2020-12-26,US,East,United States,Corporate,Medium,4.992000000000001,3,0.2,0.2,1,1,0
CA-2020-129868,MC-18130,2020-12-26,US,West,United States,Corporate,Medium,1431.078,15,0.1,0.2,6,3,0
CA-2020-147536,AR-10510,2020-12-26,US,East,United States,Consumer,Medium,89.97,3,0.0,0.0,1,1,0
CA-2020-151512,SH-19975,2020-12-26,US,West,United States,Corporate,Medium,18.72,2,0.2,0.2,1,1,0
CA-2020-155166,BB-11545,2020-12-26,US,East,United States,Corporate,Medium,239.43,4,0.0,0.0,2,2,0
US-2020-153129,FP-14320,2020-12-26,US,West,United States,Consumer,Medium,33.9,5,0.0,0.0,1,1,0
CA-2020-102596,RD-19810,2020-12-27,US,East,United States,Home Office,Medium,17.184,6,0.2,0.2,1,1,0
CA-2020-111605,JW-15955,2020-12-27,US,South,United States,Consumer,Medium,2.61,1,0.0,0.0,1,1,0
CA-2020-138667,MW-18220,2020-12-27,US,East,United States,Consumer,Medium,40.0,2,0.2,0.2,1,1,0
CA-2020-162726,MT-17815,2020-12-27,US,Central,United States,Consumer,Medium,34.048,6,0.2,0.2,2,1,0
US-2020-131058,EM-14140,2020-12-27,US,West,United States,Home Office,Medium,20.16,7,0.0,0.0,1,1,0
US-2020-162852,BG-11695,2020-12-27,US,Central,United States,Corporate,Medium,845.4879999999999,8,0.3,0.3,1,1,0
CA-2020-112578,FO-14305,2020-12-29,US,West,United States,Consumer,Medium,41.99,3,0.0,0.0,2,1,0
CA-2020-122017,CD-11920,2020-12-29,US,Central,United States,Consumer,Medium,152.51999999999998,8,0.0,0.0,2,2,0
CA-2020-124051,KA-16525,2020-12-29,US,Central,United States,Consumer,Medium,186.048,6,0.2,0.2,1,1,0
CA-2020-139689,MP-17965,2020-12-29,US,South,United States,Corporate,Medium,40.896,7,0.7,0.7,2,1,0
CA-2020-156300,TB-21595,2020-12-29,US,Central,United States,Consumer,Medium,754.4499999999999,5,0.0,0.0,1,1,0
CA-2020-157742,KL-16645,2020-12-29,US,West,United States,Consumer,Medium,27.792,3,0.2,0.2,1,1,0
US-2020-135209,MH-17290,2020-12-29,US,South,United States,Home Office,Medium,62.752,13,0.2,0.2,2,1,0
US-2020-163258,PF-19225,2020-12-29,US,West,United States,Consumer,Medium,11.232,3,0.2,0.2,1,1,0
CA-2020-105746,BD-11605,2020-12-30,US,East,United States,Consumer,Medium,170.78599999999997,1,0.3,0.3,1,1,0
CA-2020-117226,KD-16495,2020-12-30,US,Central,United States,Corporate,Medium,6.923999999999998,6,0.8,0.8,1,1,0
CA-2020-117660,BM-11785,2020-12-30,US,East,United States,Consumer,Medium,19.616,4,0.2,0.2,2,1,0
CA-2020-160486,EH-14185,2020-12-30,US,South,United States,Consumer,Medium,72.224,4,0.2,0.2,1,1,0
CA-2020-163951,CJ-11875,2020-12-30,US,East,United States,Corporate,Medium,16.520000000000003,5,0.2,0.2,1,1,0
US-2020-111528,JP-16135,2020-12-30,US,West,United States,Home Office,Medium,487.704,5,0.1,0.2,2,1,1
CA-2020-100202,BD-11620,2020-12-31,US,West,United States,Consumer,Medium,302.376,3,0.2,0.2,1,1,0
CA-2020-156139,BP-11155,2020-12-31,US,West,United States,Consumer,Medium,38.376000000000005,3,0.2,0.2,1,1,0
CA-2020-160395,KL-16555,2020-12-31,US,West,United States,Corporate,Medium,163.408,9,0.1,0.2,2,1,0
US-2020-105830,DB-13660,2020-12-31,US,East,United States,Consumer,Medium,156.512,4,0.2,0.2,1,1,0
US-2020-165953,EP-13915,2020-12-31,US,South,United States,Consumer,Medium,71.096,8,0.2,0.2,2,1,0
CA-2021-107503,GA-14725,2021-01-01,US,East,United States,Consumer,Medium,48.896,4,0.2,0.2,1,1,0
CA-2021-144463,SC-20725,2021-01-01,US,West,United States,Consumer,Medium,474.43,11,0.0,0.0,1,1,0
CA-2021-151750,JM-15250,2021-01-01,US,Central,United States,Consumer,Medium,954.902,39,0.5285714285714286,0.8,7,2,0
CA-2021-154466,DP-13390,2021-01-01,US,Central,United States,Home Office,Medium,3.6,2,0.0,0.0,1,1,0
CA-2021-113481,AS-10045,2021-01-02,US,South,United States,Corporate,Medium,740.214,13,0.6333333333333333,0.7,3,2,0
CA-2021-118668,FW-14395,2021-01-02,US,West,United States,Corporate,Medium,16.59,1,0.0,0.0,1,1,0
CA-2021-147207,TS-21655,2021-01-02,US,Central,United States,Consumer,Medium,1322.75,12,0.375,0.8,4,2,0
CA-2021-111738,CM-12385,2021-01-03,US,West,United States,Consumer,Medium,2031.392,11,0.1,0.2,2,1,0
US-2021-114034,DL-13315,2021-01-03,US,West,United States,Consumer,Medium,38.88,6,0.0,0.0,1,1,0
CA-2021-150931,DP-13390,2021-01-06,US,South,United States,Home Office,Medium,33.74,7,0.0,0.0,1,1,0
CA-2021-159366,BW-11110,2021-01-07,US,Central,United States,Corporate,Medium,3059.982,2,0.1,0.1,1,1,0
US-2021-123862,JF-15190,2021-01-07,US,West,United States,Consumer,Medium,332.8,22,0.0,0.0,4,1,0
US-2021-168690,TS-21085,2021-01-07,US,South,United States,Consumer,Medium,2.8080000000000007,3,0.7,0.7,1,1,0
CA-2021-115154,RS-19420,2021-01-08,US,West,United States,Corporate,Medium,892.98,2,0.0,0.0,1,1,0
CA-2021-154760,BP-11290,2021-01-09,US,East,United States,Consumer,Medium,274.49100000000004,3,0.7,0.7,1,1,0
CA-2021-108000,LS-16945,2021-01-12,US,West,United States,Corporate,Medium,9.78,1,0.0,0.0,1,1,0
US-2021-148551,DB-13120,2021-01-12,US,Central,United States,Corporate,Medium,760.9799999999998,5,0.8,0.8,1,1,0
US-2021-158512,DA-13450,2021-01-12,US,East,United States,Home Office,Medium,77.75999999999999,8,0.0,0.0,2,2,0
US-2021-167402,CP-12085,2021-01-13,US,Central,United States,Corporate,Medium,4619.329999999999,19,0.0,0.0,4,2,0
CA-2021-113278,HR-14770,2021-01-14,US,Central,United States,Home Office,Medium,358.7,24,0.0,0.0,8,3,0
CA-2021-127306,BH-11710,2021-01-14,US,South,United States,Consumer,Medium,175.086,19,0.4,0.7,5,2,1
CA-2021-138779,RB-19570,2021-01-14,US,South,United States,Consumer,Medium,29.664,6,0.2,0.2,2,2,0
CA-2021-149076,SO-20335,2021-01-14,US,West,United States,Consumer,Medium,154.9,5,0.0,0.0,1,1,0
US-2021-106131,TP-21565,2021-01-14,US,West,United States,Corporate,Medium,337.688,16,0.2,0.2,2,2,0
CA-2021-152961,SC-20095,2021-01-15,US,East,United States,Consumer,Medium,12.7,2,0.0,0.0,1,1,0
CA-2021-160934,TT-21460,2021-01-15,US,West,United States,Home Office,Medium,21.4,5,0.0,0.0,1,1,0
CA-2021-167752,RW-19690,2021-01-15,US,East,United States,Consumer,Medium,1958.544,9,0.2,0.2,2,1,0
US-2021-104661,TB-21250,2021-01-15,US,Central,United States,Consumer,Medium,147.636,15,0.5,0.8,4,2,0
CA-2021-125913,JO-15145,2021-01-16,US,West,United States,Corporate,Medium,427.592,11,0.1,0.2,2,1,0
CA-2021-138289,AR-10540,2021-01-16,US,Central,United States,Consumer,Medium,5802.7,14,0.0,0.0,3,2,0
CA-2021-153045,NS-18505,2021-01-19,US,East,United States,Consumer,Medium,1370.535,11,0.275,0.4,4,3,0
CA-2021-154718,DL-12865,2021-01-19,US,Central,United States,Consumer,Medium,6.0,2,0.2,0.2,1,1,0
US-2021-127292,RM-19375,2021-01-19,US,East,United States,Consumer,Medium,637.18,9,0.0,0.0,4,1,0
CA-2021-144589,TM-21010,2021-01-20,US,West,United States,Consumer,Medium,384.176,8,0.1,0.2,2,2,0
CA-2021-152079,ML-17410,2021-01-20,US,Central,United States,Consumer,Medium,11.52,5,0.2,0.2,1,1,0
CA-2021-157252,CV-12805,2021-01-20,US,East,United States,Corporate,Medium,207.84600000000003,3,0.1,0.1,1,1,0
CA-2021-161809,TH-21100,2021-01-20,US,West,United States,Consumer,Medium,160.776,3,0.2,0.2,1,1,0
US-2021-120649,JF-15490,2021-01-20,US,East,United States,Consumer,Medium,3.52,2,0.0,0.0,1,1,0
CA-2021-127026,MH-18115,2021-01-21,US,Central,United States,Home Office,Medium,1239.833,18,0.02,0.1,5,2,0
CA-2021-131954,DS-13030,2021-01-21,US,West,United States,Home Office,Medium,654.242,22,0.1,0.2,6,3,0
CA-2021-141782,BE-11410,2021-01-21,US,Central,United States,Consumer,Medium,268.576,4,0.2,0.2,1,1,0
CA-2021-160423,PS-19045,2021-01-21,US,South,United States,Home Office,Medium,383.992,14,0.4499999999999999,0.7,2,1,0
CA-2021-127432,AD-10180,2021-01-22,US,West,United States,Home Office,Medium,4189.38,13,0.0,0.0,4,2,0
CA-2021-152499,EH-13765,2021-01-22,US,Central,United States,Corporate,Medium,22.992,8,0.2,0.2,2,1,0
CA-2021-139080,CS-12250,2021-01-23,US,West,United States,Corporate,Medium,138.43200000000002,16,0.1,0.2,4,2,0
CA-2021-145142,MC-17605,2021-01-23,US,Central,United States,Corporate,Medium,210.98,2,0.0,0.0,1,1,0
CA-2021-161893,HP-14815,2021-01-23,US,West,United States,Home Office,Medium,100.922,4,0.4499999999999999,0.7,2,2,0
CA-2021-104619,KD-16495,2021-01-24,US,West,United States,Corporate,Medium,412.996,8,0.1333333333333333,0.2,3,2,0
CA-2021-119669,TP-21130,2021-01-24,US,South,United States,Consumer,Medium,5.67,3,0.0,0.0,1,1,0
CA-2021-134649,CA-11965,2021-01-26,US,South,United States,Corporate,Medium,22.63,9,0.0,0.0,2,1,0
CA-2021-150469,CJ-12010,2021-01-26,US,West,United States,Consumer,Medium,11.84,8,0.0,0.0,1,1,0
CA-2021-164098,CG-12520,2021-01-26,US,Central,United States,Consumer,Medium,18.16,2,0.2,0.2,1,1,0
US-2021-105935,BD-11500,2021-01-26,US,South,United States,Consumer,Medium,3002.65,11,0.0,0.0,2,2,0
CA-2021-117870,JH-15820,2021-01-27,US,East,United States,Consumer,Medium,193.974,9,0.2666666666666666,0.4,3,2,0
US-2021-104437,TG-21310,2021-01-27,US,East,United States,Consumer,Medium,137.94,3,0.0,0.0,1,1,0
CA-2021-115994,BT-11305,2021-01-28,US,West,United States,Home Office,Medium,277.71,6,0.0,0.0,2,2,1
US-2021-147984,GB-14575,2021-01-28,US,Central,United States,Consumer,Medium,279.9,5,0.0,0.0,1,1,0
US-2021-166037,CL-12700,2021-01-28,US,East,United States,Home Office,Medium,449.91,9,0.0,0.0,1,1,0
CA-2021-131653,RD-19585,2021-01-29,US,East,United States,Consumer,Medium,5.22,2,0.0,0.0,1,1,0
CA-2021-139304,VG-21790,2021-01-29,US,West,United States,Consumer,Medium,136.526,12,0.0666666666666666,0.2,3,1,0
CA-2021-145338,BD-11770,2021-01-29,US,East,United States,Consumer,Medium,4.768,2,0.2,0.2,1,1,0
CA-2021-160927,TM-21010,2021-01-29,US,Central,United States,Consumer,Medium,136.2,11,0.0,0.0,4,2,0
US-2021-127341,CK-12595,2021-01-29,US,Central,United States,Consumer,Medium,12.127999999999997,4,0.8,0.8,1,1,0
CA-2021-104220,BV-11245,2021-01-30,US,Central,United States,Corporate,Medium,340.22,20,0.0,0.0,6,3,0
CA-2021-112725,EH-14125,2021-01-30,US,West,United States,Home Office,Medium,142.344,11,0.0666666666666666,0.2,3,2,1
CA-2021-121790,LP-17095,2021-01-30,US,Central,United States,Consumer,Medium,2113.567,11,0.275,0.5,4,3,0
CA-2021-148999,EB-13870,2021-01-30,US,South,United States,Consumer,Medium,419.136,4,0.2,0.2,1,1,0
CA-2021-157273,SZ-20035,2021-01-30,US,West,United States,Home Office,Medium,604.768,4,0.2,0.2,1,1,0
CA-2021-164329,MM-17920,2021-01-30,US,West,United States,Consumer,Medium,129.3,2,0.0,0.0,1,1,0
CA-2021-128076,BO-11350,2021-02-02,US,West,United States,Corporate,Medium,481.52400000000006,6,0.1333333333333333,0.2,3,3,0
CA-2021-161333,JL-15835,2021-02-02,US,West,United States,Consumer,Medium,272.1,10,0.0,0.0,3,2,0
US-2021-164147,DW-13585,2021-02-02,US,East,United States,Corporate,Medium,159.73,16,0.2666666666666666,0.4,3,2,0
CA-2021-126354,SC-20380,2021-02-03,US,South,United States,Consumer,Medium,119.178,5,0.4499999999999999,0.7,2,1,0
CA-2021-127474,RD-19810,2021-02-03,US,Central,United States,Home Office,Medium,512.3679999999999,9,0.3,0.6,4,2,0
CA-2021-167703,MC-17575,2021-02-03,US,East,United States,Consumer,Medium,290.781,5,0.4499999999999999,0.7,2,1,0
CA-2021-169474,JF-15355,2021-02-04,US,East,United States,Consumer,Medium,32.67,3,0.0,0.0,1,1,0
CA-2021-107517,FC-14335,2021-02-05,US,West,United States,Corporate,Medium,2011.9,10,0.1,0.2,2,2,0
CA-2021-131282,CB-12025,2021-02-05,US,Central,United States,Consumer,Medium,251.112,9,0.5,0.8,2,1,0
CA-2021-115105,BD-11770,2021-02-06,US,East,United States,Consumer,Medium,240.784,1,0.2,0.2,1,1,0
CA-2021-122994,MV-17485,2021-02-06,US,South,United States,Consumer,Medium,359.97,3,0.0,0.0,1,1,0
CA-2021-154102,SN-20560,2021-02-06,US,West,United States,Home Office,Medium,29.9,5,0.0,0.0,1,1,0
US-2021-101840,SP-20545,2021-02-06,US,East,United States,Corporate,Medium,273.7,10,0.1,0.2,2,2,0
CA-2021-118773,TP-21415,2021-02-09,US,Central,United States,Consumer,Medium,397.744,10,0.6,0.8,4,3,0
CA-2021-145807,SB-20170,2021-02-09,US,West,United States,Consumer,Medium,354.90000000000003,5,0.0,0.0,1,1,0
CA-2021-150602,ML-17395,2021-02-09,US,West,United States,Corporate,Medium,21.12,4,0.0,0.0,1,1,0
CA-2021-123659,MN-17935,2021-02-10,US,East,United States,Consumer,Medium,23.12,4,0.0,0.0,1,1,0
CA-2021-124086,MP-18175,2021-02-10,US,West,United States,Home Office,Medium,203.983,2,0.15,0.15,1,1,0
CA-2021-116204,VW-21775,2021-02-11,US,West,United States,Corporate,Medium,21.336,7,0.2,0.2,1,1,0
CA-2021-131828,CS-11845,2021-02-11,US,West,United States,Corporate,Medium,1051.912,7,0.2,0.2,2,2,1
CA-2021-138156,MM-17260,2021-02-11,US,East,United States,Consumer,Medium,147.568,2,0.2,0.2,1,1,0
US-2021-118535,DJ-13510,2021-02-11,US,East,United States,Corporate,Medium,20.7,2,0.0,0.0,1,1,0
CA-2021-104801,FH-14350,2021-02-13,US,West,United States,Consumer,Medium,914.12,8,0.0,0.0,3,3,0
CA-2021-104906,JP-15460,2021-02-13,US,East,United States,Corporate,Medium,17.94,3,0.0,0.0,1,1,0
CA-2021-151176,SV-20785,2021-02-13,US,East,United States,Consumer,Medium,35.73,6,0.0,0.0,2,1,0
CA-2021-154809,MH-17455,2021-02-13,US,Central,United States,Consumer,Medium,90.64,8,0.0,0.0,1,1,0
CA-2021-118521,LF-17185,2021-02-16,US,East,United States,Consumer,Medium,37.94,2,0.0,0.0,1,1,0
CA-2021-120019,NG-18355,2021-02-16,US,East,United States,Corporate,Medium,594.5,4,0.0,0.0,2,2,0
CA-2021-163265,JS-16030,2021-02-16,US,Central,United States,Consumer,Medium,705.002,15,0.3,0.6,5,2,0
CA-2021-109085,CK-12325,2021-02-17,US,East,United States,Home Office,Medium,1448.853,18,0.4,0.7,5,3,1
CA-2021-132647,GH-14410,2021-02-17,US,East,United States,Home Office,Medium,178.20999999999998,7,0.0,0.0,2,1,0
CA-2021-154039,JK-16120,2021-02-17,US,Central,United States,Home Office,Medium,605.752,4,0.35,0.5,2,2,0
CA-2021-159149,CR-12820,2021-02-17,US,Central,United States,Home Office,Medium,702.8424,11,0.24,0.32,3,3,0
US-2021-163195,LL-16840,2021-02-17,US,South,United States,Consumer,Medium,29.160000000000004,3,0.0,0.0,1,1,0
CA-2021-164707,CV-12805,2021-02-18,US,West,United States,Corporate,Medium,287.326,8,0.0666666666666666,0.2,3,2,0
CA-2021-122693,NH-18610,2021-02-19,US,South,United States,Corporate,Medium,1245.86,7,0.0,0.0,1,1,0
CA-2021-134838,ED-13885,2021-02-19,US,West,United States,Home Office,Medium,57.510000000000005,6,0.0,0.0,2,2,0
CA-2021-166415,ME-17725,2021-02-19,US,West,United States,Consumer,Medium,11.22,3,0.0,0.0,1,1,0
CA-2021-105445,BP-11095,2021-02-20,US,West,United States,Corporate,Medium,9.432,3,0.2,0.2,1,1,0
CA-2021-105809,HW-14935,2021-02-20,US,West,United States,Corporate,Medium,238.198,3,0.1,0.2,2,2,0
CA-2021-135937,KM-16375,2021-02-20,US,West,United States,Home Office,Medium,882.99,22,0.25,0.5,6,3,0
CA-2021-150525,JP-16135,2021-02-20,US,Central,United States,Home Office,Medium,19.67,5,0.0,0.0,2,1,0
CA-2021-124940,DK-13090,2021-02-21,US,Central,United States,Consumer,Medium,47.904,1,0.2,0.2,1,1,0
CA-2021-104647,CK-12595,2021-02-23,US,West,United States,Consumer,Medium,37.44,6,0.0,0.0,1,1,0
CA-2021-136007,AC-10615,2021-02-23,US,West,United States,Corporate,Medium,80.36,10,0.1,0.2,2,2,0
CA-2021-111374,CB-12415,2021-02-24,US,East,United States,Consumer,Medium,4.956,4,0.7,0.7,1,1,0
CA-2021-127397,ES-14080,2021-02-24,US,East,United States,Corporate,Medium,1443.72,10,0.2,0.2,2,2,0
CA-2021-125878,MH-18025,2021-02-25,US,Central,United States,Consumer,Medium,1.7879999999999996,3,0.8,0.8,1,1,0
US-2021-134642,SW-20245,2021-02-25,US,South,United States,Consumer,Medium,428.704,7,0.2,0.2,2,1,0
CA-2021-117212,BT-11530,2021-02-26,US,West,United States,Home Office,Medium,2110.7200000000003,23,0.08,0.2,5,3,1
CA-2021-121258,DB-13060,2021-02-26,US,West,United States,Consumer,Medium,380.136,8,0.0666666666666666,0.2,3,3,1
CA-2021-121706,BM-11140,2021-02-26,US,West,United States,Consumer,Medium,356.79,7,0.0,0.0,1,1,0
CA-2021-101959,DB-13660,2021-02-28,US,East,United States,Consumer,Medium,17.62,3,0.0,0.0,2,1,0
CA-2021-104885,DB-13555,2021-03-02,US,East,United States,Corporate,Medium,627.48,18,0.0,0.0,4,2,0
CA-2021-124114,RS-19765,2021-03-02,US,Central,United States,Corporate,Medium,0.5559999999999998,1,0.8,0.8,1,1,0
CA-2021-146024,SC-20770,2021-03-02,US,Central,United States,Corporate,Medium,19.198,11,0.5,0.8,2,1,0
CA-2021-152261,JA-15970,2021-03-02,US,East,United States,Consumer,Medium,18.528,4,0.7,0.7,1,1,0
CA-2021-155712,KD-16615,2021-03-02,US,West,United States,Corporate,Medium,107.648,2,0.2,0.2,1,1,1
CA-2021-163902,MY-17380,2021-03-02,US,West,United States,Corporate,Medium,676.7159999999999,9,0.1,0.2,2,1,0
CA-2021-111815,EP-13915,2021-03-03,US,Central,United States,Consumer,Medium,280.96,3,0.0,0.0,2,2,0
CA-2021-117513,BT-11395,2021-03-03,US,West,United States,Corporate,Medium,399.672,7,0.2,0.2,1,1,1
CA-2021-121804,LP-17095,2021-03-03,US,South,United States,Consumer,Medium,72.8,5,0.0,0.0,1,1,0
CA-2021-123085,EJ-13720,2021-03-03,US,West,United States,Consumer,Medium,1219.792,11,0.1,0.2,2,2,1
CA-2021-127621,RE-19450,2021-03-03,US,Central,United States,Consumer,Medium,26.880000000000003,8,0.2,0.2,1,1,0
CA-2021-110478,SP-20860,2021-03-04,US,West,United States,Corporate,Medium,24.57,5,0.0,0.0,2,1,0
CA-2021-142174,DP-13000,2021-03-04,US,Central,United States,Consumer,Medium,89.568,2,0.2,0.2,1,1,0
US-2021-119816,TT-21460,2021-03-04,US,Central,United States,Home Office,Medium,114.684,7,0.3333333333333333,0.6,3,2,0
CA-2021-147753,PK-19075,2021-03-05,US,Central,United States,Consumer,Medium,25.06,2,0.0,0.0,1,1,0
CA-2021-161046,CB-12535,2021-03-05,US,South,United States,Corporate,Medium,839.25,15,0.0,0.0,4,2,0
CA-2021-168123,JD-16060,2021-03-05,US,Central,United States,Consumer,Medium,375.71,11,0.0,0.0,4,1,0
CA-2021-125101,SH-19975,2021-03-06,US,West,United States,Corporate,Medium,67.78,2,0.0,0.0,1,1,0
CA-2021-148642,DW-13540,2021-03-06,US,Central,United States,Consumer,Medium,68.416,6,0.2,0.2,2,1,0
CA-2021-167640,FC-14245,2021-03-06,US,West,United States,Home Office,Medium,528.714,19,0.05,0.2,4,2,0
CA-2021-168193,RM-19750,2021-03-06,US,East,United States,Consumer,Medium,98.35,4,0.0,0.0,2,2,1
US-2021-119039,BF-11170,2021-03-06,US,West,United States,Home Office,Medium,14.976,9,0.2,0.2,1,1,0
CA-2021-110884,SH-20395,2021-03-07,US,East,United States,Consumer,Medium,117.51,9,0.1,0.2,2,1,0
CA-2021-136672,MG-17890,2021-03-07,US,East,United States,Home Office,Medium,49.08,3,0.0,0.0,1,1,0
CA-2021-104080,AH-10210,2021-03-08,US,West,United States,Consumer,Medium,174.56000000000003,7,0.1,0.2,2,1,0
CA-2021-155698,VB-21745,2021-03-08,US,South,United States,Corporate,Medium,668.5400000000001,10,0.0,0.0,2,1,0
CA-2021-102834,LW-16990,2021-03-09,US,West,United States,Corporate,Medium,199.98,2,0.0,0.0,1,1,0
CA-2021-147354,KB-16315,2021-03-09,US,West,United States,Consumer,Medium,510.824,7,0.2,0.2,2,2,0
CA-2021-130967,EB-13870,2021-03-10,US,East,United States,Consumer,Medium,53.982,3,0.4,0.4,1,1,0
CA-2021-132290,MD-17350,2021-03-10,US,Central,United States,Consumer,Medium,933.408,4,0.3,0.3,1,1,0
CA-2021-140494,CM-11815,2021-03-10,US,West,United States,Corporate,Medium,111.96,4,0.0,0.0,1,1,0
CA-2021-144638,MH-18115,2021-03-10,US,East,United States,Home Office,Medium,91.726,8,0.25,0.4,4,3,0
CA-2021-155824,KS-16300,2021-03-10,US,South,United States,Corporate,Medium,61.876000000000005,5,0.4499999999999999,0.7,2,1,0
CA-2021-147291,MJ-17740,2021-03-11,US,Central,United States,Consumer,Medium,895.92,4,0.0,0.0,1,1,0
US-2021-133081,PV-18985,2021-03-11,US,East,United States,Home Office,Medium,90.6,5,0.0,0.0,2,2,0
US-2021-141558,MH-17290,2021-03-11,US,East,United States,Home Office,Medium,987.188,10,0.425,0.7,4,3,0
CA-2021-116288,BS-11380,2021-03-12,US,West,United States,Corporate,Medium,242.94,3,0.0,0.0,1,1,0
CA-2021-152786,GA-14725,2021-03-12,US,South,United States,Consumer,Medium,40.41,9,0.0,0.0,1,1,0
CA-2021-159352,KB-16585,2021-03-12,US,East,United States,Corporate,Medium,69.93,7,0.0,0.0,1,1,0
CA-2021-105851,SE-20110,2021-03-13,US,West,United States,Consumer,Medium,1332.496,2,0.2,0.2,1,1,0
CA-2021-106859,BF-11215,2021-03-13,US,West,United States,Home Office,Medium,780.086,34,0.04,0.2,5,2,0
CA-2021-107713,JB-16000,2021-03-13,US,East,United States,Consumer,Medium,174.3,3,0.0,0.0,1,1,0
CA-2021-153843,SC-20380,2021-03-13,US,East,United States,Consumer,Medium,523.1600000000001,8,0.0,0.0,3,1,0
CA-2021-157966,SU-20665,2021-03-13,US,Central,United States,Home Office,Medium,1358.866,18,0.2285714285714286,0.3,7,3,0
CA-2021-162474,FH-14275,2021-03-13,US,Central,United States,Corporate,Medium,7.992000000000001,1,0.2,0.2,1,1,0
CA-2021-166296,KF-16285,2021-03-13,US,West,United States,Home Office,Medium,314.54999999999995,3,0.0,0.0,1,1,0
US-2021-146906,MT-17815,2021-03-13,US,East,United States,Consumer,Medium,299.9,2,0.0,0.0,1,1,0
CA-2021-114370,BN-11470,2021-03-14,US,Central,United States,Corporate,Medium,49.61600000000001,2,0.2,0.2,1,1,0
CA-2021-129294,KD-16615,2021-03-16,US,West,United States,Corporate,Medium,540.934,16,0.1,0.2,4,1,0
CA-2021-152135,MG-17650,2021-03-16,US,East,United States,Home Office,Medium,445.44,8,0.4,0.4,1,1,0
CA-2021-161172,SP-20920,2021-03-16,US,East,United States,Consumer,Medium,315.041,15,0.3399999999999999,0.7,5,3,0
US-2021-101539,VM-21685,2021-03-16,US,West,United States,Home Office,Medium,712.9660000000001,5,0.0666666666666666,0.2,3,2,0
CA-2021-129567,CL-12565,2021-03-17,US,West,United States,Consumer,Medium,17.456,2,0.2,0.2,1,1,0
CA-2021-140949,DB-13405,2021-03-17,US,East,United States,Consumer,Medium,496.634,43,0.0222222222222222,0.2,9,2,0
CA-2021-142867,PO-19180,2021-03-17,US,Central,United States,Home Office,Medium,24.048,9,0.5,0.8,2,1,1
US-2021-129224,AS-10630,2021-03-17,US,South,United States,Home Office,Medium,4.608,2,0.2,0.2,1,1,0
CA-2021-122007,JK-15325,2021-03-18,US,West,United States,Corporate,Medium,90.86,7,0.0,0.0,1,1,1
CA-2021-143084,BP-11050,2021-03-18,US,West,United States,Corporate,Medium,33.3,10,0.0,0.0,2,1,1
CA-2021-148145,SW-20275,2021-03-18,US,West,United States,Consumer,Medium,46.2,4,0.0,0.0,1,1,0
CA-2021-160087,EN-13780,2021-03-18,US,Central,United States,Consumer,Medium,23.832,3,0.2,0.2,1,1,0
CA-2021-162075,TT-21220,2021-03-18,US,Central,United States,Consumer,Medium,537.544,7,0.2,0.2,1,1,0
US-2021-119438,CD-11980,2021-03-18,US,Central,United States,Consumer,Medium,296.022,12,0.6,0.8,4,3,0
CA-2021-105410,ND-18370,2021-03-19,US,West,United States,Consumer,Medium,976.828,18,0.1,0.2,4,2,0
CA-2021-124436,SA-20830,2021-03-19,US,West,United States,Consumer,Medium,770.2099999999999,15,0.15,0.2,4,2,0
CA-2021-140515,GZ-14545,2021-03-19,US,West,United States,Corporate,Medium,381.36,7,0.0,0.0,1,1,0
CA-2021-166499,VG-21805,2021-03-19,US,East,United States,Corporate,Medium,8.94,3,0.0,0.0,1,1,0
US-2021-104955,CG-12040,2021-03-19,US,East,United States,Home Office,Medium,28.91,7,0.0,0.0,1,1,0
CA-2021-122763,HG-14845,2021-03-20,US,Central,United States,Consumer,Medium,330.76800000000003,9,0.2,0.2,2,1,0
CA-2021-154214,TB-21595,2021-03-20,US,Central,United States,Consumer,Medium,2.91,1,0.0,0.0,1,1,1
CA-2021-165491,HW-14935,2021-03-20,US,West,United States,Corporate,Medium,265.93,7,0.0,0.0,1,1,1
US-2021-143770,RD-19720,2021-03-20,US,East,United States,Consumer,Medium,299.96,4,0.0,0.0,2,2,0
CA-2021-108539,SC-20725,2021-03-21,US,West,United States,Consumer,Medium,745.2800000000001,9,0.1333333333333333,0.2,3,1,0
CA-2021-111591,PS-18970,2021-03-21,US,West,United States,Home Office,Medium,425.056,20,0.05,0.2,4,2,0
CA-2021-117156,TB-21055,2021-03-21,US,East,United States,Consumer,Medium,8.856,3,0.2,0.2,1,1,0
CA-2021-119452,CL-12565,2021-03-21,US,Central,United States,Consumer,Medium,1805.88,6,0.0,0.0,1,1,0
CA-2021-156272,PW-19030,2021-03-21,US,South,United States,Corporate,Medium,64.384,1,0.2,0.2,1,1,0
CA-2021-169285,RW-19690,2021-03-21,US,Central,United States,Consumer,Medium,283.17999999999995,6,0.0,0.0,2,1,0
CA-2021-120719,SJ-20125,2021-03-23,US,West,United States,Home Office,Medium,34.76,5,0.2,0.2,1,1,0
CA-2021-135650,AC-10660,2021-03-23,US,Central,United States,Consumer,Medium,143.728,2,0.2,0.2,1,1,0
CA-2021-136511,MZ-17515,2021-03-23,US,East,United States,Corporate,Medium,347.58,3,0.0,0.0,1,1,0
CA-2021-140151,RB-19360,2021-03-23,US,West,United States,Consumer,Medium,14052.48,9,0.0,0.0,3,2,1
CA-2021-155985,BE-11335,2021-03-23,US,West,United States,Home Office,Medium,211.84,8,0.0,0.0,1,1,0
US-2021-140074,EC-14050,2021-03-23,US,East,United States,Consumer,Medium,25.68,6,0.0,0.0,1,1,0
CA-2021-101637,AC-10615,2021-03-24,US,Central,United States,Corporate,Medium,12.768,2,0.2,0.2,1,1,0
CA-2021-122308,MV-17485,2021-03-24,US,East,United States,Consumer,Medium,271.764,2,0.1,0.1,1,1,0
CA-2021-166184,HR-14830,2021-03-24,US,East,United States,Corporate,Medium,724.846,7,0.0333333333333333,0.1,3,3,0
CA-2021-167101,BM-11650,2021-03-24,US,East,United States,Corporate,Medium,247.92,6,0.0,0.0,2,2,0
CA-2021-101077,DB-13660,2021-03-25,US,Central,United States,Consumer,Medium,6.848000000000001,2,0.2,0.2,1,1,0
CA-2021-105193,JL-15835,2021-03-25,US,East,United States,Consumer,Medium,11.05,5,0.0,0.0,1,1,0
CA-2021-112039,JC-15775,2021-03-25,US,Central,United States,Consumer,Medium,470.3760000000001,3,0.2,0.2,1,1,0
CA-2021-143651,FM-14215,2021-03-25,US,West,United States,Corporate,Medium,23.1,2,0.0,0.0,1,1,0
CA-2021-155880,JD-16150,2021-03-25,US,Central,United States,Corporate,Medium,1986.52,11,0.0,0.0,3,1,0
US-2021-117534,CV-12295,2021-03-25,US,West,United States,Consumer,Medium,1069.132,23,0.12,0.2,5,2,0
CA-2021-113208,ML-18040,2021-03-26,US,Central,United States,Corporate,Medium,60.84,3,0.0,0.0,1,1,0
CA-2021-147144,MZ-17335,2021-03-26,US,West,United States,Home Office,Medium,19.83,1,0.0,0.0,1,1,0
CA-2021-162033,EM-14200,2021-03-26,US,South,United States,Home Office,Medium,57.01,5,0.0,0.0,2,2,0
US-2021-121251,GM-14440,2021-03-26,US,East,United States,Consumer,Medium,377.528,6,0.1,0.2,2,2,0
US-2021-141677,HK-14890,2021-03-26,US,Central,United States,Corporate,Medium,2737.672,24,0.32,0.8,5,2,0
CA-2021-113705,LC-16870,2021-03-27,US,South,United States,Consumer,Medium,874.8000000000001,18,0.0,0.0,6,3,0
CA-2021-124716,BD-11560,2021-03-27,US,West,United States,Home Office,Medium,168.57999999999998,7,0.0,0.0,3,1,0
CA-2021-139416,AG-10270,2021-03-27,US,East,United States,Consumer,Medium,15.008000000000004,2,0.2,0.2,1,1,0
CA-2021-144491,CJ-12010,2021-03-27,US,Central,United States,Consumer,Medium,1875.128,11,0.28,0.32,4,2,0
US-2021-147886,DH-13075,2021-03-28,US,West,United States,Corporate,Medium,1435.96,26,0.0285714285714285,0.2,7,3,1
US-2021-166611,CK-12760,2021-03-28,US,South,United States,Corporate,Medium,68.74200000000002,9,0.7,0.7,1,1,0
CA-2021-126550,RD-19720,2021-03-29,US,Central,United States,Consumer,Medium,81.4,5,0.0,0.0,1,1,0
CA-2021-113474,TM-21490,2021-03-30,US,Central,United States,Consumer,Medium,325.86,2,0.0,0.0,1,1,0
CA-2021-126634,AB-10165,2021-03-30,US,West,United States,Consumer,Medium,94.2,5,0.0,0.0,1,1,0
CA-2021-129910,ME-17320,2021-03-30,US,South,United States,Home Office,Medium,59.76,1,0.0,0.0,1,1,0
US-2021-120147,TB-21400,2021-03-30,US,West,United States,Consumer,Medium,170.87200000000004,3,0.1,0.2,2,2,0
US-2021-154851,BP-11155,2021-03-30,US,East,United States,Consumer,Medium,5.715000000000002,5,0.7,0.7,1,1,0
CA-2021-100524,CM-12115,2021-03-31,US,East,United States,Consumer,Medium,782.4000000000001,13,0.0,0.0,3,3,0
CA-2021-102771,DO-13435,2021-03-31,US,East,United States,Consumer,Medium,84.94999999999999,5,0.0,0.0,1,1,0
CA-2021-114524,EG-13900,2021-03-31,US,Central,United States,Consumer,Medium,13.467999999999998,13,0.8,0.8,1,1,0
CA-2021-133263,JE-15610,2021-03-31,US,South,United States,Corporate,Medium,3098.61,10,0.0,0.0,3,2,0
CA-2021-144680,SC-20260,2021-03-31,US,Central,United States,Corporate,Medium,33.61999999999999,5,0.8,0.8,1,1,0
CA-2021-154907,DS-13180,2021-03-31,US,Central,United States,Corporate,Medium,205.3328,2,0.32,0.32,1,1,0
US-2021-159205,DB-12910,2021-03-31,US,South,United States,Home Office,Medium,732.93,12,0.0,0.0,2,2,0
US-2021-160143,HG-14965,2021-03-31,US,West,United States,Corporate,Medium,29.700000000000003,3,0.0,0.0,1,1,0
CA-2021-118360,JC-15775,2021-04-01,US,East,United States,Consumer,Medium,42.92999999999999,9,0.0,0.0,1,1,0
CA-2021-129028,GB-14530,2021-04-01,US,South,United States,Corporate,Medium,127.95,3,0.0,0.0,1,1,0
CA-2021-134495,BF-11020,2021-04-01,US,South,United States,Corporate,Medium,269.40000000000003,12,0.2,0.2,4,3,0
CA-2021-145877,AS-10090,2021-04-01,US,Central,United States,Consumer,Medium,122.6,11,0.0,0.0,2,1,0
CA-2021-147942,MS-17365,2021-04-01,US,West,United States,Consumer,Medium,127.46,15,0.1,0.2,2,1,0
CA-2021-149881,NC-18535,2021-04-01,US,West,United States,Corporate,Medium,5282.647999999999,10,0.175,0.2,2,2,0
CA-2021-106355,AT-10435,2021-04-02,US,East,United States,Home Office,Medium,11.12,4,0.0,0.0,1,1,0
CA-2021-121419,TC-21475,2021-04-02,US,South,United States,Home Office,Medium,771.8,6,0.0,0.0,2,2,0
CA-2021-145275,AH-10465,2021-04-02,US,South,United States,Consumer,Medium,14.94,3,0.0,0.0,1,1,0
US-2021-123281,JF-15190,2021-04-02,US,West,United States,Consumer,Medium,25.11,3,0.0,0.0,1,1,0
CA-2021-127264,SA-20830,2021-04-03,US,Central,United States,Consumer,Medium,7.055999999999999,3,0.2,0.2,1,1,0
CA-2021-131156,KH-16360,2021-04-03,US,East,United States,Consumer,Medium,25.472,4,0.2,0.2,1,1,0
CA-2021-109211,PS-19045,2021-04-04,US,East,United States,Home Office,Medium,16.98,1,0.0,0.0,1,1,0
CA-2021-140536,TA-21385,2021-04-04,US,East,United States,Home Office,Medium,7.04,4,0.0,0.0,1,1,0
CA-2021-144848,DS-13030,2021-04-04,US,East,United States,Home Office,Medium,400.61,4,0.0,0.0,3,2,0
CA-2021-157903,AM-10705,2021-04-04,US,Central,United States,Consumer,Medium,383.84,4,0.2,0.2,1,1,0
CA-2021-107265,ML-17755,2021-04-06,US,Central,United States,Home Office,Medium,106.32,3,0.0,0.0,1,1,0
CA-2021-161592,CS-12175,2021-04-06,US,South,United States,Corporate,Medium,8.100000000000001,5,0.7,0.7,1,1,0
CA-2021-165904,HR-14770,2021-04-07,US,South,United States,Home Office,Medium,235.44000000000003,4,0.2,0.2,2,2,0
US-2021-100930,CS-12400,2021-04-07,US,South,United States,Home Office,Medium,1735.8505000000002,13,0.4,0.7,5,3,0
CA-2021-112333,KF-16285,2021-04-08,US,East,United States,Home Office,Medium,2633.51,9,0.0,0.0,2,1,0
CA-2021-150987,AH-10120,2021-04-08,US,West,United States,Home Office,Medium,440.31,9,0.0,0.0,2,1,0
CA-2021-157854,DM-13345,2021-04-08,US,South,United States,Corporate,Medium,2747.2500000000005,9,0.0,0.0,2,2,0
US-2021-136721,NH-18610,2021-04-08,US,Central,United States,Corporate,Medium,580.8599999999999,5,0.0,0.0,2,1,0
CA-2021-112900,KL-16645,2021-04-09,US,Central,United States,Consumer,Medium,478.24,8,0.0,0.0,1,1,0
CA-2021-122154,SA-20830,2021-04-09,US,South,United States,Consumer,Medium,284.19,7,0.3666666666666667,0.7,3,1,0
CA-2021-135279,BS-11800,2021-04-09,US,East,United States,Home Office,Medium,760.8000000000001,17,0.0,0.0,6,1,0
CA-2021-169404,NC-18625,2021-04-09,US,East,United States,Corporate,Medium,103.48,6,0.4499999999999999,0.7,2,1,0
CA-2021-115070,MG-18205,2021-04-10,US,South,United States,Corporate,Medium,16.739000000000004,8,0.4499999999999999,0.7,2,2,0
CA-2021-125115,RD-19930,2021-04-10,US,Central,United States,Consumer,Medium,106.104,5,0.2,0.2,2,2,0
CA-2021-135069,BS-11755,2021-04-10,US,East,United States,Consumer,Medium,231.776,7,0.2,0.2,2,2,0
CA-2021-150623,DB-13360,2021-04-10,US,East,United States,Home Office,Medium,386.14,6,0.0,0.0,2,2,0
CA-2021-161984,SJ-20125,2021-04-10,US,East,United States,Home Office,Medium,14.77,3,0.0,0.0,2,1,0
CA-2021-130904,HM-14980,2021-04-11,US,South,United States,Consumer,Medium,22.744,9,0.2,0.2,2,1,0
CA-2021-166128,LW-17215,2021-04-11,US,West,United States,Consumer,Medium,241.81,12,0.0,0.0,2,2,0
US-2021-100482,JL-15130,2021-04-11,US,East,United States,Consumer,Medium,43.888000000000005,4,0.2,0.2,2,2,0
US-2021-143028,SC-20050,2021-04-11,US,Central,United States,Home Office,Medium,11.363999999999995,3,0.8,0.8,1,1,0
CA-2021-122735,BD-11320,2021-04-12,US,East,United States,Consumer,Medium,69.66,9,0.0,0.0,2,1,0
CA-2021-135076,YS-21880,2021-04-13,US,West,United States,Corporate,Medium,436.70400000000006,6,0.2,0.2,1,1,0
CA-2021-141663,DP-13105,2021-04-13,US,East,United States,Corporate,Medium,7.92,5,0.2,0.2,1,1,0
CA-2021-155460,RW-19630,2021-04-13,US,West,United States,Corporate,Medium,901.2,6,0.1,0.2,2,1,0
CA-2021-127117,HM-14860,2021-04-14,US,East,United States,Corporate,Medium,74.45,5,0.0,0.0,1,1,0
CA-2021-131233,CS-12355,2021-04-14,US,East,United States,Consumer,Medium,253.12800000000004,6,0.2,0.2,2,2,0
CA-2021-144932,AB-10165,2021-04-14,US,East,United States,Consumer,Medium,118.32,9,0.2,0.2,3,1,0
CA-2021-159604,CL-12700,2021-04-14,US,Central,United States,Home Office,Medium,8.76,2,0.0,0.0,1,1,0
US-2021-126060,DW-13585,2021-04-14,US,South,United States,Corporate,Medium,198.272,8,0.2,0.2,1,1,0
CA-2021-114412,AA-10480,2021-04-15,US,South,United States,Consumer,Medium,15.552000000000003,3,0.2,0.2,1,1,0
CA-2021-118857,AH-10075,2021-04-15,US,West,United States,Corporate,Medium,196.45,5,0.0,0.0,1,1,0
CA-2021-126774,SH-20395,2021-04-15,US,South,United States,Consumer,Medium,4.89,1,0.0,0.0,1,1,0
CA-2021-134635,NS-18640,2021-04-15,US,West,United States,Corporate,Medium,79.14,3,0.0,0.0,1,1,0
CA-2021-161851,BP-11095,2021-04-15,US,South,United States,Corporate,Medium,15.570000000000004,3,0.7,0.7,1,1,0
US-2021-141698,SD-20485,2021-04-15,US,Central,United States,Home Office,Medium,20.736000000000004,4,0.2,0.2,1,1,0
CA-2021-108070,JE-15745,2021-04-16,US,West,United States,Consumer,Medium,308.753,5,0.075,0.15,2,2,0
CA-2021-109946,PL-18925,2021-04-16,US,Central,United States,Home Office,Medium,16.520000000000003,5,0.2,0.2,1,1,0
CA-2021-122707,EB-13750,2021-04-16,US,South,United States,Corporate,Medium,503.22,6,0.0,0.0,2,2,0
CA-2021-136497,RF-19840,2021-04-16,US,East,United States,Consumer,Medium,13.710000000000004,5,0.7,0.7,1,1,0
US-2021-138086,JO-15550,2021-04-16,US,West,United States,Home Office,Medium,40.74,3,0.0,0.0,1,1,0
US-2021-156356,ND-18370,2021-04-16,US,Central,United States,Consumer,Medium,61.486,6,0.6,0.8,3,1,0
CA-2021-119389,BG-11740,2021-04-17,US,East,United States,Consumer,Medium,60.312,3,0.2,0.2,1,1,0
CA-2021-128965,PS-18760,2021-04-17,US,West,United States,Consumer,Medium,562.702,32,0.0333333333333333,0.2,6,3,1
CA-2021-134845,SR-20425,2021-04-17,US,West,United States,Home Office,Medium,2613.3090000000007,22,0.6,0.7,5,2,0
US-2021-129203,BM-11575,2021-04-17,US,Central,United States,Corporate,Medium,195.136,4,0.2,0.2,1,1,0
CA-2021-100615,SJ-20215,2021-04-20,US,Central,United States,Consumer,Medium,347.378,10,0.3666666666666667,0.6,3,2,0
CA-2021-119655,CV-12295,2021-04-20,US,Central,United States,Consumer,Medium,183.42,11,0.0,0.0,2,1,0
CA-2021-151484,CV-12805,2021-04-20,US,East,United States,Corporate,Medium,478.416,9,0.2,0.2,4,2,0
CA-2021-166849,SJ-20125,2021-04-20,US,Central,United States,Home Office,Medium,44.400000000000006,2,0.6,0.6,1,1,0
US-2021-166324,BE-11455,2021-04-20,US,East,United States,Home Office,Medium,979.626,12,0.4333333333333333,0.7,3,2,0
CA-2021-128853,JM-15250,2021-04-21,US,East,United States,Consumer,Medium,908.82,9,0.0,0.0,1,1,0
CA-2021-140802,KN-16390,2021-04-21,US,Central,United States,Corporate,Medium,68.712,7,0.2,0.2,2,2,0
CA-2021-166198,JW-15955,2021-04-21,US,West,United States,Consumer,Medium,174.14,4,0.0,0.0,2,2,0
US-2021-145863,RP-19390,2021-04-21,US,Central,United States,Consumer,Medium,5.627999999999998,6,0.8,0.8,2,1,0
US-2021-152366,SJ-20500,2021-04-21,US,Central,United States,Consumer,Medium,97.26399999999998,4,0.8,0.8,1,1,0
CA-2021-135783,GM-14440,2021-04-22,US,West,United States,Consumer,Medium,18.28,2,0.0,0.0,1,1,0
CA-2021-146192,BD-11725,2021-04-22,US,South,United States,Consumer,Medium,675.0600000000001,3,0.0,0.0,1,1,0
CA-2021-169054,MO-17800,2021-04-22,US,East,United States,Home Office,Medium,254.35200000000003,3,0.2,0.2,1,1,0
CA-2021-101700,SO-20335,2021-04-23,US,West,United States,Consumer,Medium,30.352,5,0.2,0.2,2,2,1
CA-2021-104010,TD-20995,2021-04-23,US,East,United States,Consumer,Medium,54.900000000000006,5,0.0,0.0,1,1,0
CA-2021-108553,SK-19990,2021-04-23,US,East,United States,Consumer,Medium,244.65,9,0.0,0.0,2,1,0
CA-2021-136651,JF-15355,2021-04-23,US,West,United States,Consumer,Medium,183.38,15,0.0666666666666666,0.2,3,2,1
CA-2021-146360,SC-20305,2021-04-23,US,Central,United States,Consumer,Medium,155.34,6,0.0,0.0,1,1,0
CA-2021-157112,GG-14650,2021-04-23,US,East,United States,Corporate,Medium,17.104000000000003,6,0.4499999999999999,0.7,2,1,0
US-2021-132031,PN-18775,2021-04-23,US,South,United States,Home Office,Medium,513.496,10,0.2,0.2,4,3,0
CA-2021-116953,SV-20935,2021-04-24,US,West,United States,Consumer,Medium,552.0,10,0.2,0.2,1,1,0
CA-2021-125269,AF-10870,2021-04-24,US,Central,United States,Consumer,Medium,83.214,6,0.5,0.8,2,1,0
CA-2021-149489,DK-12835,2021-04-24,US,East,United States,Corporate,Medium,107.986,6,0.5333333333333333,0.7,3,1,0
CA-2021-166933,MG-17890,2021-04-24,US,West,United States,Home Office,Medium,1.81,1,0.0,0.0,1,1,0
CA-2021-168102,CP-12340,2021-04-24,US,South,United States,Corporate,Medium,113.568,2,0.2,0.2,1,1,0
US-2021-128832,LS-16945,2021-04-24,US,East,United States,Corporate,Medium,69.98,2,0.0,0.0,1,1,0
CA-2021-120222,LL-16840,2021-04-25,US,West,United States,Consumer,Medium,92.394,6,0.1,0.2,2,1,0
CA-2021-125381,SG-20605,2021-04-25,US,West,United States,Consumer,Medium,107.97,3,0.0,0.0,1,1,0
CA-2021-129707,LH-16750,2021-04-25,US,West,United States,Consumer,Medium,8.895999999999999,4,0.2,0.2,1,1,1
CA-2021-132213,PN-18775,2021-04-25,US,South,United States,Home Office,Medium,109.968,14,0.2,0.2,2,1,0
CA-2021-151071,MB-18085,2021-04-25,US,West,United States,Consumer,Medium,13.904,2,0.2,0.2,1,1,0
CA-2021-159226,RL-19615,2021-04-25,US,West,United States,Consumer,Medium,344.98099999999994,7,0.15,0.15,1,1,0
CA-2021-143665,PO-19180,2021-04-26,US,West,United States,Home Office,Medium,59.620000000000005,11,0.0,0.0,2,1,0
CA-2021-160045,LB-16735,2021-04-26,US,Central,United States,Consumer,Medium,1.988,1,0.6,0.6,1,1,0
CA-2021-135692,CV-12805,2021-04-27,US,Central,United States,Corporate,Medium,253.3856,8,0.26,0.32,2,2,1
CA-2021-151281,HM-14980,2021-04-27,US,West,United States,Consumer,Medium,139.58,7,0.0,0.0,1,1,0
CA-2021-168228,AP-10915,2021-04-27,US,West,United States,Consumer,Medium,183.61,9,0.0,0.0,3,1,0
CA-2021-120894,JL-15130,2021-04-28,US,South,United States,Consumer,Medium,28.08,3,0.2,0.2,1,1,0
CA-2021-137631,JL-15235,2021-04-28,US,South,United States,Consumer,Medium,751.984,2,0.2,0.2,1,1,0
CA-2021-160962,MC-17605,2021-04-28,US,East,United States,Corporate,Medium,15.232,3,0.2,0.2,2,1,0
CA-2021-126718,KT-16480,2021-04-29,US,East,United States,Consumer,Medium,4.91,1,0.0,0.0,1,1,0
US-2021-164056,FM-14215,2021-04-29,US,East,United States,Corporate,Medium,1048.35,5,0.4,0.4,1,1,0
CA-2021-108322,SS-20140,2021-04-30,US,South,United States,Corporate,Medium,26.056000000000004,11,0.2,0.2,2,2,0
CA-2021-124597,AS-10630,2021-04-30,US,South,United States,Home Office,Medium,32.088,8,0.2,0.2,3,1,0
CA-2021-137876,DJ-13510,2021-04-30,US,West,United States,Corporate,Medium,95.52,6,0.0,0.0,2,2,0
CA-2021-144526,QJ-19255,2021-04-30,US,East,United States,Corporate,Medium,691.4759999999999,8,0.55,0.7,2,2,0
CA-2021-150609,NZ-18565,2021-04-30,US,West,United States,Home Office,Medium,23.24,5,0.2,0.2,1,1,1
CA-2021-151911,DL-13495,2021-04-30,US,East,United States,Corporate,Medium,62.96,4,0.0,0.0,1,1,0
CA-2021-154501,EA-14035,2021-04-30,US,West,United States,Corporate,Medium,9.78,2,0.0,0.0,1,1,0
US-2021-107636,NM-18520,2021-04-30,US,East,United States,Consumer,Medium,5.76,2,0.0,0.0,1,1,0
US-2021-108315,MH-18115,2021-04-30,US,South,United States,Home Office,Medium,225.546,9,0.4499999999999999,0.7,2,2,0
US-2021-136784,AD-10180,2021-04-30,US,West,United States,Home Office,Medium,163.96,4,0.0,0.0,1,1,0
US-2021-144582,TC-21475,2021-04-30,US,Central,United States,Home Office,Medium,43.37199999999999,7,0.8,0.8,1,1,0
US-2021-150847,JF-15490,2021-04-30,US,East,United States,Consumer,Medium,10.368000000000002,2,0.2,0.2,1,1,0
CA-2021-102204,CJ-12010,2021-05-01,US,South,United States,Consumer,Medium,3740.51,11,0.2833333333333334,0.45,3,2,0
CA-2021-110198,AG-10900,2021-05-01,US,South,United States,Consumer,Medium,318.96,5,0.2,0.2,2,2,0
CA-2021-110212,SJ-20125,2021-05-01,US,South,United States,Home Office,Medium,48.9,5,0.0,0.0,1,1,0
CA-2021-123134,DW-13585,2021-05-02,US,East,United States,Corporate,Medium,129.93,3,0.0,0.0,1,1,0
CA-2021-147844,DD-13570,2021-05-02,US,West,United States,Consumer,Medium,109.62,13,0.0,0.0,3,1,0
US-2021-128398,EM-13825,2021-05-02,US,West,United States,Corporate,Medium,159.56,4,0.0,0.0,1,1,0
CA-2021-132178,DB-12970,2021-05-03,US,West,United States,Corporate,Medium,832.96,10,0.0,0.0,2,1,0
CA-2021-132199,BO-11350,2021-05-03,US,East,United States,Corporate,Medium,504.5059999999999,18,0.44,0.7,5,2,0
CA-2021-163209,MK-18160,2021-05-03,US,West,United States,Consumer,Medium,48.88,11,0.0,0.0,2,1,0
CA-2021-119914,CC-12220,2021-05-04,US,West,United States,Consumer,Medium,243.16,2,0.0,0.0,1,1,0
CA-2021-128755,MK-18160,2021-05-04,US,South,United States,Consumer,Medium,629.86,11,0.0,0.0,4,1,0
CA-2021-133067,MY-18295,2021-05-04,US,East,United States,Corporate,Medium,11.598,5,0.7,0.7,2,1,0
CA-2021-162978,LW-16990,2021-05-04,US,West,United States,Corporate,Medium,502.474,9,0.1333333333333333,0.2,3,3,0
CA-2021-168900,SH-20395,2021-05-04,US,East,United States,Consumer,Medium,2.313,1,0.7,0.7,1,1,0
CA-2021-105991,LH-17020,2021-05-05,US,West,United States,Consumer,Medium,120.78300000000002,20,0.5333333333333333,0.7,3,2,0
CA-2021-107552,AI-10855,2021-05-05,US,East,United States,Consumer,Medium,6.68,1,0.0,0.0,1,1,0
CA-2021-160724,YS-21880,2021-05-05,US,South,United States,Corporate,Medium,34.5,3,0.0,0.0,1,1,0
US-2021-141943,DK-12985,2021-05-05,US,West,United States,Consumer,Medium,23.16,2,0.0,0.0,1,1,0
CA-2021-133487,TS-21655,2021-05-06,US,West,United States,Consumer,Medium,152.94,3,0.0,0.0,1,1,0
CA-2021-140242,ML-17755,2021-05-06,US,Central,United States,Home Office,Medium,415.152,10,0.2,0.2,2,2,0
CA-2021-144498,MB-18085,2021-05-06,US,South,United States,Consumer,Medium,817.8290000000002,20,0.3666666666666667,0.7,3,2,0
CA-2021-145779,DB-13615,2021-05-06,US,West,United States,Consumer,Medium,84.416,4,0.2,0.2,1,1,0
CA-2021-156769,GZ-14470,2021-05-06,US,South,United States,Consumer,Medium,54.66,6,0.0,0.0,1,1,0
CA-2021-167668,TC-21295,2021-05-06,US,East,United States,Consumer,Medium,59.2,4,0.0,0.0,1,1,0
US-2021-133200,DB-13555,2021-05-06,US,Central,United States,Corporate,Medium,1407.2048,22,0.44,0.8,3,2,0
US-2021-162124,JF-15490,2021-05-06,US,Central,United States,Consumer,Medium,191.968,4,0.2,0.2,1,1,0
CA-2021-102820,CS-11950,2021-05-07,US,West,United States,Consumer,Medium,419.944,7,0.2,0.2,1,1,0
CA-2021-141733,RW-19540,2021-05-07,US,Central,United States,Corporate,Medium,2049.534,10,0.025,0.1,4,2,0
CA-2021-159688,AB-10060,2021-05-07,US,West,United States,Home Office,Medium,79.99,1,0.0,0.0,1,1,0
CA-2021-107797,EB-13705,2021-05-08,US,Central,United States,Corporate,Medium,41.47200000000001,8,0.2,0.2,1,1,0
CA-2021-133865,PS-19045,2021-05-08,US,West,United States,Home Office,Medium,3359.952,6,0.2,0.2,1,1,0
CA-2021-149181,MD-17350,2021-05-08,US,East,United States,Consumer,Medium,47.992,2,0.3,0.3,1,1,0
CA-2021-156895,DJ-13510,2021-05-08,US,East,United States,Corporate,Medium,128.058,3,0.3,0.3,1,1,0
US-2021-104451,MM-18055,2021-05-08,US,West,United States,Consumer,Medium,81.08,4,0.0,0.0,1,1,0
CA-2021-118199,LB-16795,2021-05-09,US,West,United States,Home Office,Medium,805.99,15,0.04,0.2,5,3,0
CA-2021-134810,MC-17605,2021-05-09,US,South,United States,Corporate,Medium,272.232,6,0.2,0.2,2,2,0
CA-2021-115322,ZC-21910,2021-05-11,US,East,United States,Consumer,Medium,43.92,3,0.0,0.0,1,1,0
CA-2021-133823,LP-17080,2021-05-11,US,West,United States,Consumer,Medium,101.062,11,0.0666666666666666,0.2,3,1,0
CA-2021-140298,JK-16120,2021-05-11,US,Central,United States,Home Office,Medium,94.508,7,0.3,0.6,4,2,0
US-2021-139647,TS-21370,2021-05-11,US,West,United States,Corporate,Medium,209.979,7,0.7,0.7,1,1,0
CA-2021-104577,CK-12205,2021-05-12,US,East,United States,Consumer,Medium,87.6,5,0.0,0.0,1,1,0
CA-2021-117632,CS-12175,2021-05-12,US,West,United States,Corporate,Medium,551.038,12,0.1,0.2,4,2,0
CA-2021-122175,CA-12775,2021-05-12,US,East,United States,Consumer,Medium,153.41,14,0.0,0.0,4,3,0
CA-2021-152226,JH-15910,2021-05-12,US,East,United States,Consumer,Medium,5.904,2,0.2,0.2,1,1,0
US-2021-106796,JP-16135,2021-05-12,US,East,United States,Home Office,Medium,10.272000000000002,3,0.2,0.2,1,1,0
US-2021-158218,AC-10420,2021-05-12,US,Central,United States,Corporate,Medium,162.16,9,0.5,0.8,2,1,0
CA-2021-100748,RB-19795,2021-05-13,US,West,United States,Home Office,Medium,58.48,8,0.0,0.0,1,1,0
CA-2021-104318,FH-14275,2021-05-13,US,South,United States,Corporate,Medium,20.768,2,0.2,0.2,1,1,0
CA-2021-137785,MH-18115,2021-05-13,US,East,United States,Home Office,Medium,458.43,5,0.3,0.3,1,1,0
CA-2021-149048,BM-11650,2021-05-13,US,Central,United States,Corporate,Medium,2229.1800000000003,13,0.0,0.0,5,2,0
CA-2021-161655,CW-11905,2021-05-13,US,East,United States,Home Office,Medium,299.52,9,0.0,0.0,1,1,0
CA-2021-115546,AH-10465,2021-05-14,US,East,United States,Consumer,Medium,562.5500000000001,5,0.0,0.0,2,2,0
CA-2021-129357,KB-16585,2021-05-14,US,West,United States,Corporate,Medium,504.5899999999999,14,0.0,0.0,2,1,0
CA-2021-133641,EJ-14155,2021-05-14,US,South,United States,Consumer,Medium,48.69,9,0.0,0.0,1,1,0
CA-2021-143686,PJ-19015,2021-05-14,US,West,United States,Consumer,Medium,1418.21,9,0.0,0.0,2,2,0
CA-2021-161774,GT-14710,2021-05-14,US,Central,United States,Consumer,Medium,1078.438,16,0.22,0.3,5,3,0
US-2021-133361,AJ-10780,2021-05-14,US,East,United States,Corporate,Medium,481.59,22,0.0,0.0,6,3,0
US-2021-154872,DP-13000,2021-05-14,US,East,United States,Consumer,Medium,87.99400000000001,8,0.3666666666666667,0.7,3,1,0
CA-2021-102414,JA-15970,2021-05-15,US,West,United States,Consumer,Medium,49.89600000000001,6,0.3666666666666667,0.7,3,2,0
US-2021-110604,JF-15295,2021-05-15,US,West,United States,Consumer,Medium,303.544,5,0.1333333333333333,0.2,3,1,0
US-2021-152569,JD-16015,2021-05-15,US,Central,United States,Consumer,Medium,67.824,4,0.2,0.2,2,2,0
CA-2021-166576,JM-15865,2021-05-16,US,East,United States,Consumer,Medium,221.024,2,0.2,0.2,1,1,0
CA-2021-112536,SG-20890,2021-05-18,US,Central,United States,Corporate,Medium,17.798,10,0.6,0.8,3,1,0
CA-2021-112865,BH-11710,2021-05-18,US,East,United States,Consumer,Medium,36.048,3,0.2,0.2,1,1,1
CA-2021-117401,PP-18955,2021-05-18,US,Central,United States,Home Office,Medium,865.0,19,0.0,0.0,3,2,0
CA-2021-117863,TS-21340,2021-05-18,US,East,United States,Consumer,Medium,17.608,3,0.1,0.2,2,2,0
CA-2021-121643,AB-10105,2021-05-18,US,West,United States,Consumer,Medium,344.704,2,0.2,0.2,1,1,0
CA-2021-155642,BM-11575,2021-05-18,US,Central,United States,Corporate,Medium,24.5,4,0.6,0.6,2,1,0
CA-2021-159464,TB-21355,2021-05-18,US,South,United States,Corporate,Medium,524.85,18,0.0,0.0,5,3,0
CA-2021-113530,BC-11125,2021-05-19,US,West,United States,Home Office,Medium,726.8280000000001,16,0.05,0.2,4,3,0
CA-2021-122077,JF-15295,2021-05-19,US,Central,United States,Consumer,Medium,109.208,5,0.2,0.2,2,2,0
CA-2021-127803,ND-18460,2021-05-19,US,South,United States,Corporate,Medium,26.16,4,0.0,0.0,1,1,0
CA-2021-138975,SC-20380,2021-05-19,US,South,United States,Consumer,Medium,2361.52,23,0.0,0.0,4,3,0
CA-2021-145702,AH-10075,2021-05-19,US,South,United States,Corporate,Medium,342.23999999999995,10,0.2,0.2,2,2,0
CA-2021-153787,AT-10735,2021-05-19,US,West,United States,Consumer,Medium,97.16,2,0.0,0.0,1,1,0
US-2021-100048,RS-19765,2021-05-19,US,East,United States,Corporate,Medium,889.29,11,0.0,0.0,3,2,0
US-2021-108700,PJ-18835,2021-05-19,US,Central,United States,Corporate,Medium,38.016000000000005,6,0.2,0.2,1,1,0
US-2021-120607,JC-15775,2021-05-19,US,South,United States,Consumer,Medium,195.64,4,0.0,0.0,1,1,0
US-2021-147998,SA-20830,2021-05-19,US,West,United States,Consumer,Medium,133.12,5,0.2,0.2,1,1,1
CA-2021-111332,NC-18340,2021-05-20,US,Central,United States,Consumer,Medium,891.53,24,0.0,0.0,5,1,0
CA-2021-149468,AR-10405,2021-05-20,US,Central,United States,Corporate,Medium,41.28,2,0.0,0.0,1,1,0
CA-2021-166695,CC-12430,2021-05-20,US,West,United States,Home Office,Medium,868.4520000000001,10,0.1333333333333333,0.2,3,2,0
US-2021-166688,RD-19480,2021-05-20,US,West,United States,Consumer,Medium,1196.3160000000005,16,0.1333333333333333,0.2,3,2,0
CA-2021-167899,JG-15805,2021-05-21,US,East,United States,Corporate,Medium,538.0200000000001,8,0.0,0.0,2,2,0
CA-2021-130106,VF-21715,2021-05-22,US,West,United States,Home Office,Medium,12.62,4,0.0,0.0,2,1,0
CA-2021-153080,EH-13945,2021-05-22,US,West,United States,Consumer,Medium,68.46,7,0.0,0.0,1,1,0
US-2021-150595,LE-16810,2021-05-22,US,Central,United States,Consumer,Medium,205.922,7,0.4333333333333333,0.8,3,2,0
US-2021-151127,RL-19615,2021-05-22,US,West,United States,Consumer,Medium,49.56,7,0.0,0.0,1,1,1
CA-2021-164042,KL-16645,2021-05-23,US,Central,United States,Consumer,Medium,70.148,11,0.5,0.8,4,1,0
CA-2021-167003,VS-21820,2021-05-23,US,West,United States,Consumer,Medium,171.288,3,0.2,0.2,1,1,1
CA-2021-112473,JL-15505,2021-05-25,US,Central,United States,Consumer,Medium,50.136,3,0.2,0.2,1,1,0
CA-2021-120168,TB-21625,2021-05-25,US,East,United States,Consumer,Medium,806.05,17,0.05,0.2,4,3,0
CA-2021-161088,MH-18115,2021-05-25,US,South,United States,Home Office,Medium,29.84,2,0.0,0.0,1,1,0
CA-2021-107853,CD-11920,2021-05-26,US,West,United States,Consumer,Medium,12.96,2,0.0,0.0,1,1,0
CA-2021-123687,KC-16675,2021-05-26,US,South,United States,Corporate,Medium,234.2,5,0.0,0.0,2,1,0
CA-2021-152968,BM-11785,2021-05-26,US,South,United States,Consumer,Medium,23.08,2,0.0,0.0,1,1,0
CA-2021-134152,RP-19855,2021-05-27,US,West,United States,Corporate,Medium,129.6,9,0.0,0.0,2,2,0
CA-2021-136882,DN-13690,2021-05-27,US,Central,United States,Consumer,Medium,477.3,5,0.0,0.0,1,1,0
CA-2021-151855,BW-11110,2021-05-27,US,South,United States,Corporate,Medium,39.252,8,0.4499999999999999,0.7,2,2,0
CA-2021-160458,EH-13945,2021-05-27,US,South,United States,Consumer,Medium,25.920000000000005,5,0.2,0.2,1,1,0
US-2021-116897,JG-15160,2021-05-27,US,West,United States,Consumer,Medium,814.5260000000001,12,0.0666666666666666,0.2,3,3,0
US-2021-132297,DW-13480,2021-05-27,US,South,United States,Home Office,Medium,598.3100000000001,5,0.0,0.0,2,2,0
CA-2021-100055,MD-17860,2021-05-28,US,East,United States,Corporate,Medium,152.59,5,0.0,0.0,2,2,0
CA-2021-140088,PO-18865,2021-05-28,US,South,United States,Consumer,Medium,301.96,2,0.0,0.0,1,1,0
CA-2021-141572,LO-17170,2021-05-28,US,East,United States,Corporate,Medium,247.44,8,0.0,0.0,1,1,0
CA-2021-145765,CM-11815,2021-05-28,US,West,United States,Corporate,Medium,483.4800000000001,12,0.2,0.2,3,2,0
CA-2021-161340,AM-10360,2021-05-28,US,East,United States,Corporate,Medium,129.832,7,0.35,0.5,2,2,0
US-2021-112613,JH-15910,2021-05-28,US,Central,United States,Consumer,Medium,54.368,4,0.2,0.2,1,1,0
US-2021-118556,TH-21235,2021-05-28,US,Central,United States,Corporate,Medium,110.433,6,0.55,0.8,2,2,0
CA-2021-104745,GT-14755,2021-05-29,US,Central,United States,Consumer,Medium,79.34400000000001,8,0.2,0.2,2,1,0
CA-2021-121580,ML-17410,2021-05-29,US,Central,United States,Consumer,Medium,522.7900000000001,7,0.0,0.0,4,2,0
CA-2021-144568,JO-15550,2021-05-29,US,Central,United States,Home Office,Medium,23.55,5,0.0,0.0,1,1,0
CA-2021-168739,HZ-14950,2021-05-29,US,Central,United States,Consumer,Medium,65.424,4,0.6,0.6,1,1,0
CA-2021-116498,KA-16525,2021-05-30,US,West,United States,Consumer,Medium,35.099999999999994,6,0.0,0.0,1,1,0
CA-2021-120614,SM-20950,2021-05-30,US,West,United States,Corporate,Medium,37.52,4,0.0,0.0,1,1,0
CA-2021-121125,MG-17890,2021-05-30,US,West,United States,Home Office,Medium,205.74400000000003,4,0.2,0.2,3,2,0
CA-2021-125472,BD-11725,2021-05-30,US,South,United States,Consumer,Medium,253.86,6,0.0,0.0,3,2,0
CA-2021-142461,KT-16480,2021-05-30,US,Central,United States,Consumer,Medium,204.6664,1,0.32,0.32,1,1,0
CA-2021-106831,FH-14350,2021-06-01,US,East,United States,Consumer,Medium,189.918,12,0.4333333333333333,0.7,3,2,0
CA-2021-121559,HW-14935,2021-06-01,US,Central,United States,Corporate,Medium,4472.32,20,0.0,0.0,5,3,0
CA-2021-146493,CV-12805,2021-06-01,US,Central,United States,Corporate,Medium,53.9,5,0.0,0.0,1,1,0
CA-2021-157413,BW-11065,2021-06-01,US,East,United States,Consumer,Medium,324.744,3,0.2,0.2,1,1,0
US-2021-112928,BB-10990,2021-06-01,US,East,United States,Corporate,Medium,17.480000000000004,5,0.2,0.2,1,1,0
CA-2021-127705,AB-10255,2021-06-02,US,East,United States,Home Office,Medium,30.41,3,0.3,0.4,2,2,0
CA-2021-140760,DO-13435,2021-06-02,US,West,United States,Consumer,Medium,69.26400000000001,11,0.2,0.2,2,1,0
CA-2021-143294,JD-15790,2021-06-02,US,Central,United States,Consumer,Medium,10.688,2,0.2,0.2,1,1,0
CA-2021-158883,CS-11860,2021-06-02,US,South,United States,Consumer,Medium,25.344,4,0.2,0.2,1,1,0
CA-2021-113908,KN-16390,2021-06-03,US,East,United States,Corporate,Medium,508.788,12,0.1333333333333333,0.4,3,3,0
CA-2021-126382,HK-14890,2021-06-03,US,South,United States,Corporate,Medium,35.168000000000006,7,0.2,0.2,1,1,0
CA-2021-140872,NR-18550,2021-06-03,US,South,United States,Consumer,Medium,1111.698,25,0.2625,0.7,8,3,0
CA-2021-145506,MO-17800,2021-06-03,US,West,United States,Home Office,Medium,136.26,9,0.0,0.0,1,1,0
CA-2021-145772,SS-20140,2021-06-03,US,West,United States,Corporate,Medium,60.622,8,0.0666666666666666,0.2,3,2,1
CA-2021-150420,GD-14590,2021-06-03,US,West,United States,Corporate,Medium,1099.5,10,0.0,0.0,1,1,0
CA-2021-100426,DC-12850,2021-06-04,US,South,United States,Consumer,Medium,12.48,2,0.0,0.0,1,1,0
CA-2021-133095,EH-14005,2021-06-04,US,South,United States,Home Office,Medium,117.62,10,0.0,0.0,2,1,0
CA-2021-149720,EM-14065,2021-06-04,US,Central,United States,Consumer,Medium,30.33600000000001,6,0.6,0.6,1,1,0
CA-2021-158106,CT-11995,2021-06-04,US,Central,United States,Consumer,Medium,8.64,3,0.0,0.0,1,1,0
CA-2021-158407,LW-16990,2021-06-04,US,South,United States,Corporate,Medium,103.968,4,0.2,0.2,2,2,0
CA-2021-158953,ML-18040,2021-06-04,US,Central,United States,Corporate,Medium,6.369999999999998,7,0.8,0.8,1,1,0
CA-2021-126788,AB-10105,2021-06-05,US,Central,United States,Consumer,Medium,470.3760000000001,3,0.2,0.2,1,1,0
CA-2021-141614,NS-18640,2021-06-05,US,South,United States,Corporate,Medium,20.736000000000004,4,0.2,0.2,1,1,0
US-2021-131849,GH-14410,2021-06-06,US,West,United States,Home Office,Medium,31.35,6,0.0,0.0,2,2,0
CA-2021-117436,LW-17125,2021-06-08,US,East,United States,Consumer,Medium,10.36,2,0.0,0.0,1,1,0
CA-2021-132682,TH-21235,2021-06-08,US,Central,United States,Corporate,Medium,490.392,9,0.2,0.2,3,2,0
US-2021-106579,BW-11200,2021-06-08,US,Central,United States,Consumer,Medium,12.175999999999998,4,0.8,0.8,1,1,0
US-2021-107979,FO-14305,2021-06-08,US,West,United States,Consumer,Medium,197.3,11,0.3666666666666667,0.7,3,2,0
US-2021-109316,MG-17680,2021-06-08,US,West,United States,Home Office,Medium,1515.186,4,0.175,0.2,2,2,0
US-2021-155299,Dl-13600,2021-06-08,US,Central,United States,Corporate,Medium,1.6239999999999994,2,0.8,0.8,1,1,0
CA-2021-100951,NC-18625,2021-06-09,US,Central,United States,Corporate,Medium,720.7600000000001,5,0.2,0.2,1,1,0
US-2021-106663,MO-17800,2021-06-09,US,Central,United States,Home Office,Medium,169.253,12,0.4333333333333333,0.6,3,2,0
US-2021-146822,AG-10675,2021-06-09,US,South,United States,Consumer,Medium,49.12,4,0.0,0.0,1,1,0
CA-2021-106103,SC-20305,2021-06-10,US,Central,United States,Consumer,Medium,132.52,4,0.0,0.0,1,1,0
CA-2021-107167,ND-18460,2021-06-10,US,South,United States,Corporate,Medium,1347.5200000000002,8,0.2,0.2,1,1,0
CA-2021-112172,MM-18280,2021-06-10,US,East,United States,Corporate,Medium,14.13,3,0.0,0.0,1,1,0
CA-2021-137001,GZ-14545,2021-06-10,US,West,United States,Corporate,Medium,14.7,7,0.0,0.0,1,1,0
CA-2021-140963,MT-18070,2021-06-10,US,West,United States,Home Office,Medium,823.7249999999999,12,0.1166666666666666,0.2,3,3,1
CA-2021-143343,BW-11200,2021-06-10,US,West,United States,Consumer,Medium,16.4,5,0.0,0.0,1,1,0
CA-2021-158071,BD-11320,2021-06-10,US,West,United States,Consumer,Medium,115.916,8,0.0666666666666666,0.2,3,2,0
CA-2021-167080,LC-16930,2021-06-10,US,East,United States,Corporate,Medium,8.4,5,0.0,0.0,1,1,0
US-2021-131583,CL-11890,2021-06-10,US,East,United States,Consumer,Medium,40.032,6,0.2,0.2,1,1,0
CA-2021-102554,KN-16705,2021-06-11,US,South,United States,Home Office,Medium,3.76,2,0.0,0.0,1,1,0
CA-2021-133928,ZC-21910,2021-06-11,US,South,United States,Consumer,Medium,4.572000000000001,4,0.7,0.7,1,1,0
CA-2021-134565,TB-21400,2021-06-11,US,West,United States,Consumer,Medium,719.4080000000001,18,0.08,0.2,5,3,0
CA-2021-141481,ZD-21925,2021-06-11,US,West,United States,Consumer,Medium,61.44,3,0.0,0.0,1,1,0
US-2021-120418,BC-11125,2021-06-11,US,West,United States,Home Office,Medium,668.744,14,0.2,0.2,5,2,0
US-2021-152002,DV-13465,2021-06-11,US,West,United States,Consumer,Medium,122.97,3,0.0,0.0,1,1,0
CA-2021-108441,SB-20170,2021-06-12,US,East,United States,Consumer,Medium,954.548,14,0.075,0.2,4,2,0
CA-2021-117821,HG-15025,2021-06-12,US,East,United States,Consumer,Medium,63.92000000000001,2,0.2,0.2,1,1,0
CA-2021-119424,SB-20185,2021-06-12,US,West,United States,Consumer,Medium,91.416,6,0.1,0.2,2,2,0
CA-2021-124191,TS-21610,2021-06-12,US,Central,United States,Consumer,Medium,8.856,3,0.6,0.6,1,1,0
CA-2021-143861,LC-16885,2021-06-12,US,South,United States,Consumer,Medium,17.088,2,0.2,0.2,1,1,0
CA-2021-148474,ME-17320,2021-06-12,US,South,United States,Home Office,Medium,544.1399999999999,6,0.0,0.0,2,2,0
CA-2021-102337,SD-20485,2021-06-13,US,Central,United States,Home Office,Medium,683.0219999999999,13,0.2333333333333333,0.3,3,3,0
CA-2021-104850,TW-21025,2021-06-13,US,West,United States,Home Office,Medium,291.136,4,0.2,0.2,1,1,0
CA-2021-122056,PG-18895,2021-06-13,US,South,United States,Consumer,Medium,181.86,7,0.0,0.0,1,1,0
CA-2021-111178,TD-20995,2021-06-15,US,Central,United States,Consumer,Medium,19.56,5,0.2,0.2,1,1,0
CA-2021-118864,KH-16690,2021-06-15,US,West,United States,Corporate,Medium,119.96,1,0.2,0.2,1,1,0
CA-2021-119284,TS-21205,2021-06-15,US,South,United States,Corporate,Medium,2942.784,31,0.2285714285714286,0.4,7,3,1
CA-2021-126914,JE-15715,2021-06-15,US,South,United States,Consumer,Medium,776.0800000000002,5,0.2,0.2,2,1,0
CA-2021-135167,SC-20800,2021-06-15,US,West,United States,Consumer,Medium,4.26,1,0.0,0.0,1,1,0
CA-2021-169691,Dp-13240,2021-06-15,US,Central,United States,Home Office,Medium,146.89,11,0.0,0.0,3,1,0
CA-2021-169901,CC-12550,2021-06-15,US,West,United States,Consumer,Medium,47.976,3,0.2,0.2,1,1,0
CA-2021-105214,TS-21610,2021-06-16,US,West,United States,Consumer,Medium,1231.5,9,0.1,0.2,2,2,0
CA-2021-111269,CS-12355,2021-06-16,US,East,United States,Consumer,Medium,503.872,11,0.2,0.2,2,2,0
CA-2021-129462,JE-15745,2021-06-16,US,South,United States,Consumer,Medium,740.5899999999999,8,0.0,0.0,4,3,0
CA-2021-136826,CB-12535,2021-06-16,US,South,United States,Corporate,Medium,14.015999999999998,3,0.2,0.2,1,1,0
CA-2021-155873,AB-10255,2021-06-16,US,West,United States,Home Office,Medium,228.28,9,0.0,0.0,3,1,0
US-2021-132206,MK-17905,2021-06-16,US,Central,United States,Corporate,Medium,5.935999999999999,7,0.8,0.8,1,1,0
CA-2021-118437,PF-19165,2021-06-17,US,West,United States,Consumer,Medium,169.28,4,0.0,0.0,2,2,0
CA-2021-131618,LS-17200,2021-06-17,US,Central,United States,Corporate,Medium,23.888,10,0.6,0.8,3,1,1
CA-2021-146346,RA-19945,2021-06-17,US,West,United States,Consumer,Medium,146.352,3,0.2,0.2,1,1,0
CA-2021-157833,KD-16345,2021-06-17,US,West,United States,Consumer,Medium,51.312,3,0.2,0.2,1,1,0
CA-2021-165323,SR-20740,2021-06-17,US,East,United States,Home Office,Medium,3505.84,8,0.0,0.0,2,1,0
CA-2021-112753,CC-12670,2021-06-18,US,West,United States,Consumer,Medium,956.8035,15,0.075,0.15,2,2,1
CA-2021-162712,NK-18490,2021-06-18,US,Central,United States,Home Office,Medium,74.352,3,0.2,0.2,1,1,0
CA-2021-128944,KH-16330,2021-06-19,US,East,United States,Corporate,Medium,921.2279999999998,18,0.2333333333333333,0.3,3,2,0
CA-2021-138870,GA-14515,2021-06-19,US,West,United States,Consumer,Medium,74.88,6,0.0,0.0,2,2,0
CA-2021-140844,AR-10405,2021-06-19,US,East,United States,Corporate,Medium,200.94,10,0.0,0.0,2,2,0
CA-2021-141992,FO-14305,2021-06-19,US,Central,United States,Consumer,Medium,164.768,3,0.2,0.2,2,1,0
CA-2021-154011,DB-13270,2021-06-19,US,Central,United States,Home Office,Medium,464.3729999999999,6,0.55,0.8,2,2,0
CA-2021-169999,JS-15685,2021-06-19,US,East,United States,Corporate,Medium,140.86800000000002,5,0.1,0.2,2,1,0
US-2021-102288,ZC-21910,2021-06-19,US,Central,United States,Consumer,Medium,148.884,10,0.6,0.8,3,1,0
CA-2021-101434,TR-21325,2021-06-20,US,East,United States,Consumer,Medium,249.79,5,0.0,0.0,2,2,0
CA-2021-106852,ST-20530,2021-06-20,US,East,United States,Consumer,Medium,36.352,8,0.2,0.2,2,1,0
CA-2021-132934,JE-15475,2021-06-20,US,East,United States,Consumer,Medium,201.262,8,0.1,0.2,2,2,0
CA-2021-151218,PJ-19015,2021-06-20,US,South,United States,Consumer,Medium,4.464,1,0.2,0.2,1,1,0
US-2021-135986,PG-18895,2021-06-20,US,South,United States,Consumer,Medium,536.36,9,0.0,0.0,2,2,0
CA-2021-101049,AS-10240,2021-06-21,US,East,United States,Consumer,Medium,59.17600000000001,11,0.4499999999999999,0.7,2,2,0
CA-2021-124744,EH-14125,2021-06-21,US,East,United States,Home Office,Medium,536.48,15,0.0,0.0,3,1,0
CA-2021-105823,RB-19465,2021-06-22,US,Central,United States,Home Office,Medium,487.96,2,0.0,0.0,1,1,0
CA-2021-155936,JK-15730,2021-06-22,US,Central,United States,Consumer,Medium,3.036,3,0.8,0.8,1,1,0
CA-2021-165757,PL-18925,2021-06-22,US,East,United States,Home Office,Medium,50.415000000000006,10,0.5333333333333333,0.7,3,1,0
US-2021-133781,DC-12850,2021-06-22,US,South,United States,Consumer,Medium,37.608,3,0.2,0.2,1,1,0
CA-2021-100384,NH-18610,2021-06-24,US,West,United States,Corporate,Medium,421.42,17,0.0,0.0,2,1,0
CA-2021-105074,MB-17305,2021-06-24,US,East,United States,Consumer,Medium,21.744000000000003,3,0.2,0.2,1,1,0
CA-2021-122105,CJ-12010,2021-06-24,US,West,United States,Consumer,Medium,95.92,8,0.0,0.0,1,1,0
CA-2021-132955,SC-20575,2021-06-24,US,East,United States,Consumer,Medium,102.93,3,0.0,0.0,1,1,0
CA-2021-136350,GA-14515,2021-06-24,US,East,United States,Consumer,Medium,449.454,5,0.05,0.1,2,1,0
CA-2021-159107,KT-16480,2021-06-24,US,West,United States,Consumer,Medium,2.88,1,0.0,0.0,1,1,0
US-2021-151316,MC-17635,2021-06-24,US,Central,United States,Corporate,Medium,193.266,6,0.5,0.8,2,1,0
CA-2021-116127,SB-20185,2021-06-25,US,East,United States,Consumer,Medium,400.7840000000001,1,0.2,0.2,1,1,0
CA-2021-133648,ML-17755,2021-06-25,US,West,United States,Home Office,Medium,87.688,11,0.2,0.2,3,1,0
CA-2021-134796,FM-14380,2021-06-25,US,Central,United States,Consumer,Medium,148.48,2,0.2,0.2,1,1,0
US-2021-124821,AM-10705,2021-06-25,US,West,United States,Consumer,Medium,871.4,4,0.0,0.0,1,1,0
CA-2021-100636,DO-13435,2021-06-26,US,East,United States,Consumer,Medium,272.94,3,0.0,0.0,1,1,0
CA-2021-107132,SC-20260,2021-06-26,US,East,United States,Corporate,Medium,913.168,14,0.05,0.2,4,1,0
CA-2021-115364,OT-18730,2021-06-26,US,West,United States,Consumer,Medium,83.76,12,0.0,0.0,1,1,0
CA-2021-133256,TH-21550,2021-06-26,US,Central,United States,Home Office,Medium,564.38,13,0.0,0.0,3,2,0
CA-2021-138310,NP-18700,2021-06-26,US,West,United States,Consumer,Medium,431.92800000000005,9,0.2,0.2,1,1,0
CA-2021-148810,DR-12880,2021-06-26,US,South,United States,Corporate,Medium,287.42400000000004,9,0.2,0.2,2,2,0
CA-2021-157091,DB-13405,2021-06-26,US,Central,United States,Consumer,Medium,526.45,5,0.0,0.0,1,1,0
CA-2021-161410,CC-12220,2021-06-26,US,East,United States,Consumer,Medium,904.116,17,0.4,0.4,2,1,0
CA-2021-163531,SC-20725,2021-06-26,US,East,United States,Consumer,Medium,239.97,3,0.0,0.0,1,1,0
CA-2021-116988,PW-19030,2021-06-27,US,West,United States,Corporate,Medium,1433.19,11,0.0,0.0,3,3,0
CA-2021-123638,MA-17995,2021-06-27,US,East,United States,Home Office,Medium,191.646,3,0.1,0.1,1,1,0
CA-2021-151190,GT-14710,2021-06-27,US,Central,United States,Consumer,Medium,20.07,3,0.0,0.0,1,1,0
CA-2021-100650,DK-13225,2021-06-29,US,West,United States,Corporate,Medium,1295.78,2,0.0,0.0,1,1,0
CA-2021-137085,CT-11995,2021-06-29,US,West,United States,Consumer,Medium,312.552,9,0.2,0.2,1,1,1
CA-2021-137449,ME-17725,2021-06-29,US,Central,United States,Consumer,Medium,738.7052,8,0.4733333333333333,0.8,3,2,0
CA-2021-138149,WB-21850,2021-06-29,US,West,United States,Consumer,Medium,1100.62,13,0.05,0.2,4,2,0
CA-2021-143574,DR-12880,2021-06-29,US,East,United States,Corporate,Medium,694.6700000000001,14,0.0,0.0,3,2,0
CA-2021-147039,AA-10315,2021-06-29,US,Central,United States,Consumer,Medium,374.48,5,0.0,0.0,2,1,0
US-2021-126081,FC-14335,2021-06-29,US,Central,United States,Corporate,Medium,5.184000000000001,1,0.2,0.2,1,1,0
CA-2021-102946,VP-21730,2021-06-30,US,West,United States,Home Office,Medium,75.792,3,0.2,0.2,1,1,0
CA-2021-109393,JC-15775,2021-06-30,US,West,United States,Consumer,Medium,435.999,3,0.15,0.15,1,1,0
CA-2021-125745,DV-13045,2021-06-30,US,South,United States,Corporate,Medium,19.52,2,0.2,0.2,1,1,0
CA-2021-131695,RA-19285,2021-06-30,US,East,United States,Consumer,Medium,270.8,8,0.0,0.0,2,2,0
CA-2021-163006,GH-14410,2021-06-30,US,Central,United States,Home Office,Medium,1584.866,7,0.3666666666666667,0.6,3,2,0
CA-2021-164112,ND-18460,2021-06-30,US,East,United States,Corporate,Medium,1085.42,7,0.0,0.0,1,1,0
US-2021-102890,SG-20470,2021-06-30,US,East,United States,Consumer,Medium,1044.63,5,0.4,0.4,1,1,0
US-2021-113201,TT-21220,2021-06-30,US,West,United States,Consumer,Medium,204.95,5,0.0,0.0,1,1,0
US-2021-148362,KF-16285,2021-07-01,US,Central,United States,Home Office,Medium,639.83,9,0.0,0.0,3,1,0
CA-2021-107958,AH-10120,2021-07-02,US,Central,United States,Home Office,Medium,169.192,9,0.5,0.8,2,1,0
CA-2021-106747,TS-21505,2021-07-03,US,East,United States,Consumer,Medium,102.3,1,0.0,0.0,1,1,0
CA-2021-111647,RD-19585,2021-07-03,US,Central,United States,Consumer,Medium,167.96800000000002,4,0.2,0.2,1,1,0
CA-2021-121503,FH-14275,2021-07-03,US,Central,United States,Corporate,Medium,871.028,10,0.3,0.4,2,2,0
CA-2021-124828,YS-21880,2021-07-03,US,South,United States,Corporate,Medium,9.552,3,0.2,0.2,1,1,0
CA-2021-139437,RD-19585,2021-07-03,US,West,United States,Consumer,Medium,87.92,4,0.0,0.0,1,1,0
CA-2021-140053,CA-12265,2021-07-03,US,West,United States,Consumer,Medium,545.85,9,0.0,0.0,1,1,1
CA-2021-168109,JK-15640,2021-07-03,US,West,United States,Home Office,Medium,4150.972000000001,13,0.1,0.2,4,1,0
CA-2021-169124,MB-17305,2021-07-03,US,West,United States,Consumer,Medium,129.39,3,0.0,0.0,1,1,0
US-2021-111024,SZ-20035,2021-07-03,US,East,United States,Home Office,Medium,279.004,12,0.2666666666666666,0.4,3,2,0
US-2021-126179,CS-12460,2021-07-03,US,South,United States,Consumer,Medium,311.96,4,0.0,0.0,2,2,0
US-2021-129777,FM-14290,2021-07-03,US,East,United States,Home Office,Medium,283.46,12,0.0,0.0,2,2,0
US-2021-166233,MO-17950,2021-07-03,US,South,United States,Consumer,Medium,24.0,2,0.2,0.2,1,1,0
CA-2021-100223,LS-16945,2021-07-05,US,Central,United States,Corporate,Medium,396.394,28,0.52,0.8,5,2,0
CA-2021-104388,DK-12835,2021-07-05,US,Central,United States,Corporate,Medium,79.96,4,0.0,0.0,1,1,0
US-2021-101784,PO-18850,2021-07-06,US,West,United States,Consumer,Medium,122.136,3,0.2,0.2,1,1,0
US-2021-124303,FH-14365,2021-07-06,US,East,United States,Corporate,Medium,19.002,5,0.4499999999999999,0.7,2,1,0
US-2021-152492,AH-10585,2021-07-06,US,South,United States,Consumer,Medium,239.24,1,0.2,0.2,1,1,0
CA-2021-105053,CS-12355,2021-07-07,US,East,United States,Consumer,Medium,17.472,3,0.2,0.2,1,1,0
CA-2021-106824,AT-10735,2021-07-07,US,West,United States,Consumer,Medium,5.94,3,0.0,0.0,1,1,0
CA-2021-155152,MP-17965,2021-07-07,US,East,United States,Corporate,Medium,252.0,4,0.0,0.0,1,1,0
US-2021-169551,RL-19615,2021-07-07,US,East,United States,Consumer,Medium,1344.838,16,0.2833333333333334,0.5,6,3,0
CA-2021-108560,JC-15385,2021-07-08,US,West,United States,Consumer,Medium,1058.108,14,0.05,0.2,4,3,0
CA-2021-111759,MR-17545,2021-07-08,US,West,United States,Home Office,Medium,52.76,2,0.0,0.0,1,1,0
CA-2021-133249,SZ-20035,2021-07-08,US,West,United States,Home Office,Medium,145.9,5,0.0,0.0,1,1,0
CA-2021-134306,TD-20995,2021-07-08,US,East,United States,Consumer,Medium,45.08,7,0.0,0.0,3,1,0
CA-2021-138464,VF-21715,2021-07-08,US,West,United States,Home Office,Medium,133.576,13,0.05,0.2,4,2,0
CA-2021-140480,HE-14800,2021-07-08,US,East,United States,Corporate,Medium,469.66,23,0.0,0.0,5,3,0
CA-2021-150189,VG-21790,2021-07-08,US,West,United States,Consumer,Medium,75.17999999999999,6,0.0,0.0,1,1,0
CA-2021-115651,NS-18640,2021-07-09,US,Central,United States,Corporate,Medium,67.30399999999997,14,0.5,0.8,2,1,0
CA-2021-121083,JF-15190,2021-07-09,US,East,United States,Consumer,Medium,847.46,17,0.0,0.0,4,2,0
CA-2021-132122,JH-15820,2021-07-09,US,Central,United States,Consumer,Medium,228.92,5,0.2,0.2,1,1,0
CA-2021-145128,SM-20320,2021-07-09,US,Central,United States,Home Office,Medium,526.45,5,0.0,0.0,1,1,1
US-2021-100209,TD-20995,2021-07-09,US,West,United States,Consumer,Medium,1.0800000000000003,2,0.7,0.7,1,1,0
CA-2021-127460,FG-14260,2021-07-10,US,Central,United States,Home Office,Medium,298.464,6,0.2,0.2,1,1,0
CA-2021-128629,BP-11155,2021-07-10,US,South,United States,Consumer,Medium,18.84,3,0.0,0.0,1,1,0
CA-2021-169012,BF-11275,2021-07-10,US,South,United States,Corporate,Medium,41.91,3,0.0,0.0,1,1,0
CA-2021-127656,NW-18400,2021-07-11,US,Central,United States,Consumer,Medium,30.32,4,0.0,0.0,1,1,0
CA-2021-136623,TS-21430,2021-07-11,US,West,United States,Corporate,Medium,101.752,11,0.2,0.2,2,2,0
CA-2021-156818,JD-16015,2021-07-11,US,East,United States,Consumer,Medium,132.60000000000002,6,0.0,0.0,1,1,0
CA-2021-162015,KB-16240,2021-07-11,US,West,United States,Corporate,Medium,1455.55,10,0.0,0.0,2,2,1
CA-2021-164959,KN-16390,2021-07-11,US,West,United States,Corporate,Medium,8.67,3,0.0,0.0,1,1,0
CA-2021-106047,CS-11860,2021-07-12,US,East,United States,Consumer,Medium,3.816,1,0.2,0.2,1,1,0
CA-2021-102155,RR-19525,2021-07-13,US,Central,United States,Corporate,Medium,373.94,4,0.0,0.0,2,1,0
CA-2021-136364,MH-17455,2021-07-13,US,East,United States,Consumer,Medium,130.602,10,0.3,0.4,2,2,0
CA-2021-121048,TC-21295,2021-07-14,US,West,United States,Consumer,Medium,988.204,22,0.0571428571428571,0.2,7,3,0
US-2021-161935,JL-15835,2021-07-14,US,East,United States,Consumer,Medium,2610.73,33,0.2333333333333333,0.4,6,3,0
CA-2021-164378,MM-18055,2021-07-15,US,East,United States,Consumer,Medium,729.396,15,0.02,0.1,5,3,0
CA-2021-166142,MM-17260,2021-07-15,US,East,United States,Consumer,Medium,336.99300000000005,6,0.15,0.3,2,2,1
US-2021-128951,RS-19420,2021-07-15,US,South,United States,Corporate,Medium,1065.84,8,0.0,0.0,3,2,0
CA-2021-109778,VM-21685,2021-07-16,US,Central,United States,Home Office,Medium,2.9120000000000004,2,0.2,0.2,1,1,0
US-2021-152842,NF-18385,2021-07-16,US,South,United States,Consumer,Medium,242.35200000000003,3,0.2,0.2,1,1,0
US-2021-156909,SF-20065,2021-07-16,US,East,United States,Consumer,Medium,71.37199999999999,2,0.3,0.3,1,1,0
CA-2021-126662,AB-10255,2021-07-17,US,West,United States,Home Office,Medium,479.984,2,0.2,0.2,1,1,0
CA-2021-139948,SW-20455,2021-07-17,US,South,United States,Consumer,Medium,7.904000000000001,2,0.2,0.2,1,1,0
CA-2021-142342,AJ-10795,2021-07-17,US,West,United States,Corporate,Medium,1295.025,17,0.0375,0.15,4,2,1
US-2021-105046,BE-11335,2021-07-17,US,East,United States,Home Office,Medium,408.96,11,0.0,0.0,3,3,1
US-2021-142573,ML-17410,2021-07-18,US,West,United States,Consumer,Medium,1298.896,16,0.36,0.7,5,2,0
US-2021-165358,SV-20365,2021-07-18,US,East,United States,Consumer,Medium,807.898,11,0.3,0.4,3,3,0
CA-2021-118640,CS-11950,2021-07-20,US,Central,United States,Consumer,Medium,78.504,3,0.4,0.6,2,2,0
CA-2021-122035,EM-13825,2021-07-20,US,Central,United States,Corporate,Medium,1107.68,22,0.0,0.0,6,3,0
CA-2021-150497,SM-20950,2021-07-20,US,Central,United States,Corporate,Medium,735.98,2,0.0,0.0,1,1,0
US-2021-108343,AR-10825,2021-07-20,US,East,United States,Corporate,Medium,361.044,8,0.0333333333333333,0.1,3,2,0
CA-2021-103478,KL-16555,2021-07-21,US,Central,United States,Corporate,Medium,97.05599999999998,11,0.8,0.8,2,1,0
CA-2021-104731,AM-10705,2021-07-21,US,South,United States,Consumer,Medium,951.98,29,0.0,0.0,7,3,0
CA-2021-118724,AR-10825,2021-07-21,US,West,United States,Corporate,Medium,1629.7120000000002,11,0.1,0.2,2,2,0
CA-2021-145093,PT-19090,2021-07-21,US,Central,United States,Consumer,Medium,2.112,2,0.8,0.8,1,1,0
CA-2021-145429,SW-20455,2021-07-21,US,West,United States,Consumer,Medium,291.988,7,0.1333333333333333,0.2,3,2,0
US-2021-123204,CS-11860,2021-07-21,US,East,United States,Consumer,Medium,17.48,4,0.0,0.0,1,1,0
US-2021-123834,GM-14500,2021-07-21,US,Central,United States,Consumer,Medium,124.404,4,0.3,0.3,1,1,1
US-2021-127719,TW-21025,2021-07-21,US,East,United States,Home Office,Medium,6.48,1,0.0,0.0,1,1,0
US-2021-158505,SF-20200,2021-07-21,US,West,United States,Consumer,Medium,97.918,10,0.1,0.2,2,2,0
US-2021-160465,SW-20350,2021-07-21,US,East,United States,Home Office,Medium,466.8140000000001,16,0.4333333333333333,0.7,3,2,0
CA-2021-109750,FH-14365,2021-07-22,US,East,United States,Corporate,Medium,29.97,3,0.0,0.0,1,1,0
US-2021-106551,EB-13930,2021-07-22,US,Central,United States,Consumer,Medium,526.3439999999999,4,0.3,0.3,1,1,0
CA-2021-103506,LR-17035,2021-07-23,US,East,United States,Corporate,Medium,41.4,4,0.0,0.0,1,1,0
CA-2021-110940,AZ-10750,2021-07-23,US,Central,United States,Consumer,Medium,121.536,4,0.2,0.2,1,1,0
CA-2021-117240,CP-12340,2021-07-23,US,East,United States,Corporate,Medium,13.128,3,0.2,0.2,1,1,0
CA-2021-118346,PO-19180,2021-07-23,US,Central,United States,Home Office,Medium,399.95,5,0.0,0.0,1,1,0
CA-2021-125367,NM-18445,2021-07-23,US,East,United States,Home Office,Medium,13.919999999999998,3,0.2,0.2,1,1,0
CA-2021-133718,TB-21520,2021-07-23,US,West,United States,Consumer,Medium,73.512,12,0.1,0.2,2,1,0
US-2021-101721,MY-17380,2021-07-23,US,Central,United States,Corporate,Medium,63.312,3,0.2,0.2,1,1,0
US-2021-169320,LH-16900,2021-07-23,US,Central,United States,Consumer,Medium,171.43,7,0.0,0.0,2,2,0
US-2021-135013,HR-14830,2021-07-24,US,West,United States,Corporate,Medium,2399.96,5,0.2,0.2,1,1,0
CA-2021-121293,JC-15775,2021-07-25,US,East,United States,Consumer,Medium,477.0920000000001,17,0.24,0.4,5,2,0
CA-2021-125640,DD-13570,2021-07-25,US,East,United States,Consumer,Medium,3.3040000000000003,1,0.2,0.2,1,1,0
CA-2021-167549,EM-14200,2021-07-25,US,Central,United States,Home Office,Medium,298.116,6,0.3,0.3,1,1,0
CA-2021-169810,RB-19360,2021-07-25,US,Central,United States,Consumer,Medium,20.23,7,0.0,0.0,1,1,0
US-2021-167318,GZ-14545,2021-07-26,US,West,United States,Corporate,Medium,2012.302,8,0.1,0.2,2,2,0
CA-2021-107209,JW-15955,2021-07-27,US,South,United States,Consumer,Medium,194.848,4,0.2,0.2,1,1,0
CA-2021-108791,TM-21490,2021-07-27,US,East,United States,Consumer,Medium,558.81,9,0.0,0.0,2,2,0
CA-2021-123239,MG-18145,2021-07-27,US,South,United States,Consumer,Medium,91.032,3,0.2,0.2,1,1,0
CA-2021-133046,DK-13375,2021-07-27,US,West,United States,Consumer,Medium,297.99,14,0.0,0.0,4,3,0
CA-2021-130841,MH-17620,2021-07-28,US,West,United States,Corporate,Medium,1170.564,9,0.1333333333333333,0.2,3,2,0
CA-2021-101483,AG-10675,2021-07-29,US,South,United States,Consumer,Medium,61.21600000000001,10,0.2,0.2,3,2,0
CA-2021-130771,LA-16780,2021-07-29,US,Central,United States,Corporate,Medium,127.68800000000002,3,0.2,0.2,2,2,0
CA-2021-146031,GM-14440,2021-07-29,US,East,United States,Consumer,Medium,60.12,9,0.0,0.0,1,1,0
US-2021-113852,GW-14605,2021-07-29,US,West,United States,Consumer,Medium,90.57,3,0.0,0.0,1,1,0
US-2021-115301,VG-21790,2021-07-29,US,West,United States,Consumer,Medium,115.96,2,0.0,0.0,1,1,0
US-2021-130953,RF-19735,2021-07-29,US,Central,United States,Consumer,Medium,935.74,10,0.0,0.0,4,3,0
CA-2021-141103,JF-15355,2021-07-30,US,East,United States,Consumer,Medium,89.94999999999999,5,0.0,0.0,1,1,0
CA-2021-155740,TC-21475,2021-07-30,US,East,United States,Home Office,Medium,76.77600000000001,4,0.7,0.7,1,1,0
CA-2021-167913,JL-15835,2021-07-30,US,West,United States,Consumer,Medium,356.65,9,0.0,0.0,2,1,0
CA-2021-115805,KW-16435,2021-07-31,US,Central,United States,Consumer,Medium,36.792,1,0.2,0.2,1,1,0
CA-2021-121909,EA-14035,2021-07-31,US,East,United States,Corporate,Medium,54.816,3,0.2,0.2,1,1,0
CA-2021-125752,EH-14125,2021-07-31,US,South,United States,Home Office,Medium,41.42400000000001,2,0.2,0.2,1,1,0
CA-2021-126144,GM-14680,2021-07-31,US,East,United States,Consumer,Medium,285.576,4,0.4,0.4,1,1,0
CA-2021-147032,LB-16795,2021-07-31,US,East,United States,Home Office,Medium,872.5,9,0.0,0.0,3,1,0
CA-2021-161102,EC-14050,2021-07-31,US,West,United States,Consumer,Medium,93.52,9,0.0,0.0,2,2,0
US-2021-165869,LS-17200,2021-07-31,US,Central,United States,Corporate,Medium,173.4,10,0.0,0.0,2,1,0
CA-2021-124576,HK-14890,2021-08-01,US,West,United States,Corporate,Medium,54.89600000000001,2,0.2,0.2,1,1,0
CA-2021-133235,LH-16750,2021-08-01,US,South,United States,Consumer,Medium,271.96,5,0.2,0.2,1,1,0
CA-2021-135034,AT-10735,2021-08-01,US,Central,United States,Consumer,Medium,95.984,2,0.2,0.2,1,1,0
CA-2021-162691,AS-10045,2021-08-01,US,Central,United States,Corporate,Medium,1476.27,10,0.3,0.4,2,2,0
CA-2021-168942,EM-13960,2021-08-01,US,West,United States,Consumer,Medium,186.54,3,0.0,0.0,1,1,0
CA-2021-140781,AB-10105,2021-08-03,US,Central,United States,Consumer,Medium,39.816,3,0.2,0.2,1,1,0
CA-2021-141747,SC-20230,2021-08-03,US,West,United States,Corporate,Medium,16.06,1,0.0,0.0,1,1,0
CA-2021-163566,TB-21055,2021-08-03,US,East,United States,Consumer,Medium,16.520000000000003,5,0.2,0.2,1,1,0
CA-2021-165386,CM-12190,2021-08-03,US,Central,United States,Consumer,Medium,183.372,2,0.3,0.3,1,1,0
CA-2021-168396,BD-11725,2021-08-03,US,West,United States,Consumer,Medium,175.71,8,0.0,0.0,2,2,0
US-2021-143175,GA-14515,2021-08-03,US,West,United States,Consumer,Medium,99.87,3,0.0,0.0,1,1,0
CA-2021-132738,HM-14860,2021-08-04,US,West,United States,Corporate,Medium,16.752000000000002,3,0.2,0.2,2,1,0
CA-2021-146367,HM-14860,2021-08-04,US,Central,United States,Corporate,Medium,3.318,3,0.8,0.8,1,1,0
CA-2021-117695,PW-19030,2021-08-05,US,South,United States,Corporate,Medium,13.76,2,0.0,0.0,1,1,0
CA-2021-128328,PO-18865,2021-08-05,US,Central,United States,Consumer,Medium,338.86,17,0.0,0.0,3,2,0
CA-2021-154676,NZ-18565,2021-08-05,US,Central,United States,Home Office,Medium,151.056,9,0.2,0.2,1,1,0
CA-2021-136609,TB-21355,2021-08-06,US,Central,United States,Corporate,Medium,115.296,3,0.2,0.2,1,1,0
CA-2021-151981,GM-14455,2021-08-06,US,East,United States,Home Office,Medium,1077.47,19,0.0,0.0,3,2,0
CA-2021-161200,SV-20365,2021-08-06,US,South,United States,Consumer,Medium,161.14,8,0.0,0.0,2,1,0
CA-2021-168172,SH-20395,2021-08-06,US,East,United States,Consumer,Medium,70.12,4,0.0,0.0,1,1,0
CA-2021-110821,CK-12205,2021-08-07,US,Central,United States,Consumer,Medium,237.608,5,0.2,0.2,2,2,0
CA-2021-115175,MC-17575,2021-08-07,US,West,United States,Consumer,Medium,244.55,5,0.0,0.0,1,1,0
CA-2021-117023,JW-15955,2021-08-07,US,East,United States,Consumer,Medium,116.48000000000002,12,0.0,0.0,2,1,0
CA-2021-156776,JL-15505,2021-08-07,US,West,United States,Consumer,Medium,2563.314,22,0.1,0.2,8,3,0
CA-2021-158344,CC-12475,2021-08-07,US,Central,United States,Consumer,Medium,63.96,4,0.0,0.0,1,1,0
CA-2021-163321,FM-14380,2021-08-07,US,South,United States,Consumer,Medium,79.992,1,0.2,0.2,1,1,0
US-2021-155999,JK-15370,2021-08-07,US,West,United States,Consumer,Medium,173.72000000000003,7,0.2,0.2,2,2,1
CA-2021-143063,IL-15100,2021-08-10,US,Central,United States,Consumer,Medium,1645.8700000000003,17,0.0,0.0,3,3,0
CA-2021-145443,SC-20695,2021-08-10,US,Central,United States,Corporate,Medium,177.2,5,0.0,0.0,1,1,0
CA-2021-100433,SJ-20125,2021-08-11,US,East,United States,Home Office,Medium,25.92,4,0.0,0.0,1,1,0
CA-2021-139311,SF-20965,2021-08-11,US,Central,United States,Corporate,Medium,205.296,21,0.35,0.8,4,2,0
CA-2021-160899,DR-12940,2021-08-11,US,South,United States,Home Office,Medium,477.51,11,0.0,0.0,1,1,0
CA-2021-106537,RH-19495,2021-08-12,US,South,United States,Consumer,Medium,20.736000000000004,4,0.2,0.2,1,1,0
CA-2021-152310,DK-12895,2021-08-12,US,West,United States,Consumer,Medium,1057.168,27,0.0666666666666666,0.2,6,2,0
CA-2021-158169,JM-16195,2021-08-12,US,West,United States,Consumer,Medium,597.8599999999999,7,0.0,0.0,2,2,0
US-2021-118941,BB-11545,2021-08-12,US,East,United States,Corporate,Medium,2017.32,13,0.0,0.0,3,2,0
CA-2021-100580,MK-17905,2021-08-13,US,West,United States,Corporate,Medium,36.024,3,0.2,0.2,1,1,0
CA-2021-128363,DC-12850,2021-08-13,US,South,United States,Consumer,Medium,2382.9260000000004,28,0.2714285714285714,0.7,7,3,0
CA-2021-167542,KD-16495,2021-08-13,US,East,United States,Corporate,Medium,17.544,3,0.2,0.2,1,1,0
US-2021-103828,JK-15370,2021-08-13,US,West,United States,Consumer,Medium,206.67,17,0.0,0.0,4,1,1
CA-2021-105921,JM-15250,2021-08-14,US,West,United States,Consumer,Medium,418.296,3,0.2,0.2,1,1,0
CA-2021-169264,NP-18700,2021-08-14,US,West,United States,Consumer,Medium,22.44,8,0.0,0.0,2,1,0
CA-2021-138548,JG-15160,2021-08-15,US,East,United States,Consumer,Medium,97.84,2,0.0,0.0,1,1,0
CA-2021-144883,BO-11350,2021-08-15,US,Central,United States,Corporate,Medium,50.4,8,0.0,0.0,1,1,0
US-2021-117723,DL-13495,2021-08-15,US,East,United States,Corporate,Medium,1801.632,6,0.2,0.2,1,1,0
CA-2021-122987,SJ-20215,2021-08-16,US,South,United States,Consumer,Medium,80.56400000000001,7,0.4499999999999999,0.7,2,1,0
CA-2021-118892,TP-21415,2021-08-17,US,East,United States,Consumer,Medium,4416.174,9,0.3,0.3,1,1,0
CA-2021-133102,ED-13885,2021-08-17,US,Central,United States,Home Office,Medium,143.808,15,0.42,0.8,5,2,0
CA-2021-151211,AH-10120,2021-08-17,US,South,United States,Home Office,Medium,201.09,9,0.0,0.0,2,2,0
CA-2021-166093,RW-19540,2021-08-17,US,West,United States,Corporate,Medium,3397.732,30,0.0857142857142857,0.2,7,2,1
US-2021-111423,EH-13765,2021-08-17,US,East,United States,Corporate,Medium,1358.484,7,0.15,0.2,2,2,0
CA-2021-112809,RA-19915,2021-08-18,US,Central,United States,Consumer,Medium,228.188,12,0.6,0.8,3,1,0
CA-2021-117947,NG-18355,2021-08-18,US,East,United States,Corporate,Medium,283.774,17,0.04,0.2,5,3,0
CA-2021-119809,YS-21880,2021-08-18,US,West,United States,Corporate,Medium,3859.488,19,0.0666666666666666,0.2,3,2,0
CA-2021-121027,HW-14935,2021-08-18,US,West,United States,Corporate,Medium,2340.06,11,0.0,0.0,2,1,0
CA-2021-122028,CK-12205,2021-08-18,US,East,United States,Consumer,Medium,10.782000000000002,3,0.7,0.7,1,1,0
CA-2021-151358,NF-18595,2021-08-18,US,West,United States,Home Office,Medium,323.1,2,0.0,0.0,1,1,0
CA-2021-162936,CM-12160,2021-08-18,US,East,United States,Consumer,Medium,23.18,2,0.0,0.0,1,1,0
CA-2021-163069,PJ-19015,2021-08-18,US,East,United States,Consumer,Medium,9.912,3,0.2,0.2,1,1,0
CA-2021-101728,SC-20575,2021-08-19,US,Central,United States,Consumer,Medium,2.296,2,0.8,0.8,1,1,0
CA-2021-115777,DO-13645,2021-08-19,US,East,United States,Consumer,Medium,19.44,3,0.0,0.0,1,1,0
CA-2021-132339,JB-15400,2021-08-19,US,East,United States,Corporate,Medium,387.99,1,0.0,0.0,1,1,0
US-2021-100398,DO-13435,2021-08-19,US,West,United States,Consumer,Medium,102.72,3,0.2,0.2,1,1,0
CA-2021-105326,KT-16480,2021-08-20,US,West,United States,Consumer,Medium,25.92,4,0.0,0.0,1,1,0
CA-2021-119011,LR-17035,2021-08-20,US,West,United States,Corporate,Medium,351.66,12,0.0666666666666666,0.2,3,2,0
CA-2021-137344,EM-13810,2021-08-20,US,East,United States,Corporate,Medium,40.29,3,0.0,0.0,1,1,0
US-2021-111241,GM-14500,2021-08-20,US,West,United States,Consumer,Medium,239.12000000000003,5,0.2,0.2,1,1,0
US-2021-114356,TT-21460,2021-08-20,US,South,United States,Home Office,Medium,35.96,1,0.2,0.2,1,1,0
CA-2021-112956,TH-21550,2021-08-21,US,East,United States,Home Office,Medium,394.48,11,0.0,0.0,3,2,0
CA-2021-117646,SC-20845,2021-08-21,US,West,United States,Consumer,Medium,266.52000000000004,7,0.2,0.2,3,2,0
CA-2021-121489,CM-11815,2021-08-21,US,West,United States,Corporate,Medium,994.464,14,0.0666666666666666,0.2,3,3,0
CA-2021-126956,GT-14710,2021-08-21,US,Central,United States,Consumer,Medium,87.52,13,0.0,0.0,3,1,0
CA-2021-144750,DL-13495,2021-08-21,US,West,United States,Corporate,Medium,83.88,1,0.2,0.2,1,1,0
CA-2021-155705,NF-18385,2021-08-21,US,South,United States,Consumer,Medium,866.4,4,0.0,0.0,1,1,0
US-2021-102183,PK-19075,2021-08-21,US,East,United States,Consumer,Medium,4337.64,13,0.2,0.2,2,1,0
US-2021-109253,PR-18880,2021-08-21,US,West,United States,Consumer,Medium,1520.15,32,0.0857142857142857,0.2,7,3,1
CA-2021-131037,TM-21490,2021-08-22,US,West,United States,Consumer,Medium,210.008,1,0.2,0.2,1,1,0
US-2021-132381,Dp-13240,2021-08-22,US,East,United States,Home Office,Medium,314.532,2,0.4,0.4,1,1,0
CA-2021-129021,PO-18850,2021-08-23,US,South,United States,Consumer,Medium,4590.344000000001,28,0.2,0.2,5,3,0
CA-2021-123043,AH-10195,2021-08-24,US,East,United States,Corporate,Medium,28.416,5,0.2,0.2,2,1,0
CA-2021-139717,DM-13015,2021-08-24,US,East,United States,Consumer,Medium,656.6400000000001,10,0.2,0.2,2,1,0
CA-2021-101210,DW-13540,2021-08-25,US,South,United States,Consumer,Medium,13.152,3,0.2,0.2,2,1,0
CA-2021-114636,GA-14725,2021-08-25,US,South,United States,Consumer,Medium,192.16000000000005,5,0.2,0.2,1,1,0
CA-2021-159793,SV-20365,2021-08-25,US,East,United States,Consumer,Medium,130.98,2,0.5,0.5,1,1,0
US-2021-105697,JE-15715,2021-08-25,US,East,United States,Consumer,Medium,25.696,2,0.2,0.2,1,1,0
CA-2021-128475,SC-20680,2021-08-26,US,South,United States,Home Office,Medium,71.98,2,0.0,0.0,1,1,0
CA-2021-132584,HJ-14875,2021-08-26,US,Central,United States,Home Office,Medium,53.72,4,0.0,0.0,1,1,0
CA-2021-157350,DP-13000,2021-08-26,US,Central,United States,Consumer,Medium,64.96,5,0.6,0.6,1,1,0
CA-2021-101273,ST-20530,2021-08-27,US,South,United States,Consumer,Medium,14.336000000000002,4,0.2,0.2,1,1,1
CA-2021-130036,BP-11185,2021-08-27,US,East,United States,Corporate,Medium,1132.5600000000002,17,0.2,0.2,2,2,0
CA-2021-133501,DK-12895,2021-08-27,US,South,United States,Consumer,Medium,5.184000000000001,1,0.2,0.2,1,1,0
CA-2021-155047,SE-20110,2021-08-27,US,Central,United States,Consumer,Medium,5.952000000000001,1,0.2,0.2,1,1,0
CA-2021-161956,DR-12880,2021-08-27,US,West,United States,Corporate,Medium,2971.7920000000004,26,0.075,0.2,8,3,1
CA-2021-163097,SF-20200,2021-08-27,US,West,United States,Consumer,Medium,120.576,8,0.2,0.2,1,1,0
US-2021-134481,AR-10405,2021-08-27,US,East,United States,Corporate,Medium,1488.4239999999998,7,0.3,0.3,1,1,0
US-2021-139465,MR-17545,2021-08-27,US,East,United States,Home Office,Medium,448.818,17,0.0666666666666666,0.2,3,2,0
US-2021-162208,SP-20620,2021-08-27,US,South,United States,Corporate,Medium,2.8960000000000004,1,0.2,0.2,1,1,0
CA-2021-126067,KN-16705,2021-08-28,US,West,United States,Home Office,Medium,1278.158,16,0.1,0.2,4,3,0
CA-2021-146920,SC-20305,2021-08-28,US,Central,United States,Consumer,Medium,52.06400000000001,11,0.2,0.2,2,1,0
US-2021-169502,MG-17650,2021-08-28,US,Central,United States,Home Office,Medium,113.41,8,0.0,0.0,2,1,0
CA-2021-101014,RW-19540,2021-08-29,US,West,United States,Corporate,Medium,148.02,3,0.0,0.0,1,1,0
CA-2021-104024,MD-17860,2021-08-29,US,East,United States,Corporate,Medium,9.408,7,0.2,0.2,1,1,0
CA-2021-144064,CP-12085,2021-08-29,US,Central,United States,Corporate,Medium,78.04,15,0.4000000000000001,0.8,3,1,1
CA-2021-107321,AW-10930,2021-08-31,US,West,United States,Home Office,Medium,696.08,7,0.2,0.2,2,2,0
CA-2021-117198,BG-11035,2021-08-31,US,South,United States,Consumer,Medium,659.9,2,0.0,0.0,1,1,0
CA-2021-127712,MG-17890,2021-08-31,US,West,United States,Home Office,Medium,6.208,2,0.2,0.2,1,1,0
CA-2021-132619,MS-17770,2021-08-31,US,West,United States,Consumer,Medium,193.95,3,0.0,0.0,1,1,0
CA-2021-133004,AJ-10945,2021-08-31,US,Central,United States,Consumer,Medium,638.73,9,0.0,0.0,1,1,0
CA-2021-154074,BW-11110,2021-08-31,US,West,United States,Corporate,Medium,719.2980000000001,9,0.1,0.2,2,2,1
CA-2021-159884,JF-15490,2021-08-31,US,West,United States,Consumer,Medium,19.12,4,0.2,0.2,2,1,0
US-2021-135062,RL-19615,2021-08-31,US,South,United States,Consumer,Medium,229.544,7,0.2,0.2,1,1,0
CA-2021-107909,SS-20875,2021-09-01,US,West,United States,Consumer,Medium,42.91,6,0.1,0.2,2,2,0
CA-2021-128041,RW-19540,2021-09-01,US,West,United States,Corporate,Medium,598.1600000000001,8,0.0,0.0,2,2,0
CA-2021-131625,BN-11515,2021-09-01,US,East,United States,Consumer,Medium,114.9,5,0.0,0.0,1,1,0
CA-2021-145653,CA-12775,2021-09-01,US,Central,United States,Consumer,Medium,498.2600000000001,7,0.0,0.0,1,1,0
US-2021-135230,CK-12325,2021-09-01,US,West,United States,Home Office,Medium,7.58,1,0.0,0.0,1,1,0
CA-2021-102218,LW-17215,2021-09-02,US,West,United States,Consumer,Medium,11.696,2,0.2,0.2,1,1,0
CA-2021-110380,PF-19225,2021-09-02,US,West,United States,Consumer,Medium,6.57,3,0.0,0.0,1,1,0
CA-2021-111220,JS-15595,2021-09-02,US,Central,United States,Corporate,Medium,257.508,11,0.4000000000000001,0.8,3,1,0
CA-2021-111388,SU-20665,2021-09-02,US,West,United States,Home Office,Medium,215.976,3,0.2,0.2,1,1,0
CA-2021-113075,MC-18100,2021-09-02,US,Central,United States,Consumer,Medium,40.68,3,0.2,0.2,1,1,0
CA-2021-114216,RK-19300,2021-09-02,US,East,United States,Consumer,Medium,12.192,3,0.2,0.2,1,1,0
CA-2021-114552,Dl-13600,2021-09-02,US,East,United States,Corporate,Medium,15.072000000000005,3,0.2,0.2,1,1,0
CA-2021-123001,AW-10840,2021-09-02,US,West,United States,Consumer,Medium,284.984,12,0.0666666666666666,0.2,3,2,0
CA-2021-137596,BE-11335,2021-09-02,US,Central,United States,Home Office,Medium,3480.96,13,0.0,0.0,3,2,0
CA-2021-145037,TB-21055,2021-09-02,US,East,United States,Consumer,Medium,237.64,8,0.0,0.0,3,1,0
CA-2021-146983,AH-10210,2021-09-02,US,South,United States,Consumer,Medium,1577.94,3,0.0,0.0,1,1,0
CA-2021-157987,AC-10615,2021-09-02,US,East,United States,Corporate,Medium,2255.868,40,0.0583333333333333,0.4,12,3,0
CA-2021-169327,MH-17290,2021-09-02,US,West,United States,Home Office,Medium,702.52,15,0.0666666666666666,0.2,3,2,1
US-2021-163657,JL-15235,2021-09-02,US,West,United States,Consumer,Medium,255.248,7,0.2,0.2,2,2,0
CA-2021-123022,SC-20050,2021-09-03,US,West,United States,Home Office,Medium,367.53,8,0.1,0.2,2,2,0
CA-2021-146136,AP-10915,2021-09-03,US,South,United States,Consumer,Medium,24.448,4,0.2,0.2,1,1,0
CA-2021-161067,KB-16405,2021-09-03,US,East,United States,Home Office,Medium,697.525,9,0.05,0.1,4,2,0
CA-2021-161557,AG-10900,2021-09-03,US,Central,United States,Consumer,Medium,108.40000000000002,5,0.6,0.6,1,1,1
CA-2021-161823,AG-10300,2021-09-03,US,West,United States,Corporate,Medium,5.96,2,0.0,0.0,1,1,0
CA-2021-167626,MY-18295,2021-09-03,US,Central,United States,Corporate,Medium,109.704,5,0.2,0.2,2,2,0
US-2021-122637,EP-13915,2021-09-03,US,Central,United States,Consumer,Medium,42.61599999999999,7,0.8,0.8,1,1,0
US-2021-153255,JK-15730,2021-09-03,US,West,United States,Consumer,Medium,239.666,2,0.15,0.15,1,1,0
CA-2021-100783,JK-16120,2021-09-04,US,Central,United States,Home Office,Medium,30.384,1,0.2,0.2,1,1,0
CA-2021-101182,KB-16405,2021-09-04,US,West,United States,Home Office,Medium,56.136,5,0.1,0.2,2,2,0
CA-2021-102750,GM-14695,2021-09-04,US,West,United States,Corporate,Medium,1322.352,3,0.2,0.2,1,1,0
CA-2021-109757,MD-17350,2021-09-04,US,East,United States,Consumer,Medium,49.70400000000001,15,0.4499999999999999,0.7,4,1,0
CA-2021-116680,PK-19075,2021-09-04,US,West,United States,Consumer,Medium,1491.616,14,0.2,0.2,2,2,0
CA-2021-117261,TH-21235,2021-09-04,US,West,United States,Corporate,Medium,54.32,4,0.0,0.0,1,1,0
CA-2021-117394,MM-17920,2021-09-04,US,East,United States,Consumer,Medium,19.040000000000003,4,0.2,0.2,1,1,0
CA-2021-120761,AB-10150,2021-09-04,US,East,United States,Consumer,Medium,91.96,4,0.0,0.0,1,1,0
CA-2021-137582,CV-12805,2021-09-04,US,West,United States,Corporate,Medium,11.808,3,0.2,0.2,1,1,0
CA-2021-140326,HW-14935,2021-09-04,US,Central,United States,Corporate,Medium,849.846,15,0.2333333333333333,0.3,3,2,0
CA-2021-141929,RA-19285,2021-09-04,US,West,United States,Consumer,Medium,711.394,8,0.1333333333333333,0.2,3,2,1
CA-2021-147410,EJ-14155,2021-09-04,US,West,United States,Consumer,Medium,421.1,2,0.0,0.0,1,1,0
CA-2021-152485,JD-15790,2021-09-04,US,Central,United States,Consumer,Medium,40.096,13,0.2,0.2,3,1,0
US-2021-117450,DO-13645,2021-09-04,US,South,United States,Consumer,Medium,107.55200000000002,4,0.2,0.2,2,2,0
US-2021-147655,AS-10045,2021-09-04,US,West,United States,Corporate,Medium,88.07400000000001,7,0.7,0.7,1,1,0
US-2021-166394,VM-21835,2021-09-04,US,East,United States,Consumer,Medium,14.82,6,0.0,0.0,1,1,0
CA-2021-102736,LP-17095,2021-09-05,US,South,United States,Consumer,Medium,177.07999999999998,12,0.2,0.2,3,2,0
CA-2021-107293,CS-12400,2021-09-05,US,West,United States,Home Office,Medium,2.78,1,0.0,0.0,1,1,0
CA-2021-120705,MG-17875,2021-09-05,US,South,United States,Home Office,Medium,147.184,2,0.2,0.2,1,1,0
CA-2021-100160,CB-12025,2021-09-07,US,East,United States,Consumer,Medium,49.688,11,0.2,0.2,3,1,0
CA-2021-100335,NF-18595,2021-09-07,US,Central,United States,Home Office,Medium,73.008,9,0.2,0.2,1,1,0
CA-2021-103877,RD-19660,2021-09-07,US,Central,United States,Home Office,Medium,1577.94,3,0.0,0.0,1,1,0
CA-2021-107244,AG-10390,2021-09-07,US,West,United States,Consumer,Medium,19.76,4,0.0,0.0,1,1,0
CA-2021-124401,RD-19900,2021-09-07,US,West,United States,Consumer,Medium,317.624,10,0.2,0.2,2,2,1
CA-2021-128769,DM-12955,2021-09-07,US,South,United States,Corporate,Medium,81.568,2,0.2,0.2,1,1,0
CA-2021-128783,TG-21640,2021-09-07,US,Central,United States,Consumer,Medium,248.82,9,0.0,0.0,2,2,0
CA-2021-148929,SP-20620,2021-09-07,US,East,United States,Corporate,Medium,478.08,8,0.0,0.0,1,1,0
CA-2021-151008,JM-16195,2021-09-07,US,West,United States,Consumer,Medium,151.72,6,0.1,0.2,2,2,0
CA-2021-163692,Dp-13240,2021-09-07,US,West,United States,Home Office,Medium,7.857000000000002,3,0.7,0.7,1,1,0
US-2021-104094,AG-10675,2021-09-07,US,Central,United States,Consumer,Medium,13.48,1,0.0,0.0,1,1,0
US-2021-129441,JC-15340,2021-09-07,US,West,United States,Consumer,Medium,47.94,3,0.0,0.0,1,1,0
US-2021-130687,PF-19225,2021-09-07,US,West,United States,Consumer,Medium,562.6519999999999,7,0.0666666666666666,0.2,3,3,0
US-2021-150070,JA-15970,2021-09-07,US,West,United States,Consumer,Medium,161.568,2,0.2,0.2,1,1,0
US-2021-169488,AA-10375,2021-09-07,US,East,United States,Consumer,Medium,56.86,7,0.0,0.0,2,1,0
CA-2021-126396,AR-10345,2021-09-08,US,Central,United States,Corporate,Medium,85.2,6,0.2,0.2,1,1,0
CA-2021-132437,EM-14095,2021-09-08,US,East,United States,Corporate,Medium,65.12,4,0.0,0.0,1,1,0
CA-2021-144456,FC-14245,2021-09-08,US,South,United States,Home Office,Medium,220.056,8,0.2,0.2,2,2,0
CA-2021-149895,EB-14110,2021-09-08,US,East,United States,Consumer,Medium,258.528,2,0.4,0.4,1,1,0
CA-2021-152856,RS-19765,2021-09-08,US,East,United States,Corporate,Medium,116.832,4,0.2,0.2,1,1,0
CA-2021-158036,DB-13555,2021-09-08,US,East,United States,Corporate,Medium,9.096,1,0.2,0.2,1,1,0
US-2021-124779,BF-11020,2021-09-08,US,Central,United States,Corporate,Medium,663.87,25,0.3833333333333333,0.8,6,3,0
US-2021-124968,MM-18055,2021-09-08,US,Central,United States,Consumer,Medium,765.625,7,0.5,0.5,1,1,0
CA-2021-100825,KD-16495,2021-09-09,US,West,United States,Corporate,Medium,99.87,3,0.0,0.0,1,1,0
CA-2021-137498,LC-17050,2021-09-09,US,West,United States,Consumer,Medium,298.0,16,0.0666666666666666,0.2,3,2,0
CA-2021-139444,GK-14620,2021-09-09,US,Central,United States,Corporate,Medium,9.856000000000002,4,0.2,0.2,1,1,0
CA-2021-147228,SO-20335,2021-09-09,US,South,United States,Consumer,Medium,458.984,12,0.2,0.2,4,2,0
CA-2021-147361,SB-20290,2021-09-09,US,South,United States,Corporate,Medium,685.26,12,0.0,0.0,2,1,0
CA-2021-152198,JD-16015,2021-09-09,US,East,United States,Consumer,Medium,28.83,11,0.5333333333333333,0.7,3,1,0
CA-2021-155929,AI-10855,2021-09-09,US,West,United States,Consumer,Medium,6.368,2,0.2,0.2,1,1,0
CA-2021-168403,DK-12835,2021-09-09,US,West,United States,Corporate,Medium,42.28000000000001,7,0.2,0.2,2,1,0
CA-2021-169439,LC-17140,2021-09-09,US,East,United States,Consumer,Medium,92.032,7,0.2,0.2,2,2,0
US-2021-118087,SP-20620,2021-09-09,US,East,United States,Corporate,Medium,2457.141,21,0.3625,0.7,8,3,1
US-2021-146213,MC-17605,2021-09-09,US,West,United States,Corporate,Medium,159.96,4,0.0,0.0,1,1,0
US-2021-159562,JB-16000,2021-09-09,US,Central,United States,Consumer,Medium,17.48,2,0.0,0.0,1,1,0
CA-2021-110905,RW-19690,2021-09-10,US,Central,United States,Consumer,Medium,808.92,30,0.0,0.0,8,2,0
CA-2021-120999,LC-16930,2021-09-10,US,Central,United States,Corporate,Medium,147.168,4,0.2,0.2,1,1,0
CA-2021-122280,SH-20395,2021-09-10,US,East,United States,Consumer,Medium,18.76,2,0.0,0.0,1,1,0
CA-2021-123036,HA-14905,2021-09-10,US,East,United States,Consumer,Medium,296.952,6,0.3,0.4,2,1,0
CA-2021-126438,AR-10345,2021-09-10,US,East,United States,Corporate,Medium,14.88,2,0.0,0.0,1,1,0
CA-2021-128370,FH-14275,2021-09-10,US,West,United States,Corporate,Medium,369.536,5,0.2,0.2,2,2,0
CA-2021-147403,KH-16630,2021-09-10,US,East,United States,Corporate,Medium,85.056,3,0.2,0.2,1,1,0
CA-2021-152093,SN-20560,2021-09-10,US,Central,United States,Home Office,Medium,762.5939999999998,3,0.8,0.8,1,1,0
CA-2021-159954,SS-20410,2021-09-10,US,South,United States,Consumer,Medium,2.78,1,0.0,0.0,1,1,1
CA-2021-112774,RC-19960,2021-09-11,US,South,United States,Consumer,Medium,34.504000000000005,1,0.2,0.2,1,1,0
CA-2021-117044,HA-14920,2021-09-11,US,Central,United States,Consumer,Medium,31.072000000000003,10,0.2,0.2,2,1,0
CA-2021-124898,DB-12910,2021-09-11,US,South,United States,Home Office,Medium,184.66,7,0.0,0.0,1,1,0
CA-2021-127726,SS-20410,2021-09-11,US,South,United States,Consumer,Medium,209.88,8,0.0,0.0,2,1,0
CA-2021-144484,CB-12025,2021-09-11,US,West,United States,Consumer,Medium,438.96,9,0.0,0.0,2,2,0
CA-2021-149559,KF-16285,2021-09-11,US,West,United States,Home Office,Medium,2089.4120000000003,12,0.0666666666666666,0.2,3,2,0
CA-2021-166898,KH-16630,2021-09-11,US,West,United States,Corporate,Medium,163.392,9,0.1,0.2,2,2,1
US-2021-142188,JF-15415,2021-09-11,US,West,United States,Consumer,Medium,1820.208,26,0.12,0.2,5,3,0
US-2021-152898,CB-12025,2021-09-11,US,South,United States,Consumer,Medium,67.9,5,0.0,0.0,1,1,0
US-2021-160836,CC-12475,2021-09-11,US,Central,United States,Consumer,Medium,524.018,10,0.4333333333333333,0.8,3,2,0
CA-2021-103611,JM-15535,2021-09-12,US,West,United States,Consumer,Medium,8.36,2,0.0,0.0,1,1,0
CA-2021-108749,DJ-13510,2021-09-12,US,East,United States,Corporate,Medium,91.14,10,0.0,0.0,2,1,0
CA-2021-140676,BF-11080,2021-09-12,US,East,United States,Consumer,Medium,225.61,17,0.0,0.0,3,1,0
US-2021-109582,JM-15865,2021-09-12,US,West,United States,Consumer,Medium,166.44,3,0.0,0.0,1,1,0
CA-2021-139493,SG-20605,2021-09-13,US,South,United States,Consumer,Medium,15.920000000000002,5,0.2,0.2,1,1,0
CA-2021-108931,HZ-14950,2021-09-14,US,East,United States,Consumer,Medium,20.12,4,0.0,0.0,2,1,1
CA-2021-114440,TB-21520,2021-09-14,US,Central,United States,Consumer,Medium,19.05,3,0.0,0.0,1,1,0
CA-2021-115882,DB-13555,2021-09-14,US,South,United States,Corporate,Medium,1017.136,7,0.2,0.2,2,1,0
CA-2021-130302,CY-12745,2021-09-14,US,East,United States,Corporate,Medium,895.9440000000002,7,0.2,0.2,1,1,0
CA-2021-147725,LT-17110,2021-09-14,US,East,United States,Consumer,Medium,70.94999999999999,3,0.0,0.0,1,1,0
CA-2021-152975,RB-19705,2021-09-14,US,East,United States,Home Office,Medium,1770.1899999999998,14,0.025,0.1,4,3,0
CA-2021-156237,PS-18760,2021-09-14,US,East,United States,Consumer,Medium,517.2570000000001,19,0.5499999999999999,0.7,6,3,0
US-2021-157224,JB-16000,2021-09-14,US,West,United States,Consumer,Medium,56.7,9,0.0,0.0,1,1,0
CA-2021-121888,CL-11890,2021-09-15,US,East,United States,Consumer,Medium,1081.69,13,0.0,0.0,4,3,0
CA-2021-124205,TC-21145,2021-09-15,US,East,United States,Corporate,Medium,1038.26,17,0.0,0.0,4,3,0
CA-2021-127096,CS-12400,2021-09-15,US,West,United States,Home Office,Medium,300.904,1,0.2,0.2,1,1,0
CA-2021-130043,BB-11545,2021-09-15,US,Central,United States,Corporate,Medium,31.872000000000003,8,0.2,0.2,1,1,0
CA-2021-132353,DB-13060,2021-09-15,US,Central,United States,Consumer,Medium,323.97600000000006,3,0.2,0.2,1,1,0
CA-2021-134418,GM-14500,2021-09-15,US,West,United States,Consumer,Medium,12.419999999999998,3,0.0,0.0,1,1,0
CA-2021-139822,Dp-13240,2021-09-15,US,East,United States,Home Office,Medium,98.6,4,0.0,0.0,2,2,0
CA-2021-145737,AB-10165,2021-09-15,US,South,United States,Consumer,Medium,163.96,5,0.2,0.2,1,1,0
CA-2021-146185,CC-12145,2021-09-15,US,Central,United States,Consumer,Medium,31.744,2,0.2,0.2,1,1,0
CA-2021-163020,MO-17800,2021-09-15,US,East,United States,Home Office,Medium,35.56,7,0.0,0.0,1,1,0
CA-2021-165008,DO-13645,2021-09-15,US,West,United States,Consumer,Medium,295.056,9,0.2,0.2,1,1,1
US-2021-116652,RD-19480,2021-09-15,US,West,United States,Consumer,Medium,959.2,21,0.08,0.2,5,2,0
US-2021-163300,ES-14020,2021-09-15,US,West,United States,Consumer,Medium,2911.784,17,0.2,0.2,3,3,0
CA-2021-112984,EH-14185,2021-09-16,US,East,United States,Consumer,Medium,20.544000000000004,6,0.2,0.2,1,1,0
CA-2021-118136,BB-10990,2021-09-16,US,West,United States,Corporate,Medium,14.8,3,0.0,0.0,2,1,0
CA-2021-130715,CY-12745,2021-09-16,US,West,United States,Corporate,Medium,17.9,5,0.0,0.0,1,1,0
CA-2021-134173,AB-10060,2021-09-16,US,East,United States,Home Office,Medium,20.736000000000004,4,0.2,0.2,1,1,0
CA-2021-136448,AS-10090,2021-09-16,US,East,United States,Consumer,Medium,684.1100000000001,12,0.4,0.7,5,3,0
CA-2021-141446,CL-12700,2021-09-16,US,South,United States,Home Office,Medium,18.0,1,0.0,0.0,1,1,0
CA-2021-144113,JF-15355,2021-09-16,US,Central,United States,Consumer,Medium,73.56,3,0.2,0.2,2,2,0
CA-2021-105669,SJ-20125,2021-09-17,US,Central,United States,Home Office,Medium,1749.902,19,0.375,0.8,4,3,0
CA-2021-112515,AS-10225,2021-09-17,US,West,United States,Corporate,Medium,1782.104,21,0.0857142857142857,0.2,7,2,0
CA-2021-126928,GZ-14470,2021-09-17,US,East,United States,Consumer,Medium,514.05,7,0.0,0.0,2,2,0
CA-2021-137470,TP-21415,2021-09-17,US,West,United States,Consumer,Medium,12.96,2,0.0,0.0,1,1,0
CA-2021-142293,SC-20380,2021-09-17,US,West,United States,Consumer,Medium,89.97,3,0.0,0.0,1,1,0
CA-2021-157931,MO-17800,2021-09-17,US,South,United States,Home Office,Medium,830.24,7,0.0,0.0,2,2,0
CA-2021-106180,SH-19975,2021-09-18,US,West,United States,Corporate,Medium,163.38,9,0.0,0.0,3,1,0
CA-2021-131016,DC-12850,2021-09-18,US,Central,United States,Consumer,Medium,56.512,4,0.2,0.2,2,1,0
CA-2021-133333,BF-11020,2021-09-18,US,Central,United States,Corporate,Medium,22.72,4,0.0,0.0,1,1,0
CA-2021-134439,TM-21010,2021-09-18,US,Central,United States,Consumer,Medium,15.96,2,0.0,0.0,1,1,0
CA-2021-140508,PA-19060,2021-09-18,US,Central,United States,Home Office,Medium,114.848,4,0.2,0.2,1,1,0
CA-2021-148068,MM-18280,2021-09-18,US,East,United States,Corporate,Medium,29.26,5,0.0,0.0,2,2,0
CA-2021-164756,SS-20140,2021-09-18,US,South,United States,Corporate,Medium,997.83,35,0.0,0.0,8,3,0
CA-2021-166856,TS-21505,2021-09-18,US,West,United States,Consumer,Medium,111.42,10,0.1,0.2,2,2,0
CA-2021-102974,DP-13105,2021-09-19,US,West,United States,Corporate,Medium,190.01,10,0.0,0.0,3,2,0
CA-2021-139619,ES-14080,2021-09-19,US,South,United States,Corporate,Medium,95.616,2,0.2,0.2,1,1,0
CA-2021-139787,JP-16135,2021-09-19,US,South,United States,Home Office,Medium,35.4,5,0.0,0.0,1,1,0
CA-2021-143378,JR-16210,2021-09-19,US,West,United States,Corporate,Medium,697.612,16,0.325,0.7,4,3,0
CA-2021-153822,AB-10105,2021-09-19,US,West,United States,Consumer,Medium,592.308,10,0.325,0.7,4,2,1
CA-2021-160801,FG-14260,2021-09-19,US,East,United States,Home Office,Medium,4.8420000000000005,3,0.7,0.7,1,1,0
US-2021-148866,JM-15535,2021-09-19,US,East,United States,Consumer,Medium,32.400000000000006,5,0.0,0.0,1,1,0
CA-2021-100111,SV-20365,2021-09-20,US,East,United States,Consumer,Medium,7359.918000000001,52,0.0428571428571428,0.2,14,3,1
CA-2021-123351,KT-16480,2021-09-21,US,South,United States,Consumer,Medium,80.48,1,0.0,0.0,1,1,0
CA-2021-132262,ML-18265,2021-09-21,US,West,United States,Consumer,Medium,151.96,4,0.0,0.0,2,1,0
CA-2021-133074,DB-13615,2021-09-21,US,West,United States,Consumer,Medium,55.86,7,0.0,0.0,1,1,0
CA-2021-151428,RH-19495,2021-09-21,US,Central,United States,Consumer,Medium,20.16,7,0.0,0.0,1,1,0
CA-2021-165155,BM-11575,2021-09-21,US,West,United States,Corporate,Medium,15.51,1,0.0,0.0,1,1,0
CA-2021-169817,EB-13870,2021-09-21,US,East,United States,Consumer,Medium,1.9080000000000004,2,0.7,0.7,1,1,0
US-2021-146878,DL-12865,2021-09-21,US,South,United States,Consumer,Medium,12.294,1,0.7,0.7,1,1,0
CA-2021-102967,MG-17890,2021-09-22,US,East,United States,Home Office,Medium,67.4,5,0.0,0.0,1,1,0
CA-2021-117009,BK-11260,2021-09-22,US,West,United States,Consumer,Medium,21.96,2,0.0,0.0,1,1,0
CA-2021-122196,CA-12265,2021-09-22,US,East,United States,Consumer,Medium,391.98,2,0.0,0.0,1,1,0
CA-2021-136000,SC-20440,2021-09-22,US,East,United States,Corporate,Medium,40.176,3,0.2,0.2,1,1,0
CA-2021-158379,JA-15970,2021-09-22,US,East,United States,Consumer,Medium,4749.327000000001,10,0.3666666666666667,0.7,3,2,0
CA-2021-161053,JE-15745,2021-09-22,US,South,United States,Consumer,Medium,726.9100000000001,9,0.0,0.0,2,2,0
CA-2021-161970,PB-19105,2021-09-22,US,South,United States,Consumer,Medium,30.9,5,0.0,0.0,2,1,0
CA-2021-162789,LC-17140,2021-09-22,US,East,United States,Consumer,Medium,1083.07,10,0.0,0.0,2,2,0
CA-2021-166317,JE-15610,2021-09-22,US,Central,United States,Corporate,Medium,438.01,21,0.0,0.0,4,2,0
CA-2021-167381,EH-14005,2021-09-22,US,Central,United States,Home Office,Medium,269.68,11,0.0,0.0,2,2,0
US-2021-103226,DW-13195,2021-09-22,US,West,United States,Corporate,Medium,27.18,3,0.0,0.0,1,1,0
US-2021-108245,SH-19975,2021-09-22,US,Central,United States,Corporate,Medium,24.62,10,0.5,0.8,2,1,0
CA-2021-102309,DO-13645,2021-09-23,US,South,United States,Consumer,Medium,212.91000000000005,7,0.0,0.0,2,2,0
CA-2021-103520,MH-17785,2021-09-23,US,Central,United States,Corporate,Medium,9.248,2,0.2,0.2,1,1,0
CA-2021-117485,BD-11320,2021-09-23,US,Central,United States,Consumer,Medium,291.96,4,0.0,0.0,1,1,0
CA-2021-121314,BE-11410,2021-09-23,US,South,United States,Consumer,Medium,251.64,3,0.2,0.2,1,1,0
CA-2021-121412,BG-11695,2021-09-23,US,West,United States,Corporate,Medium,29.328000000000003,3,0.2,0.2,1,1,0
CA-2021-121853,DB-13660,2021-09-23,US,West,United States,Consumer,Medium,878.816,13,0.1333333333333333,0.2,3,2,1
CA-2021-123778,BS-11755,2021-09-23,US,West,United States,Consumer,Medium,186.784,8,0.1,0.2,2,1,0
CA-2021-132521,DW-13540,2021-09-23,US,West,United States,Consumer,Medium,158.28,6,0.0666666666666666,0.2,3,1,0
CA-2021-138422,KN-16705,2021-09-23,US,West,United States,Home Office,Medium,14.352000000000002,3,0.2,0.2,1,1,0
US-2021-125647,LC-16870,2021-09-23,US,Central,United States,Consumer,Medium,133.896,12,0.4000000000000001,0.8,3,2,0
US-2021-132059,AP-10915,2021-09-23,US,West,United States,Consumer,Medium,228.5720000000001,4,0.4499999999999999,0.7,2,2,0
CA-2021-108910,KC-16540,2021-09-24,US,East,United States,Consumer,Medium,103.05599999999998,3,0.2,0.2,1,1,0
CA-2021-121839,MH-18115,2021-09-24,US,East,United States,Home Office,Medium,1169.694,3,0.4,0.4,1,1,0
CA-2021-122364,FA-14230,2021-09-24,US,West,United States,Corporate,Medium,1365.48,6,0.2,0.2,2,1,0
CA-2021-130148,NK-18490,2021-09-24,US,West,United States,Home Office,Medium,38.38,8,0.0,0.0,2,1,0
CA-2021-134096,PP-18955,2021-09-24,US,South,United States,Home Office,Medium,399.53,8,0.4499999999999999,0.7,2,2,0
CA-2021-142034,KB-16240,2021-09-24,US,Central,United States,Corporate,Medium,1331.8200000000002,13,0.0,0.0,3,2,0
CA-2021-142391,PB-19150,2021-09-24,US,West,United States,Consumer,Medium,199.8,10,0.0,0.0,1,1,0
CA-2021-144694,BD-11605,2021-09-24,US,South,United States,Consumer,Medium,253.824,6,0.2,0.2,2,2,0
CA-2021-148411,RO-19780,2021-09-24,US,Central,United States,Consumer,Medium,531.8879999999999,5,0.25,0.3,2,2,0
CA-2021-160325,BP-11095,2021-09-24,US,East,United States,Corporate,Medium,829.8299999999999,5,0.0,0.0,2,1,0
CA-2021-163335,AG-10675,2021-09-24,US,South,United States,Consumer,Medium,79.0,10,0.0,0.0,2,1,0
US-2021-132675,KF-16285,2021-09-24,US,South,United States,Home Office,Medium,148.16,15,0.0,0.0,5,2,0
CA-2021-112004,AH-10075,2021-09-25,US,East,United States,Corporate,Medium,199.491,7,0.4499999999999999,0.7,2,1,0
CA-2021-116939,AG-10900,2021-09-25,US,South,United States,Consumer,Medium,177.54999999999998,5,0.0,0.0,1,1,0
CA-2021-122112,CA-11965,2021-09-25,US,East,United States,Corporate,Medium,24.448,4,0.2,0.2,1,1,0
CA-2021-144904,KW-16435,2021-09-25,US,East,United States,Consumer,Medium,562.0260000000001,15,0.025,0.1,4,2,0
CA-2021-162481,CT-11995,2021-09-25,US,Central,United States,Consumer,Medium,278.23,5,0.0,0.0,2,2,0
CA-2021-162572,RB-19360,2021-09-25,US,East,United States,Consumer,Medium,130.568,11,0.2,0.2,2,2,0
CA-2021-169929,LS-17200,2021-09-25,US,West,United States,Corporate,Medium,39.900000000000006,5,0.0,0.0,1,1,0
CA-2021-129490,SJ-20125,2021-09-26,US,South,United States,Home Office,Medium,419.136,4,0.2,0.2,1,1,0
CA-2021-156391,SL-20155,2021-09-26,US,West,United States,Home Office,Medium,2.224,1,0.2,0.2,1,1,1
US-2021-106145,RA-19885,2021-09-26,US,West,United States,Corporate,Medium,1065.216,21,0.08,0.2,5,2,0
CA-2021-101574,BD-11725,2021-09-28,US,West,United States,Consumer,Medium,9.24,3,0.0,0.0,1,1,1
CA-2021-152205,SF-20965,2021-09-28,US,East,United States,Corporate,Medium,2.655,1,0.7,0.7,1,1,0
CA-2021-160017,SP-20860,2021-09-28,US,South,United States,Corporate,Medium,10.368000000000002,2,0.2,0.2,1,1,0
US-2021-125717,DS-13030,2021-09-28,US,West,United States,Home Office,Medium,535.264,14,0.2833333333333333,0.7,6,3,0
US-2021-139955,CM-12160,2021-09-28,US,Central,United States,Consumer,Medium,1.7440000000000002,1,0.2,0.2,1,1,0
CA-2021-100314,AS-10630,2021-09-29,US,Central,United States,Home Office,Medium,372.446,9,0.2666666666666666,0.4,3,2,0
CA-2021-118402,JO-15280,2021-09-29,US,South,United States,Consumer,Medium,243.92,5,0.2,0.2,1,1,0
CA-2021-121300,MG-17680,2021-09-29,US,East,United States,Home Office,Medium,693.13,15,0.25,0.4,6,3,0
CA-2021-126676,FH-14365,2021-09-29,US,East,United States,Corporate,Medium,7.98,3,0.0,0.0,1,1,0
CA-2021-128335,JA-15970,2021-09-29,US,East,United States,Consumer,Medium,74.89,8,0.0,0.0,2,1,0
CA-2021-137918,JK-15730,2021-09-29,US,West,United States,Consumer,Medium,97.3,7,0.0,0.0,1,1,0
CA-2021-140186,PG-18820,2021-09-29,US,West,United States,Consumer,Medium,304.046,13,0.08,0.2,5,2,1
CA-2021-148138,ME-18010,2021-09-29,US,East,United States,Corporate,Medium,51.168000000000006,2,0.2,0.2,1,1,0
US-2021-141509,SC-20575,2021-09-29,US,West,United States,Consumer,Medium,99.2,5,0.0,0.0,1,1,0
CA-2021-123029,BT-11530,2021-09-30,US,West,United States,Home Office,Medium,159.98,2,0.0,0.0,1,1,0
CA-2021-144225,CC-12475,2021-09-30,US,East,United States,Consumer,Medium,164.88,3,0.0,0.0,1,1,0
CA-2021-147452,CS-11845,2021-09-30,US,West,United States,Corporate,Medium,183.59,6,0.0,0.0,3,1,1
US-2021-120908,BF-10975,2021-09-30,US,East,United States,Corporate,Medium,20.664,7,0.2,0.2,1,1,0
US-2021-130603,SC-20050,2021-09-30,US,Central,United States,Home Office,Medium,11.645999999999995,9,0.8,0.8,1,1,0
CA-2021-113418,CM-12655,2021-10-01,US,East,United States,Home Office,Medium,1704.89,11,0.0,0.0,1,1,0
CA-2021-117807,DK-13090,2021-10-01,US,Central,United States,Consumer,Medium,104.85,1,0.0,0.0,1,1,0
CA-2021-129378,NS-18505,2021-10-01,US,West,United States,Consumer,Medium,413.7840000000001,20,0.15,0.2,4,2,0
CA-2021-152275,KH-16630,2021-10-01,US,Central,United States,Corporate,Medium,6.671999999999999,6,0.2,0.2,1,1,0
CA-2021-156951,EB-13840,2021-10-01,US,West,United States,Corporate,Medium,643.52,21,0.1,0.2,4,2,0
US-2021-139577,TN-21040,2021-10-01,US,West,United States,Home Office,Medium,104.75,5,0.0,0.0,1,1,0
CA-2021-101308,FG-14260,2021-10-02,US,West,United States,Home Office,Medium,93.724,5,0.1,0.2,2,2,0
CA-2021-105914,PV-18985,2021-10-02,US,West,United States,Home Office,Medium,1687.2600000000002,12,0.1,0.2,2,1,0
CA-2021-116113,JW-15220,2021-10-02,US,South,United States,Corporate,Medium,10.16,2,0.0,0.0,1,1,0
CA-2021-123981,RW-19630,2021-10-02,US,East,United States,Corporate,Medium,65.99,1,0.0,0.0,1,1,0
CA-2021-126074,RF-19735,2021-10-02,US,Central,United States,Consumer,Medium,275.65000000000003,22,0.0,0.0,4,2,0
CA-2021-137414,CM-12115,2021-10-02,US,West,United States,Consumer,Medium,386.62,13,0.1,0.2,2,2,1
CA-2021-141117,JK-16090,2021-10-02,US,West,United States,Consumer,Medium,374.618,26,0.4499999999999999,0.7,4,2,0
CA-2021-147564,BP-11155,2021-10-02,US,East,United States,Consumer,Medium,49.12,4,0.0,0.0,1,1,0
CA-2021-152926,SC-20695,2021-10-02,US,Central,United States,Corporate,Medium,37.20799999999999,8,0.8,0.8,2,1,0
US-2021-162558,Dp-13240,2021-10-02,US,South,United States,Home Office,Medium,2437.672,23,0.3714285714285714,0.7,7,2,0
CA-2021-101749,AS-10045,2021-10-03,US,West,United States,Corporate,Medium,171.288,3,0.2,0.2,1,1,0
CA-2021-134607,HL-15040,2021-10-03,US,East,United States,Consumer,Medium,22.58,2,0.0,0.0,1,1,0
CA-2021-141789,AC-10450,2021-10-03,US,Central,United States,Consumer,Medium,1793.98,2,0.0,0.0,1,1,0
CA-2021-143035,CC-12430,2021-10-03,US,East,United States,Home Office,Medium,462.52,10,0.0,0.0,3,3,0
CA-2021-144820,LW-16825,2021-10-03,US,Central,United States,Corporate,Medium,20.64,5,0.2,0.2,1,1,0
CA-2021-149853,PO-18850,2021-10-03,US,South,United States,Consumer,Medium,33.47200000000001,8,0.2,0.2,2,1,0
CA-2021-163818,PS-18970,2021-10-04,US,East,United States,Home Office,Medium,19.98,1,0.0,0.0,1,1,0
CA-2021-131807,GG-14650,2021-10-05,US,West,United States,Corporate,Medium,753.1120000000001,22,0.1,0.2,6,3,1
CA-2021-143112,TS-21370,2021-10-05,US,East,United States,Corporate,Medium,5509.142,10,0.0333333333333333,0.1,3,2,0
CA-2021-157672,RB-19795,2021-10-05,US,West,United States,Home Office,Medium,63.824000000000005,2,0.2,0.2,1,1,0
CA-2021-167661,MP-18175,2021-10-05,US,West,United States,Home Office,Medium,121.816,11,0.1333333333333333,0.2,3,1,0
US-2021-103247,PO-19195,2021-10-05,US,East,United States,Home Office,Medium,236.722,10,0.1,0.2,2,2,1
CA-2021-109099,MM-18280,2021-10-06,US,East,United States,Corporate,Medium,40.99,1,0.0,0.0,1,1,0
CA-2021-118577,XP-21865,2021-10-06,US,East,United States,Consumer,Medium,150.17999999999998,4,0.0,0.0,2,1,0
CA-2021-137421,AJ-10945,2021-10-06,US,West,United States,Consumer,Medium,9.344,2,0.2,0.2,1,1,0
CA-2021-146269,MH-17455,2021-10-06,US,Central,United States,Consumer,Medium,309.488,4,0.2,0.2,2,1,0
US-2021-136868,CR-12820,2021-10-06,US,East,United States,Home Office,Medium,681.91,10,0.0,0.0,3,2,0
US-2021-148054,NZ-18565,2021-10-06,US,West,United States,Home Office,Medium,307.74,8,0.0,0.0,3,2,0
CA-2021-104003,DC-13285,2021-10-07,US,West,United States,Consumer,Medium,307.666,2,0.15,0.15,1,1,0
CA-2021-108574,MG-18145,2021-10-07,US,West,United States,Consumer,Medium,1324.5739999999998,26,0.1333333333333333,0.2,3,1,0
CA-2021-128426,JK-15730,2021-10-07,US,Central,United States,Consumer,Medium,4.239999999999999,5,0.8,0.8,1,1,0
CA-2021-148404,Dp-13240,2021-10-07,US,South,United States,Home Office,Medium,1027.21,18,0.3399999999999999,0.7,5,3,0
CA-2021-152709,DB-13210,2021-10-07,US,Central,United States,Consumer,Medium,85.52,2,0.0,0.0,1,1,0
CA-2021-105487,CS-12250,2021-10-08,US,West,United States,Corporate,Medium,419.832,9,0.05,0.2,4,2,0
CA-2021-151596,BP-11050,2021-10-08,US,East,United States,Corporate,Medium,42.76,1,0.0,0.0,1,1,0
US-2021-168613,GM-14440,2021-10-08,US,East,United States,Consumer,Medium,145.764,2,0.1,0.1,1,1,0
CA-2021-132430,CP-12085,2021-10-09,US,East,United States,Corporate,Medium,45.888000000000005,4,0.2,0.2,1,1,0
CA-2021-141873,HG-14845,2021-10-09,US,East,United States,Consumer,Medium,364.388,14,0.15,0.2,4,2,0
CA-2021-162635,EB-14170,2021-10-09,US,South,United States,Consumer,Medium,10.816,4,0.2,0.2,1,1,0
CA-2021-163125,MB-17305,2021-10-09,US,Central,United States,Consumer,Medium,321.202,10,0.25,0.3,2,2,0
US-2021-115595,XP-21865,2021-10-09,US,West,United States,Consumer,Medium,35.2,5,0.0,0.0,1,1,0
US-2021-117247,CK-12760,2021-10-09,US,Central,United States,Corporate,Medium,719.095,8,0.5,0.5,2,1,0
CA-2021-111717,SW-20245,2021-10-10,US,Central,United States,Consumer,Medium,239.358,3,0.3,0.3,1,1,0
CA-2021-112431,RW-19690,2021-10-12,US,West,United States,Consumer,Medium,441.72,14,0.0,0.0,2,2,0
CA-2021-126536,NK-18490,2021-10-12,US,West,United States,Home Office,Medium,102.83,6,0.1,0.2,2,2,0
CA-2021-130505,NF-18385,2021-10-12,US,East,United States,Consumer,Medium,673.3439999999999,3,0.3,0.3,1,1,0
CA-2021-149146,SM-20320,2021-10-12,US,South,United States,Home Office,Medium,7.968000000000001,2,0.2,0.2,1,1,0
CA-2021-150091,NP-18670,2021-10-12,US,East,United States,Consumer,Medium,2258.28,15,0.0,0.0,4,3,0
CA-2021-152702,SN-20710,2021-10-12,US,Central,United States,Home Office,Medium,254.604,14,0.3,0.3,1,1,0
CA-2021-152933,MG-17650,2021-10-12,US,Central,United States,Home Office,Medium,1171.792,12,0.2,0.2,3,2,0
CA-2021-168655,ML-18040,2021-10-12,US,West,United States,Corporate,Medium,674.8720000000001,8,0.1,0.2,2,2,0
CA-2021-169362,SP-20860,2021-10-12,US,Central,United States,Corporate,Medium,39.984,2,0.2,0.2,1,1,0
CA-2021-169607,CA-12265,2021-10-12,US,East,United States,Consumer,Medium,9.96,2,0.0,0.0,1,1,0
CA-2021-103212,MH-18025,2021-10-13,US,South,United States,Consumer,Medium,1541.51,11,0.0,0.0,3,2,0
CA-2021-116519,CR-12730,2021-10-13,US,East,United States,Consumer,Medium,904.9,5,0.0,0.0,1,1,0
CA-2021-132976,AG-10495,2021-10-13,US,East,United States,Corporate,Medium,114.376,15,0.2,0.2,4,1,0
CA-2021-135909,JW-15220,2021-10-13,US,West,United States,Corporate,Medium,5325.884,13,0.1333333333333333,0.2,3,2,0
CA-2021-163160,TS-21610,2021-10-13,US,Central,United States,Consumer,Medium,170.57199999999995,10,0.5333333333333333,0.8,3,2,0
US-2021-148831,AH-10210,2021-10-13,US,South,United States,Consumer,Medium,348.56,8,0.0,0.0,1,1,0
CA-2021-126123,AG-10765,2021-10-14,US,Central,United States,Home Office,Medium,40.852,10,0.8,0.8,2,1,0
CA-2021-150707,EL-13735,2021-10-14,US,East,United States,Home Office,Medium,37.66,7,0.0,0.0,1,1,0
CA-2021-151183,BK-11260,2021-10-14,US,West,United States,Consumer,Medium,46.36,4,0.0,0.0,1,1,0
CA-2021-168837,JW-15955,2021-10-14,US,West,United States,Consumer,Medium,9.46,2,0.0,0.0,1,1,0
CA-2021-100237,SV-20815,2021-10-15,US,West,United States,Corporate,Medium,11.68,2,0.0,0.0,1,1,0
CA-2021-106033,FG-14260,2021-10-15,US,West,United States,Home Office,Medium,87.92,4,0.0,0.0,1,1,0
CA-2021-113670,RS-19765,2021-10-15,US,West,United States,Corporate,Medium,715.19,8,0.1,0.2,2,2,1
CA-2021-142643,DL-13495,2021-10-15,US,West,United States,Corporate,Medium,175.37,6,0.0,0.0,2,2,0
CA-2021-154949,MC-17275,2021-10-15,US,West,United States,Consumer,Medium,14.73,3,0.0,0.0,1,1,1
CA-2021-164819,RS-19420,2021-10-15,US,East,United States,Corporate,Medium,13.05,5,0.0,0.0,1,1,0
CA-2021-111577,AJ-10780,2021-10-16,US,West,United States,Corporate,Medium,307.776,7,0.2,0.2,1,1,0
CA-2021-132234,MY-17380,2021-10-16,US,East,United States,Corporate,Medium,547.3000000000001,13,0.0,0.0,1,1,0
CA-2021-158386,BO-11425,2021-10-16,US,South,United States,Consumer,Medium,124.75,5,0.0,0.0,1,1,0
CA-2021-159100,VP-21760,2021-10-16,US,South,United States,Corporate,Medium,1893.786,9,0.3,0.4,2,2,0
CA-2021-159282,GH-14410,2021-10-16,US,West,United States,Home Office,Medium,599.9850000000001,5,0.7,0.7,1,1,0
CA-2021-114804,BF-11020,2021-10-17,US,West,United States,Corporate,Medium,52.792,1,0.2,0.2,1,1,0
CA-2021-123246,AJ-10960,2021-10-17,US,West,United States,Consumer,Medium,10.64,4,0.0,0.0,1,1,0
CA-2021-165603,SS-20140,2021-10-17,US,East,United States,Corporate,Medium,62.92,4,0.0,0.0,2,1,0
CA-2021-106432,CA-12265,2021-10-19,US,Central,United States,Consumer,Medium,330.47119999999995,5,0.56,0.8,2,2,0
CA-2021-107727,MA-17560,2021-10-19,US,Central,United States,Home Office,Medium,29.472,3,0.2,0.2,1,1,0
CA-2021-117653,MO-17500,2021-10-19,US,Central,United States,Consumer,Medium,91.275,1,0.5,0.5,1,1,0
CA-2021-125199,HM-14860,2021-10-19,US,East,United States,Corporate,Medium,456.512,15,0.2666666666666666,0.4,3,2,0
CA-2021-125388,MP-17965,2021-10-19,US,East,United States,Corporate,Medium,89.26,7,0.0,0.0,2,2,0
CA-2021-125990,JS-16030,2021-10-19,US,West,United States,Consumer,Medium,39.62400000000001,3,0.2,0.2,1,1,0
CA-2021-131492,HH-15010,2021-10-19,US,West,United States,Corporate,Medium,95.388,16,0.05,0.2,4,2,1
CA-2021-159457,RD-19480,2021-10-19,US,Central,United States,Consumer,Medium,16.68,3,0.2,0.2,1,1,0
US-2021-120390,TH-21550,2021-10-19,US,South,United States,Home Office,Medium,1633.1880000000003,4,0.7,0.7,1,1,0
CA-2021-103065,PT-19090,2021-10-20,US,South,United States,Consumer,Medium,59.824000000000005,9,0.2,0.2,4,2,0
CA-2021-104822,RB-19465,2021-10-20,US,East,United States,Home Office,Medium,24.55,5,0.0,0.0,1,1,0
CA-2021-147277,EB-13705,2021-10-20,US,East,United States,Corporate,Medium,949.772,4,0.3,0.4,2,2,0
CA-2021-158722,MA-17560,2021-10-20,US,East,United States,Home Office,Medium,45.528,3,0.2,0.2,1,1,0
CA-2021-158743,IG-15085,2021-10-20,US,South,United States,Consumer,Medium,199.17,11,0.0,0.0,3,1,0
US-2021-115252,MY-18295,2021-10-20,US,South,United States,Corporate,Medium,30.33600000000001,5,0.2,0.2,2,2,0
US-2021-146416,JE-16165,2021-10-20,US,West,United States,Corporate,Medium,24.678,5,0.1,0.2,2,1,0
CA-2021-100356,SP-20920,2021-10-21,US,Central,United States,Consumer,Medium,23.991999999999997,2,0.8,0.8,1,1,0
CA-2021-113453,CM-12160,2021-10-21,US,East,United States,Consumer,Medium,401.364,5,0.3,0.4,2,2,0
CA-2021-113558,PH-18790,2021-10-21,US,South,United States,Home Office,Medium,729.6480000000001,6,0.2,0.2,2,1,0
CA-2021-117422,FC-14245,2021-10-21,US,East,United States,Home Office,Medium,171.848,7,0.3666666666666667,0.7,3,1,0
CA-2021-142125,JB-15400,2021-10-21,US,Central,United States,Corporate,Medium,60.72,11,0.0,0.0,2,1,0
CA-2021-145884,SL-20155,2021-10-21,US,Central,United States,Home Office,Medium,1702.0300000000002,9,0.0,0.0,2,2,0
CA-2021-148166,NK-18490,2021-10-21,US,South,United States,Home Office,Medium,17.856,4,0.2,0.2,1,1,0
CA-2021-154410,MD-17860,2021-10-21,US,Central,United States,Corporate,Medium,909.12,8,0.0,0.0,1,1,0
CA-2021-167094,DK-12835,2021-10-21,US,West,United States,Corporate,Medium,512.0640000000001,5,0.2,0.2,3,3,0
US-2021-117331,ND-18370,2021-10-21,US,West,United States,Consumer,Medium,8.559000000000001,1,0.7,0.7,1,1,0
CA-2021-101581,DW-13195,2021-10-22,US,West,United States,Corporate,Medium,177.225,5,0.5,0.5,1,1,0
CA-2021-127180,TA-21385,2021-10-22,US,East,United States,Home Office,Medium,13716.458,18,0.05,0.2,4,2,0
CA-2021-130141,HA-14905,2021-10-22,US,West,United States,Consumer,Medium,582.304,8,0.4499999999999999,0.7,2,2,0
CA-2021-130211,BD-11620,2021-10-22,US,Central,United States,Consumer,Medium,582.07,5,0.0,0.0,2,2,0
CA-2021-156363,ML-17395,2021-10-22,US,East,United States,Corporate,Medium,64.38000000000001,9,0.3,0.4,2,2,0
US-2021-111920,PS-18970,2021-10-22,US,Central,United States,Home Office,Medium,36.44,4,0.0,0.0,1,1,0
CA-2021-106068,RB-19330,2021-10-23,US,Central,United States,Consumer,Medium,337.81800000000004,9,0.35,0.8,4,2,0
CA-2021-117079,JR-15700,2021-10-23,US,South,United States,Consumer,Medium,863.8799999999999,3,0.2,0.2,1,1,0
CA-2021-125451,AH-10075,2021-10-23,US,East,United States,Corporate,Medium,1169.98,22,0.0999999999999999,0.3,6,2,0
CA-2021-139913,JC-16105,2021-10-23,US,East,United States,Corporate,Medium,142.92000000000002,21,0.0,0.0,4,3,0
US-2021-105389,DM-13015,2021-10-23,US,Central,United States,Consumer,Medium,837.7960000000002,11,0.4000000000000001,0.8,3,2,0
CA-2021-141705,PO-18850,2021-10-24,US,Central,United States,Consumer,Medium,517.4050000000001,5,0.3,0.3,1,1,0
CA-2021-144365,CS-11950,2021-10-24,US,South,United States,Consumer,Medium,11.68,4,0.0,0.0,1,1,0
CA-2021-102729,BF-11215,2021-10-26,US,Central,United States,Home Office,Medium,55.616,2,0.2,0.2,1,1,0
CA-2021-115119,SC-20440,2021-10-26,US,East,United States,Corporate,Medium,142.98000000000002,8,0.55,0.7,2,2,0
CA-2021-155558,PG-18895,2021-10-26,US,Central,United States,Consumer,Medium,26.15,3,0.0,0.0,2,2,0
CA-2021-162173,OT-18730,2021-10-26,US,South,United States,Consumer,Medium,608.4300000000001,12,0.0,0.0,2,2,0
US-2021-110646,JF-15190,2021-10-26,US,East,United States,Consumer,Medium,166.69199999999998,13,0.4333333333333333,0.7,3,2,0
CA-2021-110310,NB-18655,2021-10-27,US,South,United States,Corporate,Medium,68.967,13,0.3666666666666667,0.7,3,1,0
CA-2021-110373,MA-17560,2021-10-27,US,Central,United States,Home Office,Medium,34.239999999999995,5,0.2,0.2,2,2,0
CA-2021-127922,SH-19975,2021-10-27,US,Central,United States,Corporate,Medium,24.288000000000004,4,0.2,0.2,2,1,0
CA-2021-130764,JO-15145,2021-10-27,US,West,United States,Corporate,Medium,652.505,9,0.175,0.2,2,2,0
CA-2021-134880,TW-21025,2021-10-27,US,West,United States,Home Office,Medium,44.784,1,0.2,0.2,1,1,0
CA-2021-151225,JM-15655,2021-10-27,US,West,United States,Corporate,Medium,261.536,6,0.2,0.2,2,2,0
CA-2021-111262,KH-16510,2021-10-28,US,Central,United States,Consumer,Medium,65.72800000000001,7,0.2,0.2,3,2,0
CA-2021-118367,LO-17170,2021-10-28,US,East,United States,Corporate,Medium,47.98,2,0.0,0.0,1,1,0
CA-2021-139353,JM-15250,2021-10-28,US,South,United States,Consumer,Medium,273.088,8,0.2,0.2,3,2,0
CA-2021-160661,SA-20830,2021-10-28,US,East,United States,Consumer,Medium,21.93,3,0.0,0.0,1,1,0
CA-2021-160983,GB-14530,2021-10-29,US,East,United States,Corporate,Medium,46.96,8,0.0,0.0,1,1,0
CA-2021-123491,JK-15205,2021-10-30,US,West,United States,Consumer,Medium,1993.772,30,0.0666666666666666,0.2,6,3,1
CA-2021-127285,MM-18055,2021-10-30,US,West,United States,Consumer,Medium,102.656,5,0.2,0.2,2,1,0
CA-2021-139661,JW-15220,2021-10-30,US,West,United States,Corporate,Medium,9.64,2,0.0,0.0,1,1,0
CA-2021-142622,JK-15625,2021-10-30,US,West,United States,Consumer,Medium,911.82,12,0.1333333333333333,0.2,3,1,0
CA-2021-152583,RA-19945,2021-10-30,US,Central,United States,Consumer,Medium,321.39,10,0.3666666666666667,0.6,3,2,0
CA-2021-152807,MC-18100,2021-10-30,US,East,United States,Consumer,Medium,481.472,15,0.2,0.2,4,3,0
CA-2021-155292,RD-19810,2021-10-30,US,South,United States,Home Office,Medium,204.98,18,0.0,0.0,4,2,0
CA-2021-117114,CY-12745,2021-10-31,US,Central,United States,Corporate,Medium,518.6800000000001,7,0.2,0.2,2,2,0
CA-2021-131632,AH-10120,2021-10-31,US,Central,United States,Home Office,Medium,5.248,2,0.2,0.2,1,1,0
CA-2021-104136,SF-20065,2021-11-01,US,East,United States,Consumer,Medium,230.69,11,0.0,0.0,2,1,0
CA-2021-123967,SF-20200,2021-11-01,US,West,United States,Consumer,Medium,2690.74,14,0.1,0.2,2,2,0
CA-2021-116358,KM-16225,2021-11-02,US,Central,United States,Corporate,Medium,46.02,9,0.0,0.0,2,1,0
CA-2021-120061,SR-20425,2021-11-02,US,East,United States,Home Office,Medium,155.372,2,0.3,0.3,1,1,0
CA-2021-127782,TH-21115,2021-11-02,US,East,United States,Corporate,Medium,891.5039999999999,11,0.25,0.4,4,3,0
CA-2021-141425,AR-10825,2021-11-02,US,East,United States,Corporate,Medium,384.592,2,0.2,0.2,1,1,0
CA-2021-143567,TB-21175,2021-11-02,US,South,United States,Corporate,Medium,3291.07,19,0.0,0.0,4,3,0
CA-2021-164049,KH-16630,2021-11-02,US,West,United States,Corporate,Medium,23.85,5,0.0,0.0,1,1,0
CA-2021-167227,NP-18670,2021-11-02,US,Central,United States,Consumer,Medium,95.66,12,0.0,0.0,2,1,0
CA-2021-168179,JB-16000,2021-11-02,US,West,United States,Consumer,Medium,19.44,3,0.0,0.0,1,1,0
CA-2021-169005,BG-11035,2021-11-02,US,South,United States,Consumer,Medium,5.56,2,0.0,0.0,1,1,0
US-2021-115609,CS-12505,2021-11-02,US,West,United States,Consumer,Medium,168.1,5,0.0,0.0,1,1,0
US-2021-145597,GG-14650,2021-11-02,US,Central,United States,Corporate,Medium,54.336000000000006,4,0.2,0.2,1,1,0
US-2021-163790,NL-18310,2021-11-02,US,West,United States,Home Office,Medium,1158.882,31,0.0333333333333333,0.2,6,2,0
CA-2021-100622,DK-13090,2021-11-03,US,South,United States,Consumer,Medium,1030.742,8,0.325,0.7,4,2,0
CA-2021-103009,PJ-18835,2021-11-03,US,South,United States,Corporate,Medium,26.4,5,0.0,0.0,1,1,0
CA-2021-110429,DM-13015,2021-11-03,US,East,United States,Consumer,Medium,11.673000000000002,3,0.7,0.7,1,1,0
CA-2021-121615,DL-12925,2021-11-03,US,Central,United States,Consumer,Medium,75.9,10,0.0,0.0,3,1,0
CA-2021-126046,JC-16105,2021-11-03,US,South,United States,Corporate,Medium,12.39,3,0.0,0.0,1,1,0
CA-2021-130834,JM-16195,2021-11-03,US,South,United States,Consumer,Medium,16.272000000000002,3,0.2,0.2,1,1,0
CA-2021-135419,BG-11740,2021-11-03,US,West,United States,Consumer,Medium,486.36800000000005,4,0.2,0.2,1,1,0
CA-2021-142636,KC-16675,2021-11-03,US,West,United States,Corporate,Medium,446.996,11,0.1,0.2,2,2,0
CA-2021-143329,DL-13330,2021-11-03,US,West,United States,Consumer,Medium,41.37,3,0.0,0.0,1,1,0
CA-2021-148320,PG-18895,2021-11-03,US,West,United States,Consumer,Medium,35.88,6,0.0,0.0,1,1,0
CA-2021-153339,DJ-13510,2021-11-03,US,South,United States,Corporate,Medium,15.992,1,0.2,0.2,1,1,0
CA-2021-161130,BF-11275,2021-11-03,US,South,United States,Corporate,Medium,361.376,2,0.2,0.2,1,1,0
US-2021-101518,PB-19105,2021-11-03,US,East,United States,Consumer,Medium,40.776,3,0.2,0.2,1,1,0
US-2021-105998,CR-12580,2021-11-03,US,West,United States,Home Office,Medium,1872.934,17,0.1,0.2,2,2,0
US-2021-110989,EJ-14155,2021-11-03,US,West,United States,Consumer,Medium,43.5,3,0.0,0.0,1,1,0
US-2021-168802,JO-15145,2021-11-03,US,West,United States,Corporate,Medium,18.368,4,0.2,0.2,1,1,0
CA-2021-102610,CA-12265,2021-11-04,US,South,United States,Consumer,Medium,248.396,16,0.325,0.7,4,2,0
CA-2021-105144,SZ-20035,2021-11-04,US,Central,United States,Home Office,Medium,23.680000000000003,2,0.2,0.2,1,1,0
CA-2021-121160,FM-14290,2021-11-04,US,Central,United States,Home Office,Medium,65.83999999999999,15,0.65,0.8,4,1,0
CA-2021-147760,KL-16555,2021-11-04,US,South,United States,Corporate,Medium,1883.724,8,0.3,0.4,2,2,0
CA-2021-159135,KM-16375,2021-11-04,US,South,United States,Home Office,Medium,4.3,2,0.0,0.0,1,1,0
US-2021-122672,HG-14965,2021-11-04,US,East,United States,Corporate,Medium,265.07200000000006,7,0.2,0.2,2,2,0
US-2021-156083,JL-15175,2021-11-04,US,South,United States,Home Office,Medium,9.664,2,0.2,0.2,1,1,0
US-2021-168116,GT-14635,2021-11-04,US,South,United States,Corporate,Medium,8167.419999999999,6,0.35,0.5,2,2,0
CA-2021-102925,CD-12280,2021-11-05,US,East,United States,Consumer,Medium,796.0360000000001,22,0.1125,0.4,8,3,0
CA-2021-114258,EM-13825,2021-11-05,US,Central,United States,Corporate,Medium,492.768,4,0.2,0.2,1,1,0
CA-2021-116225,SV-20935,2021-11-05,US,East,United States,Consumer,Medium,390.75,5,0.0,0.0,1,1,0
CA-2021-118213,AB-10060,2021-11-05,US,Central,United States,Home Office,Medium,240.15,14,0.0,0.0,3,1,0
CA-2021-154732,AH-10195,2021-11-05,US,Central,United States,Corporate,Medium,16.029999999999998,5,0.8,0.8,1,1,0
CA-2021-157196,AA-10645,2021-11-05,US,West,United States,Consumer,Medium,12.96,2,0.0,0.0,1,1,1
US-2021-107272,TS-21610,2021-11-05,US,West,United States,Consumer,Medium,246.38,9,0.4499999999999999,0.7,2,1,0
US-2021-111745,RA-19885,2021-11-05,US,West,United States,Corporate,Medium,159.99,1,0.0,0.0,1,1,0
CA-2021-100013,ZC-21910,2021-11-06,US,West,United States,Consumer,Medium,29.69,5,0.0,0.0,3,2,0
CA-2021-106691,CC-12370,2021-11-06,US,Central,United States,Consumer,Medium,1.2479999999999998,2,0.8,0.8,1,1,0
CA-2021-107174,AB-10060,2021-11-06,US,West,United States,Home Office,Medium,2595.3880000000004,12,0.0666666666666666,0.2,3,2,0
CA-2021-107720,VM-21685,2021-11-06,US,East,United States,Home Office,Medium,46.26,3,0.0,0.0,1,1,0
CA-2021-125290,CC-12430,2021-11-06,US,Central,United States,Home Office,Medium,40.28,6,0.0,0.0,2,1,0
CA-2021-144596,CD-11980,2021-11-06,US,East,United States,Consumer,Medium,318.96,9,0.0,0.0,1,1,0
CA-2021-150504,HG-14845,2021-11-06,US,Central,United States,Consumer,Medium,18.16,2,0.2,0.2,1,1,0
CA-2021-154109,ML-17410,2021-11-06,US,East,United States,Consumer,Medium,175.324,5,0.25,0.3,2,2,0
CA-2021-154816,VB-21745,2021-11-06,US,South,United States,Corporate,Medium,5.78,1,0.0,0.0,1,1,0
CA-2021-167941,JF-15565,2021-11-06,US,South,United States,Consumer,Medium,831.368,23,0.3,0.7,5,2,0
US-2021-109484,RB-19705,2021-11-06,US,West,United States,Home Office,Medium,5.682000000000001,1,0.7,0.7,1,1,0
US-2021-119319,LC-17050,2021-11-06,US,Central,United States,Consumer,Medium,30.56,5,0.6,0.6,1,1,0
US-2021-153948,FM-14290,2021-11-06,US,West,United States,Home Office,Medium,190.05,17,0.0,0.0,5,2,0
CA-2021-113460,KN-16390,2021-11-07,US,East,United States,Corporate,Medium,272.97,3,0.0,0.0,1,1,0
CA-2021-113572,FP-14320,2021-11-07,US,East,United States,Consumer,Medium,7.88,4,0.0,0.0,1,1,0
CA-2021-122504,DB-13270,2021-11-07,US,West,United States,Home Office,Medium,821.5140000000001,10,0.1,0.2,2,1,1
CA-2021-132346,PK-19075,2021-11-07,US,East,United States,Consumer,Medium,100.94,7,0.0,0.0,1,1,1
CA-2021-149888,EP-13915,2021-11-07,US,East,United States,Consumer,Medium,710.322,9,0.4,0.4,2,2,0
CA-2021-152737,TS-21505,2021-11-07,US,West,United States,Consumer,Medium,461.592,8,0.1,0.2,2,2,0
CA-2021-163188,EC-14050,2021-11-07,US,Central,United States,Consumer,Medium,38.16,9,0.0,0.0,1,1,0
CA-2021-143658,SR-20425,2021-11-08,US,East,United States,Home Office,Medium,109.9,5,0.0,0.0,1,1,0
CA-2021-155621,KN-16450,2021-11-08,US,East,United States,Corporate,Medium,274.20000000000005,10,0.0,0.0,1,1,0
CA-2021-119494,JE-15610,2021-11-09,US,West,United States,Corporate,Medium,523.392,3,0.2,0.2,1,1,0
CA-2021-152912,BM-11650,2021-11-09,US,East,United States,Corporate,Medium,3013.78,17,0.0,0.0,4,2,0
CA-2021-158246,JB-15400,2021-11-09,US,West,United States,Corporate,Medium,215.976,3,0.2,0.2,1,1,0
CA-2021-159597,MC-17590,2021-11-09,US,West,United States,Corporate,Medium,163.55,3,0.0,0.0,2,2,0
CA-2021-159667,PM-19135,2021-11-09,US,South,United States,Home Office,Medium,691.144,7,0.2,0.2,2,1,0
CA-2021-161018,PN-18775,2021-11-09,US,East,United States,Home Office,Medium,96.53,7,0.0,0.0,1,1,0
US-2021-141852,JE-15745,2021-11-09,US,West,United States,Consumer,Medium,47.12,8,0.0,0.0,1,1,0
CA-2021-104640,FH-14275,2021-11-10,US,East,United States,Corporate,Medium,1362.056,5,0.1,0.2,2,2,0
CA-2021-137624,ME-17320,2021-11-10,US,West,United States,Home Office,Medium,241.424,2,0.2,0.2,1,1,0
CA-2021-141138,GH-14425,2021-11-10,US,West,United States,Consumer,Medium,111.79,7,0.0,0.0,1,1,0
CA-2021-142671,DR-12940,2021-11-10,US,South,United States,Home Office,Medium,11.52,5,0.7,0.7,1,1,0
CA-2021-161739,EB-13750,2021-11-10,US,Central,United States,Corporate,Medium,341.96,5,0.6,0.6,1,1,0
CA-2021-162096,TB-21190,2021-11-10,US,West,United States,Home Office,Medium,7.800000000000001,3,0.0,0.0,1,1,0
CA-2021-163874,NC-18535,2021-11-10,US,West,United States,Corporate,Medium,26.352000000000004,3,0.2,0.2,1,1,0
US-2021-128447,MC-17845,2021-11-10,US,West,United States,Consumer,Medium,429.592,6,0.1,0.2,2,1,0
US-2021-155425,AB-10600,2021-11-10,US,West,United States,Corporate,Medium,1475.054,28,0.4,0.7,5,3,0
CA-2021-110842,GA-14725,2021-11-11,US,West,United States,Consumer,Medium,151.93,9,0.0666666666666666,0.2,3,1,0
CA-2021-115448,MH-18025,2021-11-11,US,South,United States,Consumer,Medium,88.92000000000002,5,0.2,0.2,1,1,0
CA-2021-120327,WB-21850,2021-11-11,US,Central,United States,Consumer,Medium,45.92,4,0.0,0.0,1,1,0
CA-2021-143217,CG-12040,2021-11-11,US,Central,United States,Home Office,Medium,18.24,3,0.0,0.0,1,1,0
CA-2021-143455,ML-17755,2021-11-11,US,East,United States,Home Office,Medium,10.368000000000002,2,0.2,0.2,1,1,0
CA-2021-148985,TB-21190,2021-11-11,US,West,United States,Home Office,Medium,34.92,4,0.0,0.0,1,1,0
CA-2021-150959,TD-20995,2021-11-11,US,Central,United States,Consumer,Medium,28.776,9,0.5,0.8,2,1,0
CA-2021-154137,MT-17815,2021-11-11,US,East,United States,Consumer,Medium,35.48,1,0.0,0.0,1,1,0
CA-2021-157483,EP-13915,2021-11-11,US,Central,United States,Consumer,Medium,181.86,7,0.0,0.0,1,1,0
CA-2021-158561,BB-11545,2021-11-11,US,South,United States,Corporate,Medium,1158.12,5,0.2,0.2,1,1,0
CA-2021-167976,JL-15505,2021-11-11,US,Central,United States,Consumer,Medium,25.5,3,0.0,0.0,1,1,0
US-2021-116491,PG-18820,2021-11-11,US,Central,United States,Consumer,Medium,35.184,2,0.2,0.2,1,1,0
CA-2021-122644,SF-20965,2021-11-12,US,East,United States,Corporate,Medium,29.392000000000003,4,0.2,0.2,2,2,0
CA-2021-130386,NG-18430,2021-11-12,US,Central,United States,Consumer,Medium,779.16,15,0.2,0.2,3,1,0
CA-2021-134915,EM-14140,2021-11-12,US,West,United States,Home Office,Medium,972.08,17,0.2,0.2,6,3,0
CA-2021-134978,EB-13705,2021-11-12,US,East,United States,Corporate,Medium,15.920000000000002,5,0.2,0.2,1,1,0
CA-2021-149944,MB-17305,2021-11-12,US,West,United States,Consumer,Medium,94.36,5,0.0,0.0,2,1,0
CA-2021-154088,LB-16735,2021-11-12,US,South,United States,Consumer,Medium,26.72,5,0.2,0.2,1,1,0
CA-2021-160514,DB-13120,2021-11-12,US,West,United States,Corporate,Medium,10.56,2,0.0,0.0,1,1,0
CA-2021-164168,LS-16975,2021-11-12,US,Central,United States,Home Office,Medium,256.36,16,0.3666666666666667,0.8,6,3,0
CA-2021-164364,CS-12355,2021-11-12,US,West,United States,Consumer,Medium,47.1,8,0.0,0.0,3,1,0
CA-2021-166835,DK-13375,2021-11-12,US,East,United States,Consumer,Medium,221.024,2,0.2,0.2,1,1,0
US-2021-116659,NG-18355,2021-11-12,US,East,United States,Corporate,Medium,370.782,3,0.4,0.4,1,1,0
US-2021-125808,EP-13915,2021-11-12,US,West,United States,Consumer,Medium,11.56,2,0.0,0.0,1,1,0
US-2021-132220,DJ-13510,2021-11-12,US,West,United States,Corporate,Medium,62.352,6,0.2,0.2,1,1,0
US-2021-136707,JE-15610,2021-11-12,US,West,United States,Corporate,Medium,14.016,4,0.2,0.2,1,1,0
CA-2021-112844,SP-20620,2021-11-13,US,East,United States,Corporate,Medium,198.55,7,0.0,0.0,2,2,0
CA-2021-113873,KE-16420,2021-11-13,US,Central,United States,Corporate,Medium,267.7912,7,0.26,0.32,2,2,0
CA-2021-122490,TT-21070,2021-11-13,US,West,United States,Consumer,Medium,3321.278,23,0.1,0.2,4,2,0
CA-2021-123624,SE-20110,2021-11-13,US,West,United States,Consumer,Medium,82.95,5,0.0,0.0,1,1,0
CA-2021-133620,EM-14065,2021-11-13,US,East,United States,Consumer,Medium,11.21,1,0.0,0.0,1,1,0
CA-2021-159156,KB-16600,2021-11-13,US,East,United States,Corporate,Medium,629.9499999999999,5,0.0,0.0,1,1,0
CA-2021-160416,AD-10180,2021-11-13,US,East,United States,Home Office,Medium,163.96,4,0.0,0.0,1,1,0
CA-2021-165204,MN-17935,2021-11-13,US,South,United States,Consumer,Medium,728.9680000000001,7,0.2,0.2,2,1,0
US-2021-102904,CB-12025,2021-11-13,US,South,United States,Consumer,Medium,239.92,8,0.0,0.0,1,1,0
US-2021-119662,CS-12400,2021-11-13,US,Central,United States,Home Office,Medium,230.376,3,0.2,0.2,1,1,0
US-2021-124926,ME-17320,2021-11-13,US,Central,United States,Home Office,Medium,9.323999999999998,6,0.8,0.8,1,1,0
US-2021-140312,KL-16645,2021-11-13,US,West,United States,Consumer,Medium,22.0,5,0.2,0.2,1,1,0
US-2021-153633,TC-21295,2021-11-13,US,South,United States,Consumer,Medium,2.064,1,0.2,0.2,1,1,0
US-2021-165344,SB-20290,2021-11-13,US,East,United States,Corporate,Medium,725.0790000000002,21,0.5333333333333333,0.7,3,2,0
CA-2021-106943,FO-14305,2021-11-14,US,East,United States,Consumer,Medium,8.64,2,0.2,0.2,1,1,0
CA-2021-124261,JE-15715,2021-11-14,US,West,United States,Consumer,Medium,34.24,8,0.0,0.0,1,1,0
CA-2021-137323,PW-19030,2021-11-14,US,East,United States,Corporate,Medium,96.36,6,0.0,0.0,1,1,0
CA-2021-138611,CK-12595,2021-11-14,US,East,United States,Consumer,Medium,123.58799999999998,12,0.55,0.7,2,2,0
CA-2021-142489,TC-21295,2021-11-14,US,Central,United States,Consumer,Medium,21.989999999999995,5,0.8,0.8,1,1,0
CA-2021-152142,LW-16990,2021-11-14,US,West,United States,Corporate,Medium,321.568,2,0.2,0.2,1,1,0
US-2021-118157,AW-10930,2021-11-14,US,Central,United States,Home Office,Medium,15.28,2,0.0,0.0,1,1,0
US-2021-136679,XP-21865,2021-11-14,US,Central,United States,Consumer,Medium,212.992,8,0.2,0.2,2,2,1
CA-2021-108112,DK-12895,2021-11-15,US,South,United States,Consumer,Medium,559.2,8,0.2,0.2,2,1,0
CA-2021-100601,JK-15370,2021-11-16,US,West,United States,Consumer,Medium,48.86,7,0.0,0.0,1,1,0
CA-2021-108091,EK-13795,2021-11-16,US,West,United States,Home Office,Medium,23.36,4,0.0,0.0,1,1,0
CA-2021-121678,BM-11650,2021-11-16,US,East,United States,Corporate,Medium,1.8240000000000005,1,0.7,0.7,1,1,0
CA-2021-122945,MB-18085,2021-11-16,US,West,United States,Consumer,Medium,17.31,3,0.0,0.0,1,1,0
CA-2021-136308,MW-18235,2021-11-16,US,West,United States,Corporate,Medium,1919.976,3,0.2,0.2,1,1,1
CA-2021-137022,SW-20275,2021-11-16,US,West,United States,Consumer,Medium,811.28,8,0.0,0.0,1,1,0
CA-2021-157448,LC-16885,2021-11-16,US,West,United States,Consumer,Medium,132.36,6,0.0,0.0,2,1,0
CA-2021-160633,BS-11380,2021-11-16,US,East,United States,Corporate,Medium,1126.294,11,0.2666666666666666,0.4,3,2,0
US-2021-107888,CC-12220,2021-11-16,US,West,United States,Consumer,Medium,354.77,12,0.05,0.2,4,3,1
US-2021-114657,MH-18115,2021-11-16,US,East,United States,Home Office,Medium,52.44,4,0.0,0.0,1,1,0
US-2021-118598,CM-12190,2021-11-16,US,East,United States,Consumer,Medium,119.94,6,0.0,0.0,1,1,0
US-2021-157896,CB-12415,2021-11-16,US,East,United States,Consumer,Medium,146.82,3,0.0,0.0,1,1,0
CA-2021-100902,CK-12595,2021-11-17,US,South,United States,Consumer,Medium,699.4000000000001,12,0.2,0.2,2,2,0
CA-2021-118122,GG-14650,2021-11-17,US,West,United States,Corporate,Medium,13.904,2,0.2,0.2,1,1,1
CA-2021-124674,JB-16000,2021-11-17,US,Central,United States,Consumer,Medium,327.73279999999994,2,0.32,0.32,1,1,0
CA-2021-128265,VW-21775,2021-11-17,US,East,United States,Corporate,Medium,1247.64,3,0.0,0.0,1,1,0
CA-2021-138163,XP-21865,2021-11-17,US,East,United States,Consumer,Medium,50.94,3,0.0,0.0,1,1,1
CA-2021-141719,EG-13900,2021-11-17,US,Central,United States,Consumer,Medium,239.96000000000004,5,0.2,0.2,1,1,0
CA-2021-158120,KH-16330,2021-11-17,US,West,United States,Corporate,Medium,23.766,10,0.4499999999999999,0.7,2,1,0
CA-2021-163629,RA-19885,2021-11-17,US,South,United States,Corporate,Medium,286.09,6,0.0,0.0,2,1,0
CA-2021-165687,CS-12355,2021-11-17,US,South,United States,Consumer,Medium,35.04,2,0.0,0.0,1,1,0
CA-2021-166709,HL-15040,2021-11-17,US,East,United States,Consumer,Medium,10499.97,3,0.0,0.0,1,1,0
US-2021-116505,TB-21625,2021-11-17,US,East,United States,Consumer,Medium,43.8,6,0.0,0.0,1,1,0
US-2021-155866,CC-12370,2021-11-17,US,East,United States,Consumer,Medium,226.64,10,0.0,0.0,2,2,0
CA-2021-104864,JS-15685,2021-11-18,US,South,United States,Corporate,Medium,552.8560000000001,29,0.3,0.7,5,1,0
CA-2021-104913,DK-13090,2021-11-18,US,East,United States,Consumer,Medium,74.95,5,0.0,0.0,1,1,0
CA-2021-107825,NB-18655,2021-11-18,US,Central,United States,Corporate,Medium,143.48,11,0.0,0.0,4,2,1
CA-2021-143434,ME-17320,2021-11-18,US,Central,United States,Home Office,Medium,19.76,4,0.0,0.0,1,1,0
CA-2021-160122,RD-19930,2021-11-18,US,Central,United States,Consumer,Medium,182.97,8,0.25,0.3,2,2,0
CA-2021-167871,AF-10870,2021-11-18,US,South,United States,Consumer,Medium,47.328,2,0.2,0.2,2,1,0
US-2021-132444,CD-12280,2021-11-18,US,West,United States,Consumer,Medium,409.548,17,0.04,0.2,5,2,0
US-2021-158946,JW-15220,2021-11-18,US,East,United States,Corporate,Medium,38.864,7,0.2,0.2,1,1,0
CA-2021-101042,AB-10105,2021-11-19,US,South,United States,Consumer,Medium,843.8399999999999,8,0.0,0.0,2,2,0
CA-2021-110926,DD-13570,2021-11-19,US,South,United States,Consumer,Medium,25.06,7,0.0,0.0,1,1,0
CA-2021-112529,SC-20770,2021-11-19,US,Central,United States,Corporate,Medium,749.8919999999998,10,0.25,0.3,2,2,0
CA-2021-121468,KD-16345,2021-11-19,US,West,United States,Consumer,Medium,31.968000000000004,4,0.2,0.2,1,1,0
CA-2021-126242,MC-18100,2021-11-19,US,West,United States,Consumer,Medium,323.71,10,0.0,0.0,2,2,0
CA-2021-131254,NC-18415,2021-11-19,US,Central,United States,Consumer,Medium,1729.2859999999996,14,0.4333333333333333,0.8,3,2,0
CA-2021-143021,AP-10720,2021-11-19,US,East,United States,Home Office,Medium,138.38199999999998,10,0.3,0.4,2,2,0
CA-2021-146458,RB-19435,2021-11-19,US,South,United States,Consumer,Medium,22.96,7,0.0,0.0,1,1,0
CA-2021-158876,AB-10150,2021-11-19,US,Central,United States,Consumer,Medium,138.696,11,0.3,0.6,4,2,0
CA-2021-162929,AS-10135,2021-11-19,US,East,United States,Home Office,Medium,54.64,8,0.1,0.2,2,1,0
CA-2021-168858,JD-16150,2021-11-19,US,East,United States,Corporate,Medium,2521.48,10,0.0,0.0,2,1,0
US-2021-108014,JH-15430,2021-11-19,US,East,United States,Consumer,Medium,59.91300000000001,7,0.7,0.7,1,1,0
US-2021-137491,LC-16930,2021-11-19,US,Central,United States,Corporate,Medium,305.312,2,0.3,0.3,1,1,0
US-2021-139969,AF-10870,2021-11-19,US,Central,United States,Consumer,Medium,233.058,3,0.3,0.3,1,1,0
US-2021-152380,JH-15910,2021-11-19,US,Central,United States,Consumer,Medium,219.075,3,0.5,0.5,1,1,0
CA-2021-103499,ES-14020,2021-11-20,US,South,United States,Consumer,Medium,209.568,2,0.2,0.2,1,1,0
CA-2021-111556,CD-11920,2021-11-20,US,East,United States,Consumer,Medium,1559.668,15,0.05,0.2,4,3,1
CA-2021-118731,LP-17080,2021-11-20,US,West,United States,Consumer,Medium,126.656,10,0.1,0.2,2,2,0
CA-2021-120404,KH-16330,2021-11-20,US,East,United States,Corporate,Medium,623.9300000000001,7,0.0,0.0,3,2,0
CA-2021-121818,JH-15430,2021-11-20,US,South,United States,Consumer,Medium,52.696000000000005,10,0.2,0.2,2,1,0
CA-2021-146724,HG-15025,2021-11-20,US,Central,United States,Consumer,Medium,22.0,10,0.0,0.0,1,1,0
CA-2021-154123,SC-20050,2021-11-20,US,South,United States,Home Office,Medium,27.58,2,0.0,0.0,1,1,0
US-2021-110996,KA-16525,2021-11-20,US,West,United States,Consumer,Medium,283.92,5,0.2,0.2,1,1,0
US-2021-161193,BT-11680,2021-11-20,US,East,United States,Consumer,Medium,82.256,7,0.2,0.2,2,1,0
CA-2021-100811,CC-12475,2021-11-21,US,East,United States,Consumer,Medium,47.744,6,0.2,0.2,2,1,0
CA-2021-103380,BF-11005,2021-11-21,US,West,United States,Home Office,Medium,739.7360000000001,10,0.04,0.2,5,2,1
CA-2021-105130,PJ-18835,2021-11-21,US,West,United States,Corporate,Medium,52.496,6,0.1,0.2,2,1,0
CA-2021-107874,SW-20275,2021-11-21,US,East,United States,Consumer,Medium,27.42,1,0.0,0.0,1,1,0
CA-2021-110443,CK-12205,2021-11-21,US,West,United States,Consumer,Medium,1242.632,14,0.1333333333333333,0.2,3,2,0
CA-2021-142888,BP-11230,2021-11-21,US,West,United States,Consumer,Medium,70.98,1,0.0,0.0,1,1,1
CA-2021-157420,HZ-14950,2021-11-21,US,Central,United States,Consumer,Medium,55.176,3,0.2,0.2,1,1,0
CA-2021-144036,FO-14305,2021-11-22,US,Central,United States,Consumer,Medium,35.712,8,0.2,0.2,1,1,0
CA-2021-103156,TD-20995,2021-11-23,US,East,United States,Consumer,Medium,24.048,9,0.2,0.2,1,1,0
CA-2021-107832,FH-14275,2021-11-23,US,East,United States,Corporate,Medium,7.476000000000002,1,0.7,0.7,1,1,0
CA-2021-119004,JM-15250,2021-11-23,US,South,United States,Consumer,Medium,105.40800000000002,10,0.2,0.2,3,2,0
CA-2021-119746,CM-12385,2021-11-23,US,Central,United States,Consumer,Medium,240.368,8,0.3333333333333333,0.6,3,3,0
CA-2021-148992,CS-12250,2021-11-23,US,Central,United States,Corporate,Medium,10.688,2,0.2,0.2,1,1,0
CA-2021-149160,JM-15265,2021-11-23,US,Central,United States,Corporate,Medium,316.32,10,0.0,0.0,2,2,0
CA-2021-156622,JP-15460,2021-11-23,US,Central,United States,Corporate,Medium,248.481,12,0.375,0.8,4,2,0
CA-2021-166919,AH-10210,2021-11-23,US,Central,United States,Consumer,Medium,195.96000000000004,5,0.2,0.2,1,1,0
CA-2021-167017,DC-12850,2021-11-23,US,Central,United States,Consumer,Medium,4.36,2,0.0,0.0,1,1,0
CA-2021-101945,GT-14710,2021-11-24,US,Central,United States,Consumer,Medium,10.824,3,0.2,0.2,1,1,0
CA-2021-103765,JG-15310,2021-11-24,US,Central,United States,Corporate,Medium,13.761999999999995,1,0.8,0.8,1,1,0
CA-2021-105543,BG-11695,2021-11-24,US,Central,United States,Corporate,Medium,33.29,1,0.0,0.0,1,1,0
CA-2021-123701,PG-18820,2021-11-24,US,West,United States,Consumer,Medium,27.76,4,0.0,0.0,1,1,0
CA-2021-128300,RS-19765,2021-11-24,US,South,United States,Corporate,Medium,406.94,10,0.0,0.0,2,2,0
CA-2021-131366,SC-20440,2021-11-24,US,East,United States,Corporate,Medium,319.532,9,0.3,0.4,2,2,0
CA-2021-137505,BP-11290,2021-11-24,US,West,United States,Consumer,Medium,435.16800000000006,4,0.2,0.2,2,1,0
CA-2021-146535,FM-14290,2021-11-24,US,South,United States,Home Office,Medium,1446.84,13,0.0,0.0,2,1,0
CA-2021-153654,MD-17860,2021-11-24,US,South,United States,Corporate,Medium,19.008000000000003,8,0.7,0.7,1,1,0
CA-2021-162250,PR-18880,2021-11-24,US,West,United States,Consumer,Medium,7.78,1,0.0,0.0,1,1,0
CA-2021-164028,JL-15835,2021-11-24,US,West,United States,Consumer,Medium,223.58,14,0.0,0.0,1,1,0
CA-2021-166436,TS-21370,2021-11-24,US,East,United States,Corporate,Medium,983.172,7,0.05,0.1,2,2,0
CA-2021-168641,KA-16525,2021-11-24,US,East,United States,Consumer,Medium,518.8679999999999,15,0.05,0.2,4,2,0
CA-2021-169894,MV-17485,2021-11-24,US,West,United States,Consumer,Medium,436.59600000000006,10,0.4499999999999999,0.7,2,1,1
US-2021-128118,MY-17380,2021-11-24,US,South,United States,Corporate,Medium,76.52100000000002,10,0.4499999999999999,0.7,2,1,0
CA-2021-101665,TZ-21580,2021-11-25,US,West,United States,Consumer,Medium,5.16,2,0.0,0.0,1,1,0
CA-2021-124765,HZ-14950,2021-11-25,US,South,United States,Consumer,Medium,723.92,5,0.2,0.2,1,1,0
CA-2021-129000,SZ-20035,2021-11-25,US,Central,United States,Home Office,Medium,501.81000000000006,3,0.0,0.0,1,1,0
CA-2021-150266,RO-19780,2021-11-25,US,Central,United States,Consumer,Medium,1240.418,19,0.375,0.8,4,3,0
CA-2021-155159,DL-13315,2021-11-25,US,South,United States,Consumer,Medium,48.87,9,0.0,0.0,1,1,0
CA-2021-161459,EB-13750,2021-11-25,US,West,United States,Corporate,Medium,74.04,11,0.1,0.2,2,2,1
US-2021-109610,BS-11590,2021-11-25,US,South,United States,Corporate,Medium,701.96,2,0.0,0.0,1,1,0
US-2021-133312,BD-11500,2021-11-25,US,West,United States,Consumer,Medium,369.979,4,0.075,0.15,2,2,0
CA-2021-100097,MN-17935,2021-11-26,US,East,United States,Consumer,Medium,1115.25,10,0.0,0.0,2,2,0
CA-2021-122700,LT-17110,2021-11-26,US,East,United States,Consumer,Medium,220.752,8,0.4,0.4,1,1,0
CA-2021-130526,GT-14755,2021-11-26,US,Central,United States,Consumer,Medium,33.56799999999999,8,0.8,0.8,1,1,0
CA-2021-135307,LS-17245,2021-11-26,US,Central,United States,Consumer,Medium,164.34,5,0.0,0.0,2,2,0
CA-2021-141439,TT-21460,2021-11-26,US,Central,United States,Home Office,Medium,3083.94,14,0.0,0.0,5,2,0
CA-2021-155607,FG-14260,2021-11-26,US,East,United States,Home Office,Medium,152.074,11,0.1,0.2,2,1,0
CA-2021-155957,CC-12610,2021-11-26,US,East,United States,Corporate,Medium,265.408,10,0.2,0.2,2,1,0
CA-2021-165029,AH-10075,2021-11-26,US,South,United States,Corporate,Medium,12.84,3,0.0,0.0,1,1,0
CA-2021-101245,LW-16990,2021-11-27,US,West,United States,Corporate,Medium,410.71,13,0.0,0.0,2,2,0
CA-2021-102519,BM-11650,2021-11-27,US,Central,United States,Corporate,Medium,190.67,10,0.0,0.0,2,2,1
CA-2021-103352,RP-19390,2021-11-27,US,East,United States,Consumer,Medium,114.414,9,0.1,0.2,2,1,0
CA-2021-107125,BD-11320,2021-11-27,US,West,United States,Consumer,Medium,136.328,10,0.1,0.2,2,2,0
CA-2021-132185,DB-13615,2021-11-27,US,South,United States,Consumer,Medium,52.344,6,0.2,0.2,2,1,0
CA-2021-133207,DO-13645,2021-11-27,US,West,United States,Consumer,Medium,57.568,4,0.2,0.2,1,1,0
CA-2021-159506,JR-16210,2021-11-27,US,Central,United States,Corporate,Medium,656.2199999999999,9,0.0,0.0,2,1,0
CA-2021-117702,LS-16975,2021-11-28,US,East,United States,Home Office,Medium,1071.74,11,0.0,0.0,3,2,0
CA-2021-121538,RH-19495,2021-11-28,US,West,United States,Consumer,Medium,88.768,2,0.2,0.2,1,1,0
CA-2021-123372,DG-13300,2021-11-28,US,East,United States,Corporate,Medium,2059.85,13,0.0,0.0,2,2,0
CA-2021-131303,EP-13915,2021-11-28,US,West,United States,Consumer,Medium,62.65,5,0.0,0.0,1,1,0
US-2021-110576,RB-19795,2021-11-28,US,East,United States,Home Office,Medium,3629.936,34,0.24,0.4,5,2,0
CA-2021-108035,TT-21070,2021-11-29,US,South,United States,Consumer,Medium,491.888,7,0.2,0.2,2,1,0
CA-2021-102267,SC-20800,2021-11-30,US,Central,United States,Consumer,Medium,2.368,2,0.2,0.2,1,1,0
CA-2021-105333,VP-21730,2021-11-30,US,East,United States,Home Office,Medium,899.1100000000001,10,0.0,0.0,3,2,0
CA-2021-107314,MZ-17335,2021-11-30,US,West,United States,Home Office,Medium,25.83,3,0.0,0.0,1,1,0
CA-2021-111689,HP-14815,2021-11-30,US,East,United States,Home Office,Medium,1311.3719999999998,8,0.15,0.2,2,2,0
CA-2021-116645,ME-17725,2021-11-30,US,East,United States,Consumer,Medium,155.94,6,0.0,0.0,1,1,0
CA-2021-119305,SW-20275,2021-11-30,US,South,United States,Consumer,Medium,173.79999999999998,5,0.0,0.0,1,1,0
CA-2021-137365,BP-11095,2021-11-30,US,Central,United States,Corporate,Medium,95.976,3,0.2,0.2,1,1,0
CA-2021-142090,SC-20380,2021-11-30,US,South,United States,Consumer,Medium,2165.658,10,0.3,0.4,2,2,0
US-2021-120089,ML-17755,2021-11-30,US,East,United States,Home Office,Medium,663.936,4,0.2,0.2,1,1,0
US-2021-148768,PN-18775,2021-11-30,US,South,United States,Home Office,Medium,71.976,3,0.2,0.2,1,1,0
US-2021-165456,TB-21625,2021-11-30,US,East,United States,Consumer,Medium,1079.316,6,0.3,0.3,1,1,0
CA-2021-101805,SH-19975,2021-12-01,US,West,United States,Corporate,Medium,627.84,21,0.0666666666666666,0.2,3,2,1
CA-2021-103968,ML-17755,2021-12-01,US,West,United States,Home Office,Medium,629.64,9,0.0,0.0,1,1,0
CA-2021-113355,SJ-20215,2021-12-01,US,Central,United States,Consumer,Medium,536.8580000000001,8,0.25,0.3,2,2,0
CA-2021-118542,CC-12550,2021-12-01,US,West,United States,Consumer,Medium,55.488,9,0.1,0.2,2,1,1
CA-2021-122539,SC-20305,2021-12-01,US,East,United States,Consumer,Medium,422.909,13,0.3999999999999999,0.7,3,2,0
CA-2021-127313,RA-19285,2021-12-01,US,East,United States,Consumer,Medium,116.512,8,0.2,0.2,2,2,0
CA-2021-135860,JH-15985,2021-12-01,US,Central,United States,Consumer,Medium,376.1,20,0.0,0.0,5,2,0
CA-2021-138618,MY-17380,2021-12-01,US,Central,United States,Corporate,Medium,10.368000000000002,2,0.2,0.2,1,1,0
CA-2021-143245,AD-10180,2021-12-01,US,East,United States,Home Office,Medium,916.59,6,0.0,0.0,2,2,0
CA-2021-144862,EH-14005,2021-12-01,US,East,United States,Home Office,Medium,167.63800000000003,12,0.3,0.4,2,2,0
CA-2021-145233,DV-13465,2021-12-01,US,West,United States,Consumer,Medium,1020.263,19,0.3,0.7,5,2,0
CA-2021-145660,MG-17650,2021-12-01,US,East,United States,Home Office,Medium,7.712000000000001,2,0.2,0.2,1,1,0
CA-2021-163139,CC-12670,2021-12-01,US,East,United States,Consumer,Medium,259.44,11,0.0666666666666666,0.2,3,2,0
CA-2021-166926,SO-20335,2021-12-01,US,West,United States,Consumer,Medium,183.82,9,0.0,0.0,2,2,0
CA-2021-102379,BB-11545,2021-12-02,US,West,United States,Corporate,Medium,1378.948,15,0.1333333333333333,0.2,3,3,0
CA-2021-104108,RP-19855,2021-12-02,US,Central,United States,Corporate,Medium,12.160000000000002,5,0.2,0.2,1,1,0
CA-2021-109701,AM-10360,2021-12-02,US,West,United States,Corporate,Medium,178.89,19,0.08,0.2,5,1,0
CA-2021-116715,VW-21775,2021-12-02,US,West,United States,Corporate,Medium,678.1,13,0.0,0.0,3,1,0
CA-2021-143756,ME-17725,2021-12-02,US,South,United States,Consumer,Medium,701.96,2,0.0,0.0,1,1,0
CA-2021-147767,SV-20935,2021-12-02,US,West,United States,Consumer,Medium,67.86000000000001,6,0.7,0.7,1,1,0
CA-2021-155075,GW-14605,2021-12-02,US,East,United States,Consumer,Medium,631.1760000000002,4,0.7,0.7,1,1,0
CA-2021-155089,DB-12910,2021-12-02,US,South,United States,Home Office,Medium,45.66000000000001,5,0.7,0.7,1,1,0
CA-2021-157469,ES-14080,2021-12-02,US,East,United States,Corporate,Medium,170.916,11,0.3,0.4,2,2,0
CA-2021-160885,JK-16090,2021-12-02,US,Central,United States,Consumer,Medium,2479.96,4,0.0,0.0,1,1,0
CA-2021-164917,MK-17905,2021-12-02,US,South,United States,Corporate,Medium,47.96,5,0.2,0.2,1,1,0
CA-2021-165715,BG-11035,2021-12-02,US,South,United States,Consumer,Medium,32.776,1,0.2,0.2,1,1,0
CA-2021-167395,KM-16720,2021-12-02,US,East,United States,Consumer,Medium,1271.17,14,0.0,0.0,3,2,1
US-2021-108063,AS-10090,2021-12-02,US,South,United States,Consumer,Medium,34.650000000000006,3,0.0,0.0,1,1,0
US-2021-112347,BS-11380,2021-12-02,US,West,United States,Corporate,Medium,1915.6240000000005,36,0.3428571428571428,0.7,7,3,0
US-2021-147221,JS-16030,2021-12-02,US,Central,United States,Consumer,Medium,303.372,9,0.7,0.8,2,2,0
CA-2021-103415,MV-17485,2021-12-03,US,Central,United States,Consumer,Medium,13.592,2,0.6,0.6,1,1,0
CA-2021-118017,LC-16870,2021-12-03,US,West,United States,Consumer,Medium,306.36,38,0.2,0.2,8,3,0
CA-2021-123071,CC-12550,2021-12-03,US,Central,United States,Consumer,Medium,10.368000000000002,2,0.2,0.2,1,1,0
CA-2021-128699,ND-18370,2021-12-03,US,South,United States,Consumer,Medium,47.992,1,0.2,0.2,1,1,0
CA-2021-136875,TC-21295,2021-12-03,US,West,United States,Consumer,Medium,166.44,3,0.0,0.0,1,1,0
CA-2021-143126,CM-12655,2021-12-03,US,West,United States,Home Office,Medium,521.96,2,0.0,0.0,1,1,0
CA-2021-148691,CS-12460,2021-12-03,US,East,United States,Consumer,Medium,238.68400000000003,9,0.1,0.2,4,2,0
US-2021-149510,MC-17575,2021-12-03,US,South,United States,Consumer,Medium,98.446,13,0.3666666666666667,0.7,3,1,0
CA-2021-109183,LR-16915,2021-12-04,US,South,United States,Consumer,Medium,649.0,2,0.5,0.5,1,1,0
CA-2021-117667,MS-17980,2021-12-04,US,East,United States,Corporate,Medium,588.0079999999999,24,0.22,0.3,5,3,0
CA-2021-118003,DO-13645,2021-12-04,US,East,United States,Consumer,Medium,498.15,7,0.0,0.0,3,1,0
CA-2021-139773,DV-13045,2021-12-04,US,East,United States,Corporate,Medium,188.552,7,0.3,0.3,1,1,0
CA-2021-147550,KE-16420,2021-12-04,US,East,United States,Corporate,Medium,11.352000000000002,3,0.2,0.2,1,1,0
CA-2021-152660,CB-12415,2021-12-04,US,Central,United States,Consumer,Medium,61.568,2,0.2,0.2,1,1,1
CA-2021-153227,CS-12250,2021-12-04,US,West,United States,Corporate,Medium,11.76,2,0.0,0.0,1,1,0
CA-2021-156412,CM-12160,2021-12-04,US,East,United States,Consumer,Medium,5.346000000000002,3,0.7,0.7,1,1,0
CA-2021-160031,LT-16765,2021-12-04,US,East,United States,Consumer,Medium,74.352,3,0.2,0.2,1,1,0
US-2021-107384,TP-21130,2021-12-04,US,Central,United States,Consumer,Medium,551.55,11,0.0,0.0,3,2,0
CA-2021-104066,QJ-19255,2021-12-05,US,East,United States,Corporate,Medium,205.03,7,0.0,0.0,1,1,0
CA-2021-105235,SM-20950,2021-12-05,US,East,United States,Corporate,Medium,334.52,10,0.0,0.0,3,2,0
CA-2021-117128,BF-11080,2021-12-05,US,East,United States,Consumer,Medium,32.67,9,0.0,0.0,2,1,0
CA-2021-126865,NP-18325,2021-12-05,US,West,United States,Consumer,Medium,92.94,3,0.0,0.0,1,1,0
CA-2021-130351,RB-19570,2021-12-05,US,Central,United States,Consumer,Medium,199.73,11,0.0,0.0,3,2,0
CA-2021-131212,AB-10165,2021-12-05,US,West,United States,Consumer,Medium,39.792,9,0.2,0.2,2,1,0
CA-2021-156958,PB-18805,2021-12-05,US,West,United States,Home Office,Medium,497.044,21,0.16,0.2,5,3,1
US-2021-126053,CS-11950,2021-12-05,US,East,United States,Consumer,Medium,51.41,5,0.0,0.0,2,2,0
US-2021-149006,BN-11470,2021-12-06,US,West,United States,Corporate,Medium,10.68,1,0.0,0.0,1,1,0
CA-2021-134285,DS-13180,2021-12-07,US,Central,United States,Corporate,Medium,19.104000000000003,6,0.2,0.2,2,1,0
CA-2021-135587,BH-11710,2021-12-07,US,South,United States,Consumer,Medium,372.64,8,0.0,0.0,2,2,0
CA-2021-137099,FP-14320,2021-12-07,US,West,United States,Consumer,Medium,374.376,3,0.2,0.2,1,1,1
CA-2021-142328,TC-21535,2021-12-07,US,West,United States,Home Office,Medium,50.04,6,0.0,0.0,1,1,1
CA-2021-157980,SH-20395,2021-12-07,US,East,United States,Consumer,Medium,127.984,2,0.2,0.2,1,1,0
US-2021-122714,HG-14965,2021-12-07,US,Central,United States,Corporate,Medium,1889.99,5,0.8,0.8,1,1,0
US-2021-136189,DC-13285,2021-12-07,US,South,United States,Consumer,Medium,82.38,6,0.0,0.0,1,1,0
CA-2021-108854,DM-13345,2021-12-08,US,West,United States,Corporate,Medium,243.58400000000003,9,0.1,0.2,4,1,0
CA-2021-117324,JP-15520,2021-12-08,US,Central,United States,Consumer,Medium,1816.36,16,0.0,0.0,5,3,0
CA-2021-117457,KH-16510,2021-12-08,US,West,United States,Consumer,Medium,3955.507,46,0.0833333333333333,0.2,9,3,0
CA-2021-117926,AS-10225,2021-12-08,US,West,United States,Corporate,Medium,69.48,1,0.0,0.0,1,1,1
CA-2021-145226,DL-13315,2021-12-08,US,East,United States,Consumer,Medium,433.78,12,0.0,0.0,4,2,0
CA-2021-148264,LF-17185,2021-12-08,US,West,United States,Consumer,Medium,218.81,14,0.0,0.0,3,2,0
CA-2021-152436,CW-11905,2021-12-08,US,East,United States,Home Office,Medium,592.74,6,0.0,0.0,1,1,0
US-2021-131961,MJ-17740,2021-12-08,US,East,United States,Consumer,Medium,97.236,6,0.3,0.4,2,2,0
US-2021-167570,EG-13900,2021-12-08,US,East,United States,Consumer,Medium,215.544,4,0.3,0.3,1,1,0
CA-2021-102407,AT-10435,2021-12-09,US,West,United States,Home Office,Medium,1096.488,12,0.0666666666666666,0.2,3,2,0
CA-2021-102659,LW-17215,2021-12-09,US,Central,United States,Consumer,Medium,54.900000000000006,5,0.0,0.0,1,1,0
CA-2021-108329,LE-16810,2021-12-09,US,West,United States,Consumer,Medium,444.768,4,0.2,0.2,1,1,0
CA-2021-109715,AH-10585,2021-12-09,US,Central,United States,Consumer,Medium,15.984000000000002,2,0.2,0.2,1,1,0
CA-2021-109960,DB-13210,2021-12-09,US,Central,United States,Consumer,Medium,188.24,18,0.0,0.0,4,2,0
CA-2021-129833,HF-14995,2021-12-09,US,Central,United States,Consumer,Medium,43.85,10,0.0,0.0,2,1,0
CA-2021-139199,DK-12835,2021-12-09,US,Central,United States,Corporate,Medium,927.44,7,0.0,0.0,3,2,0
CA-2021-139402,NC-18535,2021-12-09,US,West,United States,Corporate,Medium,432.405,8,0.4499999999999999,0.7,2,1,0
CA-2021-141201,DB-12910,2021-12-09,US,West,United States,Home Office,Medium,148.257,3,0.15,0.15,1,1,0
CA-2021-148012,KM-16225,2021-12-09,US,East,United States,Corporate,Medium,2.624,1,0.2,0.2,1,1,0
US-2021-103814,LH-16900,2021-12-09,US,Central,United States,Consumer,Medium,143.85600000000002,9,0.2,0.2,1,1,0
US-2021-118038,KB-16600,2021-12-09,US,Central,United States,Corporate,Medium,38.196000000000005,9,0.5333333333333333,0.8,3,2,0
US-2021-132927,RD-19720,2021-12-09,US,East,United States,Consumer,Medium,11.088000000000005,7,0.7,0.7,1,1,0
US-2021-145366,CA-12310,2021-12-09,US,East,United States,Corporate,Medium,94.784,4,0.2,0.2,2,1,0
US-2021-167920,JL-15835,2021-12-09,US,South,United States,Consumer,Medium,1827.51,21,0.0,0.0,7,2,0
CA-2021-107748,AG-10330,2021-12-10,US,West,United States,Consumer,Medium,108.8,6,0.1,0.2,2,2,0
CA-2021-108294,LS-16975,2021-12-10,US,Central,United States,Home Office,Medium,34.5,3,0.0,0.0,1,1,1
CA-2021-143798,AW-10840,2021-12-10,US,East,United States,Consumer,Medium,321.24800000000005,4,0.2,0.2,2,2,0
CA-2021-148446,MC-17845,2021-12-10,US,West,United States,Consumer,Medium,1669.6,4,0.0,0.0,1,1,0
CA-2021-148922,SU-20665,2021-12-10,US,South,United States,Home Office,Medium,684.78,14,0.0,0.0,3,2,0
CA-2021-152695,CC-12220,2021-12-10,US,East,United States,Consumer,Medium,437.65,10,0.0,0.0,2,1,0
CA-2021-157651,HA-14920,2021-12-10,US,East,United States,Consumer,Medium,14.2,1,0.2,0.2,1,1,0
CA-2021-158967,BT-11680,2021-12-10,US,South,United States,Consumer,Medium,19.104,3,0.2,0.2,1,1,0
CA-2021-167150,BP-11185,2021-12-10,US,West,United States,Corporate,Medium,85.504,6,0.2,0.2,2,1,0
US-2021-110149,WB-21850,2021-12-10,US,East,United States,Consumer,Medium,91.193,6,0.4499999999999999,0.7,2,2,0
US-2021-135503,JE-16165,2021-12-10,US,South,United States,Corporate,Medium,14.76,2,0.0,0.0,1,1,0
US-2021-140907,BP-11185,2021-12-10,US,West,United States,Corporate,Medium,392.22,11,0.0,0.0,3,2,0
CA-2021-100230,AA-10375,2021-12-11,US,East,United States,Consumer,Medium,149.872,6,0.0666666666666666,0.2,3,2,0
CA-2021-101798,MV-18190,2021-12-11,US,East,United States,Consumer,Medium,63.34,6,0.1,0.2,2,2,0
CA-2021-129581,KN-16390,2021-12-11,US,East,United States,Corporate,Medium,128.85000000000002,3,0.0,0.0,1,1,0
CA-2021-142776,RS-19870,2021-12-11,US,Central,United States,Home Office,Medium,12.68,4,0.0,0.0,2,1,0
CA-2021-149706,AS-10285,2021-12-11,US,Central,United States,Corporate,Medium,116.312,7,0.2,0.2,1,1,0
CA-2021-153871,RB-19435,2021-12-11,US,East,United States,Consumer,Medium,798.9300000000001,14,0.0,0.0,3,1,0
CA-2021-162565,RR-19315,2021-12-11,US,Central,United States,Consumer,Medium,608.5519999999999,5,0.3666666666666667,0.6,3,2,0
CA-2021-165099,DK-13375,2021-12-11,US,Central,United States,Consumer,Medium,1.3919999999999997,2,0.8,0.8,1,1,0
CA-2021-168389,DV-13045,2021-12-11,US,South,United States,Corporate,Medium,873.8110000000001,12,0.2625,0.45,4,3,0
US-2021-125213,NB-18655,2021-12-11,US,East,United States,Corporate,Medium,6.540000000000001,3,0.0,0.0,1,1,0
US-2021-160759,AI-10855,2021-12-11,US,East,United States,Consumer,Medium,63.686,1,0.3,0.3,1,1,0
CA-2021-107986,MW-18220,2021-12-13,US,West,United States,Consumer,Medium,31.44,3,0.0,0.0,1,1,0
CA-2021-122770,EP-13915,2021-12-13,US,West,United States,Consumer,Medium,261.52,19,0.0,0.0,4,2,0
CA-2021-135377,BP-11095,2021-12-13,US,East,United States,Corporate,Medium,287.976,3,0.2,0.2,1,1,0
CA-2021-107629,DB-13060,2021-12-14,US,Central,United States,Consumer,Medium,457.176,18,0.4,0.6,4,3,0
CA-2021-122595,GM-14455,2021-12-14,US,Central,United States,Home Office,Medium,282.688,7,0.3333333333333333,0.6,3,2,0
CA-2021-147333,KL-16555,2021-12-14,US,South,United States,Corporate,Medium,204.55,9,0.0,0.0,2,1,0
CA-2021-151799,BF-11170,2021-12-14,US,East,United States,Home Office,Medium,1843.402,14,0.06,0.3,5,3,0
CA-2021-169859,MP-18175,2021-12-14,US,West,United States,Home Office,Medium,134.91,22,0.0666666666666666,0.2,3,2,1
US-2021-113992,LC-16885,2021-12-14,US,Central,United States,Consumer,Medium,974.9879999999998,4,0.3,0.3,1,1,0
CA-2021-119564,PL-18925,2021-12-15,US,West,United States,Home Office,Medium,22.77,3,0.0,0.0,1,1,0
CA-2021-136063,SS-20140,2021-12-15,US,Central,United States,Corporate,Medium,10.192000000000002,7,0.2,0.2,1,1,0
CA-2021-154116,KM-16660,2021-12-15,US,West,United States,Consumer,Medium,273.926,10,0.0666666666666666,0.2,3,2,0
CA-2021-104381,RD-19810,2021-12-16,US,East,United States,Home Office,Medium,33.376,4,0.2,0.2,1,1,0
CA-2021-111808,AR-10510,2021-12-16,US,Central,United States,Consumer,Medium,10.8,5,0.0,0.0,1,1,0
CA-2021-137428,AY-10555,2021-12-16,US,West,United States,Corporate,Medium,222.032,11,0.15,0.2,4,2,1
CA-2021-137463,KM-16225,2021-12-16,US,West,United States,Corporate,Medium,420.234,20,0.04,0.2,5,2,0
CA-2021-161578,RB-19465,2021-12-16,US,West,United States,Home Office,Medium,172.26,7,0.0,0.0,2,1,0
CA-2021-103443,AT-10735,2021-12-17,US,East,United States,Consumer,Medium,315.896,7,0.0666666666666666,0.2,3,2,0
CA-2021-106964,HR-14770,2021-12-17,US,West,United States,Home Office,Medium,11.808,2,0.2,0.2,1,1,0
CA-2021-107342,VF-21715,2021-12-17,US,Central,United States,Home Office,Medium,28.16,4,0.0,0.0,1,1,0
CA-2021-116855,AI-10855,2021-12-17,US,South,United States,Consumer,Medium,504.9,5,0.0,0.0,1,1,0
CA-2021-120936,CA-12310,2021-12-17,US,West,United States,Corporate,Medium,495.3,5,0.0,0.0,2,1,0
CA-2021-130309,GB-14575,2021-12-17,US,South,United States,Consumer,Medium,544.38,3,0.0,0.0,1,1,0
CA-2021-133431,LC-17140,2021-12-17,US,West,United States,Consumer,Medium,28.47,8,0.1,0.2,2,1,0
CA-2021-155362,DP-13105,2021-12-17,US,Central,United States,Corporate,Medium,32.56,2,0.0,0.0,1,1,0
US-2021-116701,LC-17140,2021-12-17,US,Central,United States,Consumer,Medium,66.28399999999999,2,0.8,0.8,1,1,0
CA-2021-102099,EP-13915,2021-12-18,US,West,United States,Consumer,Medium,51.99000000000001,10,0.0,0.0,3,1,0
CA-2021-105886,DB-13660,2021-12-18,US,East,United States,Consumer,Medium,18.96,2,0.0,0.0,1,1,0
CA-2021-108287,AG-10330,2021-12-18,US,South,United States,Consumer,Medium,12.672,9,0.2,0.2,1,1,0
CA-2021-115602,DJ-13630,2021-12-18,US,East,United States,Consumer,Medium,2888.518,30,0.025,0.1,4,2,0
CA-2021-140585,RA-19915,2021-12-18,US,West,United States,Consumer,Medium,286.485,5,0.1166666666666666,0.2,3,3,1
CA-2021-143252,HE-14800,2021-12-18,US,Central,United States,Corporate,Medium,129.29,8,0.0,0.0,2,2,0
CA-2021-156664,BP-11290,2021-12-18,US,East,United States,Consumer,Medium,233.532,13,0.325,0.7,4,1,0
CA-2021-158736,TT-21460,2021-12-18,US,West,United States,Home Office,Medium,5.76,2,0.0,0.0,1,1,0
CA-2021-164000,AH-10030,2021-12-18,US,East,United States,Corporate,Medium,18.704,7,0.2,0.2,1,1,0
CA-2021-116946,TS-21505,2021-12-19,US,West,United States,Consumer,Medium,193.634,14,0.3666666666666667,0.7,3,2,0
CA-2021-128160,MM-17920,2021-12-19,US,West,United States,Consumer,Medium,36.672,2,0.2,0.2,1,1,0
CA-2021-158729,AC-10450,2021-12-19,US,South,United States,Consumer,Medium,1665.62,2,0.0,0.0,1,1,1
CA-2021-102197,DK-13150,2021-12-20,US,East,United States,Corporate,Medium,364.272,11,0.0666666666666666,0.2,3,1,0
CA-2021-105480,DK-13225,2021-12-20,US,East,United States,Corporate,Medium,13.464000000000002,2,0.1,0.2,2,1,0
CA-2021-106782,LP-17095,2021-12-21,US,Central,United States,Consumer,Medium,375.34,1,0.0,0.0,1,1,0
CA-2021-107461,PK-19075,2021-12-21,US,South,United States,Consumer,Medium,23.88,6,0.0,0.0,1,1,0
CA-2021-109589,BD-11635,2021-12-21,US,South,United States,Consumer,Medium,71.0,4,0.0,0.0,1,1,0
CA-2021-137456,RB-19465,2021-12-21,US,Central,United States,Home Office,Medium,15.92,2,0.0,0.0,1,1,0
CA-2021-138380,YS-21880,2021-12-21,US,West,United States,Corporate,Medium,1000.02,7,0.0,0.0,1,1,0
CA-2021-144827,SE-20110,2021-12-21,US,West,United States,Consumer,Medium,124.36,2,0.0,0.0,1,1,0
CA-2021-163405,BN-11515,2021-12-21,US,West,United States,Consumer,Medium,12.51,5,0.0,0.0,2,1,0
CA-2021-165841,DB-13210,2021-12-21,US,East,United States,Consumer,Medium,517.91,11,0.0,0.0,3,2,0
CA-2021-100412,SR-20425,2021-12-22,US,South,United States,Home Office,Medium,141.96,2,0.0,0.0,1,1,0
CA-2021-104927,AG-10330,2021-12-22,US,Central,United States,Consumer,Medium,108.13,15,0.4000000000000001,0.8,3,1,0
CA-2021-115931,JM-15655,2021-12-22,US,West,United States,Corporate,Medium,126.98,15,0.05,0.2,4,2,0
CA-2021-119193,SK-19990,2021-12-22,US,East,United States,Consumer,Medium,631.5989999999999,8,0.55,0.7,2,2,0
CA-2021-119578,JG-15310,2021-12-22,US,East,United States,Corporate,Medium,916.14,7,0.0,0.0,2,2,0
CA-2021-120376,TP-21130,2021-12-22,US,Central,United States,Consumer,Medium,2283.43,15,0.0,0.0,4,2,0
CA-2021-142909,AG-10330,2021-12-22,US,West,United States,Consumer,Medium,182.55,2,0.5,0.5,1,1,0
CA-2021-145310,JP-15520,2021-12-22,US,South,United States,Consumer,Medium,7.824,1,0.2,0.2,1,1,0
CA-2021-146164,CM-12190,2021-12-22,US,Central,United States,Consumer,Medium,638.68,4,0.0,0.0,2,2,0
CA-2021-149699,CM-12115,2021-12-22,US,West,United States,Consumer,Medium,474.95,5,0.0,0.0,1,1,0
CA-2021-150910,JL-15130,2021-12-22,US,South,United States,Consumer,Medium,1090.348,23,0.24,0.4,5,3,1
CA-2021-155376,SG-20080,2021-12-22,US,Central,United States,Consumer,Medium,839.4300000000001,3,0.0,0.0,1,1,0
CA-2021-110625,JB-16045,2021-12-23,US,East,United States,Home Office,Medium,27.46,2,0.0,0.0,1,1,0
CA-2021-117443,JB-15400,2021-12-23,US,Central,United States,Corporate,Medium,189.712,8,0.5,0.8,2,1,0
CA-2021-121216,MM-17920,2021-12-23,US,Central,United States,Consumer,Medium,57.984,16,0.5,0.8,2,1,0
CA-2021-127929,FM-14215,2021-12-23,US,East,United States,Corporate,Medium,181.95,3,0.0,0.0,1,1,0
CA-2021-140627,DK-12985,2021-12-23,US,South,United States,Consumer,Medium,303.32000000000005,14,0.2,0.2,3,2,0
US-2021-123463,GZ-14470,2021-12-23,US,West,United States,Consumer,Medium,13.48,4,0.0,0.0,1,1,0
US-2021-162670,MF-18250,2021-12-23,US,South,United States,Corporate,Medium,1152.87,16,0.0,0.0,5,2,0
CA-2021-117933,RF-19840,2021-12-24,US,East,United States,Consumer,Medium,35.910000000000004,3,0.0,0.0,1,1,0
CA-2021-121195,NS-18505,2021-12-24,US,Central,United States,Consumer,Medium,264.32,2,0.2,0.2,1,1,0
CA-2021-124296,CS-12355,2021-12-24,US,South,United States,Consumer,Medium,712.85,7,0.0,0.0,2,2,0
CA-2021-128734,JL-15175,2021-12-24,US,West,United States,Home Office,Medium,850.9200000000001,7,0.2,0.2,2,1,0
CA-2021-145219,RM-19675,2021-12-24,US,West,United States,Home Office,Medium,2970.432,9,0.2,0.2,2,2,0
CA-2021-147956,AH-10210,2021-12-24,US,West,United States,Consumer,Medium,1003.62,6,0.0,0.0,1,1,0
CA-2021-148355,NC-18535,2021-12-24,US,East,United States,Corporate,Medium,31.74,8,0.0,0.0,2,1,0
CA-2021-154935,AR-10540,2021-12-24,US,East,United States,Consumer,Medium,17.880000000000003,3,0.2,0.2,1,1,0
CA-2021-163671,DP-13105,2021-12-24,US,West,United States,Corporate,Medium,21.312000000000005,3,0.2,0.2,1,1,0
CA-2021-169411,AC-10615,2021-12-24,US,East,United States,Corporate,Medium,37.93,1,0.0,0.0,1,1,0
CA-2021-169978,HG-15025,2021-12-24,US,East,United States,Consumer,Medium,286.14,5,0.15,0.2,2,2,0
CA-2021-105620,JH-15430,2021-12-25,US,South,United States,Consumer,Medium,141.0,5,0.35,0.5,2,2,0
CA-2021-108756,PO-18865,2021-12-25,US,East,United States,Consumer,Medium,31.8,3,0.0,0.0,1,1,0
CA-2021-114055,MH-18115,2021-12-25,US,South,United States,Home Office,Medium,819.2799999999999,12,0.0,0.0,4,2,0
CA-2021-121398,FH-14365,2021-12-25,US,West,United States,Corporate,Medium,424.172,5,0.1,0.2,2,1,0
CA-2021-134194,GA-14725,2021-12-25,US,Central,United States,Consumer,Medium,160.16199999999998,26,0.56,0.8,5,1,1
CA-2021-146780,CV-12805,2021-12-25,US,East,United States,Corporate,Medium,41.96,2,0.0,0.0,1,1,0
CA-2021-161480,RA-19285,2021-12-25,US,East,United States,Consumer,Medium,191.984,2,0.2,0.2,1,1,0
CA-2021-162880,GD-14590,2021-12-25,US,West,United States,Corporate,Medium,3.856,1,0.2,0.2,1,1,0
CA-2021-163510,JW-15955,2021-12-25,US,South,United States,Consumer,Medium,400.39,8,0.0,0.0,2,2,0
US-2021-147669,SV-20935,2021-12-25,US,East,United States,Consumer,Medium,484.323,23,0.375,0.7,4,3,0
CA-2021-112487,TC-21535,2021-12-26,US,East,United States,Home Office,Medium,3.132,2,0.7,0.7,1,1,0
CA-2021-121741,YC-21895,2021-12-26,US,Central,United States,Corporate,Medium,750.68,2,0.0,0.0,1,1,0
CA-2021-136238,KB-16240,2021-12-26,US,Central,United States,Corporate,Medium,16.032,3,0.2,0.2,1,1,0
US-2021-106705,PO-18850,2021-12-26,US,Central,United States,Consumer,Medium,44.75,5,0.0,0.0,1,1,0
CA-2021-134404,DR-12880,2021-12-27,US,East,United States,Corporate,Medium,177.636,6,0.3,0.4,2,2,0
CA-2021-101322,JG-15310,2021-12-28,US,West,United States,Corporate,Medium,340.70400000000006,6,0.2,0.2,1,1,0
CA-2021-122798,SV-20935,2021-12-28,US,West,United States,Consumer,Medium,122.53,6,0.0,0.0,2,1,0
CA-2021-127516,EH-14005,2021-12-28,US,South,United States,Home Office,Medium,64.784,1,0.2,0.2,1,1,0
CA-2021-129805,HM-14860,2021-12-28,US,West,United States,Corporate,Medium,7.4,2,0.0,0.0,1,1,0
CA-2021-135111,CS-12400,2021-12-28,US,Central,United States,Home Office,Medium,28.38,6,0.0,0.0,2,1,0
CA-2021-136539,GH-14665,2021-12-28,US,Central,United States,Consumer,Medium,106.0208,4,0.26,0.32,2,2,1
CA-2021-163860,LO-17170,2021-12-28,US,Central,United States,Corporate,Medium,125.98,12,0.575,0.8,4,2,0
CA-2021-163979,KH-16690,2021-12-28,US,West,United States,Corporate,Medium,725.84,4,0.0,0.0,1,1,0
CA-2021-164826,JF-15415,2021-12-28,US,East,United States,Consumer,Medium,134.524,21,0.05,0.2,4,2,0
US-2021-162068,PC-18745,2021-12-28,US,West,United States,Corporate,Medium,1.1880000000000002,2,0.7,0.7,1,1,0
CA-2021-118885,JG-15160,2021-12-29,US,West,United States,Consumer,Medium,695.944,7,0.2,0.2,2,2,0
CA-2021-130631,BS-11755,2021-12-29,US,West,United States,Consumer,Medium,88.06,7,0.0,0.0,2,2,1
CA-2021-146626,BP-11185,2021-12-29,US,West,United States,Corporate,Medium,101.12,8,0.0,0.0,1,1,0
CA-2021-158673,KB-16600,2021-12-29,US,Central,United States,Corporate,Medium,209.7,2,0.0,0.0,1,1,0
US-2021-102638,MC-17845,2021-12-29,US,East,United States,Consumer,Medium,6.029999999999999,3,0.0,0.0,1,1,0
US-2021-158526,KH-16360,2021-12-29,US,South,United States,Consumer,Medium,1814.68,14,0.0,0.0,5,2,0
CA-2021-115427,EB-13975,2021-12-30,US,West,United States,Corporate,Medium,34.623999999999995,4,0.2,0.2,2,1,1
CA-2021-126221,CC-12430,2021-12-30,US,Central,United States,Home Office,Medium,209.3,2,0.0,0.0,1,1,0
CA-2021-143259,PO-18865,2021-12-30,US,East,United States,Consumer,Medium,466.842,14,0.1333333333333333,0.2,3,3,0
CA-2021-156720,JM-15580,2021-12-30,US,West,United States,Consumer,Medium,3.024,3,0.2,0.2,1,1,0
